RxCUI,TTY,RxNorm Description,Related BN,Related SCDC,Related DF
213461,SBD,ABACAVIR 20 MG/ML ORAL SOLUTION [ZIAGEN],ZIAGEN,ABACAVIR 20 MG/ML,ORAL SOLUTION
242680,SCD,ABACAVIR 20 MG/ML ORAL SOLUTION,,ABACAVIR 20 MG/ML,ORAL SOLUTION
242679,SCD,ABACAVIR 300 MG ORAL TABLET,,ABACAVIR 300 MG,ORAL TABLET
2598352,SBD,ABACAVIR 60 MG / DOLUTEGRAVIR 5 MG / LAMIVUDINE 30 MG TABLET FOR ORAL SUSPENSION [TRIUMEQ],TRIUMEQ,ABACAVIR 60 MG / DOLUTEGRAVIR 5 MG / LAMIVUDINE 30 MG,TABLET FOR ORAL SUSPENSION
1546894,SBD,ABACAVIR 600 MG / DOLUTEGRAVIR 50 MG / LAMIVUDINE 300 MG ORAL TABLET [TRIUMEQ],TRIUMEQ,ABACAVIR 600 MG / DOLUTEGRAVIR 50 MG / LAMIVUDINE 300 MG,ORAL TABLET
602393,SCD,ABACAVIR 600 MG / LAMIVUDINE 300 MG ORAL TABLET,,ABACAVIR 600 MG / LAMIVUDINE 300 MG,ORAL TABLET
1921081,SBD,1.56 ML ABALOPARATIDE 2 MG/ML PEN INJECTOR [TYMLOS],TYMLOS,ABALOPARATIDE 2 MG/ML,PEN INJECTOR
1925255,SBD,0.4 ML ABATACEPT 125 MG/ML PREFILLED SYRINGE [ORENCIA],ORENCIA,ABATACEPT 125 MG/ML,PREFILLED SYRINGE
1145932,SBD,1 ML ABATACEPT 125 MG/ML PREFILLED SYRINGE [ORENCIA],ORENCIA,ABATACEPT 125 MG/ML,PREFILLED SYRINGE
1799230,SBD,1 ML ABATACEPT 125 MG/ML AUTO-INJECTOR [ORENCIA],ORENCIA,ABATACEPT 125 MG/ML,AUTO-INJECTOR
1925257,SBD,0.7 ML ABATACEPT 125 MG/ML PREFILLED SYRINGE [ORENCIA],ORENCIA,ABATACEPT 125 MG/ML,PREFILLED SYRINGE
1946840,SBD,ABEMACICLIB 100 MG ORAL TABLET [VERZENIO],VERZENIO,ABEMACICLIB 100 MG,ORAL TABLET
1946844,SBD,ABEMACICLIB 150 MG ORAL TABLET [VERZENIO],VERZENIO,ABEMACICLIB 150 MG,ORAL TABLET
1946848,SBD,ABEMACICLIB 200 MG ORAL TABLET [VERZENIO],VERZENIO,ABEMACICLIB 200 MG,ORAL TABLET
1946836,SBD,ABEMACICLIB 50 MG ORAL TABLET [VERZENIO],VERZENIO,ABEMACICLIB 50 MG,ORAL TABLET
2046585,SBD,ABIRATERONE ACETATE 125 MG ORAL TABLET [YONSA],YONSA,ABIRATERONE ACETATE 125 MG,ORAL TABLET
2702601,SBD,ABIRATERONE ACETATE 250 MG ORAL TABLET [ABIRTEGA],ABIRTEGA,ABIRATERONE ACETATE 250 MG,ORAL TABLET
1100079,SBD,ABIRATERONE ACETATE 250 MG ORAL TABLET [ZYTIGA],ZYTIGA,ABIRATERONE ACETATE 250 MG,ORAL TABLET
1100075,SCD,ABIRATERONE ACETATE 250 MG ORAL TABLET,,ABIRATERONE ACETATE 250 MG,ORAL TABLET
1918044,SBD,ABIRATERONE ACETATE 500 MG ORAL TABLET [ZYTIGA],ZYTIGA,ABIRATERONE ACETATE 500 MG,ORAL TABLET
1918042,SCD,ABIRATERONE ACETATE 500 MG ORAL TABLET,,ABIRATERONE ACETATE 500 MG,ORAL TABLET
2645253,SBD,ABIRATERONE ACETATE 500 MG / NIRAPARIB 100 MG ORAL TABLET [AKEEGA],AKEEGA,ABIRATERONE ACETATE 500 MG / NIRAPARIB 100 MG,ORAL TABLET
2645250,SBD,ABIRATERONE ACETATE 500 MG / NIRAPARIB 50 MG ORAL TABLET [AKEEGA],AKEEGA,ABIRATERONE ACETATE 500 MG / NIRAPARIB 50 MG,ORAL TABLET
2591487,SBD,ABROCITINIB 100 MG ORAL TABLET [CIBINQO],CIBINQO,ABROCITINIB 100 MG,ORAL TABLET
2591491,SBD,ABROCITINIB 200 MG ORAL TABLET [CIBINQO],CIBINQO,ABROCITINIB 200 MG,ORAL TABLET
2591495,SBD,ABROCITINIB 50 MG ORAL TABLET [CIBINQO],CIBINQO,ABROCITINIB 50 MG,ORAL TABLET
2607737,SBD,ACALABRUTINIB 100 MG ORAL TABLET [CALQUENCE],CALQUENCE,ACALABRUTINIB 100 MG,ORAL TABLET
835726,SCD,ACAMPROSATE CALCIUM 333 MG DELAYED RELEASE ORAL TABLET,,ACAMPROSATE CALCIUM 333 MG,DELAYED RELEASE ORAL TABLET
199150,SCD,ACARBOSE 100 MG ORAL TABLET,,ACARBOSE 100 MG,ORAL TABLET
200132,SCD,ACARBOSE 25 MG ORAL TABLET,,ACARBOSE 25 MG,ORAL TABLET
199149,SCD,ACARBOSE 50 MG ORAL TABLET,,ACARBOSE 50 MG,ORAL TABLET
998689,SCD,ACEBUTOLOL 200 MG ORAL CAPSULE,,ACEBUTOLOL 200 MG,ORAL CAPSULE
998685,SCD,ACEBUTOLOL 400 MG ORAL CAPSULE,,ACEBUTOLOL 400 MG,ORAL CAPSULE
829989,SBD,"0.5 ML ACELLULAR PERTUSSIS VACCINE, INACTIVATED 0.116 MG/ML / DIPHTHERIA TOXOID VACCINE, INACTIVATED 50 UNT/ML / HEPATITIS B SURFACE ANTIGEN VACCINE 0.02 MG/ML / POLIOVIRUS VACCINE INACTIVATED, TYPE 1 (MAHONEY) 80 UNT/ML / POLIOVIRUS VACCINE INACTIVATED, TYPE 2 (MEF-1) 16 UNT/ML / POLIOVIRUS VACCINE INACTIVATED, TYPE 3 (SAUKETT) 64 UNT/ML / TETANUS TOXOID VACCINE, INACTIVATED 20 UNT/ML PREFILLED SYRINGE [PEDIARIX]",PEDIARIX,"ACELLULAR PERTUSSIS VACCINE, INACTIVATED 0.116 MG/ML / DIPHTHERIA TOXOID VACCINE, INACTIVATED 50 UNT/ML / HEPATITIS B SURFACE ANTIGEN VACCINE 0.02 MG/ML / POLIOVIRUS VACCINE INACTIVATED, TYPE 1 (MAHONEY) 80 UNT/ML / POLIOVIRUS VACCINE INACTIVATED, TY",PREFILLED SYRINGE
830557,SBD,"0.5 ML ACELLULAR PERTUSSIS VACCINE, INACTIVATED 0.116 MG/ML / DIPHTHERIA TOXOID VACCINE, INACTIVATED 50 UNT/ML / POLIOVIRUS VACCINE INACTIVATED, TYPE 1 (MAHONEY) 80 UNT/ML / POLIOVIRUS VACCINE INACTIVATED, TYPE 2 (MEF-1) 16 UNT/ML / POLIOVIRUS VACCINE INACTIVATED, TYPE 3 (SAUKETT) 64 UNT/ML / TETANUS TOXOID VACCINE, INACTIVATED 20 UNT/ML PREFILLED SYRINGE [KINRIX]",KINRIX,"ACELLULAR PERTUSSIS VACCINE, INACTIVATED 0.116 MG/ML / DIPHTHERIA TOXOID VACCINE, INACTIVATED 50 UNT/ML / POLIOVIRUS VACCINE INACTIVATED, TYPE 1 (MAHONEY) 80 UNT/ML / POLIOVIRUS VACCINE INACTIVATED, TYPE 2 (MEF-1) 16 UNT/ML / POLIOVIRUS VACCINE INACT",PREFILLED SYRINGE
2585717,SBD,"0.5 ML ACELLULAR PERTUSSIS VACCINE, INACTIVATED 96 UNT/ML / DIPHTHERIA TOXOID VACCINE, INACTIVATED 30 UNT/ML / HAEMOPHILUS INFLUENZAE TYPE B, CAPSULAR POLYSACCHARIDE INACTIVATED TETANUS TOXOID CONJUGATE VACCINE 68 UNT/ML / POLIOVIRUS VACCINE INACTIVATED, TYPE 1 (MAHONEY) 58 UNT/ML / POLIOVIRUS VACCINE INACTIVATED, TYPE 2 (MEF-1) 14 UNT/ML / POLIOVIRUS VACCINE INACTIVATED, TYPE 3 (SAUKETT) 52 UNT/ML / TETANUS TOXOID VACCINE, INACTIVATED 20 UNT/ML INJECTION [PENTACEL]",PENTACEL,"ACELLULAR PERTUSSIS VACCINE, INACTIVATED 96 UNT/ML / DIPHTHERIA TOXOID VACCINE, INACTIVATED 30 UNT/ML / HAEMOPHILUS INFLUENZAE TYPE B, CAPSULAR POLYSACCHARIDE INACTIVATED TETANUS TOXOID CONJUGATE VACCINE 68 UNT/ML / POLIOVIRUS VACCINE INACTIVATED, TY",INJECTION
1044427,SCD,ACETAMINOPHEN 20 MG/ML / HYDROCODONE BITARTRATE 0.667 MG/ML ORAL SOLUTION,,ACETAMINOPHEN 20 MG/ML / HYDROCODONE BITARTRATE 0.667 MG/ML,ORAL SOLUTION
856940,SCD,ACETAMINOPHEN 21.7 MG/ML / HYDROCODONE BITARTRATE 0.5 MG/ML ORAL SOLUTION,,ACETAMINOPHEN 21.7 MG/ML / HYDROCODONE BITARTRATE 0.5 MG/ML,ORAL SOLUTION
993755,SCD,ACETAMINOPHEN 24 MG/ML / CODEINE PHOSPHATE 2.4 MG/ML ORAL SOLUTION,,ACETAMINOPHEN 24 MG/ML / CODEINE PHOSPHATE 2.4 MG/ML,ORAL SOLUTION
1249617,SCD,ACETAMINOPHEN 300 MG / BUTALBITAL 50 MG ORAL TABLET,,ACETAMINOPHEN 300 MG / BUTALBITAL 50 MG,ORAL TABLET
1995136,SCD,ACETAMINOPHEN 300 MG / BUTALBITAL 50 MG ORAL CAPSULE,,ACETAMINOPHEN 300 MG / BUTALBITAL 50 MG,ORAL CAPSULE
889520,SCD,ACETAMINOPHEN 300 MG / BUTALBITAL 50 MG / CAFFEINE 40 MG ORAL CAPSULE,,ACETAMINOPHEN 300 MG / BUTALBITAL 50 MG / CAFFEINE 40 MG,ORAL CAPSULE
1432261,SBD,ACETAMINOPHEN 300 MG / BUTALBITAL 50 MG / CAFFEINE 40 MG ORAL CAPSULE [FIORICET],FIORICET,ACETAMINOPHEN 300 MG / BUTALBITAL 50 MG / CAFFEINE 40 MG,ORAL CAPSULE
1431286,SCD,ACETAMINOPHEN 300 MG / BUTALBITAL 50 MG / CAFFEINE 40 MG / CODEINE PHOSPHATE 30 MG ORAL CAPSULE,,ACETAMINOPHEN 300 MG / BUTALBITAL 50 MG / CAFFEINE 40 MG / CODEINE PHOSPHATE 30 MG,ORAL CAPSULE
993770,SCD,ACETAMINOPHEN 300 MG / CODEINE PHOSPHATE 15 MG ORAL TABLET,,ACETAMINOPHEN 300 MG / CODEINE PHOSPHATE 15 MG,ORAL TABLET
993781,SCD,ACETAMINOPHEN 300 MG / CODEINE PHOSPHATE 30 MG ORAL TABLET,,ACETAMINOPHEN 300 MG / CODEINE PHOSPHATE 30 MG,ORAL TABLET
993890,SCD,ACETAMINOPHEN 300 MG / CODEINE PHOSPHATE 60 MG ORAL TABLET,,ACETAMINOPHEN 300 MG / CODEINE PHOSPHATE 60 MG,ORAL TABLET
856980,SCD,ACETAMINOPHEN 300 MG / HYDROCODONE BITARTRATE 10 MG ORAL TABLET,,ACETAMINOPHEN 300 MG / HYDROCODONE BITARTRATE 10 MG,ORAL TABLET
856987,SCD,ACETAMINOPHEN 300 MG / HYDROCODONE BITARTRATE 5 MG ORAL TABLET,,ACETAMINOPHEN 300 MG / HYDROCODONE BITARTRATE 5 MG,ORAL TABLET
856992,SCD,ACETAMINOPHEN 300 MG / HYDROCODONE BITARTRATE 7.5 MG ORAL TABLET,,ACETAMINOPHEN 300 MG / HYDROCODONE BITARTRATE 7.5 MG,ORAL TABLET
2279510,SBD,ACETAMINOPHEN 300 MG / OXYCODONE HYDROCHLORIDE 10 MG ORAL TABLET [PROLATE],PROLATE,ACETAMINOPHEN 300 MG / OXYCODONE HYDROCHLORIDE 10 MG,ORAL TABLET
1014599,SCD,ACETAMINOPHEN 300 MG / OXYCODONE HYDROCHLORIDE 10 MG ORAL TABLET,,ACETAMINOPHEN 300 MG / OXYCODONE HYDROCHLORIDE 10 MG,ORAL TABLET
2045500,SBD,ACETAMINOPHEN 300 MG / OXYCODONE HYDROCHLORIDE 2.5 MG ORAL TABLET [NALOCET],NALOCET,ACETAMINOPHEN 300 MG / OXYCODONE HYDROCHLORIDE 2.5 MG,ORAL TABLET
1014615,SCD,ACETAMINOPHEN 300 MG / OXYCODONE HYDROCHLORIDE 5 MG ORAL TABLET,,ACETAMINOPHEN 300 MG / OXYCODONE HYDROCHLORIDE 5 MG,ORAL TABLET
2279512,SBD,ACETAMINOPHEN 300 MG / OXYCODONE HYDROCHLORIDE 5 MG ORAL TABLET [PROLATE],PROLATE,ACETAMINOPHEN 300 MG / OXYCODONE HYDROCHLORIDE 5 MG,ORAL TABLET
1014632,SCD,ACETAMINOPHEN 300 MG / OXYCODONE HYDROCHLORIDE 7.5 MG ORAL TABLET,,ACETAMINOPHEN 300 MG / OXYCODONE HYDROCHLORIDE 7.5 MG,ORAL TABLET
2279514,SBD,ACETAMINOPHEN 300 MG / OXYCODONE HYDROCHLORIDE 7.5 MG ORAL TABLET [PROLATE],PROLATE,ACETAMINOPHEN 300 MG / OXYCODONE HYDROCHLORIDE 7.5 MG,ORAL TABLET
2279007,SBD,ACETAMINOPHEN 325 MG / BUTALBITAL 25 MG ORAL TABLET [ALLZITAL],ALLZITAL,ACETAMINOPHEN 325 MG / BUTALBITAL 25 MG,ORAL TABLET
1483329,SBD,ACETAMINOPHEN 325 MG / BUTALBITAL 50 MG ORAL TABLET [TENCON],TENCON,ACETAMINOPHEN 325 MG / BUTALBITAL 50 MG,ORAL TABLET
197426,SCD,ACETAMINOPHEN 325 MG / BUTALBITAL 50 MG ORAL TABLET,,ACETAMINOPHEN 325 MG / BUTALBITAL 50 MG,ORAL TABLET
238154,SCD,ACETAMINOPHEN 325 MG / BUTALBITAL 50 MG / CAFFEINE 40 MG ORAL TABLET,,ACETAMINOPHEN 325 MG / BUTALBITAL 50 MG / CAFFEINE 40 MG,ORAL TABLET
238153,SCD,ACETAMINOPHEN 325 MG / BUTALBITAL 50 MG / CAFFEINE 40 MG ORAL CAPSULE,,ACETAMINOPHEN 325 MG / BUTALBITAL 50 MG / CAFFEINE 40 MG,ORAL CAPSULE
993943,SCD,ACETAMINOPHEN 325 MG / BUTALBITAL 50 MG / CAFFEINE 40 MG / CODEINE PHOSPHATE 30 MG ORAL CAPSULE,,ACETAMINOPHEN 325 MG / BUTALBITAL 50 MG / CAFFEINE 40 MG / CODEINE PHOSPHATE 30 MG,ORAL CAPSULE
856999,SCD,ACETAMINOPHEN 325 MG / HYDROCODONE BITARTRATE 10 MG ORAL TABLET,,ACETAMINOPHEN 325 MG / HYDROCODONE BITARTRATE 10 MG,ORAL TABLET
857391,SCD,ACETAMINOPHEN 325 MG / HYDROCODONE BITARTRATE 2.5 MG ORAL TABLET,,ACETAMINOPHEN 325 MG / HYDROCODONE BITARTRATE 2.5 MG,ORAL TABLET
857002,SCD,ACETAMINOPHEN 325 MG / HYDROCODONE BITARTRATE 5 MG ORAL TABLET,,ACETAMINOPHEN 325 MG / HYDROCODONE BITARTRATE 5 MG,ORAL TABLET
857005,SCD,ACETAMINOPHEN 325 MG / HYDROCODONE BITARTRATE 7.5 MG ORAL TABLET,,ACETAMINOPHEN 325 MG / HYDROCODONE BITARTRATE 7.5 MG,ORAL TABLET
1049625,SBD,ACETAMINOPHEN 325 MG / OXYCODONE HYDROCHLORIDE 10 MG ORAL TABLET [PERCOCET],PERCOCET,ACETAMINOPHEN 325 MG / OXYCODONE HYDROCHLORIDE 10 MG,ORAL TABLET
1049214,SCD,ACETAMINOPHEN 325 MG / OXYCODONE HYDROCHLORIDE 10 MG ORAL TABLET,,ACETAMINOPHEN 325 MG / OXYCODONE HYDROCHLORIDE 10 MG,ORAL TABLET
1049635,SCD,ACETAMINOPHEN 325 MG / OXYCODONE HYDROCHLORIDE 2.5 MG ORAL TABLET,,ACETAMINOPHEN 325 MG / OXYCODONE HYDROCHLORIDE 2.5 MG,ORAL TABLET
1049221,SCD,ACETAMINOPHEN 325 MG / OXYCODONE HYDROCHLORIDE 5 MG ORAL TABLET,,ACETAMINOPHEN 325 MG / OXYCODONE HYDROCHLORIDE 5 MG,ORAL TABLET
1049640,SBD,ACETAMINOPHEN 325 MG / OXYCODONE HYDROCHLORIDE 5 MG ORAL TABLET [PERCOCET],PERCOCET,ACETAMINOPHEN 325 MG / OXYCODONE HYDROCHLORIDE 5 MG,ORAL TABLET
1049225,SCD,ACETAMINOPHEN 325 MG / OXYCODONE HYDROCHLORIDE 7.5 MG ORAL TABLET,,ACETAMINOPHEN 325 MG / OXYCODONE HYDROCHLORIDE 7.5 MG,ORAL TABLET
1049642,SBD,ACETAMINOPHEN 325 MG / OXYCODONE HYDROCHLORIDE 7.5 MG ORAL TABLET [PERCOCET],PERCOCET,ACETAMINOPHEN 325 MG / OXYCODONE HYDROCHLORIDE 7.5 MG,ORAL TABLET
836395,SCD,ACETAMINOPHEN 325 MG / TRAMADOL HYDROCHLORIDE 37.5 MG ORAL TABLET,,ACETAMINOPHEN 325 MG / TRAMADOL HYDROCHLORIDE 37.5 MG,ORAL TABLET
2281851,SBD,ACETAMINOPHEN 60 MG/ML / OXYCODONE HYDROCHLORIDE 2 MG/ML ORAL SOLUTION [PROLATE],PROLATE,ACETAMINOPHEN 60 MG/ML / OXYCODONE HYDROCHLORIDE 2 MG/ML,ORAL SOLUTION
197303,SCD,ACETAZOLAMIDE 125 MG ORAL TABLET,,ACETAZOLAMIDE 125 MG,ORAL TABLET
197304,SCD,ACETAZOLAMIDE 250 MG ORAL TABLET,,ACETAZOLAMIDE 250 MG,ORAL TABLET
562524,SCD,12 HR ACETAZOLAMIDE 500 MG EXTENDED RELEASE ORAL CAPSULE,,ACETAZOLAMIDE 500 MG,EXTENDED RELEASE ORAL CAPSULE
197305,SCD,ACETIC ACID 20 MG/ML OTIC SOLUTION,,ACETIC ACID 20 MG/ML,OTIC SOLUTION
313786,SCD,ACETIC ACID 20 MG/ML / HYDROCORTISONE 10 MG/ML OTIC SOLUTION,,ACETIC ACID 20 MG/ML / HYDROCORTISONE 10 MG/ML,OTIC SOLUTION
213557,SBD,ACETOHYDROXAMIC ACID 250 MG ORAL TABLET [LITHOSTAT],LITHOSTAT,ACETOHYDROXAMIC ACID 250 MG,ORAL TABLET
307718,SCD,ACETYLCYSTEINE 100 MG/ML INHALATION SOLUTION,,ACETYLCYSTEINE 100 MG/ML,INHALATION SOLUTION
307719,SCD,ACETYLCYSTEINE 200 MG/ML INHALATION SOLUTION,,ACETYLCYSTEINE 200 MG/ML,INHALATION SOLUTION
199689,SCD,ACITRETIN 10 MG ORAL CAPSULE,,ACITRETIN 10 MG,ORAL CAPSULE
894859,SCD,ACITRETIN 17.5 MG ORAL CAPSULE,,ACITRETIN 17.5 MG,ORAL CAPSULE
199690,SCD,ACITRETIN 25 MG ORAL CAPSULE,,ACITRETIN 25 MG,ORAL CAPSULE
1607112,SBD,30 ACTUAT ACLIDINIUM BROMIDE 0.4 MG/ACTUAT DRY POWDER INHALER [TUDORZA],TUDORZA,ACLIDINIUM BROMIDE 0.4 MG/ACTUAT,DRY POWDER INHALER
1303107,SBD,60 ACTUAT ACLIDINIUM BROMIDE 0.4 MG/ACTUAT DRY POWDER INHALER [TUDORZA],TUDORZA,ACLIDINIUM BROMIDE 0.4 MG/ACTUAT,DRY POWDER INHALER
2205099,SBD,60 ACTUAT ACLIDINIUM BROMIDE 0.4 MG/ACTUAT / FORMOTEROL FUMARATE 0.012 MG/ACTUAT DRY POWDER INHALER [DUAKLIR],DUAKLIR,ACLIDINIUM BROMIDE 0.4 MG/ACTUAT / FORMOTEROL FUMARATE 0.012 MG/ACTUAT,DRY POWDER INHALER
2716826,SBD,ACOLTREMON 0.03 MG/ML OPHTHALMIC SOLUTION [TRYPTYR],TRYPTYR,ACOLTREMON 0.03 MG/ML,OPHTHALMIC SOLUTION
2698324,SBD,ACORAMIDIS 356 MG ORAL TABLET [ATTRUBY],ATTRUBY,ACORAMIDIS 356 MG,ORAL TABLET
197312,SCD,ACYCLOVIR 0.05 MG/MG TOPICAL OINTMENT,,ACYCLOVIR 0.05 MG/MG,TOPICAL OINTMENT
209977,SBD,ACYCLOVIR 0.05 MG/MG TOPICAL OINTMENT [ZOVIRAX],ZOVIRAX,ACYCLOVIR 0.05 MG/MG,TOPICAL OINTMENT
197310,SCD,ACYCLOVIR 200 MG ORAL CAPSULE,,ACYCLOVIR 200 MG,ORAL CAPSULE
307730,SCD,ACYCLOVIR 40 MG/ML ORAL SUSPENSION,,ACYCLOVIR 40 MG/ML,ORAL SUSPENSION
197311,SCD,ACYCLOVIR 400 MG ORAL TABLET,,ACYCLOVIR 400 MG,ORAL TABLET
825321,SBD,ACYCLOVIR 50 MG/ML TOPICAL CREAM [ZOVIRAX],ZOVIRAX,ACYCLOVIR 50 MG/ML,TOPICAL CREAM
1734932,SCD,10 ML ACYCLOVIR 50 MG/ML INJECTION,,ACYCLOVIR 50 MG/ML,INJECTION
141859,SCD,ACYCLOVIR 50 MG/ML TOPICAL CREAM,,ACYCLOVIR 50 MG/ML,TOPICAL CREAM
998426,SBD,ACYCLOVIR 50 MG/ML / HYDROCORTISONE 10 MG/ML TOPICAL CREAM [XERESE],XERESE,ACYCLOVIR 50 MG/ML / HYDROCORTISONE 10 MG/ML,TOPICAL CREAM
197313,SCD,ACYCLOVIR 800 MG ORAL TABLET,,ACYCLOVIR 800 MG,ORAL TABLET
2625923,SBD,ADAGRASIB 200 MG ORAL TABLET [KRAZATI],KRAZATI,ADAGRASIB 200 MG,ORAL TABLET
1872980,SBD,0.4 ML ADALIMUMAB 100 MG/ML AUTO-INJECTOR [HUMIRA],HUMIRA,ADALIMUMAB 100 MG/ML,AUTO-INJECTOR
1921010,SBD,0.1 ML ADALIMUMAB 100 MG/ML PREFILLED SYRINGE [HUMIRA],HUMIRA,ADALIMUMAB 100 MG/ML,PREFILLED SYRINGE
1921017,SBD,0.2 ML ADALIMUMAB 100 MG/ML PREFILLED SYRINGE [HUMIRA],HUMIRA,ADALIMUMAB 100 MG/ML,PREFILLED SYRINGE
1921240,SBD,0.8 ML ADALIMUMAB 100 MG/ML AUTO-INJECTOR [HUMIRA],HUMIRA,ADALIMUMAB 100 MG/ML,AUTO-INJECTOR
1726846,SBD,0.4 ML ADALIMUMAB 100 MG/ML PREFILLED SYRINGE [HUMIRA],HUMIRA,ADALIMUMAB 100 MG/ML,PREFILLED SYRINGE
1921245,BPCK,"{3 (0.8 ML ADALIMUMAB 100 MG/ML AUTO-INJECTOR [HUMIRA]) } PACK [HUMIRA PEN 80 MG/0.8 ML - STARTER PACKAGE FOR CROHN'S DISEASE, ULCERATIVE COLITIS OR HIDRADENITIS SUPPURATIVA]","HUMIRA PEN 80 MG/0.8 ML - STARTER PACKAGE FOR CROHN'S DISEASE, ULCERATIVE COLITIS OR HIDRADENITIS SUPPURATIVA",ADALIMUMAB 100 MG/ML,PACK
1921468,BPCK,{2 (0.4 ML ADALIMUMAB 100 MG/ML AUTO-INJECTOR [HUMIRA]) / 1 (0.8 ML ADALIMUMAB 100 MG/ML AUTO-INJECTOR [HUMIRA]) } PACK [HUMIRA PEN 80 MG/0.8 ML AND 40 MG/0.4 ML - PSORIASIS/UVEITIS STARTER PACKAGE],HUMIRA PEN 80 MG/0.8 ML AND 40 MG/0.4 ML - PSORIASIS/UVEITIS STARTER PACKAGE,ADALIMUMAB 100 MG/ML,PACK
727705,SBD,0.8 ML ADALIMUMAB 50 MG/ML PREFILLED SYRINGE [HUMIRA],HUMIRA,ADALIMUMAB 50 MG/ML,PREFILLED SYRINGE
1655728,SBD,0.8 ML ADALIMUMAB 50 MG/ML AUTO-INJECTOR [HUMIRA],HUMIRA,ADALIMUMAB 50 MG/ML,AUTO-INJECTOR
2640869,GPCK,{6 (0.8 ML ADALIMUMAB-AACF 50 MG/ML AUTO-INJECTOR) } PACK,,ADALIMUMAB-AACF 50 MG/ML,PACK
2640864,GPCK,{4 (0.8 ML ADALIMUMAB-AACF 50 MG/ML AUTO-INJECTOR) } PACK,,ADALIMUMAB-AACF 50 MG/ML,PACK
2640859,SCD,0.8 ML ADALIMUMAB-AACF 50 MG/ML AUTO-INJECTOR,,ADALIMUMAB-AACF 50 MG/ML,AUTO-INJECTOR
2640851,SCD,0.8 ML ADALIMUMAB-AACF 50 MG/ML PREFILLED SYRINGE,,ADALIMUMAB-AACF 50 MG/ML,PREFILLED SYRINGE
2639662,SBD,0.4 ML ADALIMUMAB-AATY 100 MG/ML PREFILLED SYRINGE [YUFLYMA],YUFLYMA,ADALIMUMAB-AATY 100 MG/ML,PREFILLED SYRINGE
2639659,SCD,0.4 ML ADALIMUMAB-AATY 100 MG/ML PREFILLED SYRINGE,,ADALIMUMAB-AATY 100 MG/ML,PREFILLED SYRINGE
2639657,SBD,0.4 ML ADALIMUMAB-AATY 100 MG/ML AUTO-INJECTOR [YUFLYMA],YUFLYMA,ADALIMUMAB-AATY 100 MG/ML,AUTO-INJECTOR
2639651,SCD,0.4 ML ADALIMUMAB-AATY 100 MG/ML AUTO-INJECTOR,,ADALIMUMAB-AATY 100 MG/ML,AUTO-INJECTOR
2668490,BPCK,"{3 (0.8 ML ADALIMUMAB-AATY 100 MG/ML AUTO-INJECTOR [YUFLYMA]) } PACK [YUFLYMA AUTO-INJECTOR 80 MG/0.8 ML STARTER PACKAGE FOR CROHN'S DISEASE, ULCERATIVE COLITIS OR HIDRADENITIS SUPPURATIVA]","YUFLYMA AUTO-INJECTOR 80 MG/0.8 ML STARTER PACKAGE FOR CROHN'S DISEASE, ULCERATIVE COLITIS OR HIDRADENITIS SUPPURATIVA",ADALIMUMAB-AATY 100 MG/ML,PACK
2668489,GPCK,{3 (0.8 ML ADALIMUMAB-AATY 100 MG/ML AUTO-INJECTOR) } PACK,,ADALIMUMAB-AATY 100 MG/ML,PACK
2668488,SBD,0.8 ML ADALIMUMAB-AATY 100 MG/ML AUTO-INJECTOR [YUFLYMA],YUFLYMA,ADALIMUMAB-AATY 100 MG/ML,AUTO-INJECTOR
2668487,SCD,0.8 ML ADALIMUMAB-AATY 100 MG/ML AUTO-INJECTOR,,ADALIMUMAB-AATY 100 MG/ML,AUTO-INJECTOR
2668483,SCD,0.2 ML ADALIMUMAB-AATY 100 MG/ML PREFILLED SYRINGE,,ADALIMUMAB-AATY 100 MG/ML,PREFILLED SYRINGE
2641644,SCD,0.1 ML ADALIMUMAB-ADAZ 100 MG/ML PREFILLED SYRINGE,,ADALIMUMAB-ADAZ 100 MG/ML,PREFILLED SYRINGE
2641671,BPCK,{2 (0.4 ML ADALIMUMAB-ADAZ 100 MG/ML AUTO-INJECTOR [HYRIMOZ]) / 1 (0.8 ML ADALIMUMAB-ADAZ 100 MG/ML AUTO-INJECTOR [HYRIMOZ]) } PACK [HYRIMOZ PLAQUE PSORIASIS STARTER KIT],HYRIMOZ PLAQUE PSORIASIS STARTER KIT,ADALIMUMAB-ADAZ 100 MG/ML,PACK
2641665,BPCK,{3 (0.8 ML ADALIMUMAB-ADAZ 100 MG/ML AUTO-INJECTOR [HYRIMOZ]) } PACK [HYRIMOZ CROHN'S AND UC STARTER KIT],HYRIMOZ CROHN'S AND UC STARTER KIT,ADALIMUMAB-ADAZ 100 MG/ML,PACK
2641650,SBD,0.1 ML ADALIMUMAB-ADAZ 100 MG/ML PREFILLED SYRINGE [HYRIMOZ],HYRIMOZ,ADALIMUMAB-ADAZ 100 MG/ML,PREFILLED SYRINGE
2641653,SCD,0.2 ML ADALIMUMAB-ADAZ 100 MG/ML PREFILLED SYRINGE,,ADALIMUMAB-ADAZ 100 MG/ML,PREFILLED SYRINGE
2641663,SBD,0.8 ML ADALIMUMAB-ADAZ 100 MG/ML AUTO-INJECTOR [HYRIMOZ],HYRIMOZ,ADALIMUMAB-ADAZ 100 MG/ML,AUTO-INJECTOR
2641655,SCD,0.4 ML ADALIMUMAB-ADAZ 100 MG/ML AUTO-INJECTOR,,ADALIMUMAB-ADAZ 100 MG/ML,AUTO-INJECTOR
2641658,SBD,0.4 ML ADALIMUMAB-ADAZ 100 MG/ML AUTO-INJECTOR [HYRIMOZ],HYRIMOZ,ADALIMUMAB-ADAZ 100 MG/ML,AUTO-INJECTOR
2641660,SCD,0.4 ML ADALIMUMAB-ADAZ 100 MG/ML PREFILLED SYRINGE,,ADALIMUMAB-ADAZ 100 MG/ML,PREFILLED SYRINGE
2641661,SBD,0.4 ML ADALIMUMAB-ADAZ 100 MG/ML PREFILLED SYRINGE [HYRIMOZ],HYRIMOZ,ADALIMUMAB-ADAZ 100 MG/ML,PREFILLED SYRINGE
2641662,SCD,0.8 ML ADALIMUMAB-ADAZ 100 MG/ML AUTO-INJECTOR,,ADALIMUMAB-ADAZ 100 MG/ML,AUTO-INJECTOR
2641654,SBD,0.2 ML ADALIMUMAB-ADAZ 100 MG/ML PREFILLED SYRINGE [HYRIMOZ],HYRIMOZ,ADALIMUMAB-ADAZ 100 MG/ML,PREFILLED SYRINGE
2680748,SCD,0.4 ML ADALIMUMAB-ADBM 100 MG/ML AUTO-INJECTOR,,ADALIMUMAB-ADBM 100 MG/ML,AUTO-INJECTOR
2680746,SBD,0.4 ML ADALIMUMAB-ADBM 100 MG/ML PREFILLED SYRINGE [CYLTEZO],CYLTEZO,ADALIMUMAB-ADBM 100 MG/ML,PREFILLED SYRINGE
2680743,SCD,0.4 ML ADALIMUMAB-ADBM 100 MG/ML PREFILLED SYRINGE,,ADALIMUMAB-ADBM 100 MG/ML,PREFILLED SYRINGE
2680750,SBD,0.4 ML ADALIMUMAB-ADBM 100 MG/ML AUTO-INJECTOR [CYLTEZO],CYLTEZO,ADALIMUMAB-ADBM 100 MG/ML,AUTO-INJECTOR
2640895,SCD,0.8 ML ADALIMUMAB-ADBM 50 MG/ML AUTO-INJECTOR,,ADALIMUMAB-ADBM 50 MG/ML,AUTO-INJECTOR
2640898,SBD,0.8 ML ADALIMUMAB-ADBM 50 MG/ML AUTO-INJECTOR [CYLTEZO],CYLTEZO,ADALIMUMAB-ADBM 50 MG/ML,AUTO-INJECTOR
2640883,SCD,0.8 ML ADALIMUMAB-ADBM 50 MG/ML PREFILLED SYRINGE,,ADALIMUMAB-ADBM 50 MG/ML,PREFILLED SYRINGE
2640889,SBD,0.8 ML ADALIMUMAB-ADBM 50 MG/ML PREFILLED SYRINGE [CYLTEZO],CYLTEZO,ADALIMUMAB-ADBM 50 MG/ML,PREFILLED SYRINGE
2640891,SCD,0.2 ML ADALIMUMAB-ADBM 50 MG/ML PREFILLED SYRINGE,,ADALIMUMAB-ADBM 50 MG/ML,PREFILLED SYRINGE
2640892,SBD,0.2 ML ADALIMUMAB-ADBM 50 MG/ML PREFILLED SYRINGE [CYLTEZO],CYLTEZO,ADALIMUMAB-ADBM 50 MG/ML,PREFILLED SYRINGE
2640893,SCD,0.4 ML ADALIMUMAB-ADBM 50 MG/ML PREFILLED SYRINGE,,ADALIMUMAB-ADBM 50 MG/ML,PREFILLED SYRINGE
2640894,SBD,0.4 ML ADALIMUMAB-ADBM 50 MG/ML PREFILLED SYRINGE [CYLTEZO],CYLTEZO,ADALIMUMAB-ADBM 50 MG/ML,PREFILLED SYRINGE
2668071,SBD,0.8 ML ADALIMUMAB-AFZB 50 MG/ML AUTO-INJECTOR [ABRILADA],ABRILADA,ADALIMUMAB-AFZB 50 MG/ML,AUTO-INJECTOR
2668078,SBD,0.8 ML ADALIMUMAB-AFZB 50 MG/ML PREFILLED SYRINGE [ABRILADA],ABRILADA,ADALIMUMAB-AFZB 50 MG/ML,PREFILLED SYRINGE
2668096,SBD,0.4 ML ADALIMUMAB-AFZB 50 MG/ML PREFILLED SYRINGE [ABRILADA],ABRILADA,ADALIMUMAB-AFZB 50 MG/ML,PREFILLED SYRINGE
2640400,SBD,0.8 ML ADALIMUMAB-AQVH 50 MG/ML AUTO-INJECTOR [YUSIMRY],YUSIMRY,ADALIMUMAB-AQVH 50 MG/ML,AUTO-INJECTOR
2663907,SBD,0.4 ML ADALIMUMAB-ATTO 100 MG/ML PREFILLED SYRINGE [AMJEVITA],AMJEVITA,ADALIMUMAB-ATTO 100 MG/ML,PREFILLED SYRINGE
2663904,SBD,0.2 ML ADALIMUMAB-ATTO 100 MG/ML PREFILLED SYRINGE [AMJEVITA],AMJEVITA,ADALIMUMAB-ATTO 100 MG/ML,PREFILLED SYRINGE
2663915,SBD,0.8 ML ADALIMUMAB-ATTO 100 MG/ML AUTO-INJECTOR [AMJEVITA],AMJEVITA,ADALIMUMAB-ATTO 100 MG/ML,AUTO-INJECTOR
2663910,SBD,0.4 ML ADALIMUMAB-ATTO 100 MG/ML AUTO-INJECTOR [AMJEVITA],AMJEVITA,ADALIMUMAB-ATTO 100 MG/ML,AUTO-INJECTOR
2627725,SBD,0.8 ML ADALIMUMAB-ATTO 50 MG/ML PREFILLED SYRINGE [AMJEVITA],AMJEVITA,ADALIMUMAB-ATTO 50 MG/ML,PREFILLED SYRINGE
2634479,SBD,0.2 ML ADALIMUMAB-ATTO 50 MG/ML PREFILLED SYRINGE [AMJEVITA],AMJEVITA,ADALIMUMAB-ATTO 50 MG/ML,PREFILLED SYRINGE
2627722,SBD,0.8 ML ADALIMUMAB-ATTO 50 MG/ML AUTO-INJECTOR [AMJEVITA],AMJEVITA,ADALIMUMAB-ATTO 50 MG/ML,AUTO-INJECTOR
2640432,SBD,0.4 ML ADALIMUMAB-BWWD 100 MG/ML AUTO-INJECTOR [HADLIMA],HADLIMA,ADALIMUMAB-BWWD 100 MG/ML,AUTO-INJECTOR
2640425,SCD,0.4 ML ADALIMUMAB-BWWD 100 MG/ML PREFILLED SYRINGE,,ADALIMUMAB-BWWD 100 MG/ML,PREFILLED SYRINGE
2640428,SBD,0.4 ML ADALIMUMAB-BWWD 100 MG/ML PREFILLED SYRINGE [HADLIMA],HADLIMA,ADALIMUMAB-BWWD 100 MG/ML,PREFILLED SYRINGE
2640430,SCD,0.4 ML ADALIMUMAB-BWWD 100 MG/ML AUTO-INJECTOR,,ADALIMUMAB-BWWD 100 MG/ML,AUTO-INJECTOR
2640305,SBD,0.8 ML ADALIMUMAB-BWWD 50 MG/ML PREFILLED SYRINGE [HADLIMA],HADLIMA,ADALIMUMAB-BWWD 50 MG/ML,PREFILLED SYRINGE
2640300,SBD,0.8 ML ADALIMUMAB-BWWD 50 MG/ML AUTO-INJECTOR [HADLIMA],HADLIMA,ADALIMUMAB-BWWD 50 MG/ML,AUTO-INJECTOR
2640412,SCD,0.4 ML ADALIMUMAB-FKJP 50 MG/ML PREFILLED SYRINGE,,ADALIMUMAB-FKJP 50 MG/ML,PREFILLED SYRINGE
2640404,SCD,0.8 ML ADALIMUMAB-FKJP 50 MG/ML AUTO-INJECTOR,,ADALIMUMAB-FKJP 50 MG/ML,AUTO-INJECTOR
2640417,SCD,0.8 ML ADALIMUMAB-FKJP 50 MG/ML PREFILLED SYRINGE,,ADALIMUMAB-FKJP 50 MG/ML,PREFILLED SYRINGE
2677780,SCD,0.4 ML ADALIMUMAB-RYVK 100 MG/ML AUTO-INJECTOR,,ADALIMUMAB-RYVK 100 MG/ML,AUTO-INJECTOR
2688827,SBD,0.4 ML ADALIMUMAB-RYVK 100 MG/ML PREFILLED SYRINGE [SIMLANDI],SIMLANDI,ADALIMUMAB-RYVK 100 MG/ML,PREFILLED SYRINGE
2688826,SCD,0.4 ML ADALIMUMAB-RYVK 100 MG/ML PREFILLED SYRINGE,,ADALIMUMAB-RYVK 100 MG/ML,PREFILLED SYRINGE
2688823,SBD,0.2 ML ADALIMUMAB-RYVK 100 MG/ML PREFILLED SYRINGE [SIMLANDI],SIMLANDI,ADALIMUMAB-RYVK 100 MG/ML,PREFILLED SYRINGE
2677787,SBD,0.4 ML ADALIMUMAB-RYVK 100 MG/ML AUTO-INJECTOR [SIMLANDI],SIMLANDI,ADALIMUMAB-RYVK 100 MG/ML,AUTO-INJECTOR
2706645,SBD,0.8 ML ADALIMUMAB-RYVK 100 MG/ML AUTO-INJECTOR [SIMLANDI],SIMLANDI,ADALIMUMAB-RYVK 100 MG/ML,AUTO-INJECTOR
2706644,SCD,0.8 ML ADALIMUMAB-RYVK 100 MG/ML AUTO-INJECTOR,,ADALIMUMAB-RYVK 100 MG/ML,AUTO-INJECTOR
829539,SCD,ADAPALENE 0.001 MG/MG / BENZOYL PEROXIDE 0.025 MG/MG TOPICAL GEL,,ADAPALENE 0.001 MG/MG / BENZOYL PEROXIDE 0.025 MG/MG,TOPICAL GEL
2668204,SBD,ADAPALENE 0.0015 MG/MG / BENZOYL PEROXIDE 0.031 MG/MG / CLINDAMYCIN PHOSPHATE 0.012 MG/MG TOPICAL GEL [CABTREO],CABTREO,ADAPALENE 0.0015 MG/MG / BENZOYL PEROXIDE 0.031 MG/MG / CLINDAMYCIN PHOSPHATE 0.012 MG/MG,TOPICAL GEL
722111,SCD,ADAPALENE 0.003 MG/MG TOPICAL GEL,,ADAPALENE 0.003 MG/MG,TOPICAL GEL
722113,SBD,ADAPALENE 0.003 MG/MG TOPICAL GEL [DIFFERIN],DIFFERIN,ADAPALENE 0.003 MG/MG,TOPICAL GEL
1663747,SBD,ADAPALENE 0.003 MG/MG / BENZOYL PEROXIDE 0.025 MG/MG TOPICAL GEL [EPIDUO],EPIDUO,ADAPALENE 0.003 MG/MG / BENZOYL PEROXIDE 0.025 MG/MG,TOPICAL GEL
1663745,SCD,ADAPALENE 0.003 MG/MG / BENZOYL PEROXIDE 0.025 MG/MG TOPICAL GEL,,ADAPALENE 0.003 MG/MG / BENZOYL PEROXIDE 0.025 MG/MG,TOPICAL GEL
798061,SCD,ADAPALENE 1 MG/ML MEDICATED PAD,,ADAPALENE 1 MG/ML,MEDICATED PAD
313852,SCD,ADAPALENE 1 MG/ML TOPICAL CREAM,,ADAPALENE 1 MG/ML,TOPICAL CREAM
881341,SCD,ADEFOVIR DIPIVOXIL 10 MG ORAL TABLET,,ADEFOVIR DIPIVOXIL 10 MG,ORAL TABLET
1430449,SBD,AFATINIB 20 MG ORAL TABLET [GILOTRIF],GILOTRIF,AFATINIB 20 MG,ORAL TABLET
1430453,SBD,AFATINIB 30 MG ORAL TABLET [GILOTRIF],GILOTRIF,AFATINIB 30 MG,ORAL TABLET
1430457,SBD,AFATINIB 40 MG ORAL TABLET [GILOTRIF],GILOTRIF,AFATINIB 40 MG,ORAL TABLET
2731480,SBD,AFICAMTEN 10 MG ORAL TABLET [MYQORZO],MYQORZO,AFICAMTEN 10 MG,ORAL TABLET
2731488,SBD,AFICAMTEN 15 MG ORAL TABLET [MYQORZO],MYQORZO,AFICAMTEN 15 MG,ORAL TABLET
2731492,SBD,AFICAMTEN 20 MG ORAL TABLET [MYQORZO],MYQORZO,AFICAMTEN 20 MG,ORAL TABLET
2731484,SBD,AFICAMTEN 5 MG ORAL TABLET [MYQORZO],MYQORZO,AFICAMTEN 5 MG,ORAL TABLET
801021,SBD,ALANINE 10.4 MG/ML / ARGININE 5.75 MG/ML / CALCIUM CHLORIDE 0.004 MEQ/ML / DIBASIC POTASSIUM PHOSPHATE 2.61 MG/ML / GLUCOSE 150 MG/ML / GLYCINE 5.15 MG/ML / HISTIDINE 2.4 MG/ML / ISOLEUCINE 3 MG/ML / LEUCINE 3.65 MG/ML / LYSINE 2.9 MG/ML / MAGNESIUM CHLORIDE 0.01 MEQ/ML / METHIONINE 2 MG/ML / PHENYLALANINE 2.8 MG/ML / PROLINE 3.4 MG/ML / SERINE 2.5 MG/ML / SODIUM ACETATE TRIHYDRATE 3.4 MG/ML / SODIUM CHLORIDE 0.01 MEQ/ML / THREONINE 2.1 MG/ML / TRYPTOPHAN 0.9 MG/ML / TYROSINE 0.2 MG/ML / VALINE 2.9 MG/ML INJECTABLE SOLUTION [CLINIMIX E 5/15],CLINIMIX E 5/15,ALANINE 10.4 MG/ML / ARGININE 5.75 MG/ML / CALCIUM CHLORIDE 0.004 MEQ/ML / DIBASIC POTASSIUM PHOSPHATE 2.61 MG/ML / GLUCOSE 150 MG/ML,INJECTABLE SOLUTION
801031,SBD,ALANINE 10.4 MG/ML / ARGININE 5.75 MG/ML / CALCIUM CHLORIDE 0.004 MEQ/ML / DIBASIC POTASSIUM PHOSPHATE 2.61 MG/ML / GLUCOSE 200 MG/ML / GLYCINE 5.15 MG/ML / HISTIDINE 2.4 MG/ML / ISOLEUCINE 3 MG/ML / LEUCINE 3.65 MG/ML / LYSINE 2.9 MG/ML / MAGNESIUM CHLORIDE 0.01 MEQ/ML / METHIONINE 2 MG/ML / PHENYLALANINE 2.8 MG/ML / PROLINE 3.4 MG/ML / SERINE 2.5 MG/ML / SODIUM ACETATE TRIHYDRATE 3.4 MG/ML / SODIUM CHLORIDE 0.01 MEQ/ML / THREONINE 2.1 MG/ML / TRYPTOPHAN 0.9 MG/ML / TYROSINE 0.2 MG/ML / VALINE 2.9 MG/ML INJECTABLE SOLUTION [CLINIMIX E 5/20],CLINIMIX E 5/20,ALANINE 10.4 MG/ML / ARGININE 5.75 MG/ML / CALCIUM CHLORIDE 0.004 MEQ/ML / DIBASIC POTASSIUM PHOSPHATE 2.61 MG/ML / GLUCOSE 200 MG/ML,INJECTABLE SOLUTION
800438,SBD,ALANINE 10.4 MG/ML / ARGININE 5.75 MG/ML / GLUCOSE 150 MG/ML / GLYCINE 5.15 MG/ML / HISTIDINE 2.4 MG/ML / ISOLEUCINE 3 MG/ML / LEUCINE 3.65 MG/ML / LYSINE 2.9 MG/ML / METHIONINE 2 MG/ML / PHENYLALANINE 2.8 MG/ML / PROLINE 3.4 MG/ML / SERINE 2.5 MG/ML / THREONINE 2.1 MG/ML / TRYPTOPHAN 0.9 MG/ML / TYROSINE 0.2 MG/ML / VALINE 290 MG/ML INJECTABLE SOLUTION [CLINIMIX 5/15],CLINIMIX 5/15,ALANINE 10.4 MG/ML / ARGININE 5.75 MG/ML / GLUCOSE 150 MG/ML / GLYCINE 5.15 MG/ML / HISTIDINE 2.4 MG/ML,INJECTABLE SOLUTION
800444,SBD,ALANINE 10.4 MG/ML / ARGININE 5.75 MG/ML / GLUCOSE 200 MG/ML / GLYCINE 5.15 MG/ML / HISTIDINE 2.4 MG/ML / ISOLEUCINE 3 MG/ML / LEUCINE 3.65 MG/ML / LYSINE 2.9 MG/ML / METHIONINE 2 MG/ML / PHENYLALANINE 2.8 MG/ML / PROLINE 3.4 MG/ML / SERINE 2.5 MG/ML / THREONINE 2.1 MG/ML / TRYPTOPHAN 0.9 MG/ML / TYROSINE 0.2 MG/ML / VALINE 2.9 MG/ML INJECTABLE SOLUTION [CLINIMIX 5/20],CLINIMIX 5/20,ALANINE 10.4 MG/ML / ARGININE 5.75 MG/ML / GLUCOSE 200 MG/ML / GLYCINE 5.15 MG/ML / HISTIDINE 2.4 MG/ML,INJECTABLE SOLUTION
801648,SBD,ALANINE 20.7 MG/ML / ARGININE 11.5 MG/ML / GLYCINE 10.3 MG/ML / HISTIDINE 4.8 MG/ML / ISOLEUCINE 6 MG/ML / LEUCINE 7.3 MG/ML / LYSINE 5.8 MG/ML / METHIONINE 4 MG/ML / PHENYLALANINE 5.6 MG/ML / PROLINE 6.8 MG/ML / SERINE 5 MG/ML / THREONINE 4.2 MG/ML / TRYPTOPHAN 1.8 MG/ML / TYROSINE 0.4 MG/ML / VALINE 5.8 MG/ML INJECTABLE SOLUTION [TRAVASOL 10],TRAVASOL 10,ALANINE 20.7 MG/ML / ARGININE 11.5 MG/ML / GLYCINE 10.3 MG/ML / HISTIDINE 4.8 MG/ML / ISOLEUCINE 6 MG/ML,INJECTABLE SOLUTION
800588,SBD,ALANINE 21.7 MG/ML / ARGININE 14.7 MG/ML / ASPARTATE 4.34 MG/ML / GLUTAMATE 7.49 MG/ML / GLYCINE 10.4 MG/ML / HISTIDINE 8.94 MG/ML / ISOLEUCINE 7.49 MG/ML / LEUCINE 10.4 MG/ML / LYSINE 11.8 MG/ML / METHIONINE 7.49 MG/ML / PHENYLALANINE 10.4 MG/ML / PROLINE 8.94 MG/ML / SERINE 5.92 MG/ML / THREONINE 7.49 MG/ML / TRYPTOPHAN 2.5 MG/ML / TYROSINE 0.39 MG/ML / VALINE 9.6 MG/ML INJECTABLE SOLUTION [CLINISOL 15],CLINISOL 15,ALANINE 21.7 MG/ML / ARGININE 14.7 MG/ML / ASPARTATE 4.34 MG/ML / GLUTAMATE 7.49 MG/ML / GLYCINE 10.4 MG/ML,INJECTABLE SOLUTION
1601982,SBD,ALANINE 21.7 MG/ML / ARGININE 14.7 MG/ML / ASPARTATE 4.34 MG/ML / GLUTAMATE 7.49 MG/ML / GLYCINE 10.4 MG/ML / HISTIDINE 8.94 MG/ML / ISOLEUCINE 7.49 MG/ML / LEUCINE 10.4 MG/ML / LYSINE 11.8 MG/ML / METHIONINE 7.49 MG/ML / PHENYLALANINE 10.4 MG/ML / PROLINE 8.94 MG/ML / SERINE 5.92 MG/ML / THREONINE 7.49 MG/ML / TRYPTOPHAN 2.5 MG/ML / TYROSINE 0.39 MG/ML / VALINE 9.6 MG/ML INJECTABLE SOLUTION [PLENAMINE],PLENAMINE,ALANINE 21.7 MG/ML / ARGININE 14.7 MG/ML / ASPARTATE 4.34 MG/ML / GLUTAMATE 7.49 MG/ML / GLYCINE 10.4 MG/ML,INJECTABLE SOLUTION
801136,SBD,ALANINE 27.6 MG/ML / ARGININE 19.6 MG/ML / ASPARTATE 6 MG/ML / GLUTAMATE 10.2 MG/ML / GLYCINE 20.6 MG/ML / HISTIDINE 11.8 MG/ML / ISOLEUCINE 10.8 MG/ML / LEUCINE 10.8 MG/ML / LYSINE 13.5 MG/ML / METHIONINE 7.6 MG/ML / PHENYLALANINE 10 MG/ML / PROLINE 13.4 MG/ML / SERINE 10.2 MG/ML / THREONINE 9.8 MG/ML / TRYPTOPHAN 3.2 MG/ML / TYROSINE 0.5 MG/ML / VALINE 14.4 MG/ML INJECTABLE SOLUTION [PROSOL],PROSOL,ALANINE 27.6 MG/ML / ARGININE 19.6 MG/ML / ASPARTATE 6 MG/ML / GLUTAMATE 10.2 MG/ML / GLYCINE 20.6 MG/ML,INJECTABLE SOLUTION
801405,SBD,ALANINE 5.4 MG/ML / ARGININE 12 MG/ML / ASPARTATE 3.2 MG/ML / CYSTEINE 0.16 MG/ML / GLUTAMATE 5 MG/ML / GLYCINE 3.6 MG/ML / HISTIDINE 4.8 MG/ML / ISOLEUCINE 8.2 MG/ML / LEUCINE 14 MG/ML / LYSINE 8.2 MG/ML / METHIONINE 3.4 MG/ML / PHENYLALANINE 4.8 MG/ML / PROLINE 6.8 MG/ML / SERINE 3.8 MG/ML / TAURINE 0.25 MG/ML / THREONINE 4.2 MG/ML / TRYPTOPHAN 2 MG/ML / TYROSINE 2.4 MG/ML / VALINE 7.8 MG/ML INJECTABLE SOLUTION [PREMASOL],PREMASOL,ALANINE 5.4 MG/ML / ARGININE 12 MG/ML / ASPARTATE 3.2 MG/ML / CYSTEINE 0.16 MG/ML / GLUTAMATE 5 MG/ML,INJECTABLE SOLUTION
1189640,SBD,ALANINE 5.4 MG/ML / ARGININE 12 MG/ML / ASPARTATE 3.2 MG/ML / CYSTEINE 0.24 MG/ML / GLUTAMATE 5 MG/ML / GLYCINE 3.6 MG/ML / HISTIDINE 4.8 MG/ML / ISOLEUCINE 8.2 MG/ML / LEUCINE 1.4 MG/ML / LYSINE 1.2 MG/ML / METHIONINE 3.4 MG/ML / PHENYLALANINE 4.8 MG/ML / PROLINE 6.8 MG/ML / SERINE 3.8 MG/ML / SODIUM ACETATE 0.097 MEQ/ML / SODIUM CHLORIDE 0.003 MEQ/ML / SODIUM METABISULFITE 0.5 MG/ML / TAURINE 0.25 MG/ML / THREONINE 4.2 MG/ML / TRYPTOPHAN 2 MG/ML / TYROSINE 2.84 MG/ML / VALINE 7.8 MG/ML INJECTABLE SOLUTION [TROPHAMINE 10 %],TROPHAMINE 10 %,ALANINE 5.4 MG/ML / ARGININE 12 MG/ML / ASPARTATE 3.2 MG/ML / CYSTEINE 0.24 MG/ML / GLUTAMATE 5 MG/ML,INJECTABLE SOLUTION
801012,SBD,ALANINE 5.7 MG/ML / ARGININE 3.16 MG/ML / CALCIUM CHLORIDE 0.004 MEQ/ML / DIBASIC POTASSIUM PHOSPHATE 2.61 MG/ML / GLUCOSE 50 MG/ML / GLYCINE 2.83 MG/ML / HISTIDINE 1.32 MG/ML / ISOLEUCINE 1.65 MG/ML / LEUCINE 2.01 MG/ML / LYSINE 1.59 MG/ML / MAGNESIUM CHLORIDE 0.01 MEQ/ML / METHIONINE 1.1 MG/ML / PHENYLALANINE 1.54 MG/ML / PROLINE 1.87 MG/ML / SERINE 1.38 MG/ML / SODIUM ACETATE TRIHYDRATE 2.17 MG/ML / SODIUM CHLORIDE 0.02 MEQ/ML / THREONINE 1.16 MG/ML / TRYPTOPHAN 0.5 MG/ML / TYROSINE 0.11 MG/ML / VALINE 1.6 MG/ML INJECTABLE SOLUTION [CLINIMIX E 2.75/5],CLINIMIX E 2.75/5,ALANINE 5.7 MG/ML / ARGININE 3.16 MG/ML / CALCIUM CHLORIDE 0.004 MEQ/ML / DIBASIC POTASSIUM PHOSPHATE 2.61 MG/ML / GLUCOSE 50 MG/ML,INJECTABLE SOLUTION
1090639,SBD,ALANINE 8.8 MG/ML / ARGININE 4.89 MG/ML / CALCIUM CHLORIDE 0.004 MEQ/ML / DIBASIC POTASSIUM PHOSPHATE 2.61 MG/ML / GLUCOSE 100 MG/ML / GLYCINE 4.38 MG/ML / HISTIDINE 2.04 MG/ML / ISOLEUCINE 2.55 MG/ML / LEUCINE 3.11 MG/ML / LYSINE 2.47 MG/ML / MAGNESIUM CHLORIDE 0.01 MEQ/ML / METHIONINE 1.7 MG/ML / PHENYLALANINE 2.38 MG/ML / PROLINE 2.89 MG/ML / SERINE 2.13 MG/ML / SODIUM ACETATE TRIHYDRATE 2.97 MG/ML / SODIUM CHLORIDE 0.013 MEQ/ML / THREONINE 1.79 MG/ML / TRYPTOPHAN 0.77 MG/ML / TYROSINE 0.17 MG/ML / VALINE 2.47 MG/ML INJECTABLE SOLUTION [CLINIMIX E 4.25/10],CLINIMIX E 4.25/10,ALANINE 8.8 MG/ML / ARGININE 4.89 MG/ML / CALCIUM CHLORIDE 0.004 MEQ/ML / DIBASIC POTASSIUM PHOSPHATE 2.61 MG/ML / GLUCOSE 100 MG/ML,INJECTABLE SOLUTION
801000,SBD,ALANINE 8.8 MG/ML / ARGININE 4.89 MG/ML / CALCIUM CHLORIDE 0.004 MEQ/ML / DIBASIC POTASSIUM PHOSPHATE 2.61 MG/ML / GLUCOSE 50 MG/ML / GLYCINE 4.38 MG/ML / HISTIDINE 2.04 MG/ML / ISOLEUCINE 2.55 MG/ML / LEUCINE 3.11 MG/ML / LYSINE 2.47 MG/ML / MAGNESIUM CHLORIDE 0.01 MEQ/ML / METHIONINE 1.7 MG/ML / PHENYLALANINE 2.38 MG/ML / PROLINE 2.89 MG/ML / SERINE 2.13 MG/ML / SODIUM ACETATE TRIHYDRATE 2.97 MG/ML / SODIUM CHLORIDE 0.013 MEQ/ML / THREONINE 1.79 MG/ML / TRYPTOPHAN 0.77 MG/ML / TYROSINE 0.17 MG/ML / VALINE 2.47 MG/ML INJECTABLE SOLUTION [CLINIMIX E 4.25/5],CLINIMIX E 4.25/5,ALANINE 8.8 MG/ML / ARGININE 4.89 MG/ML / CALCIUM CHLORIDE 0.004 MEQ/ML / DIBASIC POTASSIUM PHOSPHATE 2.61 MG/ML / GLUCOSE 50 MG/ML,INJECTABLE SOLUTION
800405,SBD,ALANINE 8.8 MG/ML / ARGININE 4.89 MG/ML / GLUCOSE 100 MG/ML / GLYCINE 4.38 MG/ML / HISTIDINE 2.04 MG/ML / ISOLEUCINE 2.55 MG/ML / LEUCINE 3.11 MG/ML / LYSINE 2.47 MG/ML / METHIONINE 1.7 MG/ML / PHENYLALANINE 2.38 MG/ML / PROLINE 2.89 MG/ML / SERINE 2.13 MG/ML / THREONINE 1.79 MG/ML / TRYPTOPHAN 0.77 MG/ML / TYROSINE 0.17 MG/ML / VALINE 2.47 MG/ML INJECTABLE SOLUTION [CLINIMIX 4.25/10],CLINIMIX 4.25/10,ALANINE 8.8 MG/ML / ARGININE 4.89 MG/ML / GLUCOSE 100 MG/ML / GLYCINE 4.38 MG/ML / HISTIDINE 2.04 MG/ML,INJECTABLE SOLUTION
800420,SBD,ALANINE 8.8 MG/ML / ARGININE 4.89 MG/ML / GLUCOSE 50 MG/ML / GLYCINE 4.38 MG/ML / HISTIDINE 2.04 MG/ML / ISOLEUCINE 2.55 MG/ML / LEUCINE 3.11 MG/ML / LYSINE 2.47 MG/ML / METHIONINE 1.7 MG/ML / PHENYLALANINE 2.38 MG/ML / PROLINE 2.89 MG/ML / SERINE 2.13 MG/ML / THREONINE 1.79 MG/ML / TRYPTOPHAN 0.77 MG/ML / TYROSINE 0.17 MG/ML / VALINE 2.47 MG/ML INJECTABLE SOLUTION [CLINIMIX 4.25/5],CLINIMIX 4.25/5,ALANINE 8.8 MG/ML / ARGININE 4.89 MG/ML / GLUCOSE 50 MG/ML / GLYCINE 4.38 MG/ML / HISTIDINE 2.04 MG/ML,INJECTABLE SOLUTION
199672,SCD,ALBENDAZOLE 200 MG ORAL TABLET,,ALBENDAZOLE 200 MG,ORAL TABLET
2123072,SCD,NDA021457 200 ACTUAT ALBUTEROL 0.09 MG/ACTUAT METERED DOSE INHALER,,ALBUTEROL 0.09 MG/ACTUAT,METERED DOSE INHALER
859088,SBD,NDA020983 200 ACTUAT ALBUTEROL 0.09 MG/ACTUAT METERED DOSE INHALER [VENTOLIN],VENTOLIN,ALBUTEROL 0.09 MG/ACTUAT,METERED DOSE INHALER
1649961,SBD,200 ACTUAT ALBUTEROL 0.09 MG/ACTUAT DRY POWDER INHALER [PROAIR],PROAIR,ALBUTEROL 0.09 MG/ACTUAT,DRY POWDER INHALER
2123111,SCD,NDA020503 200 ACTUAT ALBUTEROL 0.09 MG/ACTUAT METERED DOSE INHALER,,ALBUTEROL 0.09 MG/ACTUAT,METERED DOSE INHALER
2123076,SCD,NDA020983 200 ACTUAT ALBUTEROL 0.09 MG/ACTUAT METERED DOSE INHALER,,ALBUTEROL 0.09 MG/ACTUAT,METERED DOSE INHALER
2665912,SBD,120 ACTUAT ALBUTEROL 0.09 MG/ACTUAT / BUDESONIDE 0.08 MG/ACTUAT METERED DOSE INHALER [AIRSUPRA],AIRSUPRA,ALBUTEROL 0.09 MG/ACTUAT / BUDESONIDE 0.08 MG/ACTUAT,METERED DOSE INHALER
1190225,SBD,120 ACTUAT ALBUTEROL 0.1 MG/ACTUAT / IPRATROPIUM BROMIDE 0.02 MG/ACTUAT INHALATION SPRAY [COMBIVENT],COMBIVENT,ALBUTEROL 0.1 MG/ACTUAT / IPRATROPIUM BROMIDE 0.02 MG/ACTUAT,INHALATION SPRAY
351137,SCD,ALBUTEROL 0.21 MG/ML INHALATION SOLUTION,,ALBUTEROL 0.21 MG/ML,INHALATION SOLUTION
755497,SCD,ALBUTEROL 0.4 MG/ML ORAL SOLUTION,,ALBUTEROL 0.4 MG/ML,ORAL SOLUTION
351136,SCD,ALBUTEROL 0.417 MG/ML INHALATION SOLUTION,,ALBUTEROL 0.417 MG/ML,INHALATION SOLUTION
630208,SCD,ALBUTEROL 0.83 MG/ML INHALATION SOLUTION,,ALBUTEROL 0.83 MG/ML,INHALATION SOLUTION
1437702,SCD,ALBUTEROL 0.833 MG/ML / IPRATROPIUM BROMIDE 0.167 MG/ML INHALATION SOLUTION,,ALBUTEROL 0.833 MG/ML / IPRATROPIUM BROMIDE 0.167 MG/ML,INHALATION SOLUTION
197316,SCD,ALBUTEROL 2 MG ORAL TABLET,,ALBUTEROL 2 MG,ORAL TABLET
197318,SCD,ALBUTEROL 4 MG ORAL TABLET,,ALBUTEROL 4 MG,ORAL TABLET
245314,SCD,ALBUTEROL 5 MG/ML INHALATION SOLUTION,,ALBUTEROL 5 MG/ML,INHALATION SOLUTION
855480,SCD,ALCLOMETASONE DIPROPIONATE 0.0005 MG/MG TOPICAL OINTMENT,,ALCLOMETASONE DIPROPIONATE 0.0005 MG/MG,TOPICAL OINTMENT
855474,SCD,ALCLOMETASONE DIPROPIONATE 0.5 MG/ML TOPICAL CREAM,,ALCLOMETASONE DIPROPIONATE 0.5 MG/ML,TOPICAL CREAM
1727485,SBD,ALECTINIB 150 MG ORAL CAPSULE [ALECENSA],ALECENSA,ALECTINIB 150 MG,ORAL CAPSULE
904447,SCD,ALENDRONIC ACID 0.933 MG/ML ORAL SOLUTION,,ALENDRONIC ACID 0.933 MG/ML,ORAL SOLUTION
904419,SCD,ALENDRONIC ACID 10 MG ORAL TABLET,,ALENDRONIC ACID 10 MG,ORAL TABLET
904396,SCD,ALENDRONIC ACID 35 MG ORAL TABLET,,ALENDRONIC ACID 35 MG,ORAL TABLET
904433,SBD,ALENDRONIC ACID 70 MG ORAL TABLET [FOSAMAX],FOSAMAX,ALENDRONIC ACID 70 MG,ORAL TABLET
904431,SCD,ALENDRONIC ACID 70 MG ORAL TABLET,,ALENDRONIC ACID 70 MG,ORAL TABLET
904495,SBD,ALENDRONIC ACID 70 MG / CHOLECALCIFEROL 2800 UNT ORAL TABLET [FOSAMAX PLUS D],FOSAMAX PLUS D,ALENDRONIC ACID 70 MG / CHOLECALCIFEROL 2800 UNT,ORAL TABLET
904465,SBD,ALENDRONIC ACID 70 MG / CHOLECALCIFEROL 5600 UNT ORAL TABLET [FOSAMAX PLUS D],FOSAMAX PLUS D,ALENDRONIC ACID 70 MG / CHOLECALCIFEROL 5600 UNT,ORAL TABLET
861134,SBD,24 HR ALFUZOSIN HYDROCHLORIDE 10 MG EXTENDED RELEASE ORAL TABLET [UROXATRAL],UROXATRAL,ALFUZOSIN HYDROCHLORIDE 10 MG,EXTENDED RELEASE ORAL TABLET
861132,SCD,24 HR ALFUZOSIN HYDROCHLORIDE 10 MG EXTENDED RELEASE ORAL TABLET,,ALFUZOSIN HYDROCHLORIDE 10 MG,EXTENDED RELEASE ORAL TABLET
1659161,SBD,1 ML ALIROCUMAB 150 MG/ML AUTO-INJECTOR [PRALUENT],PRALUENT,ALIROCUMAB 150 MG/ML,AUTO-INJECTOR
1659183,SBD,1 ML ALIROCUMAB 75 MG/ML AUTO-INJECTOR [PRALUENT],PRALUENT,ALIROCUMAB 75 MG/ML,AUTO-INJECTOR
1011736,SCD,ALISKIREN 150 MG ORAL TABLET,,ALISKIREN 150 MG,ORAL TABLET
1011738,SBD,ALISKIREN 150 MG ORAL TABLET [TEKTURNA],TEKTURNA,ALISKIREN 150 MG,ORAL TABLET
1011739,SCD,ALISKIREN 300 MG ORAL TABLET,,ALISKIREN 300 MG,ORAL TABLET
1011741,SBD,ALISKIREN 300 MG ORAL TABLET [TEKTURNA],TEKTURNA,ALISKIREN 300 MG,ORAL TABLET
213502,SBD,ALITRETINOIN 0.001 MG/MG TOPICAL GEL [PANRETIN],PANRETIN,ALITRETINOIN 0.001 MG/MG,TOPICAL GEL
197319,SCD,ALLOPURINOL 100 MG ORAL TABLET,,ALLOPURINOL 100 MG,ORAL TABLET
245422,SCD,ALLOPURINOL 200 MG ORAL TABLET,,ALLOPURINOL 200 MG,ORAL TABLET
197320,SCD,ALLOPURINOL 300 MG ORAL TABLET,,ALLOPURINOL 300 MG,ORAL TABLET
284205,SCD,ALMOTRIPTAN 12.5 MG ORAL TABLET,,ALMOTRIPTAN 12.5 MG,ORAL TABLET
284204,SCD,ALMOTRIPTAN 6.25 MG ORAL TABLET,,ALMOTRIPTAN 6.25 MG,ORAL TABLET
1368034,SCD,ALOGLIPTIN 12.5 MG ORAL TABLET,,ALOGLIPTIN 12.5 MG,ORAL TABLET
1368385,SCD,ALOGLIPTIN 12.5 MG / METFORMIN HYDROCHLORIDE 1000 MG ORAL TABLET,,ALOGLIPTIN 12.5 MG / METFORMIN HYDROCHLORIDE 1000 MG,ORAL TABLET
1368392,SCD,ALOGLIPTIN 12.5 MG / METFORMIN HYDROCHLORIDE 500 MG ORAL TABLET,,ALOGLIPTIN 12.5 MG / METFORMIN HYDROCHLORIDE 500 MG,ORAL TABLET
1368410,SCD,ALOGLIPTIN 12.5 MG / PIOGLITAZONE 30 MG ORAL TABLET,,ALOGLIPTIN 12.5 MG / PIOGLITAZONE 30 MG,ORAL TABLET
1368006,SCD,ALOGLIPTIN 25 MG ORAL TABLET,,ALOGLIPTIN 25 MG,ORAL TABLET
1368424,SCD,ALOGLIPTIN 25 MG / PIOGLITAZONE 15 MG ORAL TABLET,,ALOGLIPTIN 25 MG / PIOGLITAZONE 15 MG,ORAL TABLET
1368431,SCD,ALOGLIPTIN 25 MG / PIOGLITAZONE 30 MG ORAL TABLET,,ALOGLIPTIN 25 MG / PIOGLITAZONE 30 MG,ORAL TABLET
1368438,SCD,ALOGLIPTIN 25 MG / PIOGLITAZONE 45 MG ORAL TABLET,,ALOGLIPTIN 25 MG / PIOGLITAZONE 45 MG,ORAL TABLET
1368018,SCD,ALOGLIPTIN 6.25 MG ORAL TABLET,,ALOGLIPTIN 6.25 MG,ORAL TABLET
540181,SBD,ALOSETRON 0.5 MG ORAL TABLET [LOTRONEX],LOTRONEX,ALOSETRON 0.5 MG,ORAL TABLET
403975,SCD,ALOSETRON 0.5 MG ORAL TABLET,,ALOSETRON 0.5 MG,ORAL TABLET
261362,SBD,ALOSETRON 1 MG ORAL TABLET [LOTRONEX],LOTRONEX,ALOSETRON 1 MG,ORAL TABLET
259306,SCD,ALOSETRON 1 MG ORAL TABLET,,ALOSETRON 1 MG,ORAL TABLET
2598465,BPCK,{28 (ALPELISIB 125 MG ORAL TABLET [VIJOICE]) } PACK [VIJOICE 125 MG 28 DAY],VIJOICE 125 MG 28 DAY,ALPELISIB 125 MG,PACK
2169322,BPCK,{56 (ALPELISIB 150 MG ORAL TABLET [PIQRAY]) } PACK [PIQRAY 300 MG DAILY DOSE],PIQRAY 300 MG DAILY DOSE,ALPELISIB 150 MG,PACK
2169314,BPCK,{28 (ALPELISIB 200 MG ORAL TABLET [PIQRAY]) } PACK [PIQRAY 200 MG DAILY DOSE],PIQRAY 200 MG DAILY DOSE,ALPELISIB 200 MG,PACK
2169320,BPCK,{28 (ALPELISIB 200 MG ORAL TABLET [PIQRAY]) / 28 (ALPELISIB 50 MG ORAL TABLET [PIQRAY]) } PACK [PIQRAY 250 MG DAILY DOSE],PIQRAY 250 MG DAILY DOSE,ALPELISIB 200 MG / ALPELISIB 50 MG,PACK
2598470,BPCK,{28 (ALPELISIB 200 MG ORAL TABLET [VIJOICE]) / 28 (ALPELISIB 50 MG ORAL TABLET [VIJOICE]) } PACK [VIJOICE 250 MG 28 DAY],VIJOICE 250 MG 28 DAY,ALPELISIB 200 MG / ALPELISIB 50 MG,PACK
2598467,BPCK,{28 (ALPELISIB 50 MG ORAL TABLET [VIJOICE]) } PACK [VIJOICE 50 MG 28 DAY],VIJOICE 50 MG 28 DAY,ALPELISIB 50 MG,PACK
2680140,BPCK,{28 (ALPELISIB 50 MG ORAL GRANULES [VIJOICE]) } PACK [VIJOICE 50 MG GRANULES 28 DAY],VIJOICE 50 MG GRANULES 28 DAY,ALPELISIB 50 MG,PACK
1233711,SBD,"ALPHA 1-PROTEINASE INHIBITOR, HUMAN 1 MG INJECTION [ARALAST]",ARALAST,"ALPHA 1-PROTEINASE INHIBITOR, HUMAN 1 MG",INJECTION
1661220,SBD,"ALPHA 1-PROTEINASE INHIBITOR, HUMAN 1 MG INJECTION [PROLASTIN]",PROLASTIN,"ALPHA 1-PROTEINASE INHIBITOR, HUMAN 1 MG",INJECTION
991722,SBD,"ALPHA 1-PROTEINASE INHIBITOR, HUMAN 1 MG INJECTION [ZEMAIRA]",ZEMAIRA,"ALPHA 1-PROTEINASE INHIBITOR, HUMAN 1 MG",INJECTION
1013867,SBD,"ALPHA 1-PROTEINASE INHIBITOR, HUMAN 1 MG INJECTION [GLASSIA]",GLASSIA,"ALPHA 1-PROTEINASE INHIBITOR, HUMAN 1 MG",INJECTION
308047,SCD,ALPRAZOLAM 0.25 MG ORAL TABLET,,ALPRAZOLAM 0.25 MG,ORAL TABLET
485413,SCD,ALPRAZOLAM 0.25 MG DISINTEGRATING ORAL TABLET,,ALPRAZOLAM 0.25 MG,DISINTEGRATING ORAL TABLET
141927,SBD,ALPRAZOLAM 0.25 MG ORAL TABLET [XANAX],XANAX,ALPRAZOLAM 0.25 MG,ORAL TABLET
485415,SCD,ALPRAZOLAM 0.5 MG DISINTEGRATING ORAL TABLET,,ALPRAZOLAM 0.5 MG,DISINTEGRATING ORAL TABLET
433798,SCD,24 HR ALPRAZOLAM 0.5 MG EXTENDED RELEASE ORAL TABLET,,ALPRAZOLAM 0.5 MG,EXTENDED RELEASE ORAL TABLET
141928,SBD,ALPRAZOLAM 0.5 MG ORAL TABLET [XANAX],XANAX,ALPRAZOLAM 0.5 MG,ORAL TABLET
308048,SCD,ALPRAZOLAM 0.5 MG ORAL TABLET,,ALPRAZOLAM 0.5 MG,ORAL TABLET
433800,SCD,24 HR ALPRAZOLAM 1 MG EXTENDED RELEASE ORAL TABLET,,ALPRAZOLAM 1 MG,EXTENDED RELEASE ORAL TABLET
197321,SCD,ALPRAZOLAM 1 MG ORAL TABLET,,ALPRAZOLAM 1 MG,ORAL TABLET
485414,SCD,ALPRAZOLAM 1 MG DISINTEGRATING ORAL TABLET,,ALPRAZOLAM 1 MG,DISINTEGRATING ORAL TABLET
214003,SBD,ALPRAZOLAM 1 MG ORAL TABLET [XANAX],XANAX,ALPRAZOLAM 1 MG,ORAL TABLET
308050,SCD,ALPRAZOLAM 1 MG/ML ORAL SOLUTION,,ALPRAZOLAM 1 MG/ML,ORAL SOLUTION
197322,SCD,ALPRAZOLAM 2 MG ORAL TABLET,,ALPRAZOLAM 2 MG,ORAL TABLET
433799,SCD,24 HR ALPRAZOLAM 2 MG EXTENDED RELEASE ORAL TABLET,,ALPRAZOLAM 2 MG,EXTENDED RELEASE ORAL TABLET
214004,SBD,ALPRAZOLAM 2 MG ORAL TABLET [XANAX],XANAX,ALPRAZOLAM 2 MG,ORAL TABLET
687023,SBD,24 HR ALPRAZOLAM 2 MG EXTENDED RELEASE ORAL TABLET [XANAX],XANAX,ALPRAZOLAM 2 MG,EXTENDED RELEASE ORAL TABLET
485416,SCD,ALPRAZOLAM 2 MG DISINTEGRATING ORAL TABLET,,ALPRAZOLAM 2 MG,DISINTEGRATING ORAL TABLET
433801,SCD,24 HR ALPRAZOLAM 3 MG EXTENDED RELEASE ORAL TABLET,,ALPRAZOLAM 3 MG,EXTENDED RELEASE ORAL TABLET
1944376,SBD,24 HR AMANTADINE 137 MG EXTENDED RELEASE ORAL CAPSULE [GOCOVRI],GOCOVRI,AMANTADINE 137 MG,EXTENDED RELEASE ORAL CAPSULE
1944382,SBD,24 HR AMANTADINE 68.5 MG EXTENDED RELEASE ORAL CAPSULE [GOCOVRI],GOCOVRI,AMANTADINE 68.5 MG,EXTENDED RELEASE ORAL CAPSULE
849385,SCD,AMANTADINE HYDROCHLORIDE 10 MG/ML ORAL SOLUTION,,AMANTADINE HYDROCHLORIDE 10 MG/ML,ORAL SOLUTION
849395,SCD,AMANTADINE HYDROCHLORIDE 100 MG ORAL TABLET,,AMANTADINE HYDROCHLORIDE 100 MG,ORAL TABLET
849389,SCD,AMANTADINE HYDROCHLORIDE 100 MG ORAL CAPSULE,,AMANTADINE HYDROCHLORIDE 100 MG,ORAL CAPSULE
722116,SCD,AMBRISENTAN 10 MG ORAL TABLET,,AMBRISENTAN 10 MG,ORAL TABLET
722120,SBD,AMBRISENTAN 10 MG ORAL TABLET [LETAIRIS],LETAIRIS,AMBRISENTAN 10 MG,ORAL TABLET
722122,SCD,AMBRISENTAN 5 MG ORAL TABLET,,AMBRISENTAN 5 MG,ORAL TABLET
722124,SBD,AMBRISENTAN 5 MG ORAL TABLET [LETAIRIS],LETAIRIS,AMBRISENTAN 5 MG,ORAL TABLET
197328,SCD,AMCINONIDE 0.001 MG/MG TOPICAL OINTMENT,,AMCINONIDE 0.001 MG/MG,TOPICAL OINTMENT
197327,SCD,AMCINONIDE 1 MG/ML TOPICAL CREAM,,AMCINONIDE 1 MG/ML,TOPICAL CREAM
1998631,SBD,AMERICAN HOUSE DUST MITE ALLERGENIC EXTRACT 6 SQ-HDM / EUROPEAN HOUSE DUST MITE ALLERGENIC EXTRACT 6 SQ-HDM SUBLINGUAL TABLET [ODACTRA],ODACTRA,AMERICAN HOUSE DUST MITE ALLERGENIC EXTRACT 6 SQ-HDM / EUROPEAN HOUSE DUST MITE ALLERGENIC EXTRACT 6 SQ-HDM,SUBLINGUAL TABLET
2107518,SBD,AMIFAMPRIDINE 10 MG ORAL TABLET [FIRDAPSE],FIRDAPSE,AMIFAMPRIDINE 10 MG,ORAL TABLET
1723156,SCD,2 ML AMIKACIN 250 MG/ML INJECTION,,AMIKACIN 250 MG/ML,INJECTION
2059189,SBD,AMIKACIN LIPOSOMAL 70.3 MG/ML INHALATION SUSPENSION [ARIKAYCE],ARIKAYCE,AMIKACIN LIPOSOMAL 70.3 MG/ML,INHALATION SUSPENSION
977880,SCD,AMILORIDE HYDROCHLORIDE 5 MG ORAL TABLET,,AMILORIDE HYDROCHLORIDE 5 MG,ORAL TABLET
977883,SCD,AMILORIDE HYDROCHLORIDE 5 MG / HYDROCHLOROTHIAZIDE 50 MG ORAL TABLET,,AMILORIDE HYDROCHLORIDE 5 MG / HYDROCHLOROTHIAZIDE 50 MG,ORAL TABLET
835958,SBD,AMIODARONE HYDROCHLORIDE 100 MG ORAL TABLET [PACERONE],PACERONE,AMIODARONE HYDROCHLORIDE 100 MG,ORAL TABLET
835956,SCD,AMIODARONE HYDROCHLORIDE 100 MG ORAL TABLET,,AMIODARONE HYDROCHLORIDE 100 MG,ORAL TABLET
834346,SBD,AMIODARONE HYDROCHLORIDE 200 MG ORAL TABLET [PACERONE],PACERONE,AMIODARONE HYDROCHLORIDE 200 MG,ORAL TABLET
833528,SCD,AMIODARONE HYDROCHLORIDE 200 MG ORAL TABLET,,AMIODARONE HYDROCHLORIDE 200 MG,ORAL TABLET
834348,SCD,AMIODARONE HYDROCHLORIDE 400 MG ORAL TABLET,,AMIODARONE HYDROCHLORIDE 400 MG,ORAL TABLET
856783,SCD,AMITRIPTYLINE HYDROCHLORIDE 10 MG ORAL TABLET,,AMITRIPTYLINE HYDROCHLORIDE 10 MG,ORAL TABLET
856706,SCD,AMITRIPTYLINE HYDROCHLORIDE 10 MG / PERPHENAZINE 2 MG ORAL TABLET,,AMITRIPTYLINE HYDROCHLORIDE 10 MG / PERPHENAZINE 2 MG,ORAL TABLET
856720,SCD,AMITRIPTYLINE HYDROCHLORIDE 10 MG / PERPHENAZINE 4 MG ORAL TABLET,,AMITRIPTYLINE HYDROCHLORIDE 10 MG / PERPHENAZINE 4 MG,ORAL TABLET
856762,SCD,AMITRIPTYLINE HYDROCHLORIDE 100 MG ORAL TABLET,,AMITRIPTYLINE HYDROCHLORIDE 100 MG,ORAL TABLET
856769,SCD,AMITRIPTYLINE HYDROCHLORIDE 12.5 MG / CHLORDIAZEPOXIDE 5 MG ORAL TABLET,,AMITRIPTYLINE HYDROCHLORIDE 12.5 MG / CHLORDIAZEPOXIDE 5 MG,ORAL TABLET
856773,SCD,AMITRIPTYLINE HYDROCHLORIDE 150 MG ORAL TABLET,,AMITRIPTYLINE HYDROCHLORIDE 150 MG,ORAL TABLET
856834,SCD,AMITRIPTYLINE HYDROCHLORIDE 25 MG ORAL TABLET,,AMITRIPTYLINE HYDROCHLORIDE 25 MG,ORAL TABLET
856792,SCD,AMITRIPTYLINE HYDROCHLORIDE 25 MG / CHLORDIAZEPOXIDE 10 MG ORAL TABLET,,AMITRIPTYLINE HYDROCHLORIDE 25 MG / CHLORDIAZEPOXIDE 10 MG,ORAL TABLET
856797,SCD,AMITRIPTYLINE HYDROCHLORIDE 25 MG / PERPHENAZINE 2 MG ORAL TABLET,,AMITRIPTYLINE HYDROCHLORIDE 25 MG / PERPHENAZINE 2 MG,ORAL TABLET
856825,SCD,AMITRIPTYLINE HYDROCHLORIDE 25 MG / PERPHENAZINE 4 MG ORAL TABLET,,AMITRIPTYLINE HYDROCHLORIDE 25 MG / PERPHENAZINE 4 MG,ORAL TABLET
856845,SCD,AMITRIPTYLINE HYDROCHLORIDE 50 MG ORAL TABLET,,AMITRIPTYLINE HYDROCHLORIDE 50 MG,ORAL TABLET
856840,SCD,AMITRIPTYLINE HYDROCHLORIDE 50 MG / PERPHENAZINE 4 MG ORAL TABLET,,AMITRIPTYLINE HYDROCHLORIDE 50 MG / PERPHENAZINE 4 MG,ORAL TABLET
856853,SCD,AMITRIPTYLINE HYDROCHLORIDE 75 MG ORAL TABLET,,AMITRIPTYLINE HYDROCHLORIDE 75 MG,ORAL TABLET
2599179,SBD,AMLODIPINE 1 MG/ML ORAL SOLUTION [NORLIQVA],NORLIQVA,AMLODIPINE 1 MG/ML,ORAL SOLUTION
2184126,SBD,AMLODIPINE 1 MG/ML ORAL SUSPENSION [KATERZIA],KATERZIA,AMLODIPINE 1 MG/ML,ORAL SUSPENSION
2726070,SBD,AMLODIPINE 10 MG POWDER FOR ORAL SOLUTION [SDAMLO],SDAMLO,AMLODIPINE 10 MG,POWDER FOR ORAL SOLUTION
308135,SCD,AMLODIPINE 10 MG ORAL TABLET,,AMLODIPINE 10 MG,ORAL TABLET
212575,SBD,AMLODIPINE 10 MG ORAL TABLET [NORVASC],NORVASC,AMLODIPINE 10 MG,ORAL TABLET
597987,SCD,AMLODIPINE 10 MG / ATORVASTATIN 10 MG ORAL TABLET,,AMLODIPINE 10 MG / ATORVASTATIN 10 MG,ORAL TABLET
750199,SBD,AMLODIPINE 10 MG / ATORVASTATIN 10 MG ORAL TABLET [CADUET],CADUET,AMLODIPINE 10 MG / ATORVASTATIN 10 MG,ORAL TABLET
597967,SCD,AMLODIPINE 10 MG / ATORVASTATIN 20 MG ORAL TABLET,,AMLODIPINE 10 MG / ATORVASTATIN 20 MG,ORAL TABLET
750203,SBD,AMLODIPINE 10 MG / ATORVASTATIN 20 MG ORAL TABLET [CADUET],CADUET,AMLODIPINE 10 MG / ATORVASTATIN 20 MG,ORAL TABLET
597990,SCD,AMLODIPINE 10 MG / ATORVASTATIN 40 MG ORAL TABLET,,AMLODIPINE 10 MG / ATORVASTATIN 40 MG,ORAL TABLET
750207,SBD,AMLODIPINE 10 MG / ATORVASTATIN 40 MG ORAL TABLET [CADUET],CADUET,AMLODIPINE 10 MG / ATORVASTATIN 40 MG,ORAL TABLET
404013,SCD,AMLODIPINE 10 MG / ATORVASTATIN 80 MG ORAL TABLET,,AMLODIPINE 10 MG / ATORVASTATIN 80 MG,ORAL TABLET
750211,SBD,AMLODIPINE 10 MG / ATORVASTATIN 80 MG ORAL TABLET [CADUET],CADUET,AMLODIPINE 10 MG / ATORVASTATIN 80 MG,ORAL TABLET
898342,SCD,AMLODIPINE 10 MG / BENAZEPRIL HYDROCHLORIDE 20 MG ORAL CAPSULE,,AMLODIPINE 10 MG / BENAZEPRIL HYDROCHLORIDE 20 MG,ORAL CAPSULE
898346,SCD,AMLODIPINE 10 MG / BENAZEPRIL HYDROCHLORIDE 40 MG ORAL CAPSULE,,AMLODIPINE 10 MG / BENAZEPRIL HYDROCHLORIDE 40 MG,ORAL CAPSULE
999990,SBD,AMLODIPINE 10 MG / HYDROCHLOROTHIAZIDE 12.5 MG / OLMESARTAN MEDOXOMIL 40 MG ORAL TABLET [TRIBENZOR],TRIBENZOR,AMLODIPINE 10 MG / HYDROCHLOROTHIAZIDE 12.5 MG / OLMESARTAN MEDOXOMIL 40 MG,ORAL TABLET
999986,SCD,AMLODIPINE 10 MG / HYDROCHLOROTHIAZIDE 12.5 MG / OLMESARTAN MEDOXOMIL 40 MG ORAL TABLET,,AMLODIPINE 10 MG / HYDROCHLOROTHIAZIDE 12.5 MG / OLMESARTAN MEDOXOMIL 40 MG,ORAL TABLET
848134,SBD,AMLODIPINE 10 MG / HYDROCHLOROTHIAZIDE 12.5 MG / VALSARTAN 160 MG ORAL TABLET [EXFORGE HCT],EXFORGE HCT,AMLODIPINE 10 MG / HYDROCHLOROTHIAZIDE 12.5 MG / VALSARTAN 160 MG,ORAL TABLET
848131,SCD,AMLODIPINE 10 MG / HYDROCHLOROTHIAZIDE 12.5 MG / VALSARTAN 160 MG ORAL TABLET,,AMLODIPINE 10 MG / HYDROCHLOROTHIAZIDE 12.5 MG / VALSARTAN 160 MG,ORAL TABLET
999995,SBD,AMLODIPINE 10 MG / HYDROCHLOROTHIAZIDE 25 MG / OLMESARTAN MEDOXOMIL 40 MG ORAL TABLET [TRIBENZOR],TRIBENZOR,AMLODIPINE 10 MG / HYDROCHLOROTHIAZIDE 25 MG / OLMESARTAN MEDOXOMIL 40 MG,ORAL TABLET
999991,SCD,AMLODIPINE 10 MG / HYDROCHLOROTHIAZIDE 25 MG / OLMESARTAN MEDOXOMIL 40 MG ORAL TABLET,,AMLODIPINE 10 MG / HYDROCHLOROTHIAZIDE 25 MG / OLMESARTAN MEDOXOMIL 40 MG,ORAL TABLET
848155,SBD,AMLODIPINE 10 MG / HYDROCHLOROTHIAZIDE 25 MG / VALSARTAN 160 MG ORAL TABLET [EXFORGE HCT],EXFORGE HCT,AMLODIPINE 10 MG / HYDROCHLOROTHIAZIDE 25 MG / VALSARTAN 160 MG,ORAL TABLET
848151,SCD,AMLODIPINE 10 MG / HYDROCHLOROTHIAZIDE 25 MG / VALSARTAN 160 MG ORAL TABLET,,AMLODIPINE 10 MG / HYDROCHLOROTHIAZIDE 25 MG / VALSARTAN 160 MG,ORAL TABLET
848139,SBD,AMLODIPINE 10 MG / HYDROCHLOROTHIAZIDE 25 MG / VALSARTAN 320 MG ORAL TABLET [EXFORGE HCT],EXFORGE HCT,AMLODIPINE 10 MG / HYDROCHLOROTHIAZIDE 25 MG / VALSARTAN 320 MG,ORAL TABLET
848135,SCD,AMLODIPINE 10 MG / HYDROCHLOROTHIAZIDE 25 MG / VALSARTAN 320 MG ORAL TABLET,,AMLODIPINE 10 MG / HYDROCHLOROTHIAZIDE 25 MG / VALSARTAN 320 MG,ORAL TABLET
730861,SCD,AMLODIPINE 10 MG / OLMESARTAN MEDOXOMIL 20 MG ORAL TABLET,,AMLODIPINE 10 MG / OLMESARTAN MEDOXOMIL 20 MG,ORAL TABLET
744624,SBD,AMLODIPINE 10 MG / OLMESARTAN MEDOXOMIL 20 MG ORAL TABLET [AZOR],AZOR,AMLODIPINE 10 MG / OLMESARTAN MEDOXOMIL 20 MG,ORAL TABLET
730866,SCD,AMLODIPINE 10 MG / OLMESARTAN MEDOXOMIL 40 MG ORAL TABLET,,AMLODIPINE 10 MG / OLMESARTAN MEDOXOMIL 40 MG,ORAL TABLET
744628,SBD,AMLODIPINE 10 MG / OLMESARTAN MEDOXOMIL 40 MG ORAL TABLET [AZOR],AZOR,AMLODIPINE 10 MG / OLMESARTAN MEDOXOMIL 40 MG,ORAL TABLET
876514,SCD,AMLODIPINE 10 MG / TELMISARTAN 40 MG ORAL TABLET,,AMLODIPINE 10 MG / TELMISARTAN 40 MG,ORAL TABLET
876519,SCD,AMLODIPINE 10 MG / TELMISARTAN 80 MG ORAL TABLET,,AMLODIPINE 10 MG / TELMISARTAN 80 MG,ORAL TABLET
724879,SBD,AMLODIPINE 10 MG / VALSARTAN 160 MG ORAL TABLET [EXFORGE],EXFORGE,AMLODIPINE 10 MG / VALSARTAN 160 MG,ORAL TABLET
722126,SCD,AMLODIPINE 10 MG / VALSARTAN 160 MG ORAL TABLET,,AMLODIPINE 10 MG / VALSARTAN 160 MG,ORAL TABLET
724887,SBD,AMLODIPINE 10 MG / VALSARTAN 320 MG ORAL TABLET [EXFORGE],EXFORGE,AMLODIPINE 10 MG / VALSARTAN 320 MG,ORAL TABLET
722131,SCD,AMLODIPINE 10 MG / VALSARTAN 320 MG ORAL TABLET,,AMLODIPINE 10 MG / VALSARTAN 320 MG,ORAL TABLET
2726064,SBD,AMLODIPINE 2.5 MG POWDER FOR ORAL SOLUTION [SDAMLO],SDAMLO,AMLODIPINE 2.5 MG,POWDER FOR ORAL SOLUTION
308136,SCD,AMLODIPINE 2.5 MG ORAL TABLET,,AMLODIPINE 2.5 MG,ORAL TABLET
212542,SBD,AMLODIPINE 2.5 MG ORAL TABLET [NORVASC],NORVASC,AMLODIPINE 2.5 MG,ORAL TABLET
597971,SCD,AMLODIPINE 2.5 MG / ATORVASTATIN 10 MG ORAL TABLET,,AMLODIPINE 2.5 MG / ATORVASTATIN 10 MG,ORAL TABLET
597974,SCD,AMLODIPINE 2.5 MG / ATORVASTATIN 20 MG ORAL TABLET,,AMLODIPINE 2.5 MG / ATORVASTATIN 20 MG,ORAL TABLET
597993,SCD,AMLODIPINE 2.5 MG / ATORVASTATIN 40 MG ORAL TABLET,,AMLODIPINE 2.5 MG / ATORVASTATIN 40 MG,ORAL TABLET
898350,SCD,AMLODIPINE 2.5 MG / BENAZEPRIL HYDROCHLORIDE 10 MG ORAL CAPSULE,,AMLODIPINE 2.5 MG / BENAZEPRIL HYDROCHLORIDE 10 MG,ORAL CAPSULE
2726067,SBD,AMLODIPINE 5 MG POWDER FOR ORAL SOLUTION [SDAMLO],SDAMLO,AMLODIPINE 5 MG,POWDER FOR ORAL SOLUTION
212549,SBD,AMLODIPINE 5 MG ORAL TABLET [NORVASC],NORVASC,AMLODIPINE 5 MG,ORAL TABLET
197361,SCD,AMLODIPINE 5 MG ORAL TABLET,,AMLODIPINE 5 MG,ORAL TABLET
750227,SBD,AMLODIPINE 5 MG / ATORVASTATIN 10 MG ORAL TABLET [CADUET],CADUET,AMLODIPINE 5 MG / ATORVASTATIN 10 MG,ORAL TABLET
597977,SCD,AMLODIPINE 5 MG / ATORVASTATIN 10 MG ORAL TABLET,,AMLODIPINE 5 MG / ATORVASTATIN 10 MG,ORAL TABLET
750231,SBD,AMLODIPINE 5 MG / ATORVASTATIN 20 MG ORAL TABLET [CADUET],CADUET,AMLODIPINE 5 MG / ATORVASTATIN 20 MG,ORAL TABLET
597980,SCD,AMLODIPINE 5 MG / ATORVASTATIN 20 MG ORAL TABLET,,AMLODIPINE 5 MG / ATORVASTATIN 20 MG,ORAL TABLET
597984,SCD,AMLODIPINE 5 MG / ATORVASTATIN 40 MG ORAL TABLET,,AMLODIPINE 5 MG / ATORVASTATIN 40 MG,ORAL TABLET
750235,SBD,AMLODIPINE 5 MG / ATORVASTATIN 40 MG ORAL TABLET [CADUET],CADUET,AMLODIPINE 5 MG / ATORVASTATIN 40 MG,ORAL TABLET
404011,SCD,AMLODIPINE 5 MG / ATORVASTATIN 80 MG ORAL TABLET,,AMLODIPINE 5 MG / ATORVASTATIN 80 MG,ORAL TABLET
750239,SBD,AMLODIPINE 5 MG / ATORVASTATIN 80 MG ORAL TABLET [CADUET],CADUET,AMLODIPINE 5 MG / ATORVASTATIN 80 MG,ORAL TABLET
898353,SCD,AMLODIPINE 5 MG / BENAZEPRIL HYDROCHLORIDE 10 MG ORAL CAPSULE,,AMLODIPINE 5 MG / BENAZEPRIL HYDROCHLORIDE 10 MG,ORAL CAPSULE
898356,SCD,AMLODIPINE 5 MG / BENAZEPRIL HYDROCHLORIDE 20 MG ORAL CAPSULE,,AMLODIPINE 5 MG / BENAZEPRIL HYDROCHLORIDE 20 MG,ORAL CAPSULE
898359,SCD,AMLODIPINE 5 MG / BENAZEPRIL HYDROCHLORIDE 40 MG ORAL CAPSULE,,AMLODIPINE 5 MG / BENAZEPRIL HYDROCHLORIDE 40 MG,ORAL CAPSULE
999971,SBD,AMLODIPINE 5 MG / HYDROCHLOROTHIAZIDE 12.5 MG / OLMESARTAN MEDOXOMIL 20 MG ORAL TABLET [TRIBENZOR],TRIBENZOR,AMLODIPINE 5 MG / HYDROCHLOROTHIAZIDE 12.5 MG / OLMESARTAN MEDOXOMIL 20 MG,ORAL TABLET
999967,SCD,AMLODIPINE 5 MG / HYDROCHLOROTHIAZIDE 12.5 MG / OLMESARTAN MEDOXOMIL 20 MG ORAL TABLET,,AMLODIPINE 5 MG / HYDROCHLOROTHIAZIDE 12.5 MG / OLMESARTAN MEDOXOMIL 20 MG,ORAL TABLET
999996,SCD,AMLODIPINE 5 MG / HYDROCHLOROTHIAZIDE 12.5 MG / OLMESARTAN MEDOXOMIL 40 MG ORAL TABLET,,AMLODIPINE 5 MG / HYDROCHLOROTHIAZIDE 12.5 MG / OLMESARTAN MEDOXOMIL 40 MG,ORAL TABLET
1000000,SBD,AMLODIPINE 5 MG / HYDROCHLOROTHIAZIDE 12.5 MG / OLMESARTAN MEDOXOMIL 40 MG ORAL TABLET [TRIBENZOR],TRIBENZOR,AMLODIPINE 5 MG / HYDROCHLOROTHIAZIDE 12.5 MG / OLMESARTAN MEDOXOMIL 40 MG,ORAL TABLET
848144,SBD,AMLODIPINE 5 MG / HYDROCHLOROTHIAZIDE 12.5 MG / VALSARTAN 160 MG ORAL TABLET [EXFORGE HCT],EXFORGE HCT,AMLODIPINE 5 MG / HYDROCHLOROTHIAZIDE 12.5 MG / VALSARTAN 160 MG,ORAL TABLET
848140,SCD,AMLODIPINE 5 MG / HYDROCHLOROTHIAZIDE 12.5 MG / VALSARTAN 160 MG ORAL TABLET,,AMLODIPINE 5 MG / HYDROCHLOROTHIAZIDE 12.5 MG / VALSARTAN 160 MG,ORAL TABLET
1000001,SCD,AMLODIPINE 5 MG / HYDROCHLOROTHIAZIDE 25 MG / OLMESARTAN MEDOXOMIL 40 MG ORAL TABLET,,AMLODIPINE 5 MG / HYDROCHLOROTHIAZIDE 25 MG / OLMESARTAN MEDOXOMIL 40 MG,ORAL TABLET
1000005,SBD,AMLODIPINE 5 MG / HYDROCHLOROTHIAZIDE 25 MG / OLMESARTAN MEDOXOMIL 40 MG ORAL TABLET [TRIBENZOR],TRIBENZOR,AMLODIPINE 5 MG / HYDROCHLOROTHIAZIDE 25 MG / OLMESARTAN MEDOXOMIL 40 MG,ORAL TABLET
848149,SBD,AMLODIPINE 5 MG / HYDROCHLOROTHIAZIDE 25 MG / VALSARTAN 160 MG ORAL TABLET [EXFORGE HCT],EXFORGE HCT,AMLODIPINE 5 MG / HYDROCHLOROTHIAZIDE 25 MG / VALSARTAN 160 MG,ORAL TABLET
848145,SCD,AMLODIPINE 5 MG / HYDROCHLOROTHIAZIDE 25 MG / VALSARTAN 160 MG ORAL TABLET,,AMLODIPINE 5 MG / HYDROCHLOROTHIAZIDE 25 MG / VALSARTAN 160 MG,ORAL TABLET
730869,SCD,AMLODIPINE 5 MG / OLMESARTAN MEDOXOMIL 20 MG ORAL TABLET,,AMLODIPINE 5 MG / OLMESARTAN MEDOXOMIL 20 MG,ORAL TABLET
744632,SBD,AMLODIPINE 5 MG / OLMESARTAN MEDOXOMIL 20 MG ORAL TABLET [AZOR],AZOR,AMLODIPINE 5 MG / OLMESARTAN MEDOXOMIL 20 MG,ORAL TABLET
744636,SBD,AMLODIPINE 5 MG / OLMESARTAN MEDOXOMIL 40 MG ORAL TABLET [AZOR],AZOR,AMLODIPINE 5 MG / OLMESARTAN MEDOXOMIL 40 MG,ORAL TABLET
730872,SCD,AMLODIPINE 5 MG / OLMESARTAN MEDOXOMIL 40 MG ORAL TABLET,,AMLODIPINE 5 MG / OLMESARTAN MEDOXOMIL 40 MG,ORAL TABLET
876524,SCD,AMLODIPINE 5 MG / TELMISARTAN 40 MG ORAL TABLET,,AMLODIPINE 5 MG / TELMISARTAN 40 MG,ORAL TABLET
876529,SCD,AMLODIPINE 5 MG / TELMISARTAN 80 MG ORAL TABLET,,AMLODIPINE 5 MG / TELMISARTAN 80 MG,ORAL TABLET
724891,SBD,AMLODIPINE 5 MG / VALSARTAN 160 MG ORAL TABLET [EXFORGE],EXFORGE,AMLODIPINE 5 MG / VALSARTAN 160 MG,ORAL TABLET
722134,SCD,AMLODIPINE 5 MG / VALSARTAN 160 MG ORAL TABLET,,AMLODIPINE 5 MG / VALSARTAN 160 MG,ORAL TABLET
722137,SCD,AMLODIPINE 5 MG / VALSARTAN 320 MG ORAL TABLET,,AMLODIPINE 5 MG / VALSARTAN 320 MG,ORAL TABLET
724895,SBD,AMLODIPINE 5 MG / VALSARTAN 320 MG ORAL TABLET [EXFORGE],EXFORGE,AMLODIPINE 5 MG / VALSARTAN 320 MG,ORAL TABLET
197362,SCD,AMMONIUM LACTATE 120 MG/ML TOPICAL LOTION,,AMMONIUM LACTATE 120 MG/ML,TOPICAL LOTION
543460,SCD,AMMONIUM LACTATE 120 MG/ML TOPICAL CREAM,,AMMONIUM LACTATE 120 MG/ML,TOPICAL CREAM
197363,SCD,AMOXAPINE 100 MG ORAL TABLET,,AMOXAPINE 100 MG,ORAL TABLET
197364,SCD,AMOXAPINE 150 MG ORAL TABLET,,AMOXAPINE 150 MG,ORAL TABLET
197365,SCD,AMOXAPINE 25 MG ORAL TABLET,,AMOXAPINE 25 MG,ORAL TABLET
197366,SCD,AMOXAPINE 50 MG ORAL TABLET,,AMOXAPINE 50 MG,ORAL TABLET
617995,SCD,12 HR AMOXICILLIN 1000 MG / CLAVULANATE 62.5 MG EXTENDED RELEASE ORAL TABLET,,AMOXICILLIN 1000 MG / CLAVULANATE 62.5 MG,EXTENDED RELEASE ORAL TABLET
618028,SBD,AMOXICILLIN 120 MG/ML / CLAVULANATE 8.58 MG/ML ORAL SUSPENSION [AUGMENTIN],AUGMENTIN,AMOXICILLIN 120 MG/ML / CLAVULANATE 8.58 MG/ML,ORAL SUSPENSION
617993,SCD,AMOXICILLIN 120 MG/ML / CLAVULANATE 8.58 MG/ML ORAL SUSPENSION,,AMOXICILLIN 120 MG/ML / CLAVULANATE 8.58 MG/ML,ORAL SUSPENSION
308177,SCD,AMOXICILLIN 125 MG CHEWABLE TABLET,,AMOXICILLIN 125 MG,CHEWABLE TABLET
313797,SCD,AMOXICILLIN 25 MG/ML ORAL SUSPENSION,,AMOXICILLIN 25 MG/ML,ORAL SUSPENSION
617333,SBD,AMOXICILLIN 25 MG/ML / CLAVULANATE 6.25 MG/ML ORAL SUSPENSION [AUGMENTIN],AUGMENTIN,AMOXICILLIN 25 MG/ML / CLAVULANATE 6.25 MG/ML,ORAL SUSPENSION
598025,SCD,AMOXICILLIN 250 MG CHEWABLE TABLET,,AMOXICILLIN 250 MG,CHEWABLE TABLET
308182,SCD,AMOXICILLIN 250 MG ORAL CAPSULE,,AMOXICILLIN 250 MG,ORAL CAPSULE
562251,SCD,AMOXICILLIN 250 MG / CLAVULANATE 125 MG ORAL TABLET,,AMOXICILLIN 250 MG / CLAVULANATE 125 MG,ORAL TABLET
2262032,SBD,AMOXICILLIN 250 MG / OMEPRAZOLE 10 MG / RIFABUTIN 12.5 MG DELAYED RELEASE ORAL CAPSULE [TALICIA],TALICIA,AMOXICILLIN 250 MG / OMEPRAZOLE 10 MG / RIFABUTIN 12.5 MG,DELAYED RELEASE ORAL CAPSULE
313850,SCD,AMOXICILLIN 40 MG/ML ORAL SUSPENSION,,AMOXICILLIN 40 MG/ML,ORAL SUSPENSION
617423,SCD,AMOXICILLIN 40 MG/ML / CLAVULANATE 5.7 MG/ML ORAL SUSPENSION,,AMOXICILLIN 40 MG/ML / CLAVULANATE 5.7 MG/ML,ORAL SUSPENSION
239191,SCD,AMOXICILLIN 50 MG/ML ORAL SUSPENSION,,AMOXICILLIN 50 MG/ML,ORAL SUSPENSION
617322,SCD,AMOXICILLIN 50 MG/ML / CLAVULANATE 12.5 MG/ML ORAL SUSPENSION,,AMOXICILLIN 50 MG/ML / CLAVULANATE 12.5 MG/ML,ORAL SUSPENSION
308192,SCD,AMOXICILLIN 500 MG ORAL TABLET,,AMOXICILLIN 500 MG,ORAL TABLET
308191,SCD,AMOXICILLIN 500 MG ORAL CAPSULE,,AMOXICILLIN 500 MG,ORAL CAPSULE
757968,GPCK,{4 (AMOXICILLIN 500 MG ORAL CAPSULE) / 2 (CLARITHROMYCIN 500 MG ORAL TABLET) / 2 (LANSOPRAZOLE 30 MG DELAYED RELEASE ORAL CAPSULE) } PACK,,AMOXICILLIN 500 MG / CLARITHROMYCIN 500 MG / LANSOPRAZOLE 30 MG,PACK
2604804,BPCK,{56 (AMOXICILLIN 500 MG ORAL CAPSULE) / 28 (CLARITHROMYCIN 500 MG ORAL TABLET) / 28 (VONOPRAZAN 20 MG ORAL TABLET) } PACK [VOQUEZNA 14 DAY TRIPLEPAK 20;500;500],VOQUEZNA 14 DAY TRIPLEPAK 20;500;500,AMOXICILLIN 500 MG / CLARITHROMYCIN 500 MG / VONOPRAZAN 20 MG,PACK
617296,SCD,AMOXICILLIN 500 MG / CLAVULANATE 125 MG ORAL TABLET,,AMOXICILLIN 500 MG / CLAVULANATE 125 MG,ORAL TABLET
2604802,BPCK,{84 (AMOXICILLIN 500 MG ORAL CAPSULE) / 28 (VONOPRAZAN 20 MG ORAL TABLET) } PACK [VOQUEZNA 14 DAY DUALPAK 20;500],VOQUEZNA 14 DAY DUALPAK 20;500,AMOXICILLIN 500 MG / VONOPRAZAN 20 MG,PACK
308189,SCD,AMOXICILLIN 80 MG/ML ORAL SUSPENSION,,AMOXICILLIN 80 MG/ML,ORAL SUSPENSION
617430,SCD,AMOXICILLIN 80 MG/ML / CLAVULANATE 11.4 MG/ML ORAL SUSPENSION,,AMOXICILLIN 80 MG/ML / CLAVULANATE 11.4 MG/ML,ORAL SUSPENSION
308194,SCD,AMOXICILLIN 875 MG ORAL TABLET,,AMOXICILLIN 875 MG,ORAL TABLET
562508,SCD,AMOXICILLIN 875 MG / CLAVULANATE 125 MG ORAL TABLET,,AMOXICILLIN 875 MG / CLAVULANATE 125 MG,ORAL TABLET
2585461,SBD,24 HR AMPHETAMINE 10 MG EXTENDED RELEASE ORAL TABLET [DYANAVEL],DYANAVEL,AMPHETAMINE 10 MG,EXTENDED RELEASE ORAL TABLET
1739809,SBD,24 HR AMPHETAMINE 12.5 MG EXTENDED RELEASE ORAL TABLET [ADZENYS],ADZENYS,AMPHETAMINE 12.5 MG,EXTENDED RELEASE ORAL TABLET
1739803,SCD,24 HR AMPHETAMINE 12.5 MG EXTENDED RELEASE ORAL TABLET,,AMPHETAMINE 12.5 MG,EXTENDED RELEASE ORAL TABLET
2585465,SBD,24 HR AMPHETAMINE 15 MG EXTENDED RELEASE ORAL TABLET [DYANAVEL],DYANAVEL,AMPHETAMINE 15 MG,EXTENDED RELEASE ORAL TABLET
1739815,SBD,24 HR AMPHETAMINE 15.7 MG EXTENDED RELEASE ORAL TABLET [ADZENYS],ADZENYS,AMPHETAMINE 15.7 MG,EXTENDED RELEASE ORAL TABLET
1739813,SCD,24 HR AMPHETAMINE 15.7 MG EXTENDED RELEASE ORAL TABLET,,AMPHETAMINE 15.7 MG,EXTENDED RELEASE ORAL TABLET
1739821,SBD,24 HR AMPHETAMINE 18.8 MG EXTENDED RELEASE ORAL TABLET [ADZENYS],ADZENYS,AMPHETAMINE 18.8 MG,EXTENDED RELEASE ORAL TABLET
1739819,SCD,24 HR AMPHETAMINE 18.8 MG EXTENDED RELEASE ORAL TABLET,,AMPHETAMINE 18.8 MG,EXTENDED RELEASE ORAL TABLET
1720592,SBD,24 HR AMPHETAMINE 2.5 MG/ML EXTENDED RELEASE SUSPENSION [DYANAVEL],DYANAVEL,AMPHETAMINE 2.5 MG/ML,EXTENDED RELEASE SUSPENSION
2585471,SBD,24 HR AMPHETAMINE 20 MG EXTENDED RELEASE ORAL TABLET [DYANAVEL],DYANAVEL,AMPHETAMINE 20 MG,EXTENDED RELEASE ORAL TABLET
1739825,SCD,24 HR AMPHETAMINE 3.1 MG EXTENDED RELEASE ORAL TABLET,,AMPHETAMINE 3.1 MG,EXTENDED RELEASE ORAL TABLET
1739827,SBD,24 HR AMPHETAMINE 3.1 MG EXTENDED RELEASE ORAL TABLET [ADZENYS],ADZENYS,AMPHETAMINE 3.1 MG,EXTENDED RELEASE ORAL TABLET
2585476,SBD,24 HR AMPHETAMINE 5 MG EXTENDED RELEASE ORAL TABLET [DYANAVEL],DYANAVEL,AMPHETAMINE 5 MG,EXTENDED RELEASE ORAL TABLET
1739833,SBD,24 HR AMPHETAMINE 6.3 MG EXTENDED RELEASE ORAL TABLET [ADZENYS],ADZENYS,AMPHETAMINE 6.3 MG,EXTENDED RELEASE ORAL TABLET
1739831,SCD,24 HR AMPHETAMINE 6.3 MG EXTENDED RELEASE ORAL TABLET,,AMPHETAMINE 6.3 MG,EXTENDED RELEASE ORAL TABLET
1739839,SBD,24 HR AMPHETAMINE 9.4 MG EXTENDED RELEASE ORAL TABLET [ADZENYS],ADZENYS,AMPHETAMINE 9.4 MG,EXTENDED RELEASE ORAL TABLET
1739837,SCD,24 HR AMPHETAMINE 9.4 MG EXTENDED RELEASE ORAL TABLET,,AMPHETAMINE 9.4 MG,EXTENDED RELEASE ORAL TABLET
861238,SBD,24 HR AMPHETAMINE ASPARTATE 1.25 MG / AMPHETAMINE SULFATE 1.25 MG / DEXTROAMPHETAMINE SACCHARATE 1.25 MG / DEXTROAMPHETAMINE SULFATE 1.25 MG EXTENDED RELEASE ORAL CAPSULE [ADDERALL],ADDERALL,AMPHETAMINE ASPARTATE 1.25 MG / AMPHETAMINE SULFATE 1.25 MG / DEXTROAMPHETAMINE SACCHARATE 1.25 MG / DEXTROAMPHETAMINE SULFATE 1.25 MG,EXTENDED RELEASE ORAL CAPSULE
861237,SCD,24 HR AMPHETAMINE ASPARTATE 1.25 MG / AMPHETAMINE SULFATE 1.25 MG / DEXTROAMPHETAMINE SACCHARATE 1.25 MG / DEXTROAMPHETAMINE SULFATE 1.25 MG EXTENDED RELEASE ORAL CAPSULE,,AMPHETAMINE ASPARTATE 1.25 MG / AMPHETAMINE SULFATE 1.25 MG / DEXTROAMPHETAMINE SACCHARATE 1.25 MG / DEXTROAMPHETAMINE SULFATE 1.25 MG,EXTENDED RELEASE ORAL CAPSULE
541878,SCD,AMPHETAMINE ASPARTATE 1.25 MG / AMPHETAMINE SULFATE 1.25 MG / DEXTROAMPHETAMINE SACCHARATE 1.25 MG / DEXTROAMPHETAMINE SULFATE 1.25 MG ORAL TABLET,,AMPHETAMINE ASPARTATE 1.25 MG / AMPHETAMINE SULFATE 1.25 MG / DEXTROAMPHETAMINE SACCHARATE 1.25 MG / DEXTROAMPHETAMINE SULFATE 1.25 MG,ORAL TABLET
541879,SBD,AMPHETAMINE ASPARTATE 1.25 MG / AMPHETAMINE SULFATE 1.25 MG / DEXTROAMPHETAMINE SACCHARATE 1.25 MG / DEXTROAMPHETAMINE SULFATE 1.25 MG ORAL TABLET [ADDERALL],ADDERALL,AMPHETAMINE ASPARTATE 1.25 MG / AMPHETAMINE SULFATE 1.25 MG / DEXTROAMPHETAMINE SACCHARATE 1.25 MG / DEXTROAMPHETAMINE SULFATE 1.25 MG,ORAL TABLET
1009147,SBD,AMPHETAMINE ASPARTATE 1.875 MG / AMPHETAMINE SULFATE 1.875 MG / DEXTROAMPHETAMINE SACCHARATE 1.875 MG / DEXTROAMPHETAMINE SULFATE 1.875 MG ORAL TABLET [ADDERALL],ADDERALL,AMPHETAMINE ASPARTATE 1.875 MG / AMPHETAMINE SULFATE 1.875 MG / DEXTROAMPHETAMINE SACCHARATE 1.875 MG / DEXTROAMPHETAMINE SULFATE 1.875 MG,ORAL TABLET
1009145,SCD,AMPHETAMINE ASPARTATE 1.875 MG / AMPHETAMINE SULFATE 1.875 MG / DEXTROAMPHETAMINE SACCHARATE 1.875 MG / DEXTROAMPHETAMINE SULFATE 1.875 MG ORAL TABLET,,AMPHETAMINE ASPARTATE 1.875 MG / AMPHETAMINE SULFATE 1.875 MG / DEXTROAMPHETAMINE SACCHARATE 1.875 MG / DEXTROAMPHETAMINE SULFATE 1.875 MG,ORAL TABLET
1927616,SBD,3-BEAD 24 HR AMPHETAMINE ASPARTATE 12.5 MG / AMPHETAMINE SULFATE 12.5 MG / DEXTROAMPHETAMINE SACCHARATE 12.5 MG / DEXTROAMPHETAMINE SULFATE 12.5 MG EXTENDED RELEASE ORAL CAPSULE [MYDAYIS],MYDAYIS,AMPHETAMINE ASPARTATE 12.5 MG / AMPHETAMINE SULFATE 12.5 MG / DEXTROAMPHETAMINE SACCHARATE 12.5 MG / DEXTROAMPHETAMINE SULFATE 12.5 MG,EXTENDED RELEASE ORAL CAPSULE
1927610,SCD,3-BEAD 24 HR AMPHETAMINE ASPARTATE 12.5 MG / AMPHETAMINE SULFATE 12.5 MG / DEXTROAMPHETAMINE SACCHARATE 12.5 MG / DEXTROAMPHETAMINE SULFATE 12.5 MG EXTENDED RELEASE ORAL CAPSULE,,AMPHETAMINE ASPARTATE 12.5 MG / AMPHETAMINE SULFATE 12.5 MG / DEXTROAMPHETAMINE SACCHARATE 12.5 MG / DEXTROAMPHETAMINE SULFATE 12.5 MG,EXTENDED RELEASE ORAL CAPSULE
541892,SCD,AMPHETAMINE ASPARTATE 2.5 MG / AMPHETAMINE SULFATE 2.5 MG / DEXTROAMPHETAMINE SACCHARATE 2.5 MG / DEXTROAMPHETAMINE SULFATE 2.5 MG ORAL TABLET,,AMPHETAMINE ASPARTATE 2.5 MG / AMPHETAMINE SULFATE 2.5 MG / DEXTROAMPHETAMINE SACCHARATE 2.5 MG / DEXTROAMPHETAMINE SULFATE 2.5 MG,ORAL TABLET
861222,SBD,24 HR AMPHETAMINE ASPARTATE 2.5 MG / AMPHETAMINE SULFATE 2.5 MG / DEXTROAMPHETAMINE SACCHARATE 2.5 MG / DEXTROAMPHETAMINE SULFATE 2.5 MG EXTENDED RELEASE ORAL CAPSULE [ADDERALL],ADDERALL,AMPHETAMINE ASPARTATE 2.5 MG / AMPHETAMINE SULFATE 2.5 MG / DEXTROAMPHETAMINE SACCHARATE 2.5 MG / DEXTROAMPHETAMINE SULFATE 2.5 MG,EXTENDED RELEASE ORAL CAPSULE
861221,SCD,24 HR AMPHETAMINE ASPARTATE 2.5 MG / AMPHETAMINE SULFATE 2.5 MG / DEXTROAMPHETAMINE SACCHARATE 2.5 MG / DEXTROAMPHETAMINE SULFATE 2.5 MG EXTENDED RELEASE ORAL CAPSULE,,AMPHETAMINE ASPARTATE 2.5 MG / AMPHETAMINE SULFATE 2.5 MG / DEXTROAMPHETAMINE SACCHARATE 2.5 MG / DEXTROAMPHETAMINE SULFATE 2.5 MG,EXTENDED RELEASE ORAL CAPSULE
687043,SCD,AMPHETAMINE ASPARTATE 3.125 MG / AMPHETAMINE SULFATE 3.125 MG / DEXTROAMPHETAMINE SACCHARATE 3.125 MG / DEXTROAMPHETAMINE SULFATE 3.125 MG ORAL TABLET,,AMPHETAMINE ASPARTATE 3.125 MG / AMPHETAMINE SULFATE 3.125 MG / DEXTROAMPHETAMINE SACCHARATE 3.125 MG / DEXTROAMPHETAMINE SULFATE 3.125 MG,ORAL TABLET
1927630,SCD,3-BEAD 24 HR AMPHETAMINE ASPARTATE 3.125 MG / AMPHETAMINE SULFATE 3.125 MG / DEXTROAMPHETAMINE SACCHARATE 3.125 MG / DEXTROAMPHETAMINE SULFATE 3.125 MG EXTENDED RELEASE ORAL CAPSULE,,AMPHETAMINE ASPARTATE 3.125 MG / AMPHETAMINE SULFATE 3.125 MG / DEXTROAMPHETAMINE SACCHARATE 3.125 MG / DEXTROAMPHETAMINE SULFATE 3.125 MG,EXTENDED RELEASE ORAL CAPSULE
1927632,SBD,3-BEAD 24 HR AMPHETAMINE ASPARTATE 3.125 MG / AMPHETAMINE SULFATE 3.125 MG / DEXTROAMPHETAMINE SACCHARATE 3.125 MG / DEXTROAMPHETAMINE SULFATE 3.125 MG EXTENDED RELEASE ORAL CAPSULE [MYDAYIS],MYDAYIS,AMPHETAMINE ASPARTATE 3.125 MG / AMPHETAMINE SULFATE 3.125 MG / DEXTROAMPHETAMINE SACCHARATE 3.125 MG / DEXTROAMPHETAMINE SULFATE 3.125 MG,EXTENDED RELEASE ORAL CAPSULE
577957,SCD,AMPHETAMINE ASPARTATE 3.75 MG / AMPHETAMINE SULFATE 3.75 MG / DEXTROAMPHETAMINE SACCHARATE 3.75 MG / DEXTROAMPHETAMINE SULFATE 3.75 MG ORAL TABLET,,AMPHETAMINE ASPARTATE 3.75 MG / AMPHETAMINE SULFATE 3.75 MG / DEXTROAMPHETAMINE SACCHARATE 3.75 MG / DEXTROAMPHETAMINE SULFATE 3.75 MG,ORAL TABLET
861224,SBD,24 HR AMPHETAMINE ASPARTATE 3.75 MG / AMPHETAMINE SULFATE 3.75 MG / DEXTROAMPHETAMINE SACCHARATE 3.75 MG / DEXTROAMPHETAMINE SULFATE 3.75 MG EXTENDED RELEASE ORAL CAPSULE [ADDERALL],ADDERALL,AMPHETAMINE ASPARTATE 3.75 MG / AMPHETAMINE SULFATE 3.75 MG / DEXTROAMPHETAMINE SACCHARATE 3.75 MG / DEXTROAMPHETAMINE SULFATE 3.75 MG,EXTENDED RELEASE ORAL CAPSULE
861223,SCD,24 HR AMPHETAMINE ASPARTATE 3.75 MG / AMPHETAMINE SULFATE 3.75 MG / DEXTROAMPHETAMINE SACCHARATE 3.75 MG / DEXTROAMPHETAMINE SULFATE 3.75 MG EXTENDED RELEASE ORAL CAPSULE,,AMPHETAMINE ASPARTATE 3.75 MG / AMPHETAMINE SULFATE 3.75 MG / DEXTROAMPHETAMINE SACCHARATE 3.75 MG / DEXTROAMPHETAMINE SULFATE 3.75 MG,EXTENDED RELEASE ORAL CAPSULE
861226,SBD,24 HR AMPHETAMINE ASPARTATE 5 MG / AMPHETAMINE SULFATE 5 MG / DEXTROAMPHETAMINE SACCHARATE 5 MG / DEXTROAMPHETAMINE SULFATE 5 MG EXTENDED RELEASE ORAL CAPSULE [ADDERALL],ADDERALL,AMPHETAMINE ASPARTATE 5 MG / AMPHETAMINE SULFATE 5 MG / DEXTROAMPHETAMINE SACCHARATE 5 MG / DEXTROAMPHETAMINE SULFATE 5 MG,EXTENDED RELEASE ORAL CAPSULE
861225,SCD,24 HR AMPHETAMINE ASPARTATE 5 MG / AMPHETAMINE SULFATE 5 MG / DEXTROAMPHETAMINE SACCHARATE 5 MG / DEXTROAMPHETAMINE SULFATE 5 MG EXTENDED RELEASE ORAL CAPSULE,,AMPHETAMINE ASPARTATE 5 MG / AMPHETAMINE SULFATE 5 MG / DEXTROAMPHETAMINE SACCHARATE 5 MG / DEXTROAMPHETAMINE SULFATE 5 MG,EXTENDED RELEASE ORAL CAPSULE
577962,SBD,AMPHETAMINE ASPARTATE 5 MG / AMPHETAMINE SULFATE 5 MG / DEXTROAMPHETAMINE SACCHARATE 5 MG / DEXTROAMPHETAMINE SULFATE 5 MG ORAL TABLET [ADDERALL],ADDERALL,AMPHETAMINE ASPARTATE 5 MG / AMPHETAMINE SULFATE 5 MG / DEXTROAMPHETAMINE SACCHARATE 5 MG / DEXTROAMPHETAMINE SULFATE 5 MG,ORAL TABLET
577961,SCD,AMPHETAMINE ASPARTATE 5 MG / AMPHETAMINE SULFATE 5 MG / DEXTROAMPHETAMINE SACCHARATE 5 MG / DEXTROAMPHETAMINE SULFATE 5 MG ORAL TABLET,,AMPHETAMINE ASPARTATE 5 MG / AMPHETAMINE SULFATE 5 MG / DEXTROAMPHETAMINE SACCHARATE 5 MG / DEXTROAMPHETAMINE SULFATE 5 MG,ORAL TABLET
1927617,SCD,3-BEAD 24 HR AMPHETAMINE ASPARTATE 6.25 MG / AMPHETAMINE SULFATE 6.25 MG / DEXTROAMPHETAMINE SACCHARATE 6.25 MG / DEXTROAMPHETAMINE SULFATE 6.25 MG EXTENDED RELEASE ORAL CAPSULE,,AMPHETAMINE ASPARTATE 6.25 MG / AMPHETAMINE SULFATE 6.25 MG / DEXTROAMPHETAMINE SACCHARATE 6.25 MG / DEXTROAMPHETAMINE SULFATE 6.25 MG,EXTENDED RELEASE ORAL CAPSULE
861228,SBD,24 HR AMPHETAMINE ASPARTATE 6.25 MG / AMPHETAMINE SULFATE 6.25 MG / DEXTROAMPHETAMINE SACCHARATE 6.25 MG / DEXTROAMPHETAMINE SULFATE 6.25 MG EXTENDED RELEASE ORAL CAPSULE [ADDERALL],ADDERALL,AMPHETAMINE ASPARTATE 6.25 MG / AMPHETAMINE SULFATE 6.25 MG / DEXTROAMPHETAMINE SACCHARATE 6.25 MG / DEXTROAMPHETAMINE SULFATE 6.25 MG,EXTENDED RELEASE ORAL CAPSULE
861227,SCD,24 HR AMPHETAMINE ASPARTATE 6.25 MG / AMPHETAMINE SULFATE 6.25 MG / DEXTROAMPHETAMINE SACCHARATE 6.25 MG / DEXTROAMPHETAMINE SULFATE 6.25 MG EXTENDED RELEASE ORAL CAPSULE,,AMPHETAMINE ASPARTATE 6.25 MG / AMPHETAMINE SULFATE 6.25 MG / DEXTROAMPHETAMINE SACCHARATE 6.25 MG / DEXTROAMPHETAMINE SULFATE 6.25 MG,EXTENDED RELEASE ORAL CAPSULE
1927619,SBD,3-BEAD 24 HR AMPHETAMINE ASPARTATE 6.25 MG / AMPHETAMINE SULFATE 6.25 MG / DEXTROAMPHETAMINE SACCHARATE 6.25 MG / DEXTROAMPHETAMINE SULFATE 6.25 MG EXTENDED RELEASE ORAL CAPSULE [MYDAYIS],MYDAYIS,AMPHETAMINE ASPARTATE 6.25 MG / AMPHETAMINE SULFATE 6.25 MG / DEXTROAMPHETAMINE SACCHARATE 6.25 MG / DEXTROAMPHETAMINE SULFATE 6.25 MG,EXTENDED RELEASE ORAL CAPSULE
861233,SBD,24 HR AMPHETAMINE ASPARTATE 7.5 MG / AMPHETAMINE SULFATE 7.5 MG / DEXTROAMPHETAMINE SACCHARATE 7.5 MG / DEXTROAMPHETAMINE SULFATE 7.5 MG EXTENDED RELEASE ORAL CAPSULE [ADDERALL],ADDERALL,AMPHETAMINE ASPARTATE 7.5 MG / AMPHETAMINE SULFATE 7.5 MG / DEXTROAMPHETAMINE SACCHARATE 7.5 MG / DEXTROAMPHETAMINE SULFATE 7.5 MG,EXTENDED RELEASE ORAL CAPSULE
861232,SCD,24 HR AMPHETAMINE ASPARTATE 7.5 MG / AMPHETAMINE SULFATE 7.5 MG / DEXTROAMPHETAMINE SACCHARATE 7.5 MG / DEXTROAMPHETAMINE SULFATE 7.5 MG EXTENDED RELEASE ORAL CAPSULE,,AMPHETAMINE ASPARTATE 7.5 MG / AMPHETAMINE SULFATE 7.5 MG / DEXTROAMPHETAMINE SACCHARATE 7.5 MG / DEXTROAMPHETAMINE SULFATE 7.5 MG,EXTENDED RELEASE ORAL CAPSULE
541363,SCD,AMPHETAMINE ASPARTATE 7.5 MG / AMPHETAMINE SULFATE 7.5 MG / DEXTROAMPHETAMINE SACCHARATE 7.5 MG / DEXTROAMPHETAMINE SULFATE 7.5 MG ORAL TABLET,,AMPHETAMINE ASPARTATE 7.5 MG / AMPHETAMINE SULFATE 7.5 MG / DEXTROAMPHETAMINE SACCHARATE 7.5 MG / DEXTROAMPHETAMINE SULFATE 7.5 MG,ORAL TABLET
1927637,SCD,3-BEAD 24 HR AMPHETAMINE ASPARTATE 9.375 MG / AMPHETAMINE SULFATE 9.375 MG / DEXTROAMPHETAMINE SACCHARATE 9.375 MG / DEXTROAMPHETAMINE SULFATE 9.375 MG EXTENDED RELEASE ORAL CAPSULE,,AMPHETAMINE ASPARTATE 9.375 MG / AMPHETAMINE SULFATE 9.375 MG / DEXTROAMPHETAMINE SACCHARATE 9.375 MG / DEXTROAMPHETAMINE SULFATE 9.375 MG,EXTENDED RELEASE ORAL CAPSULE
1927639,SBD,3-BEAD 24 HR AMPHETAMINE ASPARTATE 9.375 MG / AMPHETAMINE SULFATE 9.375 MG / DEXTROAMPHETAMINE SACCHARATE 9.375 MG / DEXTROAMPHETAMINE SULFATE 9.375 MG EXTENDED RELEASE ORAL CAPSULE [MYDAYIS],MYDAYIS,AMPHETAMINE ASPARTATE 9.375 MG / AMPHETAMINE SULFATE 9.375 MG / DEXTROAMPHETAMINE SACCHARATE 9.375 MG / DEXTROAMPHETAMINE SULFATE 9.375 MG,EXTENDED RELEASE ORAL CAPSULE
1600698,SBD,AMPHETAMINE SULFATE 10 MG ORAL TABLET [EVEKEO],EVEKEO,AMPHETAMINE SULFATE 10 MG,ORAL TABLET
1600695,SCD,AMPHETAMINE SULFATE 10 MG ORAL TABLET,,AMPHETAMINE SULFATE 10 MG,ORAL TABLET
1600700,SBD,AMPHETAMINE SULFATE 5 MG ORAL TABLET [EVEKEO],EVEKEO,AMPHETAMINE SULFATE 5 MG,ORAL TABLET
884655,SCD,AMPHETAMINE SULFATE 5 MG ORAL TABLET,,AMPHETAMINE SULFATE 5 MG,ORAL TABLET
239240,SCD,AMPHOTERICIN B 50 MG INJECTION,,AMPHOTERICIN B 50 MG,INJECTION
967385,SCD,AMPHOTERICIN B LIPOSOMAL 50 MG INJECTION,,AMPHOTERICIN B LIPOSOMAL 50 MG,INJECTION
967388,SBD,AMPHOTERICIN B LIPOSOMAL 50 MG INJECTION [AMBISOME],AMBISOME,AMPHOTERICIN B LIPOSOMAL 50 MG,INJECTION
789980,SCD,AMPICILLIN 100 MG/ML INJECTABLE SOLUTION,,AMPICILLIN 100 MG/ML,INJECTABLE SOLUTION
240984,SCD,AMPICILLIN 100 MG/ML / SULBACTAM 50 MG/ML INJECTABLE SOLUTION,,AMPICILLIN 100 MG/ML / SULBACTAM 50 MG/ML,INJECTABLE SOLUTION
205843,SBD,AMPICILLIN 100 MG/ML / SULBACTAM 50 MG/ML INJECTABLE SOLUTION [UNASYN],UNASYN,AMPICILLIN 100 MG/ML / SULBACTAM 50 MG/ML,INJECTABLE SOLUTION
1721475,SCD,AMPICILLIN 1000 MG INJECTION,,AMPICILLIN 1000 MG,INJECTION
1659592,SCD,AMPICILLIN 1000 MG / SULBACTAM 500 MG INJECTION,,AMPICILLIN 1000 MG / SULBACTAM 500 MG,INJECTION
1721476,SCD,AMPICILLIN 2000 MG INJECTION,,AMPICILLIN 2000 MG,INJECTION
1659598,SCD,AMPICILLIN 2000 MG / SULBACTAM 1000 MG INJECTION,,AMPICILLIN 2000 MG / SULBACTAM 1000 MG,INJECTION
1659600,SBD,AMPICILLIN 2000 MG / SULBACTAM 1000 MG INJECTION [UNASYN],UNASYN,AMPICILLIN 2000 MG / SULBACTAM 1000 MG,INJECTION
308212,SCD,AMPICILLIN 500 MG ORAL CAPSULE,,AMPICILLIN 500 MG,ORAL CAPSULE
1594673,SBD,AMYLASE 105000 UNT / LIPASE 25000 UNT / PROTEASE 79000 UNT DELAYED RELEASE ORAL CAPSULE [ZENPEP],ZENPEP,AMYLASE 105000 UNT / LIPASE 25000 UNT / PROTEASE 79000 UNT,DELAYED RELEASE ORAL CAPSULE
863829,SBD,AMYLASE 120000 UNT / LIPASE 24000 UNT / PROTEASE 76000 UNT DELAYED RELEASE ORAL CAPSULE [CREON],CREON,AMYLASE 120000 UNT / LIPASE 24000 UNT / PROTEASE 76000 UNT,DELAYED RELEASE ORAL CAPSULE
1595292,SBD,AMYLASE 14000 UNT / LIPASE 3000 UNT / PROTEASE 10000 UNT DELAYED RELEASE ORAL CAPSULE [ZENPEP],ZENPEP,AMYLASE 14000 UNT / LIPASE 3000 UNT / PROTEASE 10000 UNT,DELAYED RELEASE ORAL CAPSULE
2564412,SBD,AMYLASE 149900 UNT / LIPASE 37000 UNT / PROTEASE 97300 UNT DELAYED RELEASE ORAL CAPSULE [PANCREAZE],PANCREAZE,AMYLASE 149900 UNT / LIPASE 37000 UNT / PROTEASE 97300 UNT,DELAYED RELEASE ORAL CAPSULE
1113046,SBD,AMYLASE 15000 UNT / LIPASE 3000 UNT / PROTEASE 9500 UNT DELAYED RELEASE ORAL CAPSULE [CREON],CREON,AMYLASE 15000 UNT / LIPASE 3000 UNT / PROTEASE 9500 UNT,DELAYED RELEASE ORAL CAPSULE
1543006,SBD,AMYLASE 15125 UNT / LIPASE 4000 UNT / PROTEASE 14375 UNT DELAYED RELEASE ORAL CAPSULE [PERTZYE],PERTZYE,AMYLASE 15125 UNT / LIPASE 4000 UNT / PROTEASE 14375 UNT,DELAYED RELEASE ORAL CAPSULE
2478455,SBD,AMYLASE 15200 UNT / LIPASE 2600 UNT / PROTEASE 8800 UNT DELAYED RELEASE ORAL CAPSULE [PANCREAZE],PANCREAZE,AMYLASE 15200 UNT / LIPASE 2600 UNT / PROTEASE 8800 UNT,DELAYED RELEASE ORAL CAPSULE
1995479,SBD,AMYLASE 168000 UNT / LIPASE 40000 UNT / PROTEASE 126000 UNT DELAYED RELEASE ORAL CAPSULE [ZENPEP],ZENPEP,AMYLASE 168000 UNT / LIPASE 40000 UNT / PROTEASE 126000 UNT,DELAYED RELEASE ORAL CAPSULE
1373327,SBD,AMYLASE 180000 UNT / LIPASE 36000 UNT / PROTEASE 114000 UNT DELAYED RELEASE ORAL CAPSULE [CREON],CREON,AMYLASE 180000 UNT / LIPASE 36000 UNT / PROTEASE 114000 UNT,DELAYED RELEASE ORAL CAPSULE
1595457,SBD,AMYLASE 24000 UNT / LIPASE 5000 UNT / PROTEASE 17000 UNT DELAYED RELEASE ORAL CAPSULE [ZENPEP],ZENPEP,AMYLASE 24000 UNT / LIPASE 5000 UNT / PROTEASE 17000 UNT,DELAYED RELEASE ORAL CAPSULE
1806966,SBD,AMYLASE 24600 UNT / LIPASE 4200 UNT / PROTEASE 14200 UNT DELAYED RELEASE ORAL CAPSULE [PANCREAZE],PANCREAZE,AMYLASE 24600 UNT / LIPASE 4200 UNT / PROTEASE 14200 UNT,DELAYED RELEASE ORAL CAPSULE
2669472,SBD,AMYLASE 252600 UNT / LIPASE 60000 UNT / PROTEASE 189600 UNT DELAYED RELEASE ORAL CAPSULE [ZENPEP],ZENPEP,AMYLASE 252600 UNT / LIPASE 60000 UNT / PROTEASE 189600 UNT,DELAYED RELEASE ORAL CAPSULE
863836,SBD,AMYLASE 30000 UNT / LIPASE 6000 UNT / PROTEASE 19000 UNT DELAYED RELEASE ORAL CAPSULE [CREON],CREON,AMYLASE 30000 UNT / LIPASE 6000 UNT / PROTEASE 19000 UNT,DELAYED RELEASE ORAL CAPSULE
1294483,SBD,AMYLASE 30250 UNT / LIPASE 8000 UNT / PROTEASE 28750 UNT DELAYED RELEASE ORAL CAPSULE [PERTZYE],PERTZYE,AMYLASE 30250 UNT / LIPASE 8000 UNT / PROTEASE 28750 UNT,DELAYED RELEASE ORAL CAPSULE
1247388,SBD,AMYLASE 39150 UNT / LIPASE 10440 UNT / PROTEASE 39150 UNT ORAL TABLET [VIOKACE],VIOKACE,AMYLASE 39150 UNT / LIPASE 10440 UNT / PROTEASE 39150 UNT,ORAL TABLET
1595462,SBD,AMYLASE 42000 UNT / LIPASE 10000 UNT / PROTEASE 32000 UNT DELAYED RELEASE ORAL CAPSULE [ZENPEP],ZENPEP,AMYLASE 42000 UNT / LIPASE 10000 UNT / PROTEASE 32000 UNT,DELAYED RELEASE ORAL CAPSULE
863841,SBD,AMYLASE 60000 UNT / LIPASE 12000 UNT / PROTEASE 38000 UNT DELAYED RELEASE ORAL CAPSULE [CREON],CREON,AMYLASE 60000 UNT / LIPASE 12000 UNT / PROTEASE 38000 UNT,DELAYED RELEASE ORAL CAPSULE
1294128,SBD,AMYLASE 60500 UNT / LIPASE 16000 UNT / PROTEASE 57500 UNT DELAYED RELEASE ORAL CAPSULE [PERTZYE],PERTZYE,AMYLASE 60500 UNT / LIPASE 16000 UNT / PROTEASE 57500 UNT,DELAYED RELEASE ORAL CAPSULE
1806921,SBD,AMYLASE 61500 UNT / LIPASE 10500 UNT / PROTEASE 35500 UNT DELAYED RELEASE ORAL CAPSULE [PANCREAZE],PANCREAZE,AMYLASE 61500 UNT / LIPASE 10500 UNT / PROTEASE 35500 UNT,DELAYED RELEASE ORAL CAPSULE
1595473,SBD,AMYLASE 63000 UNT / LIPASE 15000 UNT / PROTEASE 47000 UNT DELAYED RELEASE ORAL CAPSULE [ZENPEP],ZENPEP,AMYLASE 63000 UNT / LIPASE 15000 UNT / PROTEASE 47000 UNT,DELAYED RELEASE ORAL CAPSULE
1247381,SBD,AMYLASE 78300 UNT / LIPASE 20880 UNT / PROTEASE 78300 UNT ORAL TABLET [VIOKACE],VIOKACE,AMYLASE 78300 UNT / LIPASE 20880 UNT / PROTEASE 78300 UNT,ORAL TABLET
1806931,SBD,AMYLASE 83900 UNT / LIPASE 21000 UNT / PROTEASE 54700 UNT DELAYED RELEASE ORAL CAPSULE [PANCREAZE],PANCREAZE,AMYLASE 83900 UNT / LIPASE 21000 UNT / PROTEASE 54700 UNT,DELAYED RELEASE ORAL CAPSULE
1595478,SBD,AMYLASE 84000 UNT / LIPASE 20000 UNT / PROTEASE 63000 UNT DELAYED RELEASE ORAL CAPSULE [ZENPEP],ZENPEP,AMYLASE 84000 UNT / LIPASE 20000 UNT / PROTEASE 63000 UNT,DELAYED RELEASE ORAL CAPSULE
1929118,SBD,AMYLASE 90750 UNT / LIPASE 24000 UNT / PROTEASE 86250 UNT DELAYED RELEASE ORAL CAPSULE [PERTZYE],PERTZYE,AMYLASE 90750 UNT / LIPASE 24000 UNT / PROTEASE 86250 UNT,DELAYED RELEASE ORAL CAPSULE
1806926,SBD,AMYLASE 98400 UNT / LIPASE 16800 UNT / PROTEASE 56800 UNT DELAYED RELEASE ORAL CAPSULE [PANCREAZE],PANCREAZE,AMYLASE 98400 UNT / LIPASE 16800 UNT / PROTEASE 56800 UNT,DELAYED RELEASE ORAL CAPSULE
597857,SBD,ANAGRELIDE 0.5 MG ORAL CAPSULE [AGRYLIN],AGRYLIN,ANAGRELIDE 0.5 MG,ORAL CAPSULE
597850,SCD,ANAGRELIDE 0.5 MG ORAL CAPSULE,,ANAGRELIDE 0.5 MG,ORAL CAPSULE
597852,SCD,ANAGRELIDE 1 MG ORAL CAPSULE,,ANAGRELIDE 1 MG,ORAL CAPSULE
727714,SBD,0.67 ML ANAKINRA 149 MG/ML PREFILLED SYRINGE [KINERET],KINERET,ANAKINRA 149 MG/ML,PREFILLED SYRINGE
151124,SBD,ANASTROZOLE 1 MG ORAL TABLET [ARIMIDEX],ARIMIDEX,ANASTROZOLE 1 MG,ORAL TABLET
199224,SCD,ANASTROZOLE 1 MG ORAL TABLET,,ANASTROZOLE 1 MG,ORAL TABLET
1804750,SBD,ANIDULAFUNGIN 100 MG INJECTION [ERAXIS],ERAXIS,ANIDULAFUNGIN 100 MG,INJECTION
1804746,SBD,ANIDULAFUNGIN 50 MG INJECTION [ERAXIS],ERAXIS,ANIDULAFUNGIN 50 MG,INJECTION
2741482,SBD,0.8 ML ANIFROLUMAB-FNIA 150 MG/ML PREFILLED SYRINGE [SAPHNELO],SAPHNELO,ANIFROLUMAB-FNIA 150 MG/ML,PREFILLED SYRINGE
2741474,SBD,0.8 ML ANIFROLUMAB-FNIA 150 MG/ML AUTO-INJECTOR [SAPHNELO],SAPHNELO,ANIFROLUMAB-FNIA 150 MG/ML,AUTO-INJECTOR
2630217,SBD,APALUTAMIDE 240 MG ORAL TABLET [ERLEADA],ERLEADA,APALUTAMIDE 240 MG,ORAL TABLET
1999587,SBD,APALUTAMIDE 60 MG ORAL TABLET [ERLEADA],ERLEADA,APALUTAMIDE 60 MG,ORAL TABLET
1364441,SBD,APIXABAN 2.5 MG ORAL TABLET [ELIQUIS],ELIQUIS,APIXABAN 2.5 MG,ORAL TABLET
1364447,SBD,APIXABAN 5 MG ORAL TABLET [ELIQUIS],ELIQUIS,APIXABAN 5 MG,ORAL TABLET
1992428,BPCK,{74 (APIXABAN 5 MG ORAL TABLET [ELIQUIS]) } PACK [ELIQUIS 30-DAY STARTER PACK],ELIQUIS 30-DAY STARTER PACK,APIXABAN 5 MG,PACK
855856,SCD,3 ML APOMORPHINE HYDROCHLORIDE 10 MG/ML CARTRIDGE,,APOMORPHINE HYDROCHLORIDE 10 MG/ML,CARTRIDGE
855858,SBD,3 ML APOMORPHINE HYDROCHLORIDE 10 MG/ML CARTRIDGE [APOKYN],APOKYN,APOMORPHINE HYDROCHLORIDE 10 MG/ML,CARTRIDGE
2705796,SBD,20 ML APOMORPHINE HYDROCHLORIDE 4.9 MG/ML CARTRIDGE [ONAPGO],ONAPGO,APOMORPHINE HYDROCHLORIDE 4.9 MG/ML,CARTRIDGE
211020,SBD,APRACLONIDINE 10 MG/ML OPHTHALMIC SOLUTION [IOPIDINE],IOPIDINE,APRACLONIDINE 10 MG/ML,OPHTHALMIC SOLUTION
308345,SCD,APRACLONIDINE 5 MG/ML OPHTHALMIC SOLUTION,,APRACLONIDINE 5 MG/ML,OPHTHALMIC SOLUTION
2682430,BPCK,{4 (APREMILAST 10 MG ORAL TABLET [OTEZLA]) / 51 (APREMILAST 20 MG ORAL TABLET [OTEZLA]) } PACK [OTEZLA 28-DAY 10/20 STARTER PACK],OTEZLA 28-DAY 10/20 STARTER PACK,APREMILAST 10 MG / APREMILAST 20 MG,PACK
1605455,BPCK,{4 (APREMILAST 10 MG ORAL TABLET [OTEZLA]) / 4 (APREMILAST 20 MG ORAL TABLET [OTEZLA]) / 47 (APREMILAST 30 MG ORAL TABLET [OTEZLA]) } PACK [OTEZLA 28-DAY 10/20/30 STARTER PACK],OTEZLA 28-DAY 10/20/30 STARTER PACK,APREMILAST 10 MG / APREMILAST 20 MG / APREMILAST 30 MG,PACK
2724367,BPCK,{14 (24 HR APREMILAST 75 MG EXTENDED RELEASE ORAL TABLET [OTEZLA]) / 4 (APREMILAST 10 MG ORAL TABLET [OTEZLA]) / 4 (APREMILAST 20 MG ORAL TABLET [OTEZLA]) / 19 (APREMILAST 30 MG ORAL TABLET [OTEZLA]) } PACK [OTEZLA 28-DAY 10/20/30/75 STARTER PACK],OTEZLA 28-DAY 10/20/30/75 STARTER PACK,APREMILAST 10 MG / APREMILAST 20 MG / APREMILAST 30 MG / APREMILAST 75 MG,PACK
1492742,SBD,APREMILAST 20 MG ORAL TABLET [OTEZLA],OTEZLA,APREMILAST 20 MG,ORAL TABLET
1492746,SBD,APREMILAST 30 MG ORAL TABLET [OTEZLA],OTEZLA,APREMILAST 30 MG,ORAL TABLET
2723452,SBD,24 HR APREMILAST 75 MG EXTENDED RELEASE ORAL TABLET [OTEZLA],OTEZLA,APREMILAST 75 MG,EXTENDED RELEASE ORAL TABLET
1729311,SBD,APREPITANT 125 MG POWDER FOR ORAL SUSPENSION [EMEND],EMEND,APREPITANT 125 MG,POWDER FOR ORAL SUSPENSION
403811,SCD,APREPITANT 125 MG ORAL CAPSULE,,APREPITANT 125 MG,ORAL CAPSULE
754508,GPCK,{1 (APREPITANT 125 MG ORAL CAPSULE) / 2 (APREPITANT 80 MG ORAL CAPSULE) } PACK,,APREPITANT 125 MG / APREPITANT 80 MG,PACK
754509,BPCK,{1 (APREPITANT 125 MG ORAL CAPSULE [EMEND]) / 2 (APREPITANT 80 MG ORAL CAPSULE [EMEND]) } PACK [EMEND TRI-FOLD PACK],EMEND TRI-FOLD PACK,APREPITANT 125 MG / APREPITANT 80 MG,PACK
644088,SCD,APREPITANT 40 MG ORAL CAPSULE,,APREPITANT 40 MG,ORAL CAPSULE
404465,SBD,APREPITANT 80 MG ORAL CAPSULE [EMEND],EMEND,APREPITANT 80 MG,ORAL CAPSULE
403810,SCD,APREPITANT 80 MG ORAL CAPSULE,,APREPITANT 80 MG,ORAL CAPSULE
2679070,SBD,APROCITENTAN 12.5 MG ORAL TABLET [TRYVIO],TRYVIO,APROCITENTAN 12.5 MG,ORAL TABLET
668956,SCD,ARFORMOTEROL 0.0075 MG/ML INHALATION SOLUTION,,ARFORMOTEROL 0.0075 MG/ML,INHALATION SOLUTION
2694294,SBD,ARIMOCLOMOL 124 MG ORAL CAPSULE [MIPLYFFA],MIPLYFFA,ARIMOCLOMOL 124 MG,ORAL CAPSULE
2694298,SBD,ARIMOCLOMOL 47 MG ORAL CAPSULE [MIPLYFFA],MIPLYFFA,ARIMOCLOMOL 47 MG,ORAL CAPSULE
2694302,SBD,ARIMOCLOMOL 62 MG ORAL CAPSULE [MIPLYFFA],MIPLYFFA,ARIMOCLOMOL 62 MG,ORAL CAPSULE
2694306,SBD,ARIMOCLOMOL 93 MG ORAL CAPSULE [MIPLYFFA],MIPLYFFA,ARIMOCLOMOL 93 MG,ORAL CAPSULE
485496,SCD,ARIPIPRAZOLE 1 MG/ML ORAL SOLUTION,,ARIPIPRAZOLE 1 MG/ML,ORAL SOLUTION
352307,SBD,ARIPIPRAZOLE 10 MG ORAL TABLET [ABILIFY],ABILIFY,ARIPIPRAZOLE 10 MG,ORAL TABLET
643019,SCD,ARIPIPRAZOLE 10 MG DISINTEGRATING ORAL TABLET,,ARIPIPRAZOLE 10 MG,DISINTEGRATING ORAL TABLET
349545,SCD,ARIPIPRAZOLE 10 MG ORAL TABLET,,ARIPIPRAZOLE 10 MG,ORAL TABLET
2697170,SBD,ARIPIPRAZOLE 10 MG ORAL FILM [OPIPZA],OPIPZA,ARIPIPRAZOLE 10 MG,ORAL FILM
643022,SCD,ARIPIPRAZOLE 15 MG DISINTEGRATING ORAL TABLET,,ARIPIPRAZOLE 15 MG,DISINTEGRATING ORAL TABLET
349490,SCD,ARIPIPRAZOLE 15 MG ORAL TABLET,,ARIPIPRAZOLE 15 MG,ORAL TABLET
352308,SBD,ARIPIPRAZOLE 15 MG ORAL TABLET [ABILIFY],ABILIFY,ARIPIPRAZOLE 15 MG,ORAL TABLET
615172,SBD,ARIPIPRAZOLE 2 MG ORAL TABLET [ABILIFY],ABILIFY,ARIPIPRAZOLE 2 MG,ORAL TABLET
602964,SCD,ARIPIPRAZOLE 2 MG ORAL TABLET,,ARIPIPRAZOLE 2 MG,ORAL TABLET
2697164,SBD,ARIPIPRAZOLE 2 MG ORAL FILM [OPIPZA],OPIPZA,ARIPIPRAZOLE 2 MG,ORAL FILM
352309,SBD,ARIPIPRAZOLE 20 MG ORAL TABLET [ABILIFY],ABILIFY,ARIPIPRAZOLE 20 MG,ORAL TABLET
349553,SCD,ARIPIPRAZOLE 20 MG ORAL TABLET,,ARIPIPRAZOLE 20 MG,ORAL TABLET
1602607,SBD,2 ML ARIPIPRAZOLE 200 MG/ML PREFILLED SYRINGE [ABILIFY],ABILIFY,ARIPIPRAZOLE 200 MG/ML,PREFILLED SYRINGE
1602604,SBD,1.5 ML ARIPIPRAZOLE 200 MG/ML PREFILLED SYRINGE [ABILIFY],ABILIFY,ARIPIPRAZOLE 200 MG/ML,PREFILLED SYRINGE
352310,SBD,ARIPIPRAZOLE 30 MG ORAL TABLET [ABILIFY],ABILIFY,ARIPIPRAZOLE 30 MG,ORAL TABLET
349547,SCD,ARIPIPRAZOLE 30 MG ORAL TABLET,,ARIPIPRAZOLE 30 MG,ORAL TABLET
1659818,SBD,ARIPIPRAZOLE 300 MG INJECTION [ABILIFY],ABILIFY,ARIPIPRAZOLE 300 MG,INJECTION
2636640,SBD,2.4 ML ARIPIPRAZOLE 300 MG/ML PREFILLED SYRINGE [ABILIFY],ABILIFY,ARIPIPRAZOLE 300 MG/ML,PREFILLED SYRINGE
2636646,SBD,3.2 ML ARIPIPRAZOLE 300 MG/ML PREFILLED SYRINGE [ABILIFY],ABILIFY,ARIPIPRAZOLE 300 MG/ML,PREFILLED SYRINGE
1659814,SBD,ARIPIPRAZOLE 400 MG INJECTION [ABILIFY],ABILIFY,ARIPIPRAZOLE 400 MG,INJECTION
402131,SCD,ARIPIPRAZOLE 5 MG ORAL TABLET,,ARIPIPRAZOLE 5 MG,ORAL TABLET
404602,SBD,ARIPIPRAZOLE 5 MG ORAL TABLET [ABILIFY],ABILIFY,ARIPIPRAZOLE 5 MG,ORAL TABLET
2697167,SBD,ARIPIPRAZOLE 5 MG ORAL FILM [OPIPZA],OPIPZA,ARIPIPRAZOLE 5 MG,ORAL FILM
1925264,SBD,3.9 ML ARIPIPRAZOLE LAUROXIL 273 MG/ML PREFILLED SYRINGE [ARISTADA],ARISTADA,ARIPIPRAZOLE LAUROXIL 273 MG/ML,PREFILLED SYRINGE
1673280,SBD,3.2 ML ARIPIPRAZOLE LAUROXIL 276 MG/ML PREFILLED SYRINGE [ARISTADA],ARISTADA,ARIPIPRAZOLE LAUROXIL 276 MG/ML,PREFILLED SYRINGE
1673278,SBD,2.4 ML ARIPIPRAZOLE LAUROXIL 276 MG/ML PREFILLED SYRINGE [ARISTADA],ARISTADA,ARIPIPRAZOLE LAUROXIL 276 MG/ML,PREFILLED SYRINGE
1673274,SBD,1.6 ML ARIPIPRAZOLE LAUROXIL 276 MG/ML PREFILLED SYRINGE [ARISTADA],ARISTADA,ARIPIPRAZOLE LAUROXIL 276 MG/ML,PREFILLED SYRINGE
2049343,SBD,2.4 ML ARIPIPRAZOLE LAUROXIL 281.3 MG/ML PREFILLED SYRINGE [ARISTADA],ARISTADA,ARIPIPRAZOLE LAUROXIL 281.3 MG/ML,PREFILLED SYRINGE
805659,SBD,ARMODAFINIL 150 MG ORAL TABLET [NUVIGIL],NUVIGIL,ARMODAFINIL 150 MG,ORAL TABLET
724859,SCD,ARMODAFINIL 150 MG ORAL TABLET,,ARMODAFINIL 150 MG,ORAL TABLET
861960,SCD,ARMODAFINIL 200 MG ORAL TABLET,,ARMODAFINIL 200 MG,ORAL TABLET
861962,SBD,ARMODAFINIL 200 MG ORAL TABLET [NUVIGIL],NUVIGIL,ARMODAFINIL 200 MG,ORAL TABLET
805661,SBD,ARMODAFINIL 250 MG ORAL TABLET [NUVIGIL],NUVIGIL,ARMODAFINIL 250 MG,ORAL TABLET
724861,SCD,ARMODAFINIL 250 MG ORAL TABLET,,ARMODAFINIL 250 MG,ORAL TABLET
805663,SBD,ARMODAFINIL 50 MG ORAL TABLET [NUVIGIL],NUVIGIL,ARMODAFINIL 50 MG,ORAL TABLET
724863,SCD,ARMODAFINIL 50 MG ORAL TABLET,,ARMODAFINIL 50 MG,ORAL TABLET
847734,SBD,ARTEMETHER 20 MG / LUMEFANTRINE 120 MG ORAL TABLET [COARTEM],COARTEM,ARTEMETHER 20 MG / LUMEFANTRINE 120 MG,ORAL TABLET
2680280,SBD,ASCIMINIB 100 MG ORAL TABLET [SCEMBLIX],SCEMBLIX,ASCIMINIB 100 MG,ORAL TABLET
2584326,SBD,ASCIMINIB 20 MG ORAL TABLET [SCEMBLIX],SCEMBLIX,ASCIMINIB 20 MG,ORAL TABLET
2584330,SBD,ASCIMINIB 40 MG ORAL TABLET [SCEMBLIX],SCEMBLIX,ASCIMINIB 40 MG,ORAL TABLET
800915,SCD,ASCORBIC ACID 4700 MG / POLYETHYLENE GLYCOL 3350 100000 MG / POTASSIUM CHLORIDE 1015 MG / SODIUM ASCORBATE 5900 MG / SODIUM CHLORIDE 2690 MG / SODIUM SULFATE 7500 MG POWDER FOR ORAL SOLUTION,,ASCORBIC ACID 4700 MG / POLYETHYLENE GLYCOL 3350 100000 MG / POTASSIUM CHLORIDE 1015 MG / SODIUM ASCORBATE 5900 MG / SODIUM CHLORIDE 2690 MG,POWDER FOR ORAL SOLUTION
800918,SBD,ASCORBIC ACID 4700 MG / POLYETHYLENE GLYCOL 3350 100000 MG / POTASSIUM CHLORIDE 1015 MG / SODIUM ASCORBATE 5900 MG / SODIUM CHLORIDE 2690 MG / SODIUM SULFATE 7500 MG POWDER FOR ORAL SOLUTION [MOVIPREP],MOVIPREP,ASCORBIC ACID 4700 MG / POLYETHYLENE GLYCOL 3350 100000 MG / POTASSIUM CHLORIDE 1015 MG / SODIUM ASCORBATE 5900 MG / SODIUM CHLORIDE 2690 MG,POWDER FOR ORAL SOLUTION
797463,SCD,PRENATAL VITAMIN WITH MINERALS AND FOLIC ACID GREATER THAN 0.8 MG ORAL TABLET,,ASCORBIC ACID 80 MG / BIOTIN 0.030 MG / CALCIUM CARBONATE 200 MG / CUPRIC OXIDE 3 MG / FERROUS FUMARATE 60 MG,ORAL TABLET
2265729,SBD,24 HR ASENAPINE 0.158 MG/HR TRANSDERMAL SYSTEM [SECUADO],SECUADO,ASENAPINE 0.158 MG/HR,TRANSDERMAL SYSTEM
2265732,SBD,24 HR ASENAPINE 0.238 MG/HR TRANSDERMAL SYSTEM [SECUADO],SECUADO,ASENAPINE 0.238 MG/HR,TRANSDERMAL SYSTEM
2265735,SBD,24 HR ASENAPINE 0.317 MG/HR TRANSDERMAL SYSTEM [SECUADO],SECUADO,ASENAPINE 0.317 MG/HR,TRANSDERMAL SYSTEM
859975,SCD,ASENAPINE 10 MG SUBLINGUAL TABLET,,ASENAPINE 10 MG,SUBLINGUAL TABLET
859979,SBD,ASENAPINE 10 MG SUBLINGUAL TABLET [SAPHRIS],SAPHRIS,ASENAPINE 10 MG,SUBLINGUAL TABLET
1606337,SCD,ASENAPINE 2.5 MG SUBLINGUAL TABLET,,ASENAPINE 2.5 MG,SUBLINGUAL TABLET
1606490,SBD,ASENAPINE 2.5 MG SUBLINGUAL TABLET [SAPHRIS],SAPHRIS,ASENAPINE 2.5 MG,SUBLINGUAL TABLET
859983,SBD,ASENAPINE 5 MG SUBLINGUAL TABLET [SAPHRIS],SAPHRIS,ASENAPINE 5 MG,SUBLINGUAL TABLET
859981,SCD,ASENAPINE 5 MG SUBLINGUAL TABLET,,ASENAPINE 5 MG,SUBLINGUAL TABLET
259081,SCD,12 HR ASPIRIN 25 MG / DIPYRIDAMOLE 200 MG EXTENDED RELEASE ORAL CAPSULE,,ASPIRIN 25 MG / DIPYRIDAMOLE 200 MG,EXTENDED RELEASE ORAL CAPSULE
238134,SCD,ASPIRIN 325 MG / BUTALBITAL 50 MG / CAFFEINE 40 MG ORAL CAPSULE,,ASPIRIN 325 MG / BUTALBITAL 50 MG / CAFFEINE 40 MG,ORAL CAPSULE
994239,SBD,ASPIRIN 325 MG / BUTALBITAL 50 MG / CAFFEINE 40 MG / CODEINE PHOSPHATE 30 MG ORAL CAPSULE [ASCOMP],ASCOMP,ASPIRIN 325 MG / BUTALBITAL 50 MG / CAFFEINE 40 MG / CODEINE PHOSPHATE 30 MG,ORAL CAPSULE
994237,SCD,ASPIRIN 325 MG / BUTALBITAL 50 MG / CAFFEINE 40 MG / CODEINE PHOSPHATE 30 MG ORAL CAPSULE,,ASPIRIN 325 MG / BUTALBITAL 50 MG / CAFFEINE 40 MG / CODEINE PHOSPHATE 30 MG,ORAL CAPSULE
994530,SBD,ASPIRIN 385 MG / CAFFEINE 30 MG / ORPHENADRINE CITRATE 25 MG ORAL TABLET [NORGESIC],NORGESIC,ASPIRIN 385 MG / CAFFEINE 30 MG / ORPHENADRINE CITRATE 25 MG,ORAL TABLET
994528,SCD,ASPIRIN 385 MG / CAFFEINE 30 MG / ORPHENADRINE CITRATE 25 MG ORAL TABLET,,ASPIRIN 385 MG / CAFFEINE 30 MG / ORPHENADRINE CITRATE 25 MG,ORAL TABLET
994537,SBD,ASPIRIN 770 MG / CAFFEINE 60 MG / ORPHENADRINE CITRATE 50 MG ORAL TABLET [NORGESIC],NORGESIC,ASPIRIN 770 MG / CAFFEINE 60 MG / ORPHENADRINE CITRATE 50 MG,ORAL TABLET
2747244,SBD,1 ML ATACICEPT-VYMJ 150 MG/ML AUTO-INJECTOR [TRUTAKNA],TRUTAKNA,ATACICEPT-VYMJ 150 MG/ML,AUTO-INJECTOR
402246,SCD,ATAZANAVIR 150 MG ORAL CAPSULE,,ATAZANAVIR 150 MG,ORAL CAPSULE
402093,SBD,ATAZANAVIR 200 MG ORAL CAPSULE [REYATAZ],REYATAZ,ATAZANAVIR 200 MG,ORAL CAPSULE
402247,SCD,ATAZANAVIR 200 MG ORAL CAPSULE,,ATAZANAVIR 200 MG,ORAL CAPSULE
664743,SBD,ATAZANAVIR 300 MG ORAL CAPSULE [REYATAZ],REYATAZ,ATAZANAVIR 300 MG,ORAL CAPSULE
664741,SCD,ATAZANAVIR 300 MG ORAL CAPSULE,,ATAZANAVIR 300 MG,ORAL CAPSULE
1601660,SBD,ATAZANAVIR 300 MG / COBICISTAT 150 MG ORAL TABLET [EVOTAZ],EVOTAZ,ATAZANAVIR 300 MG / COBICISTAT 150 MG,ORAL TABLET
1598989,SBD,ATAZANAVIR 50 MG ORAL POWDER [REYATAZ],REYATAZ,ATAZANAVIR 50 MG,ORAL POWDER
197379,SCD,ATENOLOL 100 MG ORAL TABLET,,ATENOLOL 100 MG,ORAL TABLET
201322,SBD,ATENOLOL 100 MG ORAL TABLET [TENORMIN],TENORMIN,ATENOLOL 100 MG,ORAL TABLET
197382,SCD,ATENOLOL 100 MG / CHLORTHALIDONE 25 MG ORAL TABLET,,ATENOLOL 100 MG / CHLORTHALIDONE 25 MG,ORAL TABLET
150750,SBD,ATENOLOL 25 MG ORAL TABLET [TENORMIN],TENORMIN,ATENOLOL 25 MG,ORAL TABLET
197380,SCD,ATENOLOL 25 MG ORAL TABLET,,ATENOLOL 25 MG,ORAL TABLET
152414,SBD,ATENOLOL 50 MG ORAL TABLET [TENORMIN],TENORMIN,ATENOLOL 50 MG,ORAL TABLET
197381,SCD,ATENOLOL 50 MG ORAL TABLET,,ATENOLOL 50 MG,ORAL TABLET
197383,SCD,ATENOLOL 50 MG / CHLORTHALIDONE 25 MG ORAL TABLET,,ATENOLOL 50 MG / CHLORTHALIDONE 25 MG,ORAL TABLET
2571842,SBD,ATOGEPANT 10 MG ORAL TABLET [QULIPTA],QULIPTA,ATOGEPANT 10 MG,ORAL TABLET
2571846,SBD,ATOGEPANT 30 MG ORAL TABLET [QULIPTA],QULIPTA,ATOGEPANT 30 MG,ORAL TABLET
2571850,SBD,ATOGEPANT 60 MG ORAL TABLET [QULIPTA],QULIPTA,ATOGEPANT 60 MG,ORAL TABLET
349591,SCD,ATOMOXETINE 10 MG ORAL CAPSULE,,ATOMOXETINE 10 MG,ORAL CAPSULE
608139,SCD,ATOMOXETINE 100 MG ORAL CAPSULE,,ATOMOXETINE 100 MG,ORAL CAPSULE
349592,SCD,ATOMOXETINE 18 MG ORAL CAPSULE,,ATOMOXETINE 18 MG,ORAL CAPSULE
349593,SCD,ATOMOXETINE 25 MG ORAL CAPSULE,,ATOMOXETINE 25 MG,ORAL CAPSULE
2739831,SCD,ATOMOXETINE 4 MG/ML ORAL SOLUTION,,ATOMOXETINE 4 MG/ML,ORAL SOLUTION
2739837,SBD,ATOMOXETINE 4 MG/ML ORAL SOLUTION [ATONCY],ATONCY,ATOMOXETINE 4 MG/ML,ORAL SOLUTION
349594,SCD,ATOMOXETINE 40 MG ORAL CAPSULE,,ATOMOXETINE 40 MG,ORAL CAPSULE
349595,SCD,ATOMOXETINE 60 MG ORAL CAPSULE,,ATOMOXETINE 60 MG,ORAL CAPSULE
608143,SCD,ATOMOXETINE 80 MG ORAL CAPSULE,,ATOMOXETINE 80 MG,ORAL CAPSULE
617314,SBD,ATORVASTATIN 10 MG ORAL TABLET [LIPITOR],LIPITOR,ATORVASTATIN 10 MG,ORAL TABLET
617312,SCD,ATORVASTATIN 10 MG ORAL TABLET,,ATORVASTATIN 10 MG,ORAL TABLET
617318,SBD,ATORVASTATIN 20 MG ORAL TABLET [LIPITOR],LIPITOR,ATORVASTATIN 20 MG,ORAL TABLET
617310,SCD,ATORVASTATIN 20 MG ORAL TABLET,,ATORVASTATIN 20 MG,ORAL TABLET
2631867,SBD,ATORVASTATIN 4 MG/ML ORAL SUSPENSION [ATORVALIQ],ATORVALIQ,ATORVASTATIN 4 MG/ML,ORAL SUSPENSION
617320,SBD,ATORVASTATIN 40 MG ORAL TABLET [LIPITOR],LIPITOR,ATORVASTATIN 40 MG,ORAL TABLET
617311,SCD,ATORVASTATIN 40 MG ORAL TABLET,,ATORVASTATIN 40 MG,ORAL TABLET
262095,SBD,ATORVASTATIN 80 MG ORAL TABLET [LIPITOR],LIPITOR,ATORVASTATIN 80 MG,ORAL TABLET
259255,SCD,ATORVASTATIN 80 MG ORAL TABLET,,ATORVASTATIN 80 MG,ORAL TABLET
308429,SCD,ATOVAQUONE 150 MG/ML ORAL SUSPENSION,,ATOVAQUONE 150 MG/ML,ORAL SUSPENSION
211947,SBD,ATOVAQUONE 150 MG/ML ORAL SUSPENSION [MEPRON],MEPRON,ATOVAQUONE 150 MG/ML,ORAL SUSPENSION
864679,SBD,ATOVAQUONE 250 MG / PROGUANIL HYDROCHLORIDE 100 MG ORAL TABLET [MALARONE],MALARONE,ATOVAQUONE 250 MG / PROGUANIL HYDROCHLORIDE 100 MG,ORAL TABLET
864675,SCD,ATOVAQUONE 250 MG / PROGUANIL HYDROCHLORIDE 100 MG ORAL TABLET,,ATOVAQUONE 250 MG / PROGUANIL HYDROCHLORIDE 100 MG,ORAL TABLET
864685,SBD,ATOVAQUONE 62.5 MG / PROGUANIL HYDROCHLORIDE 25 MG ORAL TABLET [MALARONE],MALARONE,ATOVAQUONE 62.5 MG / PROGUANIL HYDROCHLORIDE 25 MG,ORAL TABLET
864681,SCD,ATOVAQUONE 62.5 MG / PROGUANIL HYDROCHLORIDE 25 MG ORAL TABLET,,ATOVAQUONE 62.5 MG / PROGUANIL HYDROCHLORIDE 25 MG,ORAL TABLET
2710460,SBD,ATRASENTAN 0.75 MG ORAL TABLET [VANRAFIA],VANRAFIA,ATRASENTAN 0.75 MG,ORAL TABLET
1190568,SCD,ATROPINE SULFATE 0.005 MG/ML / DIPHENOXYLATE HYDROCHLORIDE 0.5 MG/ML ORAL SOLUTION,,ATROPINE SULFATE 0.005 MG/ML / DIPHENOXYLATE HYDROCHLORIDE 0.5 MG/ML,ORAL SOLUTION
1190572,SCD,ATROPINE SULFATE 0.025 MG / DIPHENOXYLATE HYDROCHLORIDE 2.5 MG ORAL TABLET,,ATROPINE SULFATE 0.025 MG / DIPHENOXYLATE HYDROCHLORIDE 2.5 MG,ORAL TABLET
1190641,SBD,ATROPINE SULFATE 0.025 MG / DIPHENOXYLATE HYDROCHLORIDE 2.5 MG ORAL TABLET [LOMOTIL],LOMOTIL,ATROPINE SULFATE 0.025 MG / DIPHENOXYLATE HYDROCHLORIDE 2.5 MG,ORAL TABLET
1190655,SCD,ATROPINE SULFATE 10 MG/ML OPHTHALMIC SOLUTION,,ATROPINE SULFATE 10 MG/ML,OPHTHALMIC SOLUTION
197386,SCD,AURANOFIN 3 MG ORAL CAPSULE,,AURANOFIN 3 MG,ORAL CAPSULE
213510,SBD,AURANOFIN 3 MG ORAL CAPSULE [RIDAURA],RIDAURA,AURANOFIN 3 MG,ORAL CAPSULE
2572111,SBD,AVACOPAN 10 MG ORAL CAPSULE [TAVNEOS],TAVNEOS,AVACOPAN 10 MG,ORAL CAPSULE
2272118,SBD,AVAPRITINIB 100 MG ORAL TABLET [AYVAKIT],AYVAKIT,AVAPRITINIB 100 MG,ORAL TABLET
2272122,SBD,AVAPRITINIB 200 MG ORAL TABLET [AYVAKIT],AYVAKIT,AVAPRITINIB 200 MG,ORAL TABLET
2559725,SBD,AVAPRITINIB 25 MG ORAL TABLET [AYVAKIT],AYVAKIT,AVAPRITINIB 25 MG,ORAL TABLET
2272126,SBD,AVAPRITINIB 300 MG ORAL TABLET [AYVAKIT],AYVAKIT,AVAPRITINIB 300 MG,ORAL TABLET
2559729,SBD,AVAPRITINIB 50 MG ORAL TABLET [AYVAKIT],AYVAKIT,AVAPRITINIB 50 MG,ORAL TABLET
2721192,SBD,AVATROMBOPAG 10 MG ORAL GRANULES [DOPTELET],DOPTELET,AVATROMBOPAG 10 MG,ORAL GRANULES
2045958,SBD,AVATROMBOPAG 20 MG ORAL TABLET [DOPTELET],DOPTELET,AVATROMBOPAG 20 MG,ORAL TABLET
2045959,BPCK,{10 (AVATROMBOPAG 20 MG ORAL TABLET [DOPTELET]) } PACK [DOPTELET 40 MG DAILY DOSE CARTON],DOPTELET 40 MG DAILY DOSE CARTON,AVATROMBOPAG 20 MG,PACK
2045961,BPCK,{15 (AVATROMBOPAG 20 MG ORAL TABLET [DOPTELET]) } PACK [DOPTELET 60 MG DAILY DOSE CARTON],DOPTELET 60 MG DAILY DOSE CARTON,AVATROMBOPAG 20 MG,PACK
1603845,SBD,AVIBACTAM 500 MG / CEFTAZIDIME 2000 MG INJECTION [AVYCAZ],AVYCAZ,AVIBACTAM 500 MG / CEFTAZIDIME 2000 MG,INJECTION
2714922,BPCK,{24 (AVUTOMETINIB 0.8 MG ORAL CAPSULE [AVMAPKI]) / 42 (DEFACTINIB 200 MG ORAL TABLET [FAKZYNJA]) } PACK [AVMAPKI FAKZYNJA CO-PACK],AVMAPKI FAKZYNJA CO-PACK,AVUTOMETINIB 0.8 MG / DEFACTINIB 200 MG,PACK
1243010,SBD,AXITINIB 1 MG ORAL TABLET [INLYTA],INLYTA,AXITINIB 1 MG,ORAL TABLET
1243014,SBD,AXITINIB 5 MG ORAL TABLET [INLYTA],INLYTA,AXITINIB 5 MG,ORAL TABLET
2396770,SBD,AZACITIDINE 200 MG ORAL TABLET [ONUREG],ONUREG,AZACITIDINE 200 MG,ORAL TABLET
2396774,SBD,AZACITIDINE 300 MG ORAL TABLET [ONUREG],ONUREG,AZACITIDINE 300 MG,ORAL TABLET
359228,SCD,AZATHIOPRINE 100 MG ORAL TABLET,,AZATHIOPRINE 100 MG,ORAL TABLET
404476,SBD,AZATHIOPRINE 100 MG ORAL TABLET [AZASAN],AZASAN,AZATHIOPRINE 100 MG,ORAL TABLET
197388,SCD,AZATHIOPRINE 50 MG ORAL TABLET,,AZATHIOPRINE 50 MG,ORAL TABLET
105611,SBD,AZATHIOPRINE 50 MG ORAL TABLET [IMURAN],IMURAN,AZATHIOPRINE 50 MG,ORAL TABLET
359229,SCD,AZATHIOPRINE 75 MG ORAL TABLET,,AZATHIOPRINE 75 MG,ORAL TABLET
404475,SBD,AZATHIOPRINE 75 MG ORAL TABLET [AZASAN],AZASAN,AZATHIOPRINE 75 MG,ORAL TABLET
1041518,SCD,AZELAIC ACID 0.15 MG/MG TOPICAL GEL,,AZELAIC ACID 0.15 MG/MG,TOPICAL GEL
1659803,SBD,AZELAIC ACID 150 MG/ML TOPICAL FOAM [FINACEA],FINACEA,AZELAIC ACID 150 MG/ML,TOPICAL FOAM
1043753,SBD,AZELAIC ACID 200 MG/ML TOPICAL CREAM [AZELEX],AZELEX,AZELAIC ACID 200 MG/ML,TOPICAL CREAM
1797867,SCD,AZELASTINE HYDROCHLORIDE 0.137 MG/ACTUAT METERED DOSE NASAL SPRAY,,AZELASTINE HYDROCHLORIDE 0.137 MG/ACTUAT,METERED DOSE NASAL SPRAY
1797847,SCD,AZELASTINE HYDROCHLORIDE 0.137 MG/ACTUAT / FLUTICASONE PROPIONATE 0.05 MG/ACTUAT METERED DOSE NASAL SPRAY,,AZELASTINE HYDROCHLORIDE 0.137 MG/ACTUAT / FLUTICASONE PROPIONATE 0.05 MG/ACTUAT,METERED DOSE NASAL SPRAY
1797849,SBD,AZELASTINE HYDROCHLORIDE 0.137 MG/ACTUAT / FLUTICASONE PROPIONATE 0.05 MG/ACTUAT METERED DOSE NASAL SPRAY [DYMISTA],DYMISTA,AZELASTINE HYDROCHLORIDE 0.137 MG/ACTUAT / FLUTICASONE PROPIONATE 0.05 MG/ACTUAT,METERED DOSE NASAL SPRAY
860805,SCD,AZELASTINE HYDROCHLORIDE 0.5 MG/ML OPHTHALMIC SOLUTION,,AZELASTINE HYDROCHLORIDE 0.5 MG/ML,OPHTHALMIC SOLUTION
1091650,SBD,AZILSARTAN MEDOXOMIL 40 MG ORAL TABLET [EDARBI],EDARBI,AZILSARTAN MEDOXOMIL 40 MG,ORAL TABLET
1091646,SCD,AZILSARTAN MEDOXOMIL 40 MG ORAL TABLET,,AZILSARTAN MEDOXOMIL 40 MG,ORAL TABLET
1235150,SBD,AZILSARTAN MEDOXOMIL 40 MG / CHLORTHALIDONE 12.5 MG ORAL TABLET [EDARBYCLOR],EDARBYCLOR,AZILSARTAN MEDOXOMIL 40 MG / CHLORTHALIDONE 12.5 MG,ORAL TABLET
1235157,SBD,AZILSARTAN MEDOXOMIL 40 MG / CHLORTHALIDONE 25 MG ORAL TABLET [EDARBYCLOR],EDARBYCLOR,AZILSARTAN MEDOXOMIL 40 MG / CHLORTHALIDONE 25 MG,ORAL TABLET
1091654,SBD,AZILSARTAN MEDOXOMIL 80 MG ORAL TABLET [EDARBI],EDARBI,AZILSARTAN MEDOXOMIL 80 MG,ORAL TABLET
1091652,SCD,AZILSARTAN MEDOXOMIL 80 MG ORAL TABLET,,AZILSARTAN MEDOXOMIL 80 MG,ORAL TABLET
706872,SBD,AZITHROMYCIN 10 MG/ML OPHTHALMIC SOLUTION [AZASITE],AZASITE,AZITHROMYCIN 10 MG/ML,OPHTHALMIC SOLUTION
308459,SCD,AZITHROMYCIN 20 MG/ML ORAL SUSPENSION,,AZITHROMYCIN 20 MG/ML,ORAL SUSPENSION
750149,BPCK,{6 (AZITHROMYCIN 250 MG ORAL TABLET [ZITHROMAX]) } PACK [Z-PAK],Z-PAK,AZITHROMYCIN 250 MG,PACK
749783,GPCK,{6 (AZITHROMYCIN 250 MG ORAL TABLET) } PACK,,AZITHROMYCIN 250 MG,PACK
308460,SCD,AZITHROMYCIN 250 MG ORAL TABLET,,AZITHROMYCIN 250 MG,ORAL TABLET
141963,SCD,AZITHROMYCIN 40 MG/ML ORAL SUSPENSION,,AZITHROMYCIN 40 MG/ML,ORAL SUSPENSION
105260,SBD,AZITHROMYCIN 40 MG/ML ORAL SUSPENSION [ZITHROMAX],ZITHROMAX,AZITHROMYCIN 40 MG/ML,ORAL SUSPENSION
749780,GPCK,{3 (AZITHROMYCIN 500 MG ORAL TABLET) } PACK,,AZITHROMYCIN 500 MG,PACK
1668238,SCD,AZITHROMYCIN 500 MG INJECTION,,AZITHROMYCIN 500 MG,INJECTION
248656,SCD,AZITHROMYCIN 500 MG ORAL TABLET,,AZITHROMYCIN 500 MG,ORAL TABLET
750157,BPCK,{3 (AZITHROMYCIN 500 MG ORAL TABLET [ZITHROMAX]) } PACK [TRI-PAK],TRI-PAK,AZITHROMYCIN 500 MG,PACK
204844,SCD,AZITHROMYCIN 600 MG ORAL TABLET,,AZITHROMYCIN 600 MG,ORAL TABLET
1664981,SCD,AZTREONAM 1000 MG INJECTION,,AZTREONAM 1000 MG,INJECTION
1664988,SBD,AZTREONAM 2000 MG INJECTION [AZACTAM],AZACTAM,AZTREONAM 2000 MG,INJECTION
1664986,SCD,AZTREONAM 2000 MG INJECTION,,AZTREONAM 2000 MG,INJECTION
901614,SBD,AZTREONAM 75 MG/ML INHALATION SOLUTION [CAYSTON],CAYSTON,AZTREONAM 75 MG/ML,INHALATION SOLUTION
308493,SCD,BACITRACIN 0.4 UNT/MG / NEOMYCIN 0.0035 MG/MG / POLYMYXIN B 10 UNT/MG OPHTHALMIC OINTMENT,,BACITRACIN 0.4 UNT/MG / NEOMYCIN 0.0035 MG/MG / POLYMYXIN B 10 UNT/MG,OPHTHALMIC OINTMENT
308511,SCD,BACITRACIN 0.5 UNT/MG / POLYMYXIN B 10 UNT/MG OPHTHALMIC OINTMENT,,BACITRACIN 0.5 UNT/MG / POLYMYXIN B 10 UNT/MG,OPHTHALMIC OINTMENT
1116150,SCD,BACITRACIN ZINC 0.4 UNT/MG / HYDROCORTISONE ACETATE 0.01 MG/MG / NEOMYCIN SULFATE 0.0035 MG/MG / POLYMYXIN B SULFATE 10 UNT/MG OPHTHALMIC OINTMENT,,BACITRACIN ZINC 0.4 UNT/MG / HYDROCORTISONE ACETATE 0.01 MG/MG / NEOMYCIN SULFATE 0.0035 MG/MG / POLYMYXIN B SULFATE 10 UNT/MG,OPHTHALMIC OINTMENT
250976,SCD,BACLOFEN 1 MG/ML ORAL SOLUTION,,BACLOFEN 1 MG/ML,ORAL SOLUTION
197391,SCD,BACLOFEN 10 MG ORAL TABLET,,BACLOFEN 10 MG,ORAL TABLET
2679605,SCD,BACLOFEN 15 MG ORAL TABLET,,BACLOFEN 15 MG,ORAL TABLET
2667941,SCD,BACLOFEN 2 MG/ML ORAL SOLUTION,,BACLOFEN 2 MG/ML,ORAL SOLUTION
2667943,SBD,BACLOFEN 2 MG/ML ORAL SOLUTION [OZOBAX],OZOBAX,BACLOFEN 2 MG/ML,ORAL SOLUTION
197392,SCD,BACLOFEN 20 MG ORAL TABLET,,BACLOFEN 20 MG,ORAL TABLET
430902,SCD,BACLOFEN 5 MG ORAL TABLET,,BACLOFEN 5 MG,ORAL TABLET
2593382,SBD,BACLOFEN 5 MG/ML ORAL SUSPENSION [FLEQSUVY],FLEQSUVY,BACLOFEN 5 MG/ML,ORAL SUSPENSION
2593376,SCD,BACLOFEN 5 MG/ML ORAL SUSPENSION,,BACLOFEN 5 MG/ML,ORAL SUSPENSION
2100010,SBD,BALOXAVIR MARBOXIL 40 MG ORAL TABLET [XOFLUZA],XOFLUZA,BALOXAVIR MARBOXIL 40 MG,ORAL TABLET
2536742,SBD,BALOXAVIR MARBOXIL 80 MG ORAL TABLET [XOFLUZA],XOFLUZA,BALOXAVIR MARBOXIL 80 MG,ORAL TABLET
885857,SCD,BALSALAZIDE DISODIUM 750 MG ORAL CAPSULE,,BALSALAZIDE DISODIUM 750 MG,ORAL CAPSULE
2205474,SBD,BARICITINIB 1 MG ORAL TABLET [OLUMIANT],OLUMIANT,BARICITINIB 1 MG,ORAL TABLET
2047247,SBD,BARICITINIB 2 MG ORAL TABLET [OLUMIANT],OLUMIANT,BARICITINIB 2 MG,ORAL TABLET
2601725,SBD,BARICITINIB 4 MG ORAL TABLET [OLUMIANT],OLUMIANT,BARICITINIB 4 MG,ORAL TABLET
2743409,SBD,BAXDROSTAT 1 MG ORAL TABLET [BAXFENDY],BAXFENDY,BAXDROSTAT 1 MG,ORAL TABLET
2743413,SBD,BAXDROSTAT 2 MG ORAL TABLET [BAXFENDY],BAXFENDY,BAXDROSTAT 2 MG,ORAL TABLET
1441740,SBD,"BAZEDOXIFENE 20 MG / ESTROGENS, CONJUGATED (USP) 0.45 MG ORAL TABLET [DUAVEE]",DUAVEE,"BAZEDOXIFENE 20 MG / ESTROGENS, CONJUGATED (USP) 0.45 MG",ORAL TABLET
1653579,SCD,"BCG, LIVE, TICE STRAIN 50 MG INJECTION",,"BCG, LIVE, TICE STRAIN 50 MG",INJECTION
1998774,SBD,BREATH-ACTUATED 120 ACTUAT BECLOMETHASONE DIPROPIONATE 0.04 MG/ACTUAT METERED DOSE INHALER [QVAR],QVAR,BECLOMETHASONE DIPROPIONATE 0.04 MG/ACTUAT,METERED DOSE INHALER
1797902,SBD,BECLOMETHASONE DIPROPIONATE 0.04 MG/ACTUAT METERED DOSE NASAL SPRAY [QNASL],QNASL,BECLOMETHASONE DIPROPIONATE 0.04 MG/ACTUAT,METERED DOSE NASAL SPRAY
1490773,SCD,120 ACTUAT BECLOMETHASONE DIPROPIONATE 0.04 MG/ACTUAT METERED DOSE INHALER,,BECLOMETHASONE DIPROPIONATE 0.04 MG/ACTUAT,METERED DOSE INHALER
1490666,SCD,120 ACTUAT BECLOMETHASONE DIPROPIONATE 0.08 MG/ACTUAT METERED DOSE INHALER,,BECLOMETHASONE DIPROPIONATE 0.08 MG/ACTUAT,METERED DOSE INHALER
1998772,SBD,BREATH-ACTUATED 120 ACTUAT BECLOMETHASONE DIPROPIONATE 0.08 MG/ACTUAT METERED DOSE INHALER [QVAR],QVAR,BECLOMETHASONE DIPROPIONATE 0.08 MG/ACTUAT,METERED DOSE INHALER
1797921,SBD,BECLOMETHASONE DIPROPIONATE 0.08 MG/ACTUAT METERED DOSE NASAL SPRAY [QNASL],QNASL,BECLOMETHASONE DIPROPIONATE 0.08 MG/ACTUAT,METERED DOSE NASAL SPRAY
1364515,SBD,BEDAQUILINE 100 MG ORAL TABLET [SIRTURO],SIRTURO,BEDAQUILINE 100 MG,ORAL TABLET
2373941,SBD,BEDAQUILINE 20 MG ORAL TABLET [SIRTURO],SIRTURO,BEDAQUILINE 20 MG,ORAL TABLET
1939348,SBD,1 ML BELIMUMAB 200 MG/ML PREFILLED SYRINGE [BENLYSTA],BENLYSTA,BELIMUMAB 200 MG/ML,PREFILLED SYRINGE
1939299,SBD,1 ML BELIMUMAB 200 MG/ML AUTO-INJECTOR [BENLYSTA],BENLYSTA,BELIMUMAB 200 MG/ML,AUTO-INJECTOR
2564037,SBD,BELUMOSUDIL 200 MG ORAL TABLET [REZUROCK],REZUROCK,BELUMOSUDIL 200 MG,ORAL TABLET
2567237,SBD,BELZUTIFAN 40 MG ORAL TABLET [WELIREG],WELIREG,BELZUTIFAN 40 MG,ORAL TABLET
2282414,SBD,BEMPEDOIC ACID 180 MG ORAL TABLET [NEXLETOL],NEXLETOL,BEMPEDOIC ACID 180 MG,ORAL TABLET
2283236,SBD,BEMPEDOIC ACID 180 MG / EZETIMIBE 10 MG ORAL TABLET [NEXLIZET],NEXLIZET,BEMPEDOIC ACID 180 MG / EZETIMIBE 10 MG,ORAL TABLET
898689,SBD,BENAZEPRIL HYDROCHLORIDE 10 MG ORAL TABLET [LOTENSIN],LOTENSIN,BENAZEPRIL HYDROCHLORIDE 10 MG,ORAL TABLET
898687,SCD,BENAZEPRIL HYDROCHLORIDE 10 MG ORAL TABLET,,BENAZEPRIL HYDROCHLORIDE 10 MG,ORAL TABLET
898362,SCD,BENAZEPRIL HYDROCHLORIDE 10 MG / HYDROCHLOROTHIAZIDE 12.5 MG ORAL TABLET,,BENAZEPRIL HYDROCHLORIDE 10 MG / HYDROCHLOROTHIAZIDE 12.5 MG,ORAL TABLET
898692,SBD,BENAZEPRIL HYDROCHLORIDE 20 MG ORAL TABLET [LOTENSIN],LOTENSIN,BENAZEPRIL HYDROCHLORIDE 20 MG,ORAL TABLET
898690,SCD,BENAZEPRIL HYDROCHLORIDE 20 MG ORAL TABLET,,BENAZEPRIL HYDROCHLORIDE 20 MG,ORAL TABLET
898367,SCD,BENAZEPRIL HYDROCHLORIDE 20 MG / HYDROCHLOROTHIAZIDE 12.5 MG ORAL TABLET,,BENAZEPRIL HYDROCHLORIDE 20 MG / HYDROCHLOROTHIAZIDE 12.5 MG,ORAL TABLET
898372,SCD,BENAZEPRIL HYDROCHLORIDE 20 MG / HYDROCHLOROTHIAZIDE 25 MG ORAL TABLET,,BENAZEPRIL HYDROCHLORIDE 20 MG / HYDROCHLOROTHIAZIDE 25 MG,ORAL TABLET
898721,SBD,BENAZEPRIL HYDROCHLORIDE 40 MG ORAL TABLET [LOTENSIN],LOTENSIN,BENAZEPRIL HYDROCHLORIDE 40 MG,ORAL TABLET
898719,SCD,BENAZEPRIL HYDROCHLORIDE 40 MG ORAL TABLET,,BENAZEPRIL HYDROCHLORIDE 40 MG,ORAL TABLET
898723,SCD,BENAZEPRIL HYDROCHLORIDE 5 MG ORAL TABLET,,BENAZEPRIL HYDROCHLORIDE 5 MG,ORAL TABLET
898378,SCD,BENAZEPRIL HYDROCHLORIDE 5 MG / HYDROCHLOROTHIAZIDE 6.25 MG ORAL TABLET,,BENAZEPRIL HYDROCHLORIDE 5 MG / HYDROCHLOROTHIAZIDE 6.25 MG,ORAL TABLET
2679502,SBD,0.5 ML BENRALIZUMAB 20 MG/ML PREFILLED SYRINGE [FASENRA],FASENRA,BENRALIZUMAB 20 MG/ML,PREFILLED SYRINGE
2205634,SBD,1 ML BENRALIZUMAB 30 MG/ML AUTO-INJECTOR [FASENRA],FASENRA,BENRALIZUMAB 30 MG/ML,AUTO-INJECTOR
1989109,SBD,1 ML BENRALIZUMAB 30 MG/ML PREFILLED SYRINGE [FASENRA],FASENRA,BENRALIZUMAB 30 MG/ML,PREFILLED SYRINGE
2690642,SBD,BENZGALANTAMINE 10 MG DELAYED RELEASE ORAL TABLET [ZUNVEYL],ZUNVEYL,BENZGALANTAMINE 10 MG,DELAYED RELEASE ORAL TABLET
2690646,SBD,BENZGALANTAMINE 15 MG DELAYED RELEASE ORAL TABLET [ZUNVEYL],ZUNVEYL,BENZGALANTAMINE 15 MG,DELAYED RELEASE ORAL TABLET
2690638,SBD,BENZGALANTAMINE 5 MG DELAYED RELEASE ORAL TABLET [ZUNVEYL],ZUNVEYL,BENZGALANTAMINE 5 MG,DELAYED RELEASE ORAL TABLET
430551,SCD,BENZNIDAZOLE 100 MG ORAL TABLET,,BENZNIDAZOLE 100 MG,ORAL TABLET
1993222,SCD,BENZNIDAZOLE 12.5 MG ORAL TABLET,,BENZNIDAZOLE 12.5 MG,ORAL TABLET
885133,SBD,BENZOYL PEROXIDE 0.025 MG/MG / CLINDAMYCIN PHOSPHATE 0.012 MG/MG TOPICAL GEL [ACANYA],ACANYA,BENZOYL PEROXIDE 0.025 MG/MG / CLINDAMYCIN PHOSPHATE 0.012 MG/MG,TOPICAL GEL
885131,SCD,BENZOYL PEROXIDE 0.025 MG/MG / CLINDAMYCIN PHOSPHATE 0.012 MG/MG TOPICAL GEL,,BENZOYL PEROXIDE 0.025 MG/MG / CLINDAMYCIN PHOSPHATE 0.012 MG/MG,TOPICAL GEL
1598826,SBD,BENZOYL PEROXIDE 0.0375 MG/MG / CLINDAMYCIN PHOSPHATE 0.012 MG/MG TOPICAL GEL [ONEXTON],ONEXTON,BENZOYL PEROXIDE 0.0375 MG/MG / CLINDAMYCIN PHOSPHATE 0.012 MG/MG,TOPICAL GEL
1598470,SCD,BENZOYL PEROXIDE 0.0375 MG/MG / CLINDAMYCIN PHOSPHATE 0.012 MG/MG TOPICAL GEL,,BENZOYL PEROXIDE 0.0375 MG/MG / CLINDAMYCIN PHOSPHATE 0.012 MG/MG,TOPICAL GEL
358917,SCD,BENZOYL PEROXIDE 0.05 MG/MG / CLINDAMYCIN 0.01 MG/MG TOPICAL GEL,,BENZOYL PEROXIDE 0.05 MG/MG / CLINDAMYCIN 0.01 MG/MG,TOPICAL GEL
1540246,SBD,BENZOYL PEROXIDE 0.05 MG/MG / CLINDAMYCIN PHOSPHATE 0.012 MG/MG TOPICAL GEL [NEUAC],NEUAC,BENZOYL PEROXIDE 0.05 MG/MG / CLINDAMYCIN PHOSPHATE 0.012 MG/MG,TOPICAL GEL
1540241,SCD,BENZOYL PEROXIDE 0.05 MG/MG / CLINDAMYCIN PHOSPHATE 0.012 MG/MG TOPICAL GEL,,BENZOYL PEROXIDE 0.05 MG/MG / CLINDAMYCIN PHOSPHATE 0.012 MG/MG,TOPICAL GEL
244374,SCD,BENZOYL PEROXIDE 0.05 MG/MG / ERYTHROMYCIN 0.03 MG/MG TOPICAL GEL,,BENZOYL PEROXIDE 0.05 MG/MG / ERYTHROMYCIN 0.03 MG/MG,TOPICAL GEL
213082,SBD,BENZOYL PEROXIDE 0.05 MG/MG / ERYTHROMYCIN 0.03 MG/MG TOPICAL GEL [BENZAMYCIN],BENZAMYCIN,BENZOYL PEROXIDE 0.05 MG/MG / ERYTHROMYCIN 0.03 MG/MG,TOPICAL GEL
2565812,SBD,BENZOYL PEROXIDE 30 MG/ML / TRETINOIN 1 MG/ML TOPICAL CREAM [TWYNEO],TWYNEO,BENZOYL PEROXIDE 30 MG/ML / TRETINOIN 1 MG/ML,TOPICAL CREAM
2600969,SBD,BENZOYL PEROXIDE 50 MG/ML TOPICAL CREAM [EPSOLAY],EPSOLAY,BENZOYL PEROXIDE 50 MG/ML,TOPICAL CREAM
885219,SCD,BENZTROPINE MESYLATE 0.5 MG ORAL TABLET,,BENZTROPINE MESYLATE 0.5 MG,ORAL TABLET
885213,SCD,BENZTROPINE MESYLATE 1 MG ORAL TABLET,,BENZTROPINE MESYLATE 1 MG,ORAL TABLET
885209,SCD,BENZTROPINE MESYLATE 2 MG ORAL TABLET,,BENZTROPINE MESYLATE 2 MG,ORAL TABLET
863038,SCD,BEPOTASTINE BESILATE 15 MG/ML OPHTHALMIC SOLUTION,,BEPOTASTINE BESILATE 15 MG/ML,OPHTHALMIC SOLUTION
863042,SBD,BEPOTASTINE BESILATE 15 MG/ML OPHTHALMIC SOLUTION [BEPREVE],BEPREVE,BEPOTASTINE BESILATE 15 MG/ML,OPHTHALMIC SOLUTION
2710443,SBD,BERDAZIMER 0.103 MG/MG TOPICAL GEL [ZELSUVMI],ZELSUVMI,BERDAZIMER 0.103 MG/MG,TOPICAL GEL
2467575,SBD,BEROTRALSTAT 110 MG ORAL CAPSULE [ORLADEYO],ORLADEYO,BEROTRALSTAT 110 MG,ORAL CAPSULE
2467571,SBD,BEROTRALSTAT 150 MG ORAL CAPSULE [ORLADEYO],ORLADEYO,BEROTRALSTAT 150 MG,ORAL CAPSULE
850305,SCD,BESIFLOXACIN 6 MG/ML OPHTHALMIC SUSPENSION,,BESIFLOXACIN 6 MG/ML,OPHTHALMIC SUSPENSION
850309,SBD,BESIFLOXACIN 6 MG/ML OPHTHALMIC SUSPENSION [BESIVANCE],BESIVANCE,BESIFLOXACIN 6 MG/ML,OPHTHALMIC SUSPENSION
562847,SCD,BETAINE 1000 MG POWDER FOR ORAL SOLUTION,,BETAINE 1000 MG,POWDER FOR ORAL SOLUTION
404539,SBD,BETAINE 1000 MG POWDER FOR ORAL SOLUTION [CYSTADANE],CYSTADANE,BETAINE 1000 MG,POWDER FOR ORAL SOLUTION
197405,SCD,BETAMETHASONE 0.0005 MG/MG TOPICAL OINTMENT,,BETAMETHASONE 0.0005 MG/MG,TOPICAL OINTMENT
848180,SCD,AUGMENTED BETAMETHASONE 0.0005 MG/MG TOPICAL OINTMENT,,BETAMETHASONE 0.0005 MG/MG,TOPICAL OINTMENT
848200,SBD,AUGMENTED BETAMETHASONE 0.0005 MG/MG TOPICAL OINTMENT [DIPROLENE],DIPROLENE,BETAMETHASONE 0.0005 MG/MG,TOPICAL OINTMENT
848208,SCD,AUGMENTED BETAMETHASONE 0.0005 MG/MG TOPICAL GEL,,BETAMETHASONE 0.0005 MG/MG,TOPICAL GEL
388525,SCD,BETAMETHASONE 0.0005 MG/MG / CALCIPOTRIENE 0.00005 MG/MG TOPICAL OINTMENT,,BETAMETHASONE 0.0005 MG/MG / CALCIPOTRIENE 0.00005 MG/MG,TOPICAL OINTMENT
197409,SCD,BETAMETHASONE 0.001 MG/MG TOPICAL OINTMENT,,BETAMETHASONE 0.001 MG/MG,TOPICAL OINTMENT
848178,SCD,AUGMENTED BETAMETHASONE 0.5 MG/ML TOPICAL LOTION,,BETAMETHASONE 0.5 MG/ML,TOPICAL LOTION
848176,SCD,AUGMENTED BETAMETHASONE 0.5 MG/ML TOPICAL CREAM,,BETAMETHASONE 0.5 MG/ML,TOPICAL CREAM
238920,SCD,BETAMETHASONE 0.5 MG/ML TOPICAL CREAM,,BETAMETHASONE 0.5 MG/ML,TOPICAL CREAM
240209,SCD,BETAMETHASONE 0.5 MG/ML TOPICAL LOTION,,BETAMETHASONE 0.5 MG/ML,TOPICAL LOTION
833461,SCD,BETAMETHASONE 0.5 MG/ML / CALCIPOTRIENE 0.05 MG/ML TOPICAL LOTION,,BETAMETHASONE 0.5 MG/ML / CALCIPOTRIENE 0.05 MG/ML,TOPICAL LOTION
833463,SBD,BETAMETHASONE 0.5 MG/ML / CALCIPOTRIENE 0.05 MG/ML TOPICAL LOTION [TACLONEX],TACLONEX,BETAMETHASONE 0.5 MG/ML / CALCIPOTRIENE 0.05 MG/ML,TOPICAL LOTION
308714,SCD,BETAMETHASONE 0.5 MG/ML / CLOTRIMAZOLE 10 MG/ML TOPICAL CREAM,,BETAMETHASONE 0.5 MG/ML / CLOTRIMAZOLE 10 MG/ML,TOPICAL CREAM
308715,SCD,BETAMETHASONE 0.5 MG/ML / CLOTRIMAZOLE 10 MG/ML TOPICAL LOTION,,BETAMETHASONE 0.5 MG/ML / CLOTRIMAZOLE 10 MG/ML,TOPICAL LOTION
197408,SCD,BETAMETHASONE 1 MG/ML TOPICAL LOTION,,BETAMETHASONE 1 MG/ML,TOPICAL LOTION
197407,SCD,BETAMETHASONE 1 MG/ML TOPICAL CREAM,,BETAMETHASONE 1 MG/ML,TOPICAL CREAM
1716099,SBD,BETAMETHASONE DIPROPIONATE 0.643 MG/ML / CALCIPOTRIENE 0.05 MG/ML TOPICAL FOAM [ENSTILAR],ENSTILAR,BETAMETHASONE DIPROPIONATE 0.643 MG/ML / CALCIPOTRIENE 0.05 MG/ML,TOPICAL FOAM
1244634,SCD,BETAMETHASONE VALERATE 1.2 MG/ML TOPICAL FOAM,,BETAMETHASONE VALERATE 1.2 MG/ML,TOPICAL FOAM
213729,SBD,BETAXOLOL 2.5 MG/ML OPHTHALMIC SUSPENSION [BETOPTIC S],BETOPTIC S,BETAXOLOL 2.5 MG/ML,OPHTHALMIC SUSPENSION
308720,SCD,BETAXOLOL 5 MG/ML OPHTHALMIC SOLUTION,,BETAXOLOL 5 MG/ML,OPHTHALMIC SOLUTION
1297753,SCD,BETAXOLOL HYDROCHLORIDE 10 MG ORAL TABLET,,BETAXOLOL HYDROCHLORIDE 10 MG,ORAL TABLET
1297757,SCD,BETAXOLOL HYDROCHLORIDE 20 MG ORAL TABLET,,BETAXOLOL HYDROCHLORIDE 20 MG,ORAL TABLET
857321,SCD,BETHANECHOL CHLORIDE 10 MG ORAL TABLET,,BETHANECHOL CHLORIDE 10 MG,ORAL TABLET
857328,SCD,BETHANECHOL CHLORIDE 25 MG ORAL TABLET,,BETHANECHOL CHLORIDE 25 MG,ORAL TABLET
857336,SCD,BETHANECHOL CHLORIDE 5 MG ORAL TABLET,,BETHANECHOL CHLORIDE 5 MG,ORAL TABLET
857340,SCD,BETHANECHOL CHLORIDE 50 MG ORAL TABLET,,BETHANECHOL CHLORIDE 50 MG,ORAL TABLET
308724,SCD,BEXAROTENE 0.01 MG/MG TOPICAL GEL,,BEXAROTENE 0.01 MG/MG,TOPICAL GEL
991233,SBD,BEXAROTENE 0.01 MG/MG TOPICAL GEL [TARGRETIN],TARGRETIN,BEXAROTENE 0.01 MG/MG,TOPICAL GEL
308725,SCD,BEXAROTENE 75 MG ORAL CAPSULE,,BEXAROTENE 75 MG,ORAL CAPSULE
261349,SBD,BEXAROTENE 75 MG ORAL CAPSULE [TARGRETIN],TARGRETIN,BEXAROTENE 75 MG,ORAL CAPSULE
108828,SBD,BICALUTAMIDE 50 MG ORAL TABLET [CASODEX],CASODEX,BICALUTAMIDE 50 MG,ORAL TABLET
199123,SCD,BICALUTAMIDE 50 MG ORAL TABLET,,BICALUTAMIDE 50 MG,ORAL TABLET
2584356,SBD,BICTEGRAVIR 30 MG / EMTRICITABINE 120 MG / TENOFOVIR ALAFENAMIDE 15 MG ORAL TABLET [BIKTARVY],BIKTARVY,BICTEGRAVIR 30 MG / EMTRICITABINE 120 MG / TENOFOVIR ALAFENAMIDE 15 MG,ORAL TABLET
1999673,SBD,BICTEGRAVIR 50 MG / EMTRICITABINE 200 MG / TENOFOVIR ALAFENAMIDE 25 MG ORAL TABLET [BIKTARVY],BIKTARVY,BICTEGRAVIR 50 MG / EMTRICITABINE 200 MG / TENOFOVIR ALAFENAMIDE 25 MG,ORAL TABLET
2725620,SBD,BIMATOPROST 0.0001 MG/MG OPHTHALMIC GEL [ZOLYMBUS],ZOLYMBUS,BIMATOPROST 0.0001 MG/MG,OPHTHALMIC GEL
1009341,SBD,BIMATOPROST 0.1 MG/ML OPHTHALMIC SOLUTION [LUMIGAN],LUMIGAN,BIMATOPROST 0.1 MG/ML,OPHTHALMIC SOLUTION
1009339,SCD,BIMATOPROST 0.1 MG/ML OPHTHALMIC SOLUTION,,BIMATOPROST 0.1 MG/ML,OPHTHALMIC SOLUTION
308739,SCD,BIMATOPROST 0.3 MG/ML OPHTHALMIC SOLUTION,,BIMATOPROST 0.3 MG/ML,OPHTHALMIC SOLUTION
2699122,SBD,2 ML BIMEKIZUMAB-BKZX 160 MG/ML AUTO-INJECTOR [BIMZELX],BIMZELX,BIMEKIZUMAB-BKZX 160 MG/ML,AUTO-INJECTOR
2699124,SBD,2 ML BIMEKIZUMAB-BKZX 160 MG/ML PREFILLED SYRINGE [BIMZELX],BIMZELX,BIMEKIZUMAB-BKZX 160 MG/ML,PREFILLED SYRINGE
2668093,SBD,1 ML BIMEKIZUMAB-BKZX 160 MG/ML PREFILLED SYRINGE [BIMZELX],BIMZELX,BIMEKIZUMAB-BKZX 160 MG/ML,PREFILLED SYRINGE
2668103,SBD,1 ML BIMEKIZUMAB-BKZX 160 MG/ML AUTO-INJECTOR [BIMZELX],BIMZELX,BIMEKIZUMAB-BKZX 160 MG/ML,AUTO-INJECTOR
2049133,SBD,BINIMETINIB 15 MG ORAL TABLET [MEKTOVI],MEKTOVI,BINIMETINIB 15 MG,ORAL TABLET
2675592,SBD,BIRCH TRITERPENES 0.1 MG/MG TOPICAL GEL [FILSUVEZ],FILSUVEZ,BIRCH TRITERPENES 0.1 MG/MG,TOPICAL GEL
1294621,SBD,BISMUTH SUBCITRATE 140 MG / METRONIDAZOLE 125 MG / TETRACYCLINE HYDROCHLORIDE 125 MG ORAL CAPSULE [PYLERA],PYLERA,BISMUTH SUBCITRATE 140 MG / METRONIDAZOLE 125 MG / TETRACYCLINE HYDROCHLORIDE 125 MG,ORAL CAPSULE
1294619,SCD,BISMUTH SUBCITRATE 140 MG / METRONIDAZOLE 125 MG / TETRACYCLINE HYDROCHLORIDE 125 MG ORAL CAPSULE,,BISMUTH SUBCITRATE 140 MG / METRONIDAZOLE 125 MG / TETRACYCLINE HYDROCHLORIDE 125 MG,ORAL CAPSULE
854901,SCD,BISOPROLOL FUMARATE 10 MG ORAL TABLET,,BISOPROLOL FUMARATE 10 MG,ORAL TABLET
854908,SCD,BISOPROLOL FUMARATE 10 MG / HYDROCHLOROTHIAZIDE 6.25 MG ORAL TABLET,,BISOPROLOL FUMARATE 10 MG / HYDROCHLOROTHIAZIDE 6.25 MG,ORAL TABLET
865155,SCD,BISOPROLOL FUMARATE 2.5 MG ORAL TABLET,,BISOPROLOL FUMARATE 2.5 MG,ORAL TABLET
854916,SCD,BISOPROLOL FUMARATE 2.5 MG / HYDROCHLOROTHIAZIDE 6.25 MG ORAL TABLET,,BISOPROLOL FUMARATE 2.5 MG / HYDROCHLOROTHIAZIDE 6.25 MG,ORAL TABLET
854905,SCD,BISOPROLOL FUMARATE 5 MG ORAL TABLET,,BISOPROLOL FUMARATE 5 MG,ORAL TABLET
854919,SCD,BISOPROLOL FUMARATE 5 MG / HYDROCHLOROTHIAZIDE 6.25 MG ORAL TABLET,,BISOPROLOL FUMARATE 5 MG / HYDROCHLOROTHIAZIDE 6.25 MG,ORAL TABLET
1300191,SBD,"0.5 ML BORDETELLA PERTUSSIS FILAMENTOUS HEMAGGLUTININ VACCINE, INACTIVATED 0.01 MG/ML / BORDETELLA PERTUSSIS FIMBRIAE 2/3 VACCINE, INACTIVATED 0.01 MG/ML / BORDETELLA PERTUSSIS PERTACTIN VACCINE, INACTIVATED 0.006 MG/ML / BORDETELLA PERTUSSIS TOXOID VACCINE, INACTIVATED 0.005 MG/ML / DIPHTHERIA TOXOID VACCINE, INACTIVATED 4 UNT/ML / TETANUS TOXOID VACCINE, INACTIVATED 10 UNT/ML PREFILLED SYRINGE [ADACEL]",ADACEL,"BORDETELLA PERTUSSIS FILAMENTOUS HEMAGGLUTININ VACCINE, INACTIVATED 0.01 MG/ML / BORDETELLA PERTUSSIS FIMBRIAE 2/3 VACCINE, INACTIVATED 0.01 MG/ML / BORDETELLA PERTUSSIS PERTACTIN VACCINE, INACTIVATED 0.006 MG/ML / BORDETELLA PERTUSSIS TOXOID VACCINE",PREFILLED SYRINGE
1300206,SBD,"0.5 ML BORDETELLA PERTUSSIS FILAMENTOUS HEMAGGLUTININ VACCINE, INACTIVATED 0.01 MG/ML / BORDETELLA PERTUSSIS FIMBRIAE 2/3 VACCINE, INACTIVATED 0.01 MG/ML / BORDETELLA PERTUSSIS PERTACTIN VACCINE, INACTIVATED 0.006 MG/ML / BORDETELLA PERTUSSIS TOXOID VACCINE, INACTIVATED 0.005 MG/ML / DIPHTHERIA TOXOID VACCINE, INACTIVATED 4 UNT/ML / TETANUS TOXOID VACCINE, INACTIVATED 10 UNT/ML INJECTION [ADACEL]",ADACEL,"BORDETELLA PERTUSSIS FILAMENTOUS HEMAGGLUTININ VACCINE, INACTIVATED 0.01 MG/ML / BORDETELLA PERTUSSIS FIMBRIAE 2/3 VACCINE, INACTIVATED 0.01 MG/ML / BORDETELLA PERTUSSIS PERTACTIN VACCINE, INACTIVATED 0.006 MG/ML / BORDETELLA PERTUSSIS TOXOID VACCINE",INJECTION
1300310,SBD,"0.5 ML BORDETELLA PERTUSSIS FILAMENTOUS HEMAGGLUTININ VACCINE, INACTIVATED 0.01 MG/ML / BORDETELLA PERTUSSIS FIMBRIAE 2/3 VACCINE, INACTIVATED 0.01 MG/ML / BORDETELLA PERTUSSIS PERTACTIN VACCINE, INACTIVATED 0.006 MG/ML / BORDETELLA PERTUSSIS TOXOID VACCINE, INACTIVATED 0.02 MG/ML / DIPHTHERIA TOXOID VACCINE, INACTIVATED 30 UNT/ML / TETANUS TOXOID VACCINE, INACTIVATED 10 UNT/ML INJECTION [DAPTACEL]",DAPTACEL,"BORDETELLA PERTUSSIS FILAMENTOUS HEMAGGLUTININ VACCINE, INACTIVATED 0.01 MG/ML / BORDETELLA PERTUSSIS FIMBRIAE 2/3 VACCINE, INACTIVATED 0.01 MG/ML / BORDETELLA PERTUSSIS PERTACTIN VACCINE, INACTIVATED 0.006 MG/ML / BORDETELLA PERTUSSIS TOXOID VACCINE",INJECTION
1300370,SBD,"0.5 ML BORDETELLA PERTUSSIS FILAMENTOUS HEMAGGLUTININ VACCINE, INACTIVATED 0.016 MG/ML / BORDETELLA PERTUSSIS PERTACTIN VACCINE, INACTIVATED 0.005 MG/ML / BORDETELLA PERTUSSIS TOXOID VACCINE, INACTIVATED 0.016 MG/ML / DIPHTHERIA TOXOID VACCINE, INACTIVATED 5 UNT/ML / TETANUS TOXOID VACCINE, INACTIVATED 10 UNT/ML PREFILLED SYRINGE [BOOSTRIX]",BOOSTRIX,"BORDETELLA PERTUSSIS FILAMENTOUS HEMAGGLUTININ VACCINE, INACTIVATED 0.016 MG/ML / BORDETELLA PERTUSSIS PERTACTIN VACCINE, INACTIVATED 0.005 MG/ML / BORDETELLA PERTUSSIS TOXOID VACCINE, INACTIVATED 0.016 MG/ML / DIPHTHERIA TOXOID VACCINE, INACTIVATED",PREFILLED SYRINGE
2587057,SBD,"0.5 ML BORDETELLA PERTUSSIS FILAMENTOUS HEMAGGLUTININ VACCINE, INACTIVATED 0.04 MG/ML / BORDETELLA PERTUSSIS FIMBRIAE 2/3 VACCINE, INACTIVATED 0.01 MG/ML / BORDETELLA PERTUSSIS PERTACTIN VACCINE, INACTIVATED 0.006 MG/ML / BORDETELLA PERTUSSIS TOXOID VACCINE, INACTIVATED 0.04 MG/ML / DIPHTHERIA TOXOID VACCINE, INACTIVATED 30 UNT/ML / POLIOVIRUS VACCINE INACTIVATED, TYPE 1 (MAHONEY) 58 UNT/ML / POLIOVIRUS VACCINE INACTIVATED, TYPE 2 (MEF-1) 14 UNT/ML / POLIOVIRUS VACCINE INACTIVATED, TYPE 3 (SAUKETT) 52 UNT/ML / TETANUS TOXOID VACCINE, INACTIVATED 10 UNT/ML INJECTION [QUADRACEL]",QUADRACEL,"BORDETELLA PERTUSSIS FILAMENTOUS HEMAGGLUTININ VACCINE, INACTIVATED 0.04 MG/ML / BORDETELLA PERTUSSIS FIMBRIAE 2/3 VACCINE, INACTIVATED 0.01 MG/ML / BORDETELLA PERTUSSIS PERTACTIN VACCINE, INACTIVATED 0.006 MG/ML / BORDETELLA PERTUSSIS TOXOID VACCINE",INJECTION
2593121,SBD,"0.5 ML BORDETELLA PERTUSSIS FILAMENTOUS HEMAGGLUTININ VACCINE, INACTIVATED 0.04 MG/ML / BORDETELLA PERTUSSIS FIMBRIAE 2/3 VACCINE, INACTIVATED 0.01 MG/ML / BORDETELLA PERTUSSIS PERTACTIN VACCINE, INACTIVATED 0.006 MG/ML / BORDETELLA PERTUSSIS TOXOID VACCINE, INACTIVATED 0.04 MG/ML / DIPHTHERIA TOXOID VACCINE, INACTIVATED 30 UNT/ML / POLIOVIRUS VACCINE INACTIVATED, TYPE 1 (MAHONEY) 58 UNT/ML / POLIOVIRUS VACCINE INACTIVATED, TYPE 2 (MEF-1) 14 UNT/ML / POLIOVIRUS VACCINE INACTIVATED, TYPE 3 (SAUKETT) 52 UNT/ML / TETANUS TOXOID VACCINE, INACTIVATED 10 UNT/ML PREFILLED SYRINGE [QUADRACEL]",QUADRACEL,"BORDETELLA PERTUSSIS FILAMENTOUS HEMAGGLUTININ VACCINE, INACTIVATED 0.04 MG/ML / BORDETELLA PERTUSSIS FIMBRIAE 2/3 VACCINE, INACTIVATED 0.01 MG/ML / BORDETELLA PERTUSSIS PERTACTIN VACCINE, INACTIVATED 0.006 MG/ML / BORDETELLA PERTUSSIS TOXOID VACCINE",PREFILLED SYRINGE
1300384,SBD,"0.5 ML BORDETELLA PERTUSSIS FILAMENTOUS HEMAGGLUTININ VACCINE, INACTIVATED 0.05 MG/ML / BORDETELLA PERTUSSIS PERTACTIN VACCINE, INACTIVATED 0.016 MG/ML / BORDETELLA PERTUSSIS TOXOID VACCINE, INACTIVATED 0.05 MG/ML / DIPHTHERIA TOXOID VACCINE, INACTIVATED 50 UNT/ML / TETANUS TOXOID VACCINE, INACTIVATED 20 UNT/ML PREFILLED SYRINGE [INFANRIX]",INFANRIX,"BORDETELLA PERTUSSIS FILAMENTOUS HEMAGGLUTININ VACCINE, INACTIVATED 0.05 MG/ML / BORDETELLA PERTUSSIS PERTACTIN VACCINE, INACTIVATED 0.016 MG/ML / BORDETELLA PERTUSSIS TOXOID VACCINE, INACTIVATED 0.05 MG/ML / DIPHTHERIA TOXOID VACCINE, INACTIVATED 50",PREFILLED SYRINGE
656659,SCD,BOSENTAN 125 MG ORAL TABLET,,BOSENTAN 125 MG,ORAL TABLET
656660,SBD,BOSENTAN 125 MG ORAL TABLET [TRACLEER],TRACLEER,BOSENTAN 125 MG,ORAL TABLET
1989085,SBD,BOSENTAN 32 MG TABLET FOR ORAL SUSPENSION [TRACLEER],TRACLEER,BOSENTAN 32 MG,TABLET FOR ORAL SUSPENSION
1989081,SCD,BOSENTAN 32 MG TABLET FOR ORAL SUSPENSION,,BOSENTAN 32 MG,TABLET FOR ORAL SUSPENSION
349253,SCD,BOSENTAN 62.5 MG ORAL TABLET,,BOSENTAN 62.5 MG,ORAL TABLET
352066,SBD,BOSENTAN 62.5 MG ORAL TABLET [TRACLEER],TRACLEER,BOSENTAN 62.5 MG,ORAL TABLET
1307630,SBD,BOSUTINIB 100 MG ORAL TABLET [BOSULIF],BOSULIF,BOSUTINIB 100 MG,ORAL TABLET
2672326,SBD,BOSUTINIB 100 MG ORAL CAPSULE [BOSULIF],BOSULIF,BOSUTINIB 100 MG,ORAL CAPSULE
1987732,SCD,BOSUTINIB 400 MG ORAL TABLET,,BOSUTINIB 400 MG,ORAL TABLET
1987734,SBD,BOSUTINIB 400 MG ORAL TABLET [BOSULIF],BOSULIF,BOSUTINIB 400 MG,ORAL TABLET
2672328,SBD,BOSUTINIB 50 MG ORAL CAPSULE [BOSULIF],BOSULIF,BOSUTINIB 50 MG,ORAL CAPSULE
1307635,SBD,BOSUTINIB 500 MG ORAL TABLET [BOSULIF],BOSULIF,BOSUTINIB 500 MG,ORAL TABLET
2721891,SBD,BRENSOCATIB 10 MG ORAL TABLET [BRINSUPRI],BRINSUPRI,BRENSOCATIB 10 MG,ORAL TABLET
2721895,SBD,BRENSOCATIB 25 MG ORAL TABLET [BRINSUPRI],BRINSUPRI,BRENSOCATIB 25 MG,ORAL TABLET
1658325,SBD,BREXPIPRAZOLE 0.25 MG ORAL TABLET [REXULTI],REXULTI,BREXPIPRAZOLE 0.25 MG,ORAL TABLET
1658329,SBD,BREXPIPRAZOLE 0.5 MG ORAL TABLET [REXULTI],REXULTI,BREXPIPRAZOLE 0.5 MG,ORAL TABLET
1658333,SBD,BREXPIPRAZOLE 1 MG ORAL TABLET [REXULTI],REXULTI,BREXPIPRAZOLE 1 MG,ORAL TABLET
1658337,SBD,BREXPIPRAZOLE 2 MG ORAL TABLET [REXULTI],REXULTI,BREXPIPRAZOLE 2 MG,ORAL TABLET
1658341,SBD,BREXPIPRAZOLE 3 MG ORAL TABLET [REXULTI],REXULTI,BREXPIPRAZOLE 3 MG,ORAL TABLET
1658345,SBD,BREXPIPRAZOLE 4 MG ORAL TABLET [REXULTI],REXULTI,BREXPIPRAZOLE 4 MG,ORAL TABLET
1988772,SBD,BRIGATINIB 180 MG ORAL TABLET [ALUNBRIG],ALUNBRIG,BRIGATINIB 180 MG,ORAL TABLET
1988786,BPCK,{23 (BRIGATINIB 180 MG ORAL TABLET [ALUNBRIG]) / 7 (BRIGATINIB 90 MG ORAL TABLET [ALUNBRIG]) } PACK [ALUNBRIG INITIATION PACK],ALUNBRIG INITIATION PACK,BRIGATINIB 180 MG / BRIGATINIB 90 MG,PACK
1921228,SBD,BRIGATINIB 30 MG ORAL TABLET [ALUNBRIG],ALUNBRIG,BRIGATINIB 30 MG,ORAL TABLET
1988768,SBD,BRIGATINIB 90 MG ORAL TABLET [ALUNBRIG],ALUNBRIG,BRIGATINIB 90 MG,ORAL TABLET
1437709,SBD,BRIMONIDINE 0.0033 MG/MG TOPICAL GEL [MIRVASO],MIRVASO,BRIMONIDINE 0.0033 MG/MG,TOPICAL GEL
1437707,SCD,BRIMONIDINE 0.0033 MG/MG TOPICAL GEL,,BRIMONIDINE 0.0033 MG/MG,TOPICAL GEL
861204,SCD,BRIMONIDINE TARTRATE 1 MG/ML OPHTHALMIC SOLUTION,,BRIMONIDINE TARTRATE 1 MG/ML,OPHTHALMIC SOLUTION
861206,SBD,BRIMONIDINE TARTRATE 1 MG/ML OPHTHALMIC SOLUTION [ALPHAGAN],ALPHAGAN,BRIMONIDINE TARTRATE 1 MG/ML,OPHTHALMIC SOLUTION
861210,SBD,BRIMONIDINE TARTRATE 1.5 MG/ML OPHTHALMIC SOLUTION [ALPHAGAN],ALPHAGAN,BRIMONIDINE TARTRATE 1.5 MG/ML,OPHTHALMIC SOLUTION
861208,SCD,BRIMONIDINE TARTRATE 1.5 MG/ML OPHTHALMIC SOLUTION,,BRIMONIDINE TARTRATE 1.5 MG/ML,OPHTHALMIC SOLUTION
861200,SCD,BRIMONIDINE TARTRATE 2 MG/ML OPHTHALMIC SOLUTION,,BRIMONIDINE TARTRATE 2 MG/ML,OPHTHALMIC SOLUTION
1421456,SBD,BRIMONIDINE TARTRATE 2 MG/ML / BRINZOLAMIDE 10 MG/ML OPHTHALMIC SUSPENSION [SIMBRINZA],SIMBRINZA,BRIMONIDINE TARTRATE 2 MG/ML / BRINZOLAMIDE 10 MG/ML,OPHTHALMIC SUSPENSION
861637,SBD,BRIMONIDINE TARTRATE 2 MG/ML / TIMOLOL 5 MG/ML OPHTHALMIC SOLUTION [COMBIGAN],COMBIGAN,BRIMONIDINE TARTRATE 2 MG/ML / TIMOLOL 5 MG/ML,OPHTHALMIC SOLUTION
861635,SCD,BRIMONIDINE TARTRATE 2 MG/ML / TIMOLOL 5 MG/ML OPHTHALMIC SOLUTION,,BRIMONIDINE TARTRATE 2 MG/ML / TIMOLOL 5 MG/ML,OPHTHALMIC SOLUTION
308805,SCD,BRINZOLAMIDE 10 MG/ML OPHTHALMIC SUSPENSION,,BRINZOLAMIDE 10 MG/ML,OPHTHALMIC SUSPENSION
213272,SBD,BRINZOLAMIDE 10 MG/ML OPHTHALMIC SUSPENSION [AZOPT],AZOPT,BRINZOLAMIDE 10 MG/ML,OPHTHALMIC SUSPENSION
1739766,SBD,BRIVARACETAM 10 MG ORAL TABLET [BRIVIACT],BRIVIACT,BRIVARACETAM 10 MG,ORAL TABLET
1739761,SCD,BRIVARACETAM 10 MG ORAL TABLET,,BRIVARACETAM 10 MG,ORAL TABLET
1739788,SBD,BRIVARACETAM 10 MG/ML ORAL SOLUTION [BRIVIACT],BRIVIACT,BRIVARACETAM 10 MG/ML,ORAL SOLUTION
1739785,SCD,BRIVARACETAM 10 MG/ML ORAL SOLUTION,,BRIVARACETAM 10 MG/ML,ORAL SOLUTION
1739770,SBD,BRIVARACETAM 100 MG ORAL TABLET [BRIVIACT],BRIVIACT,BRIVARACETAM 100 MG,ORAL TABLET
1739768,SCD,BRIVARACETAM 100 MG ORAL TABLET,,BRIVARACETAM 100 MG,ORAL TABLET
1739774,SBD,BRIVARACETAM 25 MG ORAL TABLET [BRIVIACT],BRIVIACT,BRIVARACETAM 25 MG,ORAL TABLET
1739772,SCD,BRIVARACETAM 25 MG ORAL TABLET,,BRIVARACETAM 25 MG,ORAL TABLET
1739776,SCD,BRIVARACETAM 50 MG ORAL TABLET,,BRIVARACETAM 50 MG,ORAL TABLET
1739778,SBD,BRIVARACETAM 50 MG ORAL TABLET [BRIVIACT],BRIVIACT,BRIVARACETAM 50 MG,ORAL TABLET
1739782,SBD,BRIVARACETAM 75 MG ORAL TABLET [BRIVIACT],BRIVIACT,BRIVARACETAM 75 MG,ORAL TABLET
1739780,SCD,BRIVARACETAM 75 MG ORAL TABLET,,BRIVARACETAM 75 MG,ORAL TABLET
1872261,SBD,1.5 ML BRODALUMAB 140 MG/ML PREFILLED SYRINGE [SILIQ],SILIQ,BRODALUMAB 140 MG/ML,PREFILLED SYRINGE
1375917,SCD,BROMFENAC 0.7 MG/ML OPHTHALMIC SOLUTION,,BROMFENAC 0.7 MG/ML,OPHTHALMIC SOLUTION
1375922,SBD,BROMFENAC 0.7 MG/ML OPHTHALMIC SOLUTION [PROLENSA],PROLENSA,BROMFENAC 0.7 MG/ML,OPHTHALMIC SOLUTION
1790146,SBD,BROMFENAC 0.75 MG/ML OPHTHALMIC SOLUTION [BROMSITE],BROMSITE,BROMFENAC 0.75 MG/ML,OPHTHALMIC SOLUTION
1790141,SCD,BROMFENAC 0.75 MG/ML OPHTHALMIC SOLUTION,,BROMFENAC 0.75 MG/ML,OPHTHALMIC SOLUTION
578018,SCD,BROMFENAC 0.9 MG/ML OPHTHALMIC SOLUTION,,BROMFENAC 0.9 MG/ML,OPHTHALMIC SOLUTION
859081,SBD,BROMOCRIPTINE 0.8 MG ORAL TABLET [CYCLOSET],CYCLOSET,BROMOCRIPTINE 0.8 MG,ORAL TABLET
197411,SCD,BROMOCRIPTINE 2.5 MG ORAL TABLET,,BROMOCRIPTINE 2.5 MG,ORAL TABLET
105446,SBD,BROMOCRIPTINE 2.5 MG ORAL TABLET [PARLODEL],PARLODEL,BROMOCRIPTINE 2.5 MG,ORAL TABLET
197412,SCD,BROMOCRIPTINE 5 MG ORAL CAPSULE,,BROMOCRIPTINE 5 MG,ORAL CAPSULE
105050,SBD,BROMOCRIPTINE 5 MG ORAL CAPSULE [PARLODEL],PARLODEL,BROMOCRIPTINE 5 MG,ORAL CAPSULE
2597673,SBD,120 ACTUAT BUDESONIDE 0.08 MG/ACTUAT / FORMOTEROL FUMARATE 0.0045 MG/ACTUAT METERED DOSE INHALER [BREYNA],BREYNA,BUDESONIDE 0.08 MG/ACTUAT / FORMOTEROL FUMARATE 0.0045 MG/ACTUAT,METERED DOSE INHALER
1246288,SCD,120 ACTUAT BUDESONIDE 0.08 MG/ACTUAT / FORMOTEROL FUMARATE 0.0045 MG/ACTUAT METERED DOSE INHALER,,BUDESONIDE 0.08 MG/ACTUAT / FORMOTEROL FUMARATE 0.0045 MG/ACTUAT,METERED DOSE INHALER
1246290,SBD,120 ACTUAT BUDESONIDE 0.08 MG/ACTUAT / FORMOTEROL FUMARATE 0.0045 MG/ACTUAT METERED DOSE INHALER [SYMBICORT],SYMBICORT,BUDESONIDE 0.08 MG/ACTUAT / FORMOTEROL FUMARATE 0.0045 MG/ACTUAT,METERED DOSE INHALER
966529,SBD,60 ACTUAT BUDESONIDE 0.09 MG/ACTUAT DRY POWDER INHALER [PULMICORT],PULMICORT,BUDESONIDE 0.09 MG/ACTUAT,DRY POWDER INHALER
349094,SCD,BUDESONIDE 0.125 MG/ML INHALATION SUSPENSION,,BUDESONIDE 0.125 MG/ML,INHALATION SUSPENSION
616830,SBD,BUDESONIDE 0.125 MG/ML INHALATION SUSPENSION [PULMICORT],PULMICORT,BUDESONIDE 0.125 MG/ML,INHALATION SUSPENSION
1246306,SBD,120 ACTUAT BUDESONIDE 0.16 MG/ACTUAT / FORMOTEROL FUMARATE 0.0045 MG/ACTUAT METERED DOSE INHALER [SYMBICORT],SYMBICORT,BUDESONIDE 0.16 MG/ACTUAT / FORMOTEROL FUMARATE 0.0045 MG/ACTUAT,METERED DOSE INHALER
2597670,SBD,120 ACTUAT BUDESONIDE 0.16 MG/ACTUAT / FORMOTEROL FUMARATE 0.0045 MG/ACTUAT METERED DOSE INHALER [BREYNA],BREYNA,BUDESONIDE 0.16 MG/ACTUAT / FORMOTEROL FUMARATE 0.0045 MG/ACTUAT,METERED DOSE INHALER
1246304,SCD,120 ACTUAT BUDESONIDE 0.16 MG/ACTUAT / FORMOTEROL FUMARATE 0.0045 MG/ACTUAT METERED DOSE INHALER,,BUDESONIDE 0.16 MG/ACTUAT / FORMOTEROL FUMARATE 0.0045 MG/ACTUAT,METERED DOSE INHALER
2387331,SBD,120 ACTUAT BUDESONIDE 0.16 MG/ACTUAT / FORMOTEROL FUMARATE 0.0048 MG/ACTUAT / GLYCOPYRROLATE 0.009 MG/ACTUAT METERED DOSE INHALER [BREZTRI],BREZTRI,BUDESONIDE 0.16 MG/ACTUAT / FORMOTEROL FUMARATE 0.0048 MG/ACTUAT / GLYCOPYRROLATE 0.009 MG/ACTUAT,METERED DOSE INHALER
2741711,SBD,120 ACTUAT BUDESONIDE 0.16 MG/ACTUAT / FORMOTEROL FUMARATE 0.0048 MG/ACTUAT / GLYCOPYRROLATE 0.018 MG/ACTUAT METERED DOSE INHALER [BREZTRI],BREZTRI,BUDESONIDE 0.16 MG/ACTUAT / FORMOTEROL FUMARATE 0.0048 MG/ACTUAT / GLYCOPYRROLATE 0.018 MG/ACTUAT,METERED DOSE INHALER
966524,SBD,120 ACTUAT BUDESONIDE 0.18 MG/ACTUAT DRY POWDER INHALER [PULMICORT],PULMICORT,BUDESONIDE 0.18 MG/ACTUAT,DRY POWDER INHALER
2675286,SBD,BUDESONIDE 0.2 MG/ML ORAL SUSPENSION [EOHILIA],EOHILIA,BUDESONIDE 0.2 MG/ML,ORAL SUSPENSION
616817,SBD,BUDESONIDE 0.25 MG/ML INHALATION SUSPENSION [PULMICORT],PULMICORT,BUDESONIDE 0.25 MG/ML,INHALATION SUSPENSION
351109,SCD,BUDESONIDE 0.25 MG/ML INHALATION SUSPENSION,,BUDESONIDE 0.25 MG/ML,INHALATION SUSPENSION
252559,SCD,BUDESONIDE 0.5 MG/ML INHALATION SUSPENSION,,BUDESONIDE 0.5 MG/ML,INHALATION SUSPENSION
616819,SBD,BUDESONIDE 0.5 MG/ML INHALATION SUSPENSION [PULMICORT],PULMICORT,BUDESONIDE 0.5 MG/ML,INHALATION SUSPENSION
1596779,SCD,14 ACTUAT BUDESONIDE 2 MG/ACTUAT RECTAL FOAM,,BUDESONIDE 2 MG/ACTUAT,RECTAL FOAM
1596778,SBD,14 ACTUAT BUDESONIDE 2 MG/ACTUAT RECTAL FOAM [UCERIS],UCERIS,BUDESONIDE 2 MG/ACTUAT,RECTAL FOAM
1244214,SCD,BUDESONIDE 3 MG DELAYED RELEASE ORAL CAPSULE,,BUDESONIDE 3 MG,DELAYED RELEASE ORAL CAPSULE
2587889,SBD,BUDESONIDE 4 MG DELAYED RELEASE ORAL CAPSULE [TARPEYO],TARPEYO,BUDESONIDE 4 MG,DELAYED RELEASE ORAL CAPSULE
1366550,SCD,24 HR BUDESONIDE 9 MG EXTENDED RELEASE ORAL TABLET,,BUDESONIDE 9 MG,EXTENDED RELEASE ORAL TABLET
1366556,SBD,24 HR BUDESONIDE 9 MG EXTENDED RELEASE ORAL TABLET [UCERIS],UCERIS,BUDESONIDE 9 MG,EXTENDED RELEASE ORAL TABLET
2743617,SBD,BULEVIRTIDE-GMOD 8.5 MG INJECTION [HEPCLUDEX],HEPCLUDEX,BULEVIRTIDE-GMOD 8.5 MG,INJECTION
1727569,SCD,4 ML BUMETANIDE 0.25 MG/ML INJECTION,,BUMETANIDE 0.25 MG/ML,INJECTION
197417,SCD,BUMETANIDE 0.5 MG ORAL TABLET,,BUMETANIDE 0.5 MG,ORAL TABLET
197418,SCD,BUMETANIDE 1 MG ORAL TABLET,,BUMETANIDE 1 MG,ORAL TABLET
197419,SCD,BUMETANIDE 2 MG ORAL TABLET,,BUMETANIDE 2 MG,ORAL TABLET
2724443,SBD,BUMETANIDE 5 MG/ML NASAL SPRAY [ENBUMYST],ENBUMYST,BUMETANIDE 5 MG/ML,NASAL SPRAY
904880,SCD,168 HR BUPRENORPHINE 0.005 MG/HR TRANSDERMAL SYSTEM,,BUPRENORPHINE 0.005 MG/HR,TRANSDERMAL SYSTEM
904882,SBD,168 HR BUPRENORPHINE 0.005 MG/HR TRANSDERMAL SYSTEM [BUTRANS],BUTRANS,BUPRENORPHINE 0.005 MG/HR,TRANSDERMAL SYSTEM
1542999,SBD,168 HR BUPRENORPHINE 0.0075 MG/HR TRANSDERMAL SYSTEM [BUTRANS],BUTRANS,BUPRENORPHINE 0.0075 MG/HR,TRANSDERMAL SYSTEM
1542997,SCD,168 HR BUPRENORPHINE 0.0075 MG/HR TRANSDERMAL SYSTEM,,BUPRENORPHINE 0.0075 MG/HR,TRANSDERMAL SYSTEM
904874,SBD,168 HR BUPRENORPHINE 0.01 MG/HR TRANSDERMAL SYSTEM [BUTRANS],BUTRANS,BUPRENORPHINE 0.01 MG/HR,TRANSDERMAL SYSTEM
904870,SCD,168 HR BUPRENORPHINE 0.01 MG/HR TRANSDERMAL SYSTEM,,BUPRENORPHINE 0.01 MG/HR,TRANSDERMAL SYSTEM
1432969,SCD,168 HR BUPRENORPHINE 0.015 MG/HR TRANSDERMAL SYSTEM,,BUPRENORPHINE 0.015 MG/HR,TRANSDERMAL SYSTEM
1432971,SBD,168 HR BUPRENORPHINE 0.015 MG/HR TRANSDERMAL SYSTEM [BUTRANS],BUTRANS,BUPRENORPHINE 0.015 MG/HR,TRANSDERMAL SYSTEM
904878,SBD,168 HR BUPRENORPHINE 0.02 MG/HR TRANSDERMAL SYSTEM [BUTRANS],BUTRANS,BUPRENORPHINE 0.02 MG/HR,TRANSDERMAL SYSTEM
904876,SCD,168 HR BUPRENORPHINE 0.02 MG/HR TRANSDERMAL SYSTEM,,BUPRENORPHINE 0.02 MG/HR,TRANSDERMAL SYSTEM
1716079,SBD,BUPRENORPHINE 0.075 MG BUCCAL FILM [BELBUCA],BELBUCA,BUPRENORPHINE 0.075 MG,BUCCAL FILM
1716063,SBD,BUPRENORPHINE 0.15 MG BUCCAL FILM [BELBUCA],BELBUCA,BUPRENORPHINE 0.15 MG,BUCCAL FILM
1716067,SBD,BUPRENORPHINE 0.3 MG BUCCAL FILM [BELBUCA],BELBUCA,BUPRENORPHINE 0.3 MG,BUCCAL FILM
1716071,SBD,BUPRENORPHINE 0.45 MG BUCCAL FILM [BELBUCA],BELBUCA,BUPRENORPHINE 0.45 MG,BUCCAL FILM
1716075,SBD,BUPRENORPHINE 0.6 MG BUCCAL FILM [BELBUCA],BELBUCA,BUPRENORPHINE 0.6 MG,BUCCAL FILM
1864414,SBD,BUPRENORPHINE 0.7 MG / NALOXONE 0.18 MG SUBLINGUAL TABLET [ZUBSOLV],ZUBSOLV,BUPRENORPHINE 0.7 MG / NALOXONE 0.18 MG,SUBLINGUAL TABLET
1716083,SBD,BUPRENORPHINE 0.75 MG BUCCAL FILM [BELBUCA],BELBUCA,BUPRENORPHINE 0.75 MG,BUCCAL FILM
1716090,SBD,BUPRENORPHINE 0.9 MG BUCCAL FILM [BELBUCA],BELBUCA,BUPRENORPHINE 0.9 MG,BUCCAL FILM
1431083,SBD,BUPRENORPHINE 1.4 MG / NALOXONE 0.36 MG SUBLINGUAL TABLET [ZUBSOLV],ZUBSOLV,BUPRENORPHINE 1.4 MG / NALOXONE 0.36 MG,SUBLINGUAL TABLET
1597570,SBD,BUPRENORPHINE 11.4 MG / NALOXONE 2.9 MG SUBLINGUAL TABLET [ZUBSOLV],ZUBSOLV,BUPRENORPHINE 11.4 MG / NALOXONE 2.9 MG,SUBLINGUAL TABLET
1307063,SBD,BUPRENORPHINE 12 MG / NALOXONE 3 MG SUBLINGUAL FILM [SUBOXONE],SUBOXONE,BUPRENORPHINE 12 MG / NALOXONE 3 MG,SUBLINGUAL FILM
1307061,SCD,BUPRENORPHINE 12 MG / NALOXONE 3 MG SUBLINGUAL FILM,,BUPRENORPHINE 12 MG / NALOXONE 3 MG,SUBLINGUAL FILM
351264,SCD,BUPRENORPHINE 2 MG SUBLINGUAL TABLET,,BUPRENORPHINE 2 MG,SUBLINGUAL TABLET
1010600,SCD,BUPRENORPHINE 2 MG / NALOXONE 0.5 MG SUBLINGUAL FILM,,BUPRENORPHINE 2 MG / NALOXONE 0.5 MG,SUBLINGUAL FILM
351266,SCD,BUPRENORPHINE 2 MG / NALOXONE 0.5 MG SUBLINGUAL TABLET,,BUPRENORPHINE 2 MG / NALOXONE 0.5 MG,SUBLINGUAL TABLET
1010603,SBD,BUPRENORPHINE 2 MG / NALOXONE 0.5 MG SUBLINGUAL FILM [SUBOXONE],SUBOXONE,BUPRENORPHINE 2 MG / NALOXONE 0.5 MG,SUBLINGUAL FILM
1666385,SBD,BUPRENORPHINE 2.9 MG / NALOXONE 0.71 MG SUBLINGUAL TABLET [ZUBSOLV],ZUBSOLV,BUPRENORPHINE 2.9 MG / NALOXONE 0.71 MG,SUBLINGUAL TABLET
1307058,SBD,BUPRENORPHINE 4 MG / NALOXONE 1 MG SUBLINGUAL FILM [SUBOXONE],SUBOXONE,BUPRENORPHINE 4 MG / NALOXONE 1 MG,SUBLINGUAL FILM
1307056,SCD,BUPRENORPHINE 4 MG / NALOXONE 1 MG SUBLINGUAL FILM,,BUPRENORPHINE 4 MG / NALOXONE 1 MG,SUBLINGUAL FILM
1431104,SBD,BUPRENORPHINE 5.7 MG / NALOXONE 1.4 MG SUBLINGUAL TABLET [ZUBSOLV],ZUBSOLV,BUPRENORPHINE 5.7 MG / NALOXONE 1.4 MG,SUBLINGUAL TABLET
351265,SCD,BUPRENORPHINE 8 MG SUBLINGUAL TABLET,,BUPRENORPHINE 8 MG,SUBLINGUAL TABLET
1010606,SBD,BUPRENORPHINE 8 MG / NALOXONE 2 MG SUBLINGUAL FILM [SUBOXONE],SUBOXONE,BUPRENORPHINE 8 MG / NALOXONE 2 MG,SUBLINGUAL FILM
1010604,SCD,BUPRENORPHINE 8 MG / NALOXONE 2 MG SUBLINGUAL FILM,,BUPRENORPHINE 8 MG / NALOXONE 2 MG,SUBLINGUAL FILM
351267,SCD,BUPRENORPHINE 8 MG / NALOXONE 2 MG SUBLINGUAL TABLET,,BUPRENORPHINE 8 MG / NALOXONE 2 MG,SUBLINGUAL TABLET
1597575,SBD,BUPRENORPHINE 8.6 MG / NALOXONE 2.1 MG SUBLINGUAL TABLET [ZUBSOLV],ZUBSOLV,BUPRENORPHINE 8.6 MG / NALOXONE 2.1 MG,SUBLINGUAL TABLET
993552,SBD,24 HR BUPROPION HYDROBROMIDE 174 MG EXTENDED RELEASE ORAL TABLET [APLENZIN],APLENZIN,BUPROPION HYDROBROMIDE 174 MG,EXTENDED RELEASE ORAL TABLET
993569,SBD,24 HR BUPROPION HYDROBROMIDE 348 MG EXTENDED RELEASE ORAL TABLET [APLENZIN],APLENZIN,BUPROPION HYDROBROMIDE 348 MG,EXTENDED RELEASE ORAL TABLET
993683,SBD,24 HR BUPROPION HYDROBROMIDE 522 MG EXTENDED RELEASE ORAL TABLET [APLENZIN],APLENZIN,BUPROPION HYDROBROMIDE 522 MG,EXTENDED RELEASE ORAL TABLET
993687,SCD,BUPROPION HYDROCHLORIDE 100 MG ORAL TABLET,,BUPROPION HYDROCHLORIDE 100 MG,ORAL TABLET
993511,SBD,12 HR BUPROPION HYDROCHLORIDE 100 MG EXTENDED RELEASE ORAL TABLET [WELLBUTRIN],WELLBUTRIN,BUPROPION HYDROCHLORIDE 100 MG,EXTENDED RELEASE ORAL TABLET
993503,SCD,12 HR BUPROPION HYDROCHLORIDE 100 MG EXTENDED RELEASE ORAL TABLET,,BUPROPION HYDROCHLORIDE 100 MG,EXTENDED RELEASE ORAL TABLET
2611266,SBD,BUPROPION HYDROCHLORIDE 105 MG / DEXTROMETHORPHAN HYDROBROMIDE 45 MG EXTENDED RELEASE ORAL TABLET [AUVELITY],AUVELITY,BUPROPION HYDROCHLORIDE 105 MG / DEXTROMETHORPHAN HYDROBROMIDE 45 MG,EXTENDED RELEASE ORAL TABLET
993518,SCD,12 HR BUPROPION HYDROCHLORIDE 150 MG EXTENDED RELEASE ORAL TABLET,,BUPROPION HYDROCHLORIDE 150 MG,EXTENDED RELEASE ORAL TABLET
993528,SBD,12 HR BUPROPION HYDROCHLORIDE 150 MG EXTENDED RELEASE ORAL TABLET [WELLBUTRIN],WELLBUTRIN,BUPROPION HYDROCHLORIDE 150 MG,EXTENDED RELEASE ORAL TABLET
1801289,SCD,SMOKING CESSATION 12 HR BUPROPION HYDROCHLORIDE 150 MG EXTENDED RELEASE ORAL TABLET,,BUPROPION HYDROCHLORIDE 150 MG,EXTENDED RELEASE ORAL TABLET
993541,SCD,24 HR BUPROPION HYDROCHLORIDE 150 MG EXTENDED RELEASE ORAL TABLET,,BUPROPION HYDROCHLORIDE 150 MG,EXTENDED RELEASE ORAL TABLET
993545,SBD,24 HR BUPROPION HYDROCHLORIDE 150 MG EXTENDED RELEASE ORAL TABLET [WELLBUTRIN],WELLBUTRIN,BUPROPION HYDROCHLORIDE 150 MG,EXTENDED RELEASE ORAL TABLET
993536,SCD,12 HR BUPROPION HYDROCHLORIDE 200 MG EXTENDED RELEASE ORAL TABLET,,BUPROPION HYDROCHLORIDE 200 MG,EXTENDED RELEASE ORAL TABLET
993537,SBD,12 HR BUPROPION HYDROCHLORIDE 200 MG EXTENDED RELEASE ORAL TABLET [WELLBUTRIN],WELLBUTRIN,BUPROPION HYDROCHLORIDE 200 MG,EXTENDED RELEASE ORAL TABLET
993564,SBD,24 HR BUPROPION HYDROCHLORIDE 300 MG EXTENDED RELEASE ORAL TABLET [WELLBUTRIN],WELLBUTRIN,BUPROPION HYDROCHLORIDE 300 MG,EXTENDED RELEASE ORAL TABLET
993557,SCD,24 HR BUPROPION HYDROCHLORIDE 300 MG EXTENDED RELEASE ORAL TABLET,,BUPROPION HYDROCHLORIDE 300 MG,EXTENDED RELEASE ORAL TABLET
1232585,SCD,24 HR BUPROPION HYDROCHLORIDE 450 MG EXTENDED RELEASE ORAL TABLET,,BUPROPION HYDROCHLORIDE 450 MG,EXTENDED RELEASE ORAL TABLET
993691,SCD,BUPROPION HYDROCHLORIDE 75 MG ORAL TABLET,,BUPROPION HYDROCHLORIDE 75 MG,ORAL TABLET
866083,SCD,BUSPIRONE HYDROCHLORIDE 10 MG ORAL TABLET,,BUSPIRONE HYDROCHLORIDE 10 MG,ORAL TABLET
2714182,SBD,BUSPIRONE HYDROCHLORIDE 10 MG ORAL CAPSULE [BUCAPSOL],BUCAPSOL,BUSPIRONE HYDROCHLORIDE 10 MG,ORAL CAPSULE
2744292,SCD,BUSPIRONE HYDROCHLORIDE 12.5 MG ORAL TABLET,,BUSPIRONE HYDROCHLORIDE 12.5 MG,ORAL TABLET
866018,SCD,BUSPIRONE HYDROCHLORIDE 15 MG ORAL TABLET,,BUSPIRONE HYDROCHLORIDE 15 MG,ORAL TABLET
2714184,SBD,BUSPIRONE HYDROCHLORIDE 15 MG ORAL CAPSULE [BUCAPSOL],BUCAPSOL,BUSPIRONE HYDROCHLORIDE 15 MG,ORAL CAPSULE
2744290,SCD,BUSPIRONE HYDROCHLORIDE 2.5 MG ORAL TABLET,,BUSPIRONE HYDROCHLORIDE 2.5 MG,ORAL TABLET
866090,SCD,BUSPIRONE HYDROCHLORIDE 30 MG ORAL TABLET,,BUSPIRONE HYDROCHLORIDE 30 MG,ORAL TABLET
866094,SCD,BUSPIRONE HYDROCHLORIDE 5 MG ORAL TABLET,,BUSPIRONE HYDROCHLORIDE 5 MG,ORAL TABLET
2714180,SBD,BUSPIRONE HYDROCHLORIDE 7.5 MG ORAL CAPSULE [BUCAPSOL],BUCAPSOL,BUSPIRONE HYDROCHLORIDE 7.5 MG,ORAL CAPSULE
866111,SCD,BUSPIRONE HYDROCHLORIDE 7.5 MG ORAL TABLET,,BUSPIRONE HYDROCHLORIDE 7.5 MG,ORAL TABLET
890786,SBD,BUTOCONAZOLE NITRATE 20 MG/ML VAGINAL CREAM [GYNAZOLE-1],GYNAZOLE-1,BUTOCONAZOLE NITRATE 20 MG/ML,VAGINAL CREAM
886634,SCD,BUTORPHANOL TARTRATE 1 MG/ACTUAT METERED DOSE NASAL SPRAY,,BUTORPHANOL TARTRATE 1 MG/ACTUAT,METERED DOSE NASAL SPRAY
1926823,SBD,C1 ESTERASE INHIBITOR (HUMAN) 2000 UNT INJECTION [HAEGARDA],HAEGARDA,C1 ESTERASE INHIBITOR (HUMAN) 2000 UNT,INJECTION
1926827,SBD,C1 ESTERASE INHIBITOR (HUMAN) 3000 UNT INJECTION [HAEGARDA],HAEGARDA,C1 ESTERASE INHIBITOR (HUMAN) 3000 UNT,INJECTION
809871,SBD,C1 ESTERASE INHIBITOR (HUMAN) 500 UNT INJECTION [CINRYZE],CINRYZE,C1 ESTERASE INHIBITOR (HUMAN) 500 UNT,INJECTION
867381,SBD,C1 ESTERASE INHIBITOR (HUMAN) 500 UNT INJECTION [BERINERT],BERINERT,C1 ESTERASE INHIBITOR (HUMAN) 500 UNT,INJECTION
1599841,SBD,C1 ESTERASE INHIBITOR (RECOMBINANT) 2100 UNT INJECTION [RUCONEST],RUCONEST,C1 ESTERASE INHIBITOR (RECOMBINANT) 2100 UNT,INJECTION
199703,SCD,CABERGOLINE 0.5 MG ORAL TABLET,,CABERGOLINE 0.5 MG,ORAL TABLET
1790167,SBD,CABOZANTINIB 20 MG ORAL TABLET [CABOMETYX],CABOMETYX,CABOZANTINIB 20 MG,ORAL TABLET
1364581,BPCK,{84 (CABOZANTINIB 20 MG ORAL CAPSULE [COMETRIQ]) } PACK [COMETRIQ 60 MG DAILY DOSE CARTON],COMETRIQ 60 MG DAILY DOSE CARTON,CABOZANTINIB 20 MG,PACK
1363410,BPCK,{28 (CABOZANTINIB 20 MG ORAL CAPSULE [COMETRIQ]) / 28 (CABOZANTINIB 80 MG ORAL CAPSULE [COMETRIQ]) } PACK [COMETRIQ 100 MG DAILY DOSE CARTON],COMETRIQ 100 MG DAILY DOSE CARTON,CABOZANTINIB 20 MG / CABOZANTINIB 80 MG,PACK
1363408,BPCK,{84 (CABOZANTINIB 20 MG ORAL CAPSULE [COMETRIQ]) / 28 (CABOZANTINIB 80 MG ORAL CAPSULE [COMETRIQ]) } PACK [COMETRIQ 140 MG DAILY DOSE CARTON],COMETRIQ 140 MG DAILY DOSE CARTON,CABOZANTINIB 20 MG / CABOZANTINIB 80 MG,PACK
1790171,SBD,CABOZANTINIB 40 MG ORAL TABLET [CABOMETYX],CABOMETYX,CABOZANTINIB 40 MG,ORAL TABLET
1790175,SBD,CABOZANTINIB 60 MG ORAL TABLET [CABOMETYX],CABOMETYX,CABOZANTINIB 60 MG,ORAL TABLET
1293506,SBD,CAFFEINE 100 MG / ERGOTAMINE TARTRATE 1 MG ORAL TABLET [CAFERGOT],CAFERGOT,CAFFEINE 100 MG / ERGOTAMINE TARTRATE 1 MG,ORAL TABLET
1293504,SCD,CAFFEINE 100 MG / ERGOTAMINE TARTRATE 1 MG ORAL TABLET,,CAFFEINE 100 MG / ERGOTAMINE TARTRATE 1 MG,ORAL TABLET
1293639,SBD,CAFFEINE 100 MG / ERGOTAMINE TARTRATE 2 MG RECTAL SUPPOSITORY [MIGERGOT],MIGERGOT,CAFFEINE 100 MG / ERGOTAMINE TARTRATE 2 MG,RECTAL SUPPOSITORY
1855072,SBD,24 HR CALCIFEDIOL 0.03 MG EXTENDED RELEASE ORAL CAPSULE [RAYALDEE],RAYALDEE,CALCIFEDIOL 0.03 MG,EXTENDED RELEASE ORAL CAPSULE
198373,SCD,CALCIPOTRIENE 0.00005 MG/MG TOPICAL OINTMENT,,CALCIPOTRIENE 0.00005 MG/MG,TOPICAL OINTMENT
313921,SCD,CALCIPOTRIENE 0.05 MG/ML TOPICAL CREAM,,CALCIPOTRIENE 0.05 MG/ML,TOPICAL CREAM
1020035,SCD,CALCIPOTRIENE 0.05 MG/ML TOPICAL FOAM,,CALCIPOTRIENE 0.05 MG/ML,TOPICAL FOAM
308865,SCD,CALCIPOTRIENE 0.05 MG/ML TOPICAL SOLUTION,,CALCIPOTRIENE 0.05 MG/ML,TOPICAL SOLUTION
1020039,SBD,CALCIPOTRIENE 0.05 MG/ML TOPICAL FOAM [SORILUX],SORILUX,CALCIPOTRIENE 0.05 MG/ML,TOPICAL FOAM
388517,SCD,CALCITRIOL 0.000003 MG/MG TOPICAL OINTMENT,,CALCITRIOL 0.000003 MG/MG,TOPICAL OINTMENT
883358,SBD,CALCITRIOL 0.000003 MG/MG TOPICAL OINTMENT [VECTICAL],VECTICAL,CALCITRIOL 0.000003 MG/MG,TOPICAL OINTMENT
308867,SCD,CALCITRIOL 0.00025 MG ORAL CAPSULE,,CALCITRIOL 0.00025 MG,ORAL CAPSULE
209006,SBD,CALCITRIOL 0.00025 MG ORAL CAPSULE [ROCALTROL],ROCALTROL,CALCITRIOL 0.00025 MG,ORAL CAPSULE
209007,SBD,CALCITRIOL 0.0005 MG ORAL CAPSULE [ROCALTROL],ROCALTROL,CALCITRIOL 0.0005 MG,ORAL CAPSULE
308868,SCD,CALCITRIOL 0.0005 MG ORAL CAPSULE,,CALCITRIOL 0.0005 MG,ORAL CAPSULE
313932,SCD,CALCITRIOL 0.001 MG/ML ORAL SOLUTION,,CALCITRIOL 0.001 MG/ML,ORAL SOLUTION
261283,SBD,CALCITRIOL 0.001 MG/ML ORAL SOLUTION [ROCALTROL],ROCALTROL,CALCITRIOL 0.001 MG/ML,ORAL SOLUTION
197433,SCD,CALCIUM ACETATE 667 MG ORAL TABLET,,CALCIUM ACETATE 667 MG,ORAL TABLET
359296,SCD,CALCIUM ACETATE 667 MG ORAL CAPSULE,,CALCIUM ACETATE 667 MG,ORAL CAPSULE
847626,SCD,CALCIUM CHLORIDE 0.2 MG/ML / GLUCOSE 50 MG/ML / POTASSIUM CHLORIDE 1.79 MG/ML / SODIUM CHLORIDE 6 MG/ML / SODIUM LACTATE 3.1 MG/ML INJECTABLE SOLUTION,,CALCIUM CHLORIDE 0.2 MG/ML / GLUCOSE 50 MG/ML / POTASSIUM CHLORIDE 1.79 MG/ML / SODIUM CHLORIDE 6 MG/ML / SODIUM LACTATE 3.1 MG/ML,INJECTABLE SOLUTION
801451,SCD,CALCIUM CHLORIDE 0.23 MEQ/ML / MAGNESIUM CHLORIDE 0.53 MEQ/ML / POTASSIUM CHLORIDE 0.1 MEQ/ML / SODIUM ACETATE 1.48 MEQ/ML / SODIUM CHLORIDE 0.27 MEQ/ML INJECTABLE SOLUTION,,CALCIUM CHLORIDE 0.23 MEQ/ML / MAGNESIUM CHLORIDE 0.53 MEQ/ML / POTASSIUM CHLORIDE 0.1 MEQ/ML / SODIUM ACETATE 1.48 MEQ/ML / SODIUM CHLORIDE 0.27 MEQ/ML,INJECTABLE SOLUTION
2393794,SBD,CALCIUM OXYBATE 234 MG/ML / MAGNESIUM OXYBATE 96 MG/ML / POTASSIUM OXYBATE 130 MG/ML / SODIUM OXYBATE 40 MG/ML ORAL SOLUTION [XYWAV],XYWAV,CALCIUM OXYBATE 234 MG/ML / MAGNESIUM OXYBATE 96 MG/ML / POTASSIUM OXYBATE 130 MG/ML / SODIUM OXYBATE 40 MG/ML,ORAL SOLUTION
1373469,SBD,CANAGLIFLOZIN 100 MG ORAL TABLET [INVOKANA],INVOKANA,CANAGLIFLOZIN 100 MG,ORAL TABLET
1545156,SBD,CANAGLIFLOZIN 150 MG / METFORMIN HYDROCHLORIDE 1000 MG ORAL TABLET [INVOKAMET],INVOKAMET,CANAGLIFLOZIN 150 MG / METFORMIN HYDROCHLORIDE 1000 MG,ORAL TABLET
1810999,SBD,24 HR CANAGLIFLOZIN 150 MG / METFORMIN HYDROCHLORIDE 1000 MG EXTENDED RELEASE ORAL TABLET [INVOKAMET],INVOKAMET,CANAGLIFLOZIN 150 MG / METFORMIN HYDROCHLORIDE 1000 MG,EXTENDED RELEASE ORAL TABLET
1545159,SBD,CANAGLIFLOZIN 150 MG / METFORMIN HYDROCHLORIDE 500 MG ORAL TABLET [INVOKAMET],INVOKAMET,CANAGLIFLOZIN 150 MG / METFORMIN HYDROCHLORIDE 500 MG,ORAL TABLET
1811003,SBD,24 HR CANAGLIFLOZIN 150 MG / METFORMIN HYDROCHLORIDE 500 MG EXTENDED RELEASE ORAL TABLET [INVOKAMET],INVOKAMET,CANAGLIFLOZIN 150 MG / METFORMIN HYDROCHLORIDE 500 MG,EXTENDED RELEASE ORAL TABLET
1373473,SBD,CANAGLIFLOZIN 300 MG ORAL TABLET [INVOKANA],INVOKANA,CANAGLIFLOZIN 300 MG,ORAL TABLET
1811007,SBD,24 HR CANAGLIFLOZIN 50 MG / METFORMIN HYDROCHLORIDE 1000 MG EXTENDED RELEASE ORAL TABLET [INVOKAMET],INVOKAMET,CANAGLIFLOZIN 50 MG / METFORMIN HYDROCHLORIDE 1000 MG,EXTENDED RELEASE ORAL TABLET
1545163,SBD,CANAGLIFLOZIN 50 MG / METFORMIN HYDROCHLORIDE 1000 MG ORAL TABLET [INVOKAMET],INVOKAMET,CANAGLIFLOZIN 50 MG / METFORMIN HYDROCHLORIDE 1000 MG,ORAL TABLET
1811011,SBD,24 HR CANAGLIFLOZIN 50 MG / METFORMIN HYDROCHLORIDE 500 MG EXTENDED RELEASE ORAL TABLET [INVOKAMET],INVOKAMET,CANAGLIFLOZIN 50 MG / METFORMIN HYDROCHLORIDE 500 MG,EXTENDED RELEASE ORAL TABLET
1545166,SBD,CANAGLIFLOZIN 50 MG / METFORMIN HYDROCHLORIDE 500 MG ORAL TABLET [INVOKAMET],INVOKAMET,CANAGLIFLOZIN 50 MG / METFORMIN HYDROCHLORIDE 500 MG,ORAL TABLET
577776,SCD,CANDESARTAN CILEXETIL 16 MG ORAL TABLET,,CANDESARTAN CILEXETIL 16 MG,ORAL TABLET
639539,SBD,CANDESARTAN CILEXETIL 16 MG ORAL TABLET [ATACAND],ATACAND,CANDESARTAN CILEXETIL 16 MG,ORAL TABLET
578325,SCD,CANDESARTAN CILEXETIL 16 MG / HYDROCHLOROTHIAZIDE 12.5 MG ORAL TABLET,,CANDESARTAN CILEXETIL 16 MG / HYDROCHLOROTHIAZIDE 12.5 MG,ORAL TABLET
805863,SBD,CANDESARTAN CILEXETIL 16 MG / HYDROCHLOROTHIAZIDE 12.5 MG ORAL TABLET [ATACAND HCT],ATACAND HCT,CANDESARTAN CILEXETIL 16 MG / HYDROCHLOROTHIAZIDE 12.5 MG,ORAL TABLET
639537,SCD,CANDESARTAN CILEXETIL 32 MG ORAL TABLET,,CANDESARTAN CILEXETIL 32 MG,ORAL TABLET
639543,SBD,CANDESARTAN CILEXETIL 32 MG ORAL TABLET [ATACAND],ATACAND,CANDESARTAN CILEXETIL 32 MG,ORAL TABLET
578330,SCD,CANDESARTAN CILEXETIL 32 MG / HYDROCHLOROTHIAZIDE 12.5 MG ORAL TABLET,,CANDESARTAN CILEXETIL 32 MG / HYDROCHLOROTHIAZIDE 12.5 MG,ORAL TABLET
805859,SBD,CANDESARTAN CILEXETIL 32 MG / HYDROCHLOROTHIAZIDE 12.5 MG ORAL TABLET [ATACAND HCT],ATACAND HCT,CANDESARTAN CILEXETIL 32 MG / HYDROCHLOROTHIAZIDE 12.5 MG,ORAL TABLET
805855,SBD,CANDESARTAN CILEXETIL 32 MG / HYDROCHLOROTHIAZIDE 25 MG ORAL TABLET [ATACAND HCT],ATACAND HCT,CANDESARTAN CILEXETIL 32 MG / HYDROCHLOROTHIAZIDE 25 MG,ORAL TABLET
802749,SCD,CANDESARTAN CILEXETIL 32 MG / HYDROCHLOROTHIAZIDE 25 MG ORAL TABLET,,CANDESARTAN CILEXETIL 32 MG / HYDROCHLOROTHIAZIDE 25 MG,ORAL TABLET
577785,SBD,CANDESARTAN CILEXETIL 4 MG ORAL TABLET [ATACAND],ATACAND,CANDESARTAN CILEXETIL 4 MG,ORAL TABLET
153822,SCD,CANDESARTAN CILEXETIL 4 MG ORAL TABLET,,CANDESARTAN CILEXETIL 4 MG,ORAL TABLET
153823,SCD,CANDESARTAN CILEXETIL 8 MG ORAL TABLET,,CANDESARTAN CILEXETIL 8 MG,ORAL TABLET
577787,SBD,CANDESARTAN CILEXETIL 8 MG ORAL TABLET [ATACAND],ATACAND,CANDESARTAN CILEXETIL 8 MG,ORAL TABLET
2058906,SBD,CANNABIDIOL 100 MG/ML ORAL SOLUTION [EPIDIOLEX],EPIDIOLEX,CANNABIDIOL 100 MG/ML,ORAL SOLUTION
2669978,SBD,CAPIVASERTIB 160 MG ORAL TABLET [TRUQAP],TRUQAP,CAPIVASERTIB 160 MG,ORAL TABLET
2669982,SBD,CAPIVASERTIB 200 MG ORAL TABLET [TRUQAP],TRUQAP,CAPIVASERTIB 200 MG,ORAL TABLET
2110618,SBD,CAPLACIZUMAB-YHDP 11 MG INJECTION [CABLIVI],CABLIVI,CAPLACIZUMAB-YHDP 11 MG,INJECTION
2362240,SBD,CAPMATINIB 150 MG ORAL TABLET [TABRECTA],TABRECTA,CAPMATINIB 150 MG,ORAL TABLET
2362244,SBD,CAPMATINIB 200 MG ORAL TABLET [TABRECTA],TABRECTA,CAPMATINIB 200 MG,ORAL TABLET
308962,SCD,CAPTOPRIL 100 MG ORAL TABLET,,CAPTOPRIL 100 MG,ORAL TABLET
308963,SCD,CAPTOPRIL 12.5 MG ORAL TABLET,,CAPTOPRIL 12.5 MG,ORAL TABLET
317173,SCD,CAPTOPRIL 25 MG ORAL TABLET,,CAPTOPRIL 25 MG,ORAL TABLET
308964,SCD,CAPTOPRIL 50 MG ORAL TABLET,,CAPTOPRIL 50 MG,ORAL TABLET
199378,SCD,12 HR CARBAMAZEPINE 100 MG EXTENDED RELEASE ORAL TABLET,,CARBAMAZEPINE 100 MG,EXTENDED RELEASE ORAL TABLET
308973,SCD,CARBAMAZEPINE 100 MG CHEWABLE TABLET,,CARBAMAZEPINE 100 MG,CHEWABLE TABLET
388311,SCD,12 HR CARBAMAZEPINE 100 MG EXTENDED RELEASE ORAL CAPSULE,,CARBAMAZEPINE 100 MG,EXTENDED RELEASE ORAL CAPSULE
672908,SBD,12 HR CARBAMAZEPINE 100 MG EXTENDED RELEASE ORAL CAPSULE [EQUETRO],EQUETRO,CARBAMAZEPINE 100 MG,EXTENDED RELEASE ORAL CAPSULE
404742,SBD,12 HR CARBAMAZEPINE 100 MG EXTENDED RELEASE ORAL CAPSULE [CARBATROL],CARBATROL,CARBAMAZEPINE 100 MG,EXTENDED RELEASE ORAL CAPSULE
866303,SBD,12 HR CARBAMAZEPINE 100 MG EXTENDED RELEASE ORAL TABLET [TEGRETOL],TEGRETOL,CARBAMAZEPINE 100 MG,EXTENDED RELEASE ORAL TABLET
308976,SCD,CARBAMAZEPINE 20 MG/ML ORAL SUSPENSION,,CARBAMAZEPINE 20 MG/ML,ORAL SUSPENSION
308971,SBD,CARBAMAZEPINE 20 MG/ML ORAL SUSPENSION [TEGRETOL],TEGRETOL,CARBAMAZEPINE 20 MG/ML,ORAL SUSPENSION
308977,SBD,12 HR CARBAMAZEPINE 200 MG EXTENDED RELEASE ORAL CAPSULE [CARBATROL],CARBATROL,CARBAMAZEPINE 200 MG,EXTENDED RELEASE ORAL CAPSULE
197442,SCD,CARBAMAZEPINE 200 MG CHEWABLE TABLET,,CARBAMAZEPINE 200 MG,CHEWABLE TABLET
200133,SCD,12 HR CARBAMAZEPINE 200 MG EXTENDED RELEASE ORAL CAPSULE,,CARBAMAZEPINE 200 MG,EXTENDED RELEASE ORAL CAPSULE
308979,SCD,CARBAMAZEPINE 200 MG ORAL TABLET,,CARBAMAZEPINE 200 MG,ORAL TABLET
672910,SBD,12 HR CARBAMAZEPINE 200 MG EXTENDED RELEASE ORAL CAPSULE [EQUETRO],EQUETRO,CARBAMAZEPINE 200 MG,EXTENDED RELEASE ORAL CAPSULE
402505,SCD,12 HR CARBAMAZEPINE 200 MG EXTENDED RELEASE ORAL TABLET,,CARBAMAZEPINE 200 MG,EXTENDED RELEASE ORAL TABLET
866305,SBD,12 HR CARBAMAZEPINE 200 MG EXTENDED RELEASE ORAL TABLET [TEGRETOL],TEGRETOL,CARBAMAZEPINE 200 MG,EXTENDED RELEASE ORAL TABLET
308972,SBD,CARBAMAZEPINE 200 MG ORAL TABLET [TEGRETOL],TEGRETOL,CARBAMAZEPINE 200 MG,ORAL TABLET
200131,SCD,12 HR CARBAMAZEPINE 300 MG EXTENDED RELEASE ORAL CAPSULE,,CARBAMAZEPINE 300 MG,EXTENDED RELEASE ORAL CAPSULE
672909,SBD,12 HR CARBAMAZEPINE 300 MG EXTENDED RELEASE ORAL CAPSULE [EQUETRO],EQUETRO,CARBAMAZEPINE 300 MG,EXTENDED RELEASE ORAL CAPSULE
313931,SBD,12 HR CARBAMAZEPINE 300 MG EXTENDED RELEASE ORAL CAPSULE [CARBATROL],CARBATROL,CARBAMAZEPINE 300 MG,EXTENDED RELEASE ORAL CAPSULE
402506,SCD,12 HR CARBAMAZEPINE 400 MG EXTENDED RELEASE ORAL TABLET,,CARBAMAZEPINE 400 MG,EXTENDED RELEASE ORAL TABLET
866307,SBD,12 HR CARBAMAZEPINE 400 MG EXTENDED RELEASE ORAL TABLET [TEGRETOL],TEGRETOL,CARBAMAZEPINE 400 MG,EXTENDED RELEASE ORAL TABLET
197443,SCD,CARBIDOPA 10 MG / LEVODOPA 100 MG ORAL TABLET,,CARBIDOPA 10 MG / LEVODOPA 100 MG,ORAL TABLET
483090,SCD,CARBIDOPA 10 MG / LEVODOPA 100 MG DISINTEGRATING ORAL TABLET,,CARBIDOPA 10 MG / LEVODOPA 100 MG,DISINTEGRATING ORAL TABLET
724606,SBD,CARBIDOPA 10 MG / LEVODOPA 100 MG ORAL TABLET [SINEMET],SINEMET,CARBIDOPA 10 MG / LEVODOPA 100 MG,ORAL TABLET
403850,SCD,CARBIDOPA 12.5 MG / ENTACAPONE 200 MG / LEVODOPA 50 MG ORAL TABLET,,CARBIDOPA 12.5 MG / ENTACAPONE 200 MG / LEVODOPA 50 MG,ORAL TABLET
810090,SCD,CARBIDOPA 18.75 MG / ENTACAPONE 200 MG / LEVODOPA 75 MG ORAL TABLET,,CARBIDOPA 18.75 MG / ENTACAPONE 200 MG / LEVODOPA 75 MG,ORAL TABLET
1600774,SBD,8 HR CARBIDOPA 23.75 MG / LEVODOPA 95 MG EXTENDED RELEASE ORAL CAPSULE [RYTARY],RYTARY,CARBIDOPA 23.75 MG / LEVODOPA 95 MG,EXTENDED RELEASE ORAL CAPSULE
1600773,SCD,8 HR CARBIDOPA 23.75 MG / LEVODOPA 95 MG EXTENDED RELEASE ORAL CAPSULE,,CARBIDOPA 23.75 MG / LEVODOPA 95 MG,EXTENDED RELEASE ORAL CAPSULE
260260,SCD,CARBIDOPA 25 MG ORAL TABLET,,CARBIDOPA 25 MG,ORAL TABLET
261330,SBD,CARBIDOPA 25 MG ORAL TABLET [LODOSYN],LODOSYN,CARBIDOPA 25 MG,ORAL TABLET
403851,SCD,CARBIDOPA 25 MG / ENTACAPONE 200 MG / LEVODOPA 100 MG ORAL TABLET,,CARBIDOPA 25 MG / ENTACAPONE 200 MG / LEVODOPA 100 MG,ORAL TABLET
308988,SCD,CARBIDOPA 25 MG / LEVODOPA 100 MG EXTENDED RELEASE ORAL TABLET,,CARBIDOPA 25 MG / LEVODOPA 100 MG,EXTENDED RELEASE ORAL TABLET
197444,SCD,CARBIDOPA 25 MG / LEVODOPA 100 MG ORAL TABLET,,CARBIDOPA 25 MG / LEVODOPA 100 MG,ORAL TABLET
724598,SBD,CARBIDOPA 25 MG / LEVODOPA 100 MG ORAL TABLET [SINEMET],SINEMET,CARBIDOPA 25 MG / LEVODOPA 100 MG,ORAL TABLET
476399,SCD,CARBIDOPA 25 MG / LEVODOPA 100 MG DISINTEGRATING ORAL TABLET,,CARBIDOPA 25 MG / LEVODOPA 100 MG,DISINTEGRATING ORAL TABLET
2586032,SBD,CARBIDOPA 25 MG / LEVODOPA 100 MG ORAL TABLET [DHIVY],DHIVY,CARBIDOPA 25 MG / LEVODOPA 100 MG,ORAL TABLET
197445,SCD,CARBIDOPA 25 MG / LEVODOPA 250 MG ORAL TABLET,,CARBIDOPA 25 MG / LEVODOPA 250 MG,ORAL TABLET
476515,SCD,CARBIDOPA 25 MG / LEVODOPA 250 MG DISINTEGRATING ORAL TABLET,,CARBIDOPA 25 MG / LEVODOPA 250 MG,DISINTEGRATING ORAL TABLET
810083,SCD,CARBIDOPA 31.25 MG / ENTACAPONE 200 MG / LEVODOPA 125 MG ORAL TABLET,,CARBIDOPA 31.25 MG / ENTACAPONE 200 MG / LEVODOPA 125 MG,ORAL TABLET
2690265,SBD,CARBIDOPA 35 MG / LEVODOPA 140 MG EXTENDED RELEASE ORAL CAPSULE [CREXONT],CREXONT,CARBIDOPA 35 MG / LEVODOPA 140 MG,EXTENDED RELEASE ORAL CAPSULE
1600776,SBD,8 HR CARBIDOPA 36.25 MG / LEVODOPA 145 MG EXTENDED RELEASE ORAL CAPSULE [RYTARY],RYTARY,CARBIDOPA 36.25 MG / LEVODOPA 145 MG,EXTENDED RELEASE ORAL CAPSULE
1600775,SCD,8 HR CARBIDOPA 36.25 MG / LEVODOPA 145 MG EXTENDED RELEASE ORAL CAPSULE,,CARBIDOPA 36.25 MG / LEVODOPA 145 MG,EXTENDED RELEASE ORAL CAPSULE
403852,SCD,CARBIDOPA 37.5 MG / ENTACAPONE 200 MG / LEVODOPA 150 MG ORAL TABLET,,CARBIDOPA 37.5 MG / ENTACAPONE 200 MG / LEVODOPA 150 MG,ORAL TABLET
1599852,SBD,CARBIDOPA 4.63 MG/ML / LEVODOPA 20 MG/ML ORAL SUSPENSION [DUOPA],DUOPA,CARBIDOPA 4.63 MG/ML / LEVODOPA 20 MG/ML,ORAL SUSPENSION
1600915,SBD,8 HR CARBIDOPA 48.75 MG / LEVODOPA 195 MG EXTENDED RELEASE ORAL CAPSULE [RYTARY],RYTARY,CARBIDOPA 48.75 MG / LEVODOPA 195 MG,EXTENDED RELEASE ORAL CAPSULE
1600914,SCD,8 HR CARBIDOPA 48.75 MG / LEVODOPA 195 MG EXTENDED RELEASE ORAL CAPSULE,,CARBIDOPA 48.75 MG / LEVODOPA 195 MG,EXTENDED RELEASE ORAL CAPSULE
730988,SCD,CARBIDOPA 50 MG / ENTACAPONE 200 MG / LEVODOPA 200 MG ORAL TABLET,,CARBIDOPA 50 MG / ENTACAPONE 200 MG / LEVODOPA 200 MG,ORAL TABLET
308989,SCD,CARBIDOPA 50 MG / LEVODOPA 200 MG EXTENDED RELEASE ORAL TABLET,,CARBIDOPA 50 MG / LEVODOPA 200 MG,EXTENDED RELEASE ORAL TABLET
2690281,SBD,CARBIDOPA 52.5 MG / LEVODOPA 210 MG EXTENDED RELEASE ORAL CAPSULE [CREXONT],CREXONT,CARBIDOPA 52.5 MG / LEVODOPA 210 MG,EXTENDED RELEASE ORAL CAPSULE
1600917,SBD,8 HR CARBIDOPA 61.25 MG / LEVODOPA 245 MG EXTENDED RELEASE ORAL CAPSULE [RYTARY],RYTARY,CARBIDOPA 61.25 MG / LEVODOPA 245 MG,EXTENDED RELEASE ORAL CAPSULE
1600916,SCD,8 HR CARBIDOPA 61.25 MG / LEVODOPA 245 MG EXTENDED RELEASE ORAL CAPSULE,,CARBIDOPA 61.25 MG / LEVODOPA 245 MG,EXTENDED RELEASE ORAL CAPSULE
2690286,SBD,CARBIDOPA 70 MG / LEVODOPA 280 MG EXTENDED RELEASE ORAL CAPSULE [CREXONT],CREXONT,CARBIDOPA 70 MG / LEVODOPA 280 MG,EXTENDED RELEASE ORAL CAPSULE
2690292,SBD,CARBIDOPA 87.5 MG / LEVODOPA 350 MG EXTENDED RELEASE ORAL CAPSULE [CREXONT],CREXONT,CARBIDOPA 87.5 MG / LEVODOPA 350 MG,EXTENDED RELEASE ORAL CAPSULE
1010696,SCD,CARBINOXAMINE MALEATE 0.8 MG/ML ORAL SOLUTION,,CARBINOXAMINE MALEATE 0.8 MG/ML,ORAL SOLUTION
2730039,SBD,CARBINOXAMINE MALEATE 0.8 MG/ML ORAL SOLUTION [CARBZAH],CARBZAH,CARBINOXAMINE MALEATE 0.8 MG/ML,ORAL SOLUTION
1374770,SCD,12 HR CARBINOXAMINE MALEATE 0.8 MG/ML EXTENDED RELEASE SUSPENSION,,CARBINOXAMINE MALEATE 0.8 MG/ML,EXTENDED RELEASE SUSPENSION
1374776,SBD,12 HR CARBINOXAMINE MALEATE 0.8 MG/ML EXTENDED RELEASE SUSPENSION [KARBINAL],KARBINAL,CARBINOXAMINE MALEATE 0.8 MG/ML,EXTENDED RELEASE SUSPENSION
1012904,SCD,CARBINOXAMINE MALEATE 4 MG ORAL TABLET,,CARBINOXAMINE MALEATE 4 MG,ORAL TABLET
1869883,SBD,CARBINOXAMINE MALEATE 6 MG ORAL TABLET [RYVENT],RYVENT,CARBINOXAMINE MALEATE 6 MG,ORAL TABLET
1795581,SCD,CARBINOXAMINE MALEATE 6 MG ORAL TABLET,,CARBINOXAMINE MALEATE 6 MG,ORAL TABLET
905394,SBD,CARGLUMIC ACID 200 MG TABLET FOR ORAL SUSPENSION [CARBAGLU],CARBAGLU,CARGLUMIC ACID 200 MG,TABLET FOR ORAL SUSPENSION
905390,SCD,CARGLUMIC ACID 200 MG TABLET FOR ORAL SUSPENSION,,CARGLUMIC ACID 200 MG,TABLET FOR ORAL SUSPENSION
2729794,SBD,CARIPRAZINE 0.5 MG ORAL CAPSULE [VRAYLAR],VRAYLAR,CARIPRAZINE 0.5 MG,ORAL CAPSULE
2729798,SBD,CARIPRAZINE 0.75 MG ORAL CAPSULE [VRAYLAR],VRAYLAR,CARIPRAZINE 0.75 MG,ORAL CAPSULE
1667666,SBD,CARIPRAZINE 1.5 MG ORAL CAPSULE [VRAYLAR],VRAYLAR,CARIPRAZINE 1.5 MG,ORAL CAPSULE
1667670,SBD,CARIPRAZINE 3 MG ORAL CAPSULE [VRAYLAR],VRAYLAR,CARIPRAZINE 3 MG,ORAL CAPSULE
1667674,SBD,CARIPRAZINE 4.5 MG ORAL CAPSULE [VRAYLAR],VRAYLAR,CARIPRAZINE 4.5 MG,ORAL CAPSULE
1667678,SBD,CARIPRAZINE 6 MG ORAL CAPSULE [VRAYLAR],VRAYLAR,CARIPRAZINE 6 MG,ORAL CAPSULE
730918,SBD,CARISOPRODOL 250 MG ORAL TABLET [SOMA],SOMA,CARISOPRODOL 250 MG,ORAL TABLET
730794,SCD,CARISOPRODOL 250 MG ORAL TABLET,,CARISOPRODOL 250 MG,ORAL TABLET
213695,SBD,CARISOPRODOL 350 MG ORAL TABLET [SOMA],SOMA,CARISOPRODOL 350 MG,ORAL TABLET
197446,SCD,CARISOPRODOL 350 MG ORAL TABLET,,CARISOPRODOL 350 MG,ORAL TABLET
978573,SCD,CARTEOLOL HYDROCHLORIDE 10 MG/ML OPHTHALMIC SOLUTION,,CARTEOLOL HYDROCHLORIDE 10 MG/ML,OPHTHALMIC SOLUTION
212389,SBD,CARVEDILOL 12.5 MG ORAL TABLET [COREG],COREG,CARVEDILOL 12.5 MG,ORAL TABLET
200032,SCD,CARVEDILOL 12.5 MG ORAL TABLET,,CARVEDILOL 12.5 MG,ORAL TABLET
212390,SBD,CARVEDILOL 25 MG ORAL TABLET [COREG],COREG,CARVEDILOL 25 MG,ORAL TABLET
200033,SCD,CARVEDILOL 25 MG ORAL TABLET,,CARVEDILOL 25 MG,ORAL TABLET
686924,SCD,CARVEDILOL 3.125 MG ORAL TABLET,,CARVEDILOL 3.125 MG,ORAL TABLET
686926,SBD,CARVEDILOL 3.125 MG ORAL TABLET [COREG],COREG,CARVEDILOL 3.125 MG,ORAL TABLET
212388,SBD,CARVEDILOL 6.25 MG ORAL TABLET [COREG],COREG,CARVEDILOL 6.25 MG,ORAL TABLET
200031,SCD,CARVEDILOL 6.25 MG ORAL TABLET,,CARVEDILOL 6.25 MG,ORAL TABLET
860512,SBD,24 HR CARVEDILOL PHOSPHATE 10 MG EXTENDED RELEASE ORAL CAPSULE [COREG],COREG,CARVEDILOL PHOSPHATE 10 MG,EXTENDED RELEASE ORAL CAPSULE
860510,SCD,24 HR CARVEDILOL PHOSPHATE 10 MG EXTENDED RELEASE ORAL CAPSULE,,CARVEDILOL PHOSPHATE 10 MG,EXTENDED RELEASE ORAL CAPSULE
860518,SBD,24 HR CARVEDILOL PHOSPHATE 20 MG EXTENDED RELEASE ORAL CAPSULE [COREG],COREG,CARVEDILOL PHOSPHATE 20 MG,EXTENDED RELEASE ORAL CAPSULE
860516,SCD,24 HR CARVEDILOL PHOSPHATE 20 MG EXTENDED RELEASE ORAL CAPSULE,,CARVEDILOL PHOSPHATE 20 MG,EXTENDED RELEASE ORAL CAPSULE
860524,SBD,24 HR CARVEDILOL PHOSPHATE 40 MG EXTENDED RELEASE ORAL CAPSULE [COREG],COREG,CARVEDILOL PHOSPHATE 40 MG,EXTENDED RELEASE ORAL CAPSULE
860522,SCD,24 HR CARVEDILOL PHOSPHATE 40 MG EXTENDED RELEASE ORAL CAPSULE,,CARVEDILOL PHOSPHATE 40 MG,EXTENDED RELEASE ORAL CAPSULE
860534,SBD,24 HR CARVEDILOL PHOSPHATE 80 MG EXTENDED RELEASE ORAL CAPSULE [COREG],COREG,CARVEDILOL PHOSPHATE 80 MG,EXTENDED RELEASE ORAL CAPSULE
860532,SCD,24 HR CARVEDILOL PHOSPHATE 80 MG EXTENDED RELEASE ORAL CAPSULE,,CARVEDILOL PHOSPHATE 80 MG,EXTENDED RELEASE ORAL CAPSULE
828755,SCD,CASPOFUNGIN ACETATE 50 MG INJECTION,,CASPOFUNGIN ACETATE 50 MG,INJECTION
828539,SCD,CASPOFUNGIN ACETATE 70 MG INJECTION,,CASPOFUNGIN ACETATE 70 MG,INJECTION
2384465,BPCK,{5 (CEDAZURIDINE 100 MG / DECITABINE 35 MG ORAL TABLET [INQOVI]) } PACK [INQOVI 5 TABLET PACK],INQOVI 5 TABLET PACK,CEDAZURIDINE 100 MG / DECITABINE 35 MG,PACK
309045,SCD,CEFACLOR 250 MG ORAL CAPSULE,,CEFACLOR 250 MG,ORAL CAPSULE
313888,SCD,CEFACLOR 50 MG/ML ORAL SUSPENSION,,CEFACLOR 50 MG/ML,ORAL SUSPENSION
197449,SCD,CEFACLOR 500 MG ORAL CAPSULE,,CEFACLOR 500 MG,ORAL CAPSULE
309043,SCD,12 HR CEFACLOR 500 MG EXTENDED RELEASE ORAL TABLET,,CEFACLOR 500 MG,EXTENDED RELEASE ORAL TABLET
105171,SCD,CEFADROXIL 100 MG/ML ORAL SUSPENSION,,CEFADROXIL 100 MG/ML,ORAL SUSPENSION
309047,SCD,CEFADROXIL 1000 MG ORAL TABLET,,CEFADROXIL 1000 MG,ORAL TABLET
309048,SCD,CEFADROXIL 50 MG/ML ORAL SUSPENSION,,CEFADROXIL 50 MG/ML,ORAL SUSPENSION
309049,SCD,CEFADROXIL 500 MG ORAL CAPSULE,,CEFADROXIL 500 MG,ORAL CAPSULE
1665050,SCD,CEFAZOLIN 1000 MG INJECTION,,CEFAZOLIN 1000 MG,INJECTION
313920,SCD,CEFAZOLIN 200 MG/ML INJECTABLE SOLUTION,,CEFAZOLIN 200 MG/ML,INJECTABLE SOLUTION
1665052,SCD,CEFAZOLIN 500 MG INJECTION,,CEFAZOLIN 500 MG,INJECTION
309054,SCD,CEFDINIR 25 MG/ML ORAL SUSPENSION,,CEFDINIR 25 MG/ML,ORAL SUSPENSION
200346,SCD,CEFDINIR 300 MG ORAL CAPSULE,,CEFDINIR 300 MG,ORAL CAPSULE
476576,SCD,CEFDINIR 50 MG/ML ORAL SUSPENSION,,CEFDINIR 50 MG/ML,ORAL SUSPENSION
1665093,SCD,CEFEPIME 1000 MG INJECTION,,CEFEPIME 1000 MG,INJECTION
1665088,SCD,CEFEPIME 2000 MG INJECTION,,CEFEPIME 2000 MG,INJECTION
309058,SCD,CEFIXIME 20 MG/ML ORAL SUSPENSION,,CEFIXIME 20 MG/ML,ORAL SUSPENSION
419849,SCD,CEFIXIME 40 MG/ML ORAL SUSPENSION,,CEFIXIME 40 MG/ML,ORAL SUSPENSION
409823,SCD,CEFIXIME 400 MG ORAL CAPSULE,,CEFIXIME 400 MG,ORAL CAPSULE
197451,SCD,CEFIXIME 400 MG ORAL TABLET,,CEFIXIME 400 MG,ORAL TABLET
1722919,SCD,CEFOTETAN 1000 MG INJECTION,,CEFOTETAN 1000 MG,INJECTION
1722921,SCD,CEFOTETAN 2000 MG INJECTION,,CEFOTETAN 2000 MG,INJECTION
1665102,SCD,CEFOXITIN 1000 MG INJECTION,,CEFOXITIN 1000 MG,INJECTION
309072,SCD,CEFOXITIN 200 MG/ML INJECTABLE SOLUTION,,CEFOXITIN 200 MG/ML,INJECTABLE SOLUTION
1665107,SCD,CEFOXITIN 2000 MG INJECTION,,CEFOXITIN 2000 MG,INJECTION
309079,SCD,CEFPODOXIME 10 MG/ML ORAL SUSPENSION,,CEFPODOXIME 10 MG/ML,ORAL SUSPENSION
309076,SCD,CEFPODOXIME 100 MG ORAL TABLET,,CEFPODOXIME 100 MG,ORAL TABLET
309077,SCD,CEFPODOXIME 20 MG/ML ORAL SUSPENSION,,CEFPODOXIME 20 MG/ML,ORAL SUSPENSION
309078,SCD,CEFPODOXIME 200 MG ORAL TABLET,,CEFPODOXIME 200 MG,ORAL TABLET
309080,SCD,CEFPROZIL 25 MG/ML ORAL SUSPENSION,,CEFPROZIL 25 MG/ML,ORAL SUSPENSION
197452,SCD,CEFPROZIL 250 MG ORAL TABLET,,CEFPROZIL 250 MG,ORAL TABLET
309081,SCD,CEFPROZIL 50 MG/ML ORAL SUSPENSION,,CEFPROZIL 50 MG/ML,ORAL SUSPENSION
197453,SCD,CEFPROZIL 500 MG ORAL TABLET,,CEFPROZIL 500 MG,ORAL TABLET
1040008,SCD,CEFTAROLINE FOSAMIL 400 MG INJECTION,,CEFTAROLINE FOSAMIL 400 MG,INJECTION
1040012,SBD,CEFTAROLINE FOSAMIL 400 MG INJECTION [TEFLARO],TEFLARO,CEFTAROLINE FOSAMIL 400 MG,INJECTION
1040014,SCD,CEFTAROLINE FOSAMIL 600 MG INJECTION,,CEFTAROLINE FOSAMIL 600 MG,INJECTION
1040016,SBD,CEFTAROLINE FOSAMIL 600 MG INJECTION [TEFLARO],TEFLARO,CEFTAROLINE FOSAMIL 600 MG,INJECTION
1659283,SCD,CEFTAZIDIME 1000 MG INJECTION,,CEFTAZIDIME 1000 MG,INJECTION
1659292,SBD,CEFTAZIDIME 1000 MG INJECTION [TAZICEF],TAZICEF,CEFTAZIDIME 1000 MG,INJECTION
206423,SBD,CEFTAZIDIME 200 MG/ML INJECTABLE SOLUTION [TAZICEF],TAZICEF,CEFTAZIDIME 200 MG/ML,INJECTABLE SOLUTION
242800,SCD,CEFTAZIDIME 200 MG/ML INJECTABLE SOLUTION,,CEFTAZIDIME 200 MG/ML,INJECTABLE SOLUTION
1659294,SBD,CEFTAZIDIME 2000 MG INJECTION [TAZICEF],TAZICEF,CEFTAZIDIME 2000 MG,INJECTION
1659287,SCD,CEFTAZIDIME 2000 MG INJECTION,,CEFTAZIDIME 2000 MG,INJECTION
2703567,SBD,CEFTOBIPROLE MEDOCARIL SODIUM 667 MG INJECTION [ZEVTERA],ZEVTERA,CEFTOBIPROLE MEDOCARIL SODIUM 667 MG,INJECTION
1597620,SBD,CEFTOLOZANE 1000 MG / TAZOBACTAM 500 MG INJECTION [ZERBAXA],ZERBAXA,CEFTOLOZANE 1000 MG / TAZOBACTAM 500 MG,INJECTION
309090,SCD,CEFTRIAXONE 100 MG/ML INJECTABLE SOLUTION,,CEFTRIAXONE 100 MG/ML,INJECTABLE SOLUTION
1665021,SCD,CEFTRIAXONE 1000 MG INJECTION,,CEFTRIAXONE 1000 MG,INJECTION
1665046,SCD,CEFTRIAXONE 2000 MG INJECTION,,CEFTRIAXONE 2000 MG,INJECTION
309092,SCD,CEFTRIAXONE 250 MG INJECTION,,CEFTRIAXONE 250 MG,INJECTION
1665005,SCD,CEFTRIAXONE 500 MG INJECTION,,CEFTRIAXONE 500 MG,INJECTION
1665444,SCD,CEFUROXIME 1500 MG INJECTION,,CEFUROXIME 1500 MG,INJECTION
309097,SCD,CEFUROXIME 250 MG ORAL TABLET,,CEFUROXIME 250 MG,ORAL TABLET
309098,SCD,CEFUROXIME 500 MG ORAL TABLET,,CEFUROXIME 500 MG,ORAL TABLET
1665449,SCD,CEFUROXIME 750 MG INJECTION,,CEFUROXIME 750 MG,INJECTION
2721535,SBD,CELECOXIB 10 MG/ML ORAL SUSPENSION [VYSCOXA],VYSCOXA,CELECOXIB 10 MG/ML,ORAL SUSPENSION
205322,SCD,CELECOXIB 100 MG ORAL CAPSULE,,CELECOXIB 100 MG,ORAL CAPSULE
213468,SBD,CELECOXIB 100 MG ORAL CAPSULE [CELEBREX],CELEBREX,CELECOXIB 100 MG,ORAL CAPSULE
213469,SBD,CELECOXIB 200 MG ORAL CAPSULE [CELEBREX],CELEBREX,CELECOXIB 200 MG,ORAL CAPSULE
205323,SCD,CELECOXIB 200 MG ORAL CAPSULE,,CELECOXIB 200 MG,ORAL CAPSULE
2373460,SBD,CELECOXIB 25 MG/ML ORAL SOLUTION [ELYXYB],ELYXYB,CELECOXIB 25 MG/ML,ORAL SOLUTION
349514,SCD,CELECOXIB 400 MG ORAL CAPSULE,,CELECOXIB 400 MG,ORAL CAPSULE
352314,SBD,CELECOXIB 400 MG ORAL CAPSULE [CELEBREX],CELEBREX,CELECOXIB 400 MG,ORAL CAPSULE
686379,SCD,CELECOXIB 50 MG ORAL CAPSULE,,CELECOXIB 50 MG,ORAL CAPSULE
686381,SBD,CELECOXIB 50 MG ORAL CAPSULE [CELEBREX],CELEBREX,CELECOXIB 50 MG,ORAL CAPSULE
2104341,SBD,CENEGERMIN-BKBJ 0.02 MG/ML OPHTHALMIC SOLUTION [OXERVATE],OXERVATE,CENEGERMIN-BKBJ 0.02 MG/ML,OPHTHALMIC SOLUTION
2283505,SBD,CENOBAMATE 100 MG ORAL TABLET [XCOPRI],XCOPRI,CENOBAMATE 100 MG,ORAL TABLET
2540432,BPCK,"{28 (CENOBAMATE 100 MG ORAL TABLET [XCOPRI]) / 28 (CENOBAMATE 150 MG ORAL TABLET [XCOPRI]) } PACK [XCOPRI 250 MG MAINTENANCE PACK - 100 MG (28), 150 MG (28) 56 COUNT]","XCOPRI 250 MG MAINTENANCE PACK - 100 MG (28), 150 MG (28) 56 COUNT",CENOBAMATE 100 MG / CENOBAMATE 150 MG,PACK
2283536,BPCK,"{14 (CENOBAMATE 100 MG ORAL TABLET [XCOPRI]) / 14 (CENOBAMATE 50 MG ORAL TABLET [XCOPRI]) } PACK [XCOPRI TITRATION PACK - 50 MG (14), 100 MG (14) 28 COUNT]","XCOPRI TITRATION PACK - 50 MG (14), 100 MG (14) 28 COUNT",CENOBAMATE 100 MG / CENOBAMATE 50 MG,PACK
2283538,BPCK,"{14 (CENOBAMATE 12.5 MG ORAL TABLET [XCOPRI]) / 14 (CENOBAMATE 25 MG ORAL TABLET [XCOPRI]) } PACK [XCOPRI TITRATION PACK - 12.5 MG (14), 25 MG (14) 28 COUNT]","XCOPRI TITRATION PACK - 12.5 MG (14), 25 MG (14) 28 COUNT",CENOBAMATE 12.5 MG / CENOBAMATE 25 MG,PACK
2283509,SBD,CENOBAMATE 150 MG ORAL TABLET [XCOPRI],XCOPRI,CENOBAMATE 150 MG,ORAL TABLET
2283540,BPCK,"{14 (CENOBAMATE 150 MG ORAL TABLET [XCOPRI]) / 14 (CENOBAMATE 200 MG ORAL TABLET [XCOPRI]) } PACK [XCOPRI TITRATION PACK - 150 MG (14), 200 MG (14) 28 COUNT]","XCOPRI TITRATION PACK - 150 MG (14), 200 MG (14) 28 COUNT",CENOBAMATE 150 MG / CENOBAMATE 200 MG,PACK
2283518,BPCK,{28 (CENOBAMATE 150 MG ORAL TABLET [XCOPRI]) / 28 (CENOBAMATE 200 MG ORAL TABLET) } PACK [XCOPRI 350 MG MAINTENANCE PACK],XCOPRI 350 MG MAINTENANCE PACK,CENOBAMATE 150 MG / CENOBAMATE 200 MG,PACK
2283513,SBD,CENOBAMATE 200 MG ORAL TABLET [XCOPRI],XCOPRI,CENOBAMATE 200 MG,ORAL TABLET
2283527,SBD,CENOBAMATE 25 MG ORAL TABLET [XCOPRI],XCOPRI,CENOBAMATE 25 MG,ORAL TABLET
2265701,SBD,CENOBAMATE 50 MG ORAL TABLET [XCOPRI],XCOPRI,CENOBAMATE 50 MG,ORAL TABLET
309110,SCD,CEPHALEXIN 25 MG/ML ORAL SUSPENSION,,CEPHALEXIN 25 MG/ML,ORAL SUSPENSION
309112,SCD,CEPHALEXIN 250 MG ORAL CAPSULE,,CEPHALEXIN 250 MG,ORAL CAPSULE
309115,SCD,CEPHALEXIN 250 MG ORAL TABLET,,CEPHALEXIN 250 MG,ORAL TABLET
309113,SCD,CEPHALEXIN 50 MG/ML ORAL SUSPENSION,,CEPHALEXIN 50 MG/ML,ORAL SUSPENSION
197454,SCD,CEPHALEXIN 500 MG ORAL TABLET,,CEPHALEXIN 500 MG,ORAL TABLET
309114,SCD,CEPHALEXIN 500 MG ORAL CAPSULE,,CEPHALEXIN 500 MG,ORAL CAPSULE
637173,SCD,CEPHALEXIN 750 MG ORAL CAPSULE,,CEPHALEXIN 750 MG,ORAL CAPSULE
2121061,SBD,CERITINIB 150 MG ORAL TABLET [ZYKADIA],ZYKADIA,CERITINIB 150 MG,ORAL TABLET
795085,SBD,CERTOLIZUMAB PEGOL 200 MG INJECTION [CIMZIA],CIMZIA,CERTOLIZUMAB PEGOL 200 MG,INJECTION
2724372,BPCK,{6 (1 ML CERTOLIZUMAB PEGOL 200 MG/ML PREFILLED SYRINGE [CIMZIA]) } PACK [CIMZIA STARTER KIT (6 COUNT)],CIMZIA STARTER KIT (6 COUNT),CERTOLIZUMAB PEGOL 200 MG/ML,PACK
849599,SBD,1 ML CERTOLIZUMAB PEGOL 200 MG/ML PREFILLED SYRINGE [CIMZIA],CIMZIA,CERTOLIZUMAB PEGOL 200 MG/ML,PREFILLED SYRINGE
2724370,BPCK,{2 (1 ML CERTOLIZUMAB PEGOL 200 MG/ML PREFILLED SYRINGE [CIMZIA]) } PACK [CIMZIA (2 COUNT)],CIMZIA (2 COUNT),CERTOLIZUMAB PEGOL 200 MG/ML,PACK
2119481,SBD,CETIRIZINE 2.4 MG/ML OPHTHALMIC SOLUTION [ZERVIATE],ZERVIATE,CETIRIZINE 2.4 MG/ML,OPHTHALMIC SOLUTION
1014673,SCD,CETIRIZINE HYDROCHLORIDE 1 MG/ML ORAL SOLUTION,,CETIRIZINE HYDROCHLORIDE 1 MG/ML,ORAL SOLUTION
261361,SBD,CEVIMELINE HYDROCHLORIDE 30 MG ORAL CAPSULE [EVOXAC],EVOXAC,CEVIMELINE HYDROCHLORIDE 30 MG,ORAL CAPSULE
309140,SCD,CEVIMELINE HYDROCHLORIDE 30 MG ORAL CAPSULE,,CEVIMELINE HYDROCHLORIDE 30 MG,ORAL CAPSULE
2710422,SBD,CHENODEOXYCHOLATE 250 MG ORAL TABLET [CTEXLI],CTEXLI,CHENODEOXYCHOLATE 250 MG,ORAL TABLET
2707132,SBD,"0.8 ML CHIKUNGUNYA VIRUS ANTIGEN, RECOMBINANT SENEGAL STRAIN 37997 0.05 MG/ML PREFILLED SYRINGE [VIMKUNYA]",VIMKUNYA,"CHIKUNGUNYA VIRUS ANTIGEN, RECOMBINANT SENEGAL STRAIN 37997 0.05 MG/ML",PREFILLED SYRINGE
105553,SBD,CHLORAMBUCIL 2 MG ORAL TABLET [LEUKERAN],LEUKERAN,CHLORAMBUCIL 2 MG,ORAL TABLET
905369,SCD,CHLORDIAZEPOXIDE HYDROCHLORIDE 10 MG ORAL CAPSULE,,CHLORDIAZEPOXIDE HYDROCHLORIDE 10 MG,ORAL CAPSULE
905495,SCD,CHLORDIAZEPOXIDE HYDROCHLORIDE 25 MG ORAL CAPSULE,,CHLORDIAZEPOXIDE HYDROCHLORIDE 25 MG,ORAL CAPSULE
905516,SCD,CHLORDIAZEPOXIDE HYDROCHLORIDE 5 MG ORAL CAPSULE,,CHLORDIAZEPOXIDE HYDROCHLORIDE 5 MG,ORAL CAPSULE
889616,SBD,CHLORDIAZEPOXIDE HYDROCHLORIDE 5 MG / CLIDINIUM BROMIDE 2.5 MG ORAL CAPSULE [LIBRAX],LIBRAX,CHLORDIAZEPOXIDE HYDROCHLORIDE 5 MG / CLIDINIUM BROMIDE 2.5 MG,ORAL CAPSULE
889614,SCD,CHLORDIAZEPOXIDE HYDROCHLORIDE 5 MG / CLIDINIUM BROMIDE 2.5 MG ORAL CAPSULE,,CHLORDIAZEPOXIDE HYDROCHLORIDE 5 MG / CLIDINIUM BROMIDE 2.5 MG,ORAL CAPSULE
834137,SBD,CHLORHEXIDINE GLUCONATE 1.2 MG/ML MOUTHWASH [PERIOGARD],PERIOGARD,CHLORHEXIDINE GLUCONATE 1.2 MG/ML,MOUTHWASH
834127,SCD,CHLORHEXIDINE GLUCONATE 1.2 MG/ML MOUTHWASH,,CHLORHEXIDINE GLUCONATE 1.2 MG/ML,MOUTHWASH
1117531,SCD,CHLOROQUINE PHOSPHATE 250 MG ORAL TABLET,,CHLOROQUINE PHOSPHATE 250 MG,ORAL TABLET
1116758,SCD,CHLOROQUINE PHOSPHATE 500 MG ORAL TABLET,,CHLOROQUINE PHOSPHATE 500 MG,ORAL TABLET
991039,SCD,CHLORPROMAZINE HYDROCHLORIDE 10 MG ORAL TABLET,,CHLORPROMAZINE HYDROCHLORIDE 10 MG,ORAL TABLET
991044,SCD,CHLORPROMAZINE HYDROCHLORIDE 100 MG ORAL TABLET,,CHLORPROMAZINE HYDROCHLORIDE 100 MG,ORAL TABLET
991053,SCD,CHLORPROMAZINE HYDROCHLORIDE 100 MG/ML ORAL SOLUTION,,CHLORPROMAZINE HYDROCHLORIDE 100 MG/ML,ORAL SOLUTION
991188,SCD,CHLORPROMAZINE HYDROCHLORIDE 200 MG ORAL TABLET,,CHLORPROMAZINE HYDROCHLORIDE 200 MG,ORAL TABLET
991194,SCD,CHLORPROMAZINE HYDROCHLORIDE 25 MG ORAL TABLET,,CHLORPROMAZINE HYDROCHLORIDE 25 MG,ORAL TABLET
991332,SCD,CHLORPROMAZINE HYDROCHLORIDE 30 MG/ML ORAL SOLUTION,,CHLORPROMAZINE HYDROCHLORIDE 30 MG/ML,ORAL SOLUTION
991336,SCD,CHLORPROMAZINE HYDROCHLORIDE 50 MG ORAL TABLET,,CHLORPROMAZINE HYDROCHLORIDE 50 MG,ORAL TABLET
2709679,SBD,CHLORTHALIDONE 12.5 MG ORAL TABLET [HEMICLOR],HEMICLOR,CHLORTHALIDONE 12.5 MG,ORAL TABLET
214081,SBD,CHLORTHALIDONE 15 MG ORAL TABLET [THALITONE],THALITONE,CHLORTHALIDONE 15 MG,ORAL TABLET
197499,SCD,CHLORTHALIDONE 25 MG ORAL TABLET,,CHLORTHALIDONE 25 MG,ORAL TABLET
197500,SCD,CHLORTHALIDONE 50 MG ORAL TABLET,,CHLORTHALIDONE 50 MG,ORAL TABLET
197501,SCD,CHLORZOXAZONE 250 MG ORAL TABLET,,CHLORZOXAZONE 250 MG,ORAL TABLET
1088934,SCD,CHLORZOXAZONE 375 MG ORAL TABLET,,CHLORZOXAZONE 375 MG,ORAL TABLET
197502,SCD,CHLORZOXAZONE 500 MG ORAL TABLET,,CHLORZOXAZONE 500 MG,ORAL TABLET
1088936,SCD,CHLORZOXAZONE 750 MG ORAL TABLET,,CHLORZOXAZONE 750 MG,ORAL TABLET
1801279,SCD,SUGAR-FREE CHOLESTYRAMINE RESIN 4000 MG POWDER FOR ORAL SUSPENSION,,CHOLESTYRAMINE RESIN 4000 MG,POWDER FOR ORAL SUSPENSION
1801280,SBD,SUGAR-FREE CHOLESTYRAMINE RESIN 4000 MG POWDER FOR ORAL SUSPENSION [QUESTRAN],QUESTRAN,CHOLESTYRAMINE RESIN 4000 MG,POWDER FOR ORAL SUSPENSION
848943,SCD,CHOLESTYRAMINE RESIN 4000 MG POWDER FOR ORAL SUSPENSION,,CHOLESTYRAMINE RESIN 4000 MG,POWDER FOR ORAL SUSPENSION
848949,SBD,CHOLESTYRAMINE RESIN 4000 MG POWDER FOR ORAL SUSPENSION [QUESTRAN],QUESTRAN,CHOLESTYRAMINE RESIN 4000 MG,POWDER FOR ORAL SUSPENSION
848951,SBD,SUGAR-FREE CHOLESTYRAMINE RESIN 4000 MG POWDER FOR ORAL SUSPENSION [PREVALITE],PREVALITE,CHOLESTYRAMINE RESIN 4000 MG,POWDER FOR ORAL SUSPENSION
1608274,SBD,CHOLIC ACID 250 MG ORAL CAPSULE [CHOLBAM],CHOLBAM,CHOLIC ACID 250 MG,ORAL CAPSULE
1608276,SBD,CHOLIC ACID 50 MG ORAL CAPSULE [CHOLBAM],CHOLBAM,CHOLIC ACID 50 MG,ORAL CAPSULE
1797843,SBD,CICLESONIDE 0.05 MG/ACTUAT METERED DOSE NASAL SPRAY [OMNARIS],OMNARIS,CICLESONIDE 0.05 MG/ACTUAT,METERED DOSE NASAL SPRAY
799040,SBD,60 ACTUAT CICLESONIDE 0.08 MG/ACTUAT METERED DOSE INHALER [ALVESCO],ALVESCO,CICLESONIDE 0.08 MG/ACTUAT,METERED DOSE INHALER
799037,SBD,60 ACTUAT CICLESONIDE 0.16 MG/ACTUAT METERED DOSE INHALER [ALVESCO],ALVESCO,CICLESONIDE 0.16 MG/ACTUAT,METERED DOSE INHALER
313941,SCD,CICLOPIROX 0.0077 MG/MG TOPICAL GEL,,CICLOPIROX 0.0077 MG/MG,TOPICAL GEL
250344,SCD,CICLOPIROX 10 MG/ML MEDICATED SHAMPOO,,CICLOPIROX 10 MG/ML,MEDICATED SHAMPOO
309289,SCD,CICLOPIROX 7.7 MG/ML TOPICAL CREAM,,CICLOPIROX 7.7 MG/ML,TOPICAL CREAM
309290,SCD,CICLOPIROX 7.7 MG/ML TOPICAL LOTION,,CICLOPIROX 7.7 MG/ML,TOPICAL LOTION
309291,SCD,CICLOPIROX 80 MG/ML TOPICAL SOLUTION,,CICLOPIROX 80 MG/ML,TOPICAL SOLUTION
1726204,SCD,CILASTATIN 250 MG / IMIPENEM 250 MG INJECTION,,CILASTATIN 250 MG / IMIPENEM 250 MG,INJECTION
1726214,SCD,CILASTATIN 500 MG / IMIPENEM 500 MG INJECTION,,CILASTATIN 500 MG / IMIPENEM 500 MG,INJECTION
242461,SCD,CILOSTAZOL 100 MG ORAL TABLET,,CILOSTAZOL 100 MG,ORAL TABLET
242462,SCD,CILOSTAZOL 50 MG ORAL TABLET,,CILOSTAZOL 50 MG,ORAL TABLET
197505,SCD,CIMETIDINE 200 MG ORAL TABLET,,CIMETIDINE 200 MG,ORAL TABLET
197506,SCD,CIMETIDINE 300 MG ORAL TABLET,,CIMETIDINE 300 MG,ORAL TABLET
197507,SCD,CIMETIDINE 400 MG ORAL TABLET,,CIMETIDINE 400 MG,ORAL TABLET
212787,SCD,CIMETIDINE 60 MG/ML ORAL SOLUTION,,CIMETIDINE 60 MG/ML,ORAL SOLUTION
197508,SCD,CIMETIDINE 800 MG ORAL TABLET,,CIMETIDINE 800 MG,ORAL TABLET
432402,SCD,CINACALCET 30 MG ORAL TABLET,,CINACALCET 30 MG,ORAL TABLET
432401,SCD,CINACALCET 60 MG ORAL TABLET,,CINACALCET 60 MG,ORAL TABLET
432400,SCD,CINACALCET 90 MG ORAL TABLET,,CINACALCET 90 MG,ORAL TABLET
213307,SBD,CIPROFLOXACIN 0.003 MG/MG OPHTHALMIC OINTMENT [CILOXAN],CILOXAN,CIPROFLOXACIN 0.003 MG/MG,OPHTHALMIC OINTMENT
213226,SBD,CIPROFLOXACIN 100 MG/ML ORAL SUSPENSION [CIPRO],CIPRO,CIPROFLOXACIN 100 MG/ML,ORAL SUSPENSION
848956,SCD,CIPROFLOXACIN 2 MG/ML OTIC SOLUTION,,CIPROFLOXACIN 2 MG/ML,OTIC SOLUTION
1665210,SCD,100 ML CIPROFLOXACIN 2 MG/ML INJECTION,,CIPROFLOXACIN 2 MG/ML,INJECTION
213320,SBD,CIPROFLOXACIN 2 MG/ML / HYDROCORTISONE 10 MG/ML OTIC SUSPENSION [CIPRO HC],CIPRO HC,CIPROFLOXACIN 2 MG/ML / HYDROCORTISONE 10 MG/ML,OTIC SUSPENSION
309305,SCD,CIPROFLOXACIN 2 MG/ML / HYDROCORTISONE 10 MG/ML OTIC SUSPENSION,,CIPROFLOXACIN 2 MG/ML / HYDROCORTISONE 10 MG/ML,OTIC SUSPENSION
197511,SCD,CIPROFLOXACIN 250 MG ORAL TABLET,,CIPROFLOXACIN 250 MG,ORAL TABLET
205769,SBD,CIPROFLOXACIN 250 MG ORAL TABLET [CIPRO],CIPRO,CIPROFLOXACIN 250 MG,ORAL TABLET
309307,SCD,CIPROFLOXACIN 3 MG/ML OPHTHALMIC SOLUTION,,CIPROFLOXACIN 3 MG/ML,OPHTHALMIC SOLUTION
403908,SCD,CIPROFLOXACIN 3 MG/ML / DEXAMETHASONE 1 MG/ML OTIC SUSPENSION,,CIPROFLOXACIN 3 MG/ML / DEXAMETHASONE 1 MG/ML,OTIC SUSPENSION
213224,SBD,CIPROFLOXACIN 50 MG/ML ORAL SUSPENSION [CIPRO],CIPRO,CIPROFLOXACIN 50 MG/ML,ORAL SUSPENSION
309309,SCD,CIPROFLOXACIN 500 MG ORAL TABLET,,CIPROFLOXACIN 500 MG,ORAL TABLET
205770,SBD,CIPROFLOXACIN 500 MG ORAL TABLET [CIPRO],CIPRO,CIPROFLOXACIN 500 MG,ORAL TABLET
197512,SCD,CIPROFLOXACIN 750 MG ORAL TABLET,,CIPROFLOXACIN 750 MG,ORAL TABLET
284591,SBD,CITALOPRAM 10 MG ORAL TABLET [CELEXA],CELEXA,CITALOPRAM 10 MG,ORAL TABLET
283672,SCD,CITALOPRAM 10 MG ORAL TABLET,,CITALOPRAM 10 MG,ORAL TABLET
309313,SCD,CITALOPRAM 2 MG/ML ORAL SOLUTION,,CITALOPRAM 2 MG/ML,ORAL SOLUTION
213344,SBD,CITALOPRAM 20 MG ORAL TABLET [CELEXA],CELEXA,CITALOPRAM 20 MG,ORAL TABLET
200371,SCD,CITALOPRAM 20 MG ORAL TABLET,,CITALOPRAM 20 MG,ORAL TABLET
2591786,SCD,CITALOPRAM 30 MG ORAL CAPSULE,,CITALOPRAM 30 MG,ORAL CAPSULE
309314,SCD,CITALOPRAM 40 MG ORAL TABLET,,CITALOPRAM 40 MG,ORAL TABLET
213345,SBD,CITALOPRAM 40 MG ORAL TABLET [CELEXA],CELEXA,CITALOPRAM 40 MG,ORAL TABLET
2700386,SBD,CITRIC ACID 0.01 MG/MG / LACTIC ACID 0.018 MG/MG / POTASSIUM BITARTRATE 0.004 MG/MG VAGINAL GEL [PHEXX],PHEXX,CITRIC ACID 0.01 MG/MG / LACTIC ACID 0.018 MG/MG / POTASSIUM BITARTRATE 0.004 MG/MG,VAGINAL GEL
2626366,SBD,CITRIC ACID 68.6 MG/ML / MAGNESIUM OXIDE 20 MG/ML / PICOSULFATE SODIUM 0.0571 MG/ML ORAL SOLUTION [CLENPIQ],CLENPIQ,CITRIC ACID 68.6 MG/ML / MAGNESIUM OXIDE 20 MG/ML / PICOSULFATE SODIUM 0.0571 MG/ML,ORAL SOLUTION
2122661,BPCK,{10 (CLADRIBINE 10 MG ORAL TABLET [MAVENCLAD]) } PACK [MAVENCLAD 10 TABLET PACK],MAVENCLAD 10 TABLET PACK,CLADRIBINE 10 MG,PACK
2122660,GPCK,{10 (CLADRIBINE 10 MG ORAL TABLET) } PACK,,CLADRIBINE 10 MG,PACK
2122659,BPCK,{4 (CLADRIBINE 10 MG ORAL TABLET [MAVENCLAD]) } PACK [MAVENCLAD 4 TABLET PACK],MAVENCLAD 4 TABLET PACK,CLADRIBINE 10 MG,PACK
2122635,GPCK,{9 (CLADRIBINE 10 MG ORAL TABLET) } PACK,,CLADRIBINE 10 MG,PACK
2122642,BPCK,{9 (CLADRIBINE 10 MG ORAL TABLET [MAVENCLAD]) } PACK [MAVENCLAD 9 TABLET PACK],MAVENCLAD 9 TABLET PACK,CLADRIBINE 10 MG,PACK
2122647,GPCK,{8 (CLADRIBINE 10 MG ORAL TABLET) } PACK,,CLADRIBINE 10 MG,PACK
2122658,GPCK,{4 (CLADRIBINE 10 MG ORAL TABLET) } PACK,,CLADRIBINE 10 MG,PACK
2122649,GPCK,{7 (CLADRIBINE 10 MG ORAL TABLET) } PACK,,CLADRIBINE 10 MG,PACK
2122650,BPCK,{7 (CLADRIBINE 10 MG ORAL TABLET [MAVENCLAD]) } PACK [MAVENCLAD 7 TABLET PACK],MAVENCLAD 7 TABLET PACK,CLADRIBINE 10 MG,PACK
2122654,GPCK,{6 (CLADRIBINE 10 MG ORAL TABLET) } PACK,,CLADRIBINE 10 MG,PACK
2122655,BPCK,{6 (CLADRIBINE 10 MG ORAL TABLET [MAVENCLAD]) } PACK [MAVENCLAD 6 TABLET PACK],MAVENCLAD 6 TABLET PACK,CLADRIBINE 10 MG,PACK
2122656,GPCK,{5 (CLADRIBINE 10 MG ORAL TABLET) } PACK,,CLADRIBINE 10 MG,PACK
2122657,BPCK,{5 (CLADRIBINE 10 MG ORAL TABLET [MAVENCLAD]) } PACK [MAVENCLAD 5 TABLET PACK],MAVENCLAD 5 TABLET PACK,CLADRIBINE 10 MG,PACK
2122648,BPCK,{8 (CLADRIBINE 10 MG ORAL TABLET [MAVENCLAD]) } PACK [MAVENCLAD 8 TABLET PACK],MAVENCLAD 8 TABLET PACK,CLADRIBINE 10 MG,PACK
240741,SCD,CLARITHROMYCIN 25 MG/ML ORAL SUSPENSION,,CLARITHROMYCIN 25 MG/ML,ORAL SUSPENSION
197516,SCD,CLARITHROMYCIN 250 MG ORAL TABLET,,CLARITHROMYCIN 250 MG,ORAL TABLET
309322,SCD,CLARITHROMYCIN 50 MG/ML ORAL SUSPENSION,,CLARITHROMYCIN 50 MG/ML,ORAL SUSPENSION
197517,SCD,CLARITHROMYCIN 500 MG ORAL TABLET,,CLARITHROMYCIN 500 MG,ORAL TABLET
359385,SCD,24 HR CLARITHROMYCIN 500 MG EXTENDED RELEASE ORAL TABLET,,CLARITHROMYCIN 500 MG,EXTENDED RELEASE ORAL TABLET
2474349,SBD,CLASCOTERONE 10 MG/ML TOPICAL CREAM [WINLEVI],WINLEVI,CLASCOTERONE 10 MG/ML,TOPICAL CREAM
857430,SCD,CLEMASTINE FUMARATE 0.134 MG/ML ORAL SOLUTION,,CLEMASTINE FUMARATE 0.134 MG/ML,ORAL SOLUTION
857461,SCD,CLEMASTINE FUMARATE 2.68 MG ORAL TABLET,,CLEMASTINE FUMARATE 2.68 MG,ORAL TABLET
2720338,SBD,CLEMASTINE FUMARATE 2.68 MG ORAL TABLET [CLEMSZA],CLEMSZA,CLEMASTINE FUMARATE 2.68 MG,ORAL TABLET
309332,SCD,ONCE-DAILY CLINDAMYCIN 0.01 MG/MG TOPICAL GEL,,CLINDAMYCIN 0.01 MG/MG,TOPICAL GEL
351330,SBD,ONCE-DAILY CLINDAMYCIN 0.01 MG/MG TOPICAL GEL [CLINDAGEL],CLINDAGEL,CLINDAMYCIN 0.01 MG/MG,TOPICAL GEL
2676585,SCD,TWICE-DAILY CLINDAMYCIN 0.01 MG/MG TOPICAL GEL,,CLINDAMYCIN 0.01 MG/MG,TOPICAL GEL
2587815,SBD,CLINDAMYCIN 0.02 MG/MG VAGINAL GEL [XACIATO],XACIATO,CLINDAMYCIN 0.02 MG/MG,VAGINAL GEL
477451,SCD,CLINDAMYCIN 10 MG/ML TOPICAL FOAM,,CLINDAMYCIN 10 MG/ML,TOPICAL FOAM
797274,SCD,CLINDAMYCIN 10 MG/ML MEDICATED PAD,,CLINDAMYCIN 10 MG/ML,MEDICATED PAD
804973,SBD,CLINDAMYCIN 10 MG/ML TOPICAL LOTION [CLEOCIN-T],CLEOCIN-T,CLINDAMYCIN 10 MG/ML,TOPICAL LOTION
309333,SCD,CLINDAMYCIN 10 MG/ML TOPICAL SOLUTION,,CLINDAMYCIN 10 MG/ML,TOPICAL SOLUTION
1091339,SBD,CLINDAMYCIN 10 MG/ML MEDICATED PAD [CLINDACIN],CLINDACIN,CLINDAMYCIN 10 MG/ML,MEDICATED PAD
2621717,SBD,CLINDAMYCIN 10 MG/ML TOPICAL FOAM [CLINDACIN],CLINDACIN,CLINDAMYCIN 10 MG/ML,TOPICAL FOAM
197519,SCD,CLINDAMYCIN 10 MG/ML TOPICAL LOTION,,CLINDAMYCIN 10 MG/ML,TOPICAL LOTION
882533,SBD,CLINDAMYCIN 100 MG VAGINAL INSERT [CLEOCIN],CLEOCIN,CLINDAMYCIN 100 MG,VAGINAL INSERT
309335,SCD,50 ML CLINDAMYCIN 12 MG/ML INJECTION,,CLINDAMYCIN 12 MG/ML,INJECTION
748743,SBD,CLINDAMYCIN 15 MG/ML ORAL SOLUTION [CLEOCIN],CLEOCIN,CLINDAMYCIN 15 MG/ML,ORAL SOLUTION
562266,SCD,CLINDAMYCIN 15 MG/ML ORAL SOLUTION,,CLINDAMYCIN 15 MG/ML,ORAL SOLUTION
197518,SCD,CLINDAMYCIN 150 MG ORAL CAPSULE,,CLINDAMYCIN 150 MG,ORAL CAPSULE
1737578,SCD,4 ML CLINDAMYCIN 150 MG/ML INJECTION,,CLINDAMYCIN 150 MG/ML,INJECTION
1737244,SCD,2 ML CLINDAMYCIN 150 MG/ML INJECTION,,CLINDAMYCIN 150 MG/ML,INJECTION
1737581,SCD,6 ML CLINDAMYCIN 150 MG/ML INJECTION,,CLINDAMYCIN 150 MG/ML,INJECTION
309336,SCD,50 ML CLINDAMYCIN 18 MG/ML INJECTION,,CLINDAMYCIN 18 MG/ML,INJECTION
602427,SBD,CLINDAMYCIN 20 MG/ML VAGINAL CREAM [CLINDESSE],CLINDESSE,CLINDAMYCIN 20 MG/ML,VAGINAL CREAM
882536,SBD,CLINDAMYCIN 20 MG/ML VAGINAL CREAM [CLEOCIN],CLEOCIN,CLINDAMYCIN 20 MG/ML,VAGINAL CREAM
309337,SCD,CLINDAMYCIN 20 MG/ML VAGINAL CREAM,,CLINDAMYCIN 20 MG/ML,VAGINAL CREAM
284215,SCD,CLINDAMYCIN 300 MG ORAL CAPSULE,,CLINDAMYCIN 300 MG,ORAL CAPSULE
309339,SCD,50 ML CLINDAMYCIN 6 MG/ML INJECTION,,CLINDAMYCIN 6 MG/ML,INJECTION
309329,SCD,CLINDAMYCIN 75 MG ORAL CAPSULE,,CLINDAMYCIN 75 MG,ORAL CAPSULE
882550,SBD,CLINDAMYCIN PHOSPHATE 0.012 MG/MG / TRETINOIN 0.00025 MG/MG TOPICAL GEL [ZIANA],ZIANA,CLINDAMYCIN PHOSPHATE 0.012 MG/MG / TRETINOIN 0.00025 MG/MG,TOPICAL GEL
882548,SCD,CLINDAMYCIN PHOSPHATE 0.012 MG/MG / TRETINOIN 0.00025 MG/MG TOPICAL GEL,,CLINDAMYCIN PHOSPHATE 0.012 MG/MG / TRETINOIN 0.00025 MG/MG,TOPICAL GEL
1191056,SBD,CLOBAZAM 10 MG ORAL TABLET [ONFI],ONFI,CLOBAZAM 10 MG,ORAL TABLET
2102713,SBD,CLOBAZAM 10 MG ORAL FILM [SYMPAZAN],SYMPAZAN,CLOBAZAM 10 MG,ORAL FILM
199450,SCD,CLOBAZAM 10 MG ORAL TABLET,,CLOBAZAM 10 MG,ORAL TABLET
1366196,SBD,CLOBAZAM 2.5 MG/ML ORAL SUSPENSION [ONFI],ONFI,CLOBAZAM 2.5 MG/ML,ORAL SUSPENSION
1366192,SCD,CLOBAZAM 2.5 MG/ML ORAL SUSPENSION,,CLOBAZAM 2.5 MG/ML,ORAL SUSPENSION
2102715,SBD,CLOBAZAM 20 MG ORAL FILM [SYMPAZAN],SYMPAZAN,CLOBAZAM 20 MG,ORAL FILM
1191058,SBD,CLOBAZAM 20 MG ORAL TABLET [ONFI],ONFI,CLOBAZAM 20 MG,ORAL TABLET
246172,SCD,CLOBAZAM 20 MG ORAL TABLET,,CLOBAZAM 20 MG,ORAL TABLET
2102717,SBD,CLOBAZAM 5 MG ORAL FILM [SYMPAZAN],SYMPAZAN,CLOBAZAM 5 MG,ORAL FILM
861448,SCD,CLOBETASOL PROPIONATE 0.0005 MG/MG TOPICAL OINTMENT,,CLOBETASOL PROPIONATE 0.0005 MG/MG,TOPICAL OINTMENT
861434,SCD,CLOBETASOL PROPIONATE 0.0005 MG/MG TOPICAL GEL,,CLOBETASOL PROPIONATE 0.0005 MG/MG,TOPICAL GEL
1995455,SCD,CLOBETASOL PROPIONATE 0.25 MG/ML TOPICAL CREAM,,CLOBETASOL PROPIONATE 0.25 MG/ML,TOPICAL CREAM
1992281,SCD,EMOLLIENT CLOBETASOL PROPIONATE 0.5 MG/ML TOPICAL CREAM,,CLOBETASOL PROPIONATE 0.5 MG/ML,TOPICAL CREAM
1992273,SCD,EMOLLIENT CLOBETASOL PROPIONATE 0.5 MG/ML TOPICAL FOAM,,CLOBETASOL PROPIONATE 0.5 MG/ML,TOPICAL FOAM
2180345,SBD,EMOLLIENT CLOBETASOL PROPIONATE 0.5 MG/ML TOPICAL FOAM [TOVET],TOVET,CLOBETASOL PROPIONATE 0.5 MG/ML,TOPICAL FOAM
861512,SCD,CLOBETASOL PROPIONATE 0.5 MG/ML TOPICAL SPRAY,,CLOBETASOL PROPIONATE 0.5 MG/ML,TOPICAL SPRAY
861505,SCD,CLOBETASOL PROPIONATE 0.5 MG/ML TOPICAL LOTION,,CLOBETASOL PROPIONATE 0.5 MG/ML,TOPICAL LOTION
861495,SCD,CLOBETASOL PROPIONATE 0.5 MG/ML TOPICAL CREAM,,CLOBETASOL PROPIONATE 0.5 MG/ML,TOPICAL CREAM
861490,SCD,CLOBETASOL PROPIONATE 0.5 MG/ML MEDICATED SHAMPOO,,CLOBETASOL PROPIONATE 0.5 MG/ML,MEDICATED SHAMPOO
861487,SCD,CLOBETASOL PROPIONATE 0.5 MG/ML TOPICAL SOLUTION,,CLOBETASOL PROPIONATE 0.5 MG/ML,TOPICAL SOLUTION
861353,SCD,CLOBETASOL PROPIONATE 0.5 MG/ML TOPICAL FOAM,,CLOBETASOL PROPIONATE 0.5 MG/ML,TOPICAL FOAM
1541099,SBD,CLOBETASOL PROPIONATE 0.5 MG/ML MEDICATED SHAMPOO [CLODAN],CLODAN,CLOBETASOL PROPIONATE 0.5 MG/ML,MEDICATED SHAMPOO
197520,SCD,CLOCORTOLONE 1 MG/ML TOPICAL CREAM,,CLOCORTOLONE 1 MG/ML,TOPICAL CREAM
857299,SBD,CLOMIPRAMINE HYDROCHLORIDE 25 MG ORAL CAPSULE [ANAFRANIL],ANAFRANIL,CLOMIPRAMINE HYDROCHLORIDE 25 MG,ORAL CAPSULE
857297,SCD,CLOMIPRAMINE HYDROCHLORIDE 25 MG ORAL CAPSULE,,CLOMIPRAMINE HYDROCHLORIDE 25 MG,ORAL CAPSULE
857301,SCD,CLOMIPRAMINE HYDROCHLORIDE 50 MG ORAL CAPSULE,,CLOMIPRAMINE HYDROCHLORIDE 50 MG,ORAL CAPSULE
857303,SBD,CLOMIPRAMINE HYDROCHLORIDE 50 MG ORAL CAPSULE [ANAFRANIL],ANAFRANIL,CLOMIPRAMINE HYDROCHLORIDE 50 MG,ORAL CAPSULE
857305,SCD,CLOMIPRAMINE HYDROCHLORIDE 75 MG ORAL CAPSULE,,CLOMIPRAMINE HYDROCHLORIDE 75 MG,ORAL CAPSULE
857307,SBD,CLOMIPRAMINE HYDROCHLORIDE 75 MG ORAL CAPSULE [ANAFRANIL],ANAFRANIL,CLOMIPRAMINE HYDROCHLORIDE 75 MG,ORAL CAPSULE
349194,SCD,CLONAZEPAM 0.125 MG DISINTEGRATING ORAL TABLET,,CLONAZEPAM 0.125 MG,DISINTEGRATING ORAL TABLET
349195,SCD,CLONAZEPAM 0.25 MG DISINTEGRATING ORAL TABLET,,CLONAZEPAM 0.25 MG,DISINTEGRATING ORAL TABLET
349198,SCD,CLONAZEPAM 0.5 MG DISINTEGRATING ORAL TABLET,,CLONAZEPAM 0.5 MG,DISINTEGRATING ORAL TABLET
197527,SCD,CLONAZEPAM 0.5 MG ORAL TABLET,,CLONAZEPAM 0.5 MG,ORAL TABLET
206157,SBD,CLONAZEPAM 0.5 MG ORAL TABLET [KLONOPIN],KLONOPIN,CLONAZEPAM 0.5 MG,ORAL TABLET
349196,SCD,CLONAZEPAM 1 MG DISINTEGRATING ORAL TABLET,,CLONAZEPAM 1 MG,DISINTEGRATING ORAL TABLET
206159,SBD,CLONAZEPAM 1 MG ORAL TABLET [KLONOPIN],KLONOPIN,CLONAZEPAM 1 MG,ORAL TABLET
197528,SCD,CLONAZEPAM 1 MG ORAL TABLET,,CLONAZEPAM 1 MG,ORAL TABLET
206160,SBD,CLONAZEPAM 2 MG ORAL TABLET [KLONOPIN],KLONOPIN,CLONAZEPAM 2 MG,ORAL TABLET
349197,SCD,CLONAZEPAM 2 MG DISINTEGRATING ORAL TABLET,,CLONAZEPAM 2 MG,DISINTEGRATING ORAL TABLET
197529,SCD,CLONAZEPAM 2 MG ORAL TABLET,,CLONAZEPAM 2 MG,ORAL TABLET
998671,SCD,168 HR CLONIDINE 0.00417 MG/HR TRANSDERMAL SYSTEM,,CLONIDINE 0.00417 MG/HR,TRANSDERMAL SYSTEM
998675,SCD,168 HR CLONIDINE 0.00833 MG/HR TRANSDERMAL SYSTEM,,CLONIDINE 0.00833 MG/HR,TRANSDERMAL SYSTEM
998679,SCD,168 HR CLONIDINE 0.0125 MG/HR TRANSDERMAL SYSTEM,,CLONIDINE 0.0125 MG/HR,TRANSDERMAL SYSTEM
1050338,SBD,24 HR CLONIDINE 0.17 MG EXTENDED RELEASE ORAL TABLET [NEXICLON],NEXICLON,CLONIDINE 0.17 MG,EXTENDED RELEASE ORAL TABLET
885880,SCD,24 HR CLONIDINE 0.17 MG EXTENDED RELEASE ORAL TABLET,,CLONIDINE 0.17 MG,EXTENDED RELEASE ORAL TABLET
2725561,SBD,CLONIDINE HYDROCHLORIDE 0.02 MG/ML ORAL SOLUTION [JAVADIN],JAVADIN,CLONIDINE HYDROCHLORIDE 0.02 MG/ML,ORAL SOLUTION
2740803,SCD,CLONIDINE HYDROCHLORIDE 0.05 MG ORAL TABLET,,CLONIDINE HYDROCHLORIDE 0.05 MG,ORAL TABLET
884173,SCD,CLONIDINE HYDROCHLORIDE 0.1 MG ORAL TABLET,,CLONIDINE HYDROCHLORIDE 0.1 MG,ORAL TABLET
1013930,SCD,12 HR CLONIDINE HYDROCHLORIDE 0.1 MG EXTENDED RELEASE ORAL TABLET,,CLONIDINE HYDROCHLORIDE 0.1 MG,EXTENDED RELEASE ORAL TABLET
2690735,SBD,24 HR CLONIDINE HYDROCHLORIDE 0.1 MG/ML EXTENDED RELEASE SUSPENSION [ONYDA],ONYDA,CLONIDINE HYDROCHLORIDE 0.1 MG/ML,EXTENDED RELEASE SUSPENSION
884185,SCD,CLONIDINE HYDROCHLORIDE 0.2 MG ORAL TABLET,,CLONIDINE HYDROCHLORIDE 0.2 MG,ORAL TABLET
884189,SCD,CLONIDINE HYDROCHLORIDE 0.3 MG ORAL TABLET,,CLONIDINE HYDROCHLORIDE 0.3 MG,ORAL TABLET
749196,SCD,CLOPIDOGREL 300 MG ORAL TABLET,,CLOPIDOGREL 300 MG,ORAL TABLET
213169,SBD,CLOPIDOGREL 75 MG ORAL TABLET [PLAVIX],PLAVIX,CLOPIDOGREL 75 MG,ORAL TABLET
309362,SCD,CLOPIDOGREL 75 MG ORAL TABLET,,CLOPIDOGREL 75 MG,ORAL TABLET
197464,SCD,CLORAZEPATE DIPOTASSIUM 15 MG ORAL TABLET,,CLORAZEPATE DIPOTASSIUM 15 MG,ORAL TABLET
197465,SCD,CLORAZEPATE DIPOTASSIUM 3.75 MG ORAL TABLET,,CLORAZEPATE DIPOTASSIUM 3.75 MG,ORAL TABLET
197466,SCD,CLORAZEPATE DIPOTASSIUM 7.5 MG ORAL TABLET,,CLORAZEPATE DIPOTASSIUM 7.5 MG,ORAL TABLET
309371,SCD,CLOTRIMAZOLE 10 MG ORAL LOZENGE,,CLOTRIMAZOLE 10 MG,ORAL LOZENGE
309370,SCD,CLOTRIMAZOLE 10 MG/ML TOPICAL SOLUTION,,CLOTRIMAZOLE 10 MG/ML,TOPICAL SOLUTION
309367,SCD,CLOTRIMAZOLE 10 MG/ML TOPICAL CREAM,,CLOTRIMAZOLE 10 MG/ML,TOPICAL CREAM
104776,SBD,CLOZAPINE 100 MG ORAL TABLET [CLOZARIL],CLOZARIL,CLOZAPINE 100 MG,ORAL TABLET
197535,SCD,CLOZAPINE 100 MG ORAL TABLET,,CLOZAPINE 100 MG,ORAL TABLET
476177,SCD,CLOZAPINE 100 MG DISINTEGRATING ORAL TABLET,,CLOZAPINE 100 MG,DISINTEGRATING ORAL TABLET
721773,SCD,CLOZAPINE 12.5 MG DISINTEGRATING ORAL TABLET,,CLOZAPINE 12.5 MG,DISINTEGRATING ORAL TABLET
1006801,SCD,CLOZAPINE 150 MG DISINTEGRATING ORAL TABLET,,CLOZAPINE 150 MG,DISINTEGRATING ORAL TABLET
996921,SCD,CLOZAPINE 200 MG DISINTEGRATING ORAL TABLET,,CLOZAPINE 200 MG,DISINTEGRATING ORAL TABLET
309374,SCD,CLOZAPINE 200 MG ORAL TABLET,,CLOZAPINE 200 MG,ORAL TABLET
476179,SCD,CLOZAPINE 25 MG DISINTEGRATING ORAL TABLET,,CLOZAPINE 25 MG,DISINTEGRATING ORAL TABLET
197536,SCD,CLOZAPINE 25 MG ORAL TABLET,,CLOZAPINE 25 MG,ORAL TABLET
104775,SBD,CLOZAPINE 25 MG ORAL TABLET [CLOZARIL],CLOZARIL,CLOZAPINE 25 MG,ORAL TABLET
429212,SCD,CLOZAPINE 50 MG ORAL TABLET,,CLOZAPINE 50 MG,ORAL TABLET
1369831,SBD,CLOZAPINE 50 MG/ML ORAL SUSPENSION [VERSACLOZ],VERSACLOZ,CLOZAPINE 50 MG/ML,ORAL SUSPENSION
2710426,SBD,COBICISTAT 150 MG / DARUNAVIR 675 MG ORAL TABLET [PREZCOBIX],PREZCOBIX,COBICISTAT 150 MG / DARUNAVIR 675 MG,ORAL TABLET
1600710,SBD,COBICISTAT 150 MG / DARUNAVIR 800 MG ORAL TABLET [PREZCOBIX],PREZCOBIX,COBICISTAT 150 MG / DARUNAVIR 800 MG,ORAL TABLET
2049677,SBD,COBICISTAT 150 MG / DARUNAVIR 800 MG / EMTRICITABINE 200 MG / TENOFOVIR ALAFENAMIDE 10 MG ORAL TABLET [SYMTUZA],SYMTUZA,COBICISTAT 150 MG / DARUNAVIR 800 MG / EMTRICITABINE 200 MG / TENOFOVIR ALAFENAMIDE 10 MG,ORAL TABLET
1721619,SBD,COBICISTAT 150 MG / ELVITEGRAVIR 150 MG / EMTRICITABINE 200 MG / TENOFOVIR ALAFENAMIDE 10 MG ORAL TABLET [GENVOYA],GENVOYA,COBICISTAT 150 MG / ELVITEGRAVIR 150 MG / EMTRICITABINE 200 MG / TENOFOVIR ALAFENAMIDE 10 MG,ORAL TABLET
1306298,SBD,COBICISTAT 150 MG / ELVITEGRAVIR 150 MG / EMTRICITABINE 200 MG / TENOFOVIR DISOPROXIL FUMARATE 300 MG ORAL TABLET [STRIBILD],STRIBILD,COBICISTAT 150 MG / ELVITEGRAVIR 150 MG / EMTRICITABINE 200 MG / TENOFOVIR DISOPROXIL FUMARATE 300 MG,ORAL TABLET
1722376,SBD,COBIMETINIB 20 MG ORAL TABLET [COTELLIC],COTELLIC,COBIMETINIB 20 MG,ORAL TABLET
997170,SCD,CODEINE SULFATE 15 MG ORAL TABLET,,CODEINE SULFATE 15 MG,ORAL TABLET
997287,SCD,CODEINE SULFATE 30 MG ORAL TABLET,,CODEINE SULFATE 30 MG,ORAL TABLET
997296,SCD,CODEINE SULFATE 60 MG ORAL TABLET,,CODEINE SULFATE 60 MG,ORAL TABLET
2180558,SBD,COLCHICINE 0.12 MG/ML ORAL SOLUTION [GLOPERBA],GLOPERBA,COLCHICINE 0.12 MG/ML,ORAL SOLUTION
2663988,SBD,COLCHICINE 0.5 MG ORAL TABLET [LODOCO],LODOCO,COLCHICINE 0.5 MG,ORAL TABLET
198153,SCD,COLCHICINE 0.5 MG / PROBENECID 500 MG ORAL TABLET,,COLCHICINE 0.5 MG / PROBENECID 500 MG,ORAL TABLET
1550946,SBD,COLCHICINE 0.6 MG ORAL CAPSULE [MITIGARE],MITIGARE,COLCHICINE 0.6 MG,ORAL CAPSULE
1550940,SCD,COLCHICINE 0.6 MG ORAL CAPSULE,,COLCHICINE 0.6 MG,ORAL CAPSULE
197541,SCD,COLCHICINE 0.6 MG ORAL TABLET,,COLCHICINE 0.6 MG,ORAL TABLET
866905,SCD,COLESEVELAM HYDROCHLORIDE 3750 MG POWDER FOR ORAL SUSPENSION,,COLESEVELAM HYDROCHLORIDE 3750 MG,POWDER FOR ORAL SUSPENSION
866907,SBD,COLESEVELAM HYDROCHLORIDE 3750 MG POWDER FOR ORAL SUSPENSION [WELCHOL],WELCHOL,COLESEVELAM HYDROCHLORIDE 3750 MG,POWDER FOR ORAL SUSPENSION
866912,SBD,COLESEVELAM HYDROCHLORIDE 625 MG ORAL TABLET [WELCHOL],WELCHOL,COLESEVELAM HYDROCHLORIDE 625 MG,ORAL TABLET
866910,SCD,COLESEVELAM HYDROCHLORIDE 625 MG ORAL TABLET,,COLESEVELAM HYDROCHLORIDE 625 MG,ORAL TABLET
1048445,SCD,COLESTIPOL HYDROCHLORIDE 1000 MG ORAL TABLET,,COLESTIPOL HYDROCHLORIDE 1000 MG,ORAL TABLET
1048447,SBD,COLESTIPOL HYDROCHLORIDE 1000 MG ORAL TABLET [COLESTID],COLESTID,COLESTIPOL HYDROCHLORIDE 1000 MG,ORAL TABLET
1048450,SCD,COLESTIPOL HYDROCHLORIDE 5000 MG GRANULES FOR ORAL SUSPENSION,,COLESTIPOL HYDROCHLORIDE 5000 MG,GRANULES FOR ORAL SUSPENSION
1117522,SCD,COLISTIN 75 MG/ML INJECTABLE SOLUTION,,COLISTIN 75 MG/ML,INJECTABLE SOLUTION
1149617,SBD,COLLAGENASE 0.25 UNT/MG TOPICAL OINTMENT [SANTYL],SANTYL,COLLAGENASE 0.25 UNT/MG,TOPICAL OINTMENT
2707580,SBD,0.5 ML CORTICOTROPIN 80 UNT/ML PREFILLED SYRINGE [CORTROPHIN],CORTROPHIN,CORTICOTROPIN 80 UNT/ML,PREFILLED SYRINGE
1040025,SBD,CORTICOTROPIN 80 UNT/ML INJECTABLE SOLUTION [ACTHAR],ACTHAR,CORTICOTROPIN 80 UNT/ML,INJECTABLE SOLUTION
2685299,SBD,0.5 ML CORTICOTROPIN 80 UNT/ML PREFILLED SYRINGE [ACTHAR],ACTHAR,CORTICOTROPIN 80 UNT/ML,PREFILLED SYRINGE
2685296,SBD,1 ML CORTICOTROPIN 80 UNT/ML PREFILLED SYRINGE [ACTHAR],ACTHAR,CORTICOTROPIN 80 UNT/ML,PREFILLED SYRINGE
2584475,SBD,CORTICOTROPIN 80 UNT/ML INJECTABLE SOLUTION [CORTROPHIN],CORTROPHIN,CORTICOTROPIN 80 UNT/ML,INJECTABLE SOLUTION
2707578,SBD,1 ML CORTICOTROPIN 80 UNT/ML PREFILLED SYRINGE [CORTROPHIN],CORTROPHIN,CORTICOTROPIN 80 UNT/ML,PREFILLED SYRINGE
2701397,SBD,CRINECERFONT 100 MG ORAL CAPSULE [CRENESSITY],CRENESSITY,CRINECERFONT 100 MG,ORAL CAPSULE
2701405,SBD,CRINECERFONT 50 MG ORAL CAPSULE [CRENESSITY],CRENESSITY,CRINECERFONT 50 MG,ORAL CAPSULE
2701413,SBD,CRINECERFONT 50 MG/ML ORAL SOLUTION [CRENESSITY],CRENESSITY,CRINECERFONT 50 MG/ML,ORAL SOLUTION
1865962,SBD,CRISABOROLE 0.02 MG/MG TOPICAL OINTMENT [EUCRISA],EUCRISA,CRISABOROLE 0.02 MG/MG,TOPICAL OINTMENT
2670170,SBD,CRIZOTINIB 150 MG ORAL PELLET [XALKORI],XALKORI,CRIZOTINIB 150 MG,ORAL PELLET
2670174,SBD,CRIZOTINIB 20 MG ORAL PELLET [XALKORI],XALKORI,CRIZOTINIB 20 MG,ORAL PELLET
1148502,SBD,CRIZOTINIB 200 MG ORAL CAPSULE [XALKORI],XALKORI,CRIZOTINIB 200 MG,ORAL CAPSULE
1148506,SBD,CRIZOTINIB 250 MG ORAL CAPSULE [XALKORI],XALKORI,CRIZOTINIB 250 MG,ORAL CAPSULE
2670178,SBD,CRIZOTINIB 50 MG ORAL PELLET [XALKORI],XALKORI,CRIZOTINIB 50 MG,ORAL PELLET
1806878,SBD,CROFELEMER 125 MG DELAYED RELEASE ORAL TABLET [MYTESI],MYTESI,CROFELEMER 125 MG,DELAYED RELEASE ORAL TABLET
831246,SCD,CROMOLYN SODIUM 10 MG/ML INHALATION SOLUTION,,CROMOLYN SODIUM 10 MG/ML,INHALATION SOLUTION
831261,SCD,CROMOLYN SODIUM 20 MG/ML ORAL SOLUTION,,CROMOLYN SODIUM 20 MG/ML,ORAL SOLUTION
831269,SBD,CROMOLYN SODIUM 20 MG/ML ORAL SOLUTION [GASTROCROM],GASTROCROM,CROMOLYN SODIUM 20 MG/ML,ORAL SOLUTION
831109,SCD,CROMOLYN SODIUM 40 MG/ML OPHTHALMIC SOLUTION,,CROMOLYN SODIUM 40 MG/ML,OPHTHALMIC SOLUTION
207864,SBD,CROTAMITON 100 MG/ML TOPICAL CREAM [EURAX],EURAX,CROTAMITON 100 MG/ML,TOPICAL CREAM
106219,SCD,CROTAMITON 100 MG/ML TOPICAL LOTION,,CROTAMITON 100 MG/ML,TOPICAL LOTION
2049603,SBD,CROTAMITON 100 MG/ML TOPICAL LOTION [CROTAN],CROTAN,CROTAMITON 100 MG/ML,TOPICAL LOTION
828348,SCD,CYCLOBENZAPRINE HYDROCHLORIDE 10 MG ORAL TABLET,,CYCLOBENZAPRINE HYDROCHLORIDE 10 MG,ORAL TABLET
828359,SBD,24 HR CYCLOBENZAPRINE HYDROCHLORIDE 15 MG EXTENDED RELEASE ORAL CAPSULE [AMRIX],AMRIX,CYCLOBENZAPRINE HYDROCHLORIDE 15 MG,EXTENDED RELEASE ORAL CAPSULE
828358,SCD,24 HR CYCLOBENZAPRINE HYDROCHLORIDE 15 MG EXTENDED RELEASE ORAL CAPSULE,,CYCLOBENZAPRINE HYDROCHLORIDE 15 MG,EXTENDED RELEASE ORAL CAPSULE
2723114,SBD,CYCLOBENZAPRINE HYDROCHLORIDE 2.8 MG SUBLINGUAL TABLET [TONMYA],TONMYA,CYCLOBENZAPRINE HYDROCHLORIDE 2.8 MG,SUBLINGUAL TABLET
828355,SBD,24 HR CYCLOBENZAPRINE HYDROCHLORIDE 30 MG EXTENDED RELEASE ORAL CAPSULE [AMRIX],AMRIX,CYCLOBENZAPRINE HYDROCHLORIDE 30 MG,EXTENDED RELEASE ORAL CAPSULE
828353,SCD,24 HR CYCLOBENZAPRINE HYDROCHLORIDE 30 MG EXTENDED RELEASE ORAL CAPSULE,,CYCLOBENZAPRINE HYDROCHLORIDE 30 MG,EXTENDED RELEASE ORAL CAPSULE
828320,SCD,CYCLOBENZAPRINE HYDROCHLORIDE 5 MG ORAL TABLET,,CYCLOBENZAPRINE HYDROCHLORIDE 5 MG,ORAL TABLET
828301,SBD,CYCLOBENZAPRINE HYDROCHLORIDE 7.5 MG ORAL TABLET [FEXMID],FEXMID,CYCLOBENZAPRINE HYDROCHLORIDE 7.5 MG,ORAL TABLET
828299,SCD,CYCLOBENZAPRINE HYDROCHLORIDE 7.5 MG ORAL TABLET,,CYCLOBENZAPRINE HYDROCHLORIDE 7.5 MG,ORAL TABLET
1437968,SCD,CYCLOPHOSPHAMIDE 25 MG ORAL CAPSULE,,CYCLOPHOSPHAMIDE 25 MG,ORAL CAPSULE
197550,SCD,CYCLOPHOSPHAMIDE 50 MG ORAL TABLET,,CYCLOPHOSPHAMIDE 50 MG,ORAL TABLET
1437969,SCD,CYCLOPHOSPHAMIDE 50 MG ORAL CAPSULE,,CYCLOPHOSPHAMIDE 50 MG,ORAL CAPSULE
197551,SCD,CYCLOSERINE 250 MG ORAL CAPSULE,,CYCLOSERINE 250 MG,ORAL CAPSULE
2572293,SBD,0.4 ML CYCLOSPORINE 0.5 MG/ML OPHTHALMIC SUSPENSION [RESTASIS],RESTASIS,CYCLOSPORINE 0.5 MG/ML,OPHTHALMIC SUSPENSION
402092,SBD,CYCLOSPORINE 0.5 MG/ML OPHTHALMIC SUSPENSION [RESTASIS],RESTASIS,CYCLOSPORINE 0.5 MG/ML,OPHTHALMIC SUSPENSION
2572292,SCD,0.4 ML CYCLOSPORINE 0.5 MG/ML OPHTHALMIC SUSPENSION,,CYCLOSPORINE 0.5 MG/ML,OPHTHALMIC SUSPENSION
2055026,SBD,CYCLOSPORINE 0.9 MG/ML OPHTHALMIC SOLUTION [CEQUA],CEQUA,CYCLOSPORINE 0.9 MG/ML,OPHTHALMIC SOLUTION
2590613,SBD,CYCLOSPORINE 1 MG/ML OPHTHALMIC SUSPENSION [VERKAZIA],VERKAZIA,CYCLOSPORINE 1 MG/ML,OPHTHALMIC SUSPENSION
2639941,SBD,CYCLOSPORINE 1 MG/ML OPHTHALMIC SOLUTION [VEVYE],VEVYE,CYCLOSPORINE 1 MG/ML,OPHTHALMIC SOLUTION
328160,SCD,CYCLOSPORINE 100 MG ORAL CAPSULE,,CYCLOSPORINE 100 MG,ORAL CAPSULE
197552,SBD,CYCLOSPORINE 100 MG ORAL CAPSULE [SANDIMMUNE],SANDIMMUNE,CYCLOSPORINE 100 MG,ORAL CAPSULE
197553,SCD,CYCLOSPORINE 25 MG ORAL CAPSULE,,CYCLOSPORINE 25 MG,ORAL CAPSULE
212810,SBD,CYCLOSPORINE 25 MG ORAL CAPSULE [SANDIMMUNE],SANDIMMUNE,CYCLOSPORINE 25 MG,ORAL CAPSULE
835835,SBD,"CYCLOSPORINE, MODIFIED 100 MG ORAL CAPSULE [GENGRAF]",GENGRAF,"CYCLOSPORINE, MODIFIED 100 MG",ORAL CAPSULE
241834,SCD,"CYCLOSPORINE, MODIFIED 100 MG ORAL CAPSULE",,"CYCLOSPORINE, MODIFIED 100 MG",ORAL CAPSULE
835911,SBD,"CYCLOSPORINE, MODIFIED 100 MG ORAL CAPSULE [NEORAL]",NEORAL,"CYCLOSPORINE, MODIFIED 100 MG",ORAL CAPSULE
835886,SCD,"CYCLOSPORINE, MODIFIED 100 MG/ML ORAL SOLUTION",,"CYCLOSPORINE, MODIFIED 100 MG/ML",ORAL SOLUTION
835899,SBD,"CYCLOSPORINE, MODIFIED 100 MG/ML ORAL SOLUTION [NEORAL]",NEORAL,"CYCLOSPORINE, MODIFIED 100 MG/ML",ORAL SOLUTION
835909,SBD,"CYCLOSPORINE, MODIFIED 25 MG ORAL CAPSULE [NEORAL]",NEORAL,"CYCLOSPORINE, MODIFIED 25 MG",ORAL CAPSULE
835896,SBD,"CYCLOSPORINE, MODIFIED 25 MG ORAL CAPSULE [GENGRAF]",GENGRAF,"CYCLOSPORINE, MODIFIED 25 MG",ORAL CAPSULE
835894,SCD,"CYCLOSPORINE, MODIFIED 25 MG ORAL CAPSULE",,"CYCLOSPORINE, MODIFIED 25 MG",ORAL CAPSULE
835925,SCD,"CYCLOSPORINE, MODIFIED 50 MG ORAL CAPSULE",,"CYCLOSPORINE, MODIFIED 50 MG",ORAL CAPSULE
866021,SCD,CYPROHEPTADINE HYDROCHLORIDE 0.4 MG/ML ORAL SOLUTION,,CYPROHEPTADINE HYDROCHLORIDE 0.4 MG/ML,ORAL SOLUTION
866144,SCD,CYPROHEPTADINE HYDROCHLORIDE 4 MG ORAL TABLET,,CYPROHEPTADINE HYDROCHLORIDE 4 MG,ORAL TABLET
209788,SBD,CYSTEAMINE 150 MG ORAL CAPSULE [CYSTAGON],CYSTAGON,CYSTEAMINE 150 MG,ORAL CAPSULE
2396905,SBD,CYSTEAMINE 3.8 MG/ML OPHTHALMIC SOLUTION [CYSTADROPS],CYSTADROPS,CYSTEAMINE 3.8 MG/ML,OPHTHALMIC SOLUTION
2284514,SBD,CYSTEAMINE 300 MG DELAYED RELEASE ORAL GRANULES [PROCYSBI],PROCYSBI,CYSTEAMINE 300 MG,DELAYED RELEASE ORAL GRANULES
1313785,SBD,CYSTEAMINE 4.4 MG/ML OPHTHALMIC SOLUTION [CYSTARAN],CYSTARAN,CYSTEAMINE 4.4 MG/ML,OPHTHALMIC SOLUTION
209789,SBD,CYSTEAMINE 50 MG ORAL CAPSULE [CYSTAGON],CYSTAGON,CYSTEAMINE 50 MG,ORAL CAPSULE
2284516,SBD,CYSTEAMINE 75 MG DELAYED RELEASE ORAL GRANULES [PROCYSBI],PROCYSBI,CYSTEAMINE 75 MG,DELAYED RELEASE ORAL GRANULES
1723476,SCD,DABIGATRAN ETEXILATE 110 MG ORAL CAPSULE,,DABIGATRAN ETEXILATE 110 MG,ORAL CAPSULE
1723478,SBD,DABIGATRAN ETEXILATE 110 MG ORAL CAPSULE [PRADAXA],PRADAXA,DABIGATRAN ETEXILATE 110 MG,ORAL CAPSULE
2590619,SBD,DABIGATRAN ETEXILATE 110 MG ORAL PELLET [PRADAXA],PRADAXA,DABIGATRAN ETEXILATE 110 MG,ORAL PELLET
1037049,SBD,DABIGATRAN ETEXILATE 150 MG ORAL CAPSULE [PRADAXA],PRADAXA,DABIGATRAN ETEXILATE 150 MG,ORAL CAPSULE
1037045,SCD,DABIGATRAN ETEXILATE 150 MG ORAL CAPSULE,,DABIGATRAN ETEXILATE 150 MG,ORAL CAPSULE
2590621,SBD,DABIGATRAN ETEXILATE 150 MG ORAL PELLET [PRADAXA],PRADAXA,DABIGATRAN ETEXILATE 150 MG,ORAL PELLET
2590625,SBD,DABIGATRAN ETEXILATE 20 MG ORAL PELLET [PRADAXA],PRADAXA,DABIGATRAN ETEXILATE 20 MG,ORAL PELLET
2590629,SBD,DABIGATRAN ETEXILATE 30 MG ORAL PELLET [PRADAXA],PRADAXA,DABIGATRAN ETEXILATE 30 MG,ORAL PELLET
2590633,SBD,DABIGATRAN ETEXILATE 40 MG ORAL PELLET [PRADAXA],PRADAXA,DABIGATRAN ETEXILATE 40 MG,ORAL PELLET
2590637,SBD,DABIGATRAN ETEXILATE 50 MG ORAL PELLET [PRADAXA],PRADAXA,DABIGATRAN ETEXILATE 50 MG,ORAL PELLET
1037181,SBD,DABIGATRAN ETEXILATE 75 MG ORAL CAPSULE [PRADAXA],PRADAXA,DABIGATRAN ETEXILATE 75 MG,ORAL CAPSULE
1037179,SCD,DABIGATRAN ETEXILATE 75 MG ORAL CAPSULE,,DABIGATRAN ETEXILATE 75 MG,ORAL CAPSULE
2632556,SBD,DABRAFENIB 10 MG TABLET FOR ORAL SUSPENSION [TAFINLAR],TAFINLAR,DABRAFENIB 10 MG,TABLET FOR ORAL SUSPENSION
1425228,SBD,DABRAFENIB 50 MG ORAL CAPSULE [TAFINLAR],TAFINLAR,DABRAFENIB 50 MG,ORAL CAPSULE
1425230,SBD,DABRAFENIB 75 MG ORAL CAPSULE [TAFINLAR],TAFINLAR,DABRAFENIB 75 MG,ORAL CAPSULE
1539248,SBD,DALBAVANCIN 500 MG INJECTION [DALVANCE],DALVANCE,DALBAVANCIN 500 MG,INJECTION
1539243,SCD,DALBAVANCIN 500 MG INJECTION,,DALBAVANCIN 500 MG,INJECTION
897021,SCD,12 HR DALFAMPRIDINE 10 MG EXTENDED RELEASE ORAL TABLET,,DALFAMPRIDINE 10 MG,EXTENDED RELEASE ORAL TABLET
897025,SBD,12 HR DALFAMPRIDINE 10 MG EXTENDED RELEASE ORAL TABLET [AMPYRA],AMPYRA,DALFAMPRIDINE 10 MG,EXTENDED RELEASE ORAL TABLET
978757,SBD,1 ML DALTEPARIN SODIUM 10000 UNT/ML PREFILLED SYRINGE [FRAGMIN],FRAGMIN,DALTEPARIN SODIUM 10000 UNT/ML,PREFILLED SYRINGE
978727,SBD,0.2 ML DALTEPARIN SODIUM 12500 UNT/ML PREFILLED SYRINGE [FRAGMIN],FRAGMIN,DALTEPARIN SODIUM 12500 UNT/ML,PREFILLED SYRINGE
978741,SBD,0.5 ML DALTEPARIN SODIUM 25000 UNT/ML PREFILLED SYRINGE [FRAGMIN],FRAGMIN,DALTEPARIN SODIUM 25000 UNT/ML,PREFILLED SYRINGE
978735,SBD,0.2 ML DALTEPARIN SODIUM 25000 UNT/ML PREFILLED SYRINGE [FRAGMIN],FRAGMIN,DALTEPARIN SODIUM 25000 UNT/ML,PREFILLED SYRINGE
978737,SBD,0.3 ML DALTEPARIN SODIUM 25000 UNT/ML PREFILLED SYRINGE [FRAGMIN],FRAGMIN,DALTEPARIN SODIUM 25000 UNT/ML,PREFILLED SYRINGE
978745,SBD,0.6 ML DALTEPARIN SODIUM 25000 UNT/ML PREFILLED SYRINGE [FRAGMIN],FRAGMIN,DALTEPARIN SODIUM 25000 UNT/ML,PREFILLED SYRINGE
978747,SBD,0.72 ML DALTEPARIN SODIUM 25000 UNT/ML PREFILLED SYRINGE [FRAGMIN],FRAGMIN,DALTEPARIN SODIUM 25000 UNT/ML,PREFILLED SYRINGE
978778,SBD,DALTEPARIN SODIUM 25000 UNT/ML INJECTABLE SOLUTION [FRAGMIN],FRAGMIN,DALTEPARIN SODIUM 25000 UNT/ML,INJECTABLE SOLUTION
197554,SCD,DANAZOL 100 MG ORAL CAPSULE,,DANAZOL 100 MG,ORAL CAPSULE
197555,SCD,DANAZOL 200 MG ORAL CAPSULE,,DANAZOL 200 MG,ORAL CAPSULE
197556,SCD,DANAZOL 50 MG ORAL CAPSULE,,DANAZOL 50 MG,ORAL CAPSULE
2678973,BPCK,{180 (DANICOPAN 100 MG ORAL TABLET [VOYDEYA]) } PACK [VOYDEYA 200 MG DOSE BOTTLE],VOYDEYA 200 MG DOSE BOTTLE,DANICOPAN 100 MG,PACK
2678975,BPCK,{90 (DANICOPAN 100 MG ORAL TABLET [VOYDEYA]) / 90 (DANICOPAN 50 MG ORAL TABLET [VOYDEYA]) } PACK [VOYDEYA 150 MG DOSE BOTTLE],VOYDEYA 150 MG DOSE BOTTLE,DANICOPAN 100 MG / DANICOPAN 50 MG,PACK
856652,SCD,DANTROLENE SODIUM 100 MG ORAL CAPSULE,,DANTROLENE SODIUM 100 MG,ORAL CAPSULE
856656,SCD,DANTROLENE SODIUM 25 MG ORAL CAPSULE,,DANTROLENE SODIUM 25 MG,ORAL CAPSULE
856658,SBD,DANTROLENE SODIUM 25 MG ORAL CAPSULE [DANTRIUM],DANTRIUM,DANTROLENE SODIUM 25 MG,ORAL CAPSULE
856660,SCD,DANTROLENE SODIUM 50 MG ORAL CAPSULE,,DANTROLENE SODIUM 50 MG,ORAL CAPSULE
1488569,SCD,DAPAGLIFLOZIN 10 MG ORAL TABLET,,DAPAGLIFLOZIN 10 MG,ORAL TABLET
1486977,SBD,DAPAGLIFLOZIN 10 MG ORAL TABLET [FARXIGA],FARXIGA,DAPAGLIFLOZIN 10 MG,ORAL TABLET
1593775,SBD,24 HR DAPAGLIFLOZIN 10 MG / METFORMIN HYDROCHLORIDE 1000 MG EXTENDED RELEASE ORAL TABLET [XIGDUO],XIGDUO,DAPAGLIFLOZIN 10 MG / METFORMIN HYDROCHLORIDE 1000 MG,EXTENDED RELEASE ORAL TABLET
1593058,SCD,24 HR DAPAGLIFLOZIN 10 MG / METFORMIN HYDROCHLORIDE 1000 MG EXTENDED RELEASE ORAL TABLET,,DAPAGLIFLOZIN 10 MG / METFORMIN HYDROCHLORIDE 1000 MG,EXTENDED RELEASE ORAL TABLET
1593835,SBD,24 HR DAPAGLIFLOZIN 10 MG / METFORMIN HYDROCHLORIDE 500 MG EXTENDED RELEASE ORAL TABLET [XIGDUO],XIGDUO,DAPAGLIFLOZIN 10 MG / METFORMIN HYDROCHLORIDE 500 MG,EXTENDED RELEASE ORAL TABLET
1593068,SCD,24 HR DAPAGLIFLOZIN 10 MG / METFORMIN HYDROCHLORIDE 500 MG EXTENDED RELEASE ORAL TABLET,,DAPAGLIFLOZIN 10 MG / METFORMIN HYDROCHLORIDE 500 MG,EXTENDED RELEASE ORAL TABLET
1925498,SCD,DAPAGLIFLOZIN 10 MG / SAXAGLIPTIN 5 MG ORAL TABLET,,DAPAGLIFLOZIN 10 MG / SAXAGLIPTIN 5 MG,ORAL TABLET
1940498,SBD,24 HR DAPAGLIFLOZIN 2.5 MG / METFORMIN HYDROCHLORIDE 1000 MG EXTENDED RELEASE ORAL TABLET [XIGDUO],XIGDUO,DAPAGLIFLOZIN 2.5 MG / METFORMIN HYDROCHLORIDE 1000 MG,EXTENDED RELEASE ORAL TABLET
1486981,SBD,DAPAGLIFLOZIN 5 MG ORAL TABLET [FARXIGA],FARXIGA,DAPAGLIFLOZIN 5 MG,ORAL TABLET
1488574,SCD,DAPAGLIFLOZIN 5 MG ORAL TABLET,,DAPAGLIFLOZIN 5 MG,ORAL TABLET
1593833,SBD,24 HR DAPAGLIFLOZIN 5 MG / METFORMIN HYDROCHLORIDE 1000 MG EXTENDED RELEASE ORAL TABLET [XIGDUO],XIGDUO,DAPAGLIFLOZIN 5 MG / METFORMIN HYDROCHLORIDE 1000 MG,EXTENDED RELEASE ORAL TABLET
1593070,SCD,24 HR DAPAGLIFLOZIN 5 MG / METFORMIN HYDROCHLORIDE 1000 MG EXTENDED RELEASE ORAL TABLET,,DAPAGLIFLOZIN 5 MG / METFORMIN HYDROCHLORIDE 1000 MG,EXTENDED RELEASE ORAL TABLET
1593831,SBD,24 HR DAPAGLIFLOZIN 5 MG / METFORMIN HYDROCHLORIDE 500 MG EXTENDED RELEASE ORAL TABLET [XIGDUO],XIGDUO,DAPAGLIFLOZIN 5 MG / METFORMIN HYDROCHLORIDE 500 MG,EXTENDED RELEASE ORAL TABLET
1593072,SCD,24 HR DAPAGLIFLOZIN 5 MG / METFORMIN HYDROCHLORIDE 500 MG EXTENDED RELEASE ORAL TABLET,,DAPAGLIFLOZIN 5 MG / METFORMIN HYDROCHLORIDE 500 MG,EXTENDED RELEASE ORAL TABLET
607295,SCD,DAPSONE 0.05 MG/MG TOPICAL GEL,,DAPSONE 0.05 MG/MG,TOPICAL GEL
1741907,SBD,DAPSONE 0.075 MG/MG TOPICAL GEL [ACZONE],ACZONE,DAPSONE 0.075 MG/MG,TOPICAL GEL
1741905,SCD,DAPSONE 0.075 MG/MG TOPICAL GEL,,DAPSONE 0.075 MG/MG,TOPICAL GEL
197557,SCD,DAPSONE 100 MG ORAL TABLET,,DAPSONE 100 MG,ORAL TABLET
197558,SCD,DAPSONE 25 MG ORAL TABLET,,DAPSONE 25 MG,ORAL TABLET
1996246,SCD,DAPTOMYCIN 350 MG INJECTION,,DAPTOMYCIN 350 MG,INJECTION
403920,SCD,DAPTOMYCIN 500 MG INJECTION,,DAPTOMYCIN 500 MG,INJECTION
352044,SBD,1 ML DARBEPOETIN ALFA 0.025 MG/ML INJECTION [ARANESP],ARANESP,DARBEPOETIN ALFA 0.025 MG/ML,INJECTION
1605172,SBD,0.4 ML DARBEPOETIN ALFA 0.025 MG/ML PREFILLED SYRINGE [ARANESP],ARANESP,DARBEPOETIN ALFA 0.025 MG/ML,PREFILLED SYRINGE
352045,SBD,1 ML DARBEPOETIN ALFA 0.04 MG/ML INJECTION [ARANESP],ARANESP,DARBEPOETIN ALFA 0.04 MG/ML,INJECTION
731245,SBD,0.42 ML DARBEPOETIN ALFA 0.06 MG/ML PREFILLED SYRINGE [ARANESP],ARANESP,DARBEPOETIN ALFA 0.06 MG/ML,PREFILLED SYRINGE
352046,SBD,1 ML DARBEPOETIN ALFA 0.06 MG/ML INJECTION [ARANESP],ARANESP,DARBEPOETIN ALFA 0.06 MG/ML,INJECTION
352047,SBD,1 ML DARBEPOETIN ALFA 0.1 MG/ML INJECTION [ARANESP],ARANESP,DARBEPOETIN ALFA 0.1 MG/ML,INJECTION
731227,SBD,0.4 ML DARBEPOETIN ALFA 0.1 MG/ML PREFILLED SYRINGE [ARANESP],ARANESP,DARBEPOETIN ALFA 0.1 MG/ML,PREFILLED SYRINGE
731250,SBD,0.3 ML DARBEPOETIN ALFA 0.2 MG/ML PREFILLED SYRINGE [ARANESP],ARANESP,DARBEPOETIN ALFA 0.2 MG/ML,PREFILLED SYRINGE
1654955,SBD,1 ML DARBEPOETIN ALFA 0.2 MG/ML INJECTION [ARANESP],ARANESP,DARBEPOETIN ALFA 0.2 MG/ML,INJECTION
730046,SBD,0.5 ML DARBEPOETIN ALFA 0.2 MG/ML PREFILLED SYRINGE [ARANESP],ARANESP,DARBEPOETIN ALFA 0.2 MG/ML,PREFILLED SYRINGE
731231,SBD,0.3 ML DARBEPOETIN ALFA 0.5 MG/ML PREFILLED SYRINGE [ARANESP],ARANESP,DARBEPOETIN ALFA 0.5 MG/ML,PREFILLED SYRINGE
731229,SBD,0.6 ML DARBEPOETIN ALFA 0.5 MG/ML PREFILLED SYRINGE [ARANESP],ARANESP,DARBEPOETIN ALFA 0.5 MG/ML,PREFILLED SYRINGE
731235,SBD,0.4 ML DARBEPOETIN ALFA 0.5 MG/ML PREFILLED SYRINGE [ARANESP],ARANESP,DARBEPOETIN ALFA 0.5 MG/ML,PREFILLED SYRINGE
731241,SBD,1 ML DARBEPOETIN ALFA 0.5 MG/ML PREFILLED SYRINGE [ARANESP],ARANESP,DARBEPOETIN ALFA 0.5 MG/ML,PREFILLED SYRINGE
2591508,SBD,DARIDOREXANT 25 MG ORAL TABLET [QUVIVIQ],QUVIVIQ,DARIDOREXANT 25 MG,ORAL TABLET
2599098,SBD,DARIDOREXANT 50 MG ORAL TABLET [QUVIVIQ],QUVIVIQ,DARIDOREXANT 50 MG,ORAL TABLET
485421,SCD,24 HR DARIFENACIN 15 MG EXTENDED RELEASE ORAL TABLET,,DARIFENACIN 15 MG,EXTENDED RELEASE ORAL TABLET
485423,SCD,24 HR DARIFENACIN 7.5 MG EXTENDED RELEASE ORAL TABLET,,DARIFENACIN 7.5 MG,EXTENDED RELEASE ORAL TABLET
2180336,SBD,DAROLUTAMIDE 300 MG ORAL TABLET [NUBEQA],NUBEQA,DAROLUTAMIDE 300 MG,ORAL TABLET
1236632,SBD,DARUNAVIR 100 MG/ML ORAL SUSPENSION [PREZISTA],PREZISTA,DARUNAVIR 100 MG/ML,ORAL SUSPENSION
850457,SBD,DARUNAVIR 150 MG ORAL TABLET [PREZISTA],PREZISTA,DARUNAVIR 150 MG,ORAL TABLET
794610,SBD,DARUNAVIR 600 MG ORAL TABLET [PREZISTA],PREZISTA,DARUNAVIR 600 MG,ORAL TABLET
670026,SCD,DARUNAVIR 600 MG ORAL TABLET,,DARUNAVIR 600 MG,ORAL TABLET
831870,SBD,DARUNAVIR 75 MG ORAL TABLET [PREZISTA],PREZISTA,DARUNAVIR 75 MG,ORAL TABLET
1359269,SCD,DARUNAVIR 800 MG ORAL TABLET,,DARUNAVIR 800 MG,ORAL TABLET
1359271,SBD,DARUNAVIR 800 MG ORAL TABLET [PREZISTA],PREZISTA,DARUNAVIR 800 MG,ORAL TABLET
799047,SCD,DASATINIB 100 MG ORAL TABLET,,DASATINIB 100 MG,ORAL TABLET
2691837,SBD,DASATINIB 100 MG ORAL TABLET [PHYRAGO],PHYRAGO,DASATINIB 100 MG,ORAL TABLET
799830,SBD,DASATINIB 100 MG ORAL TABLET [SPRYCEL],SPRYCEL,DASATINIB 100 MG,ORAL TABLET
2691839,SBD,DASATINIB 140 MG ORAL TABLET [PHYRAGO],PHYRAGO,DASATINIB 140 MG,ORAL TABLET
1045404,SBD,DASATINIB 140 MG ORAL TABLET [SPRYCEL],SPRYCEL,DASATINIB 140 MG,ORAL TABLET
1045402,SCD,DASATINIB 140 MG ORAL TABLET,,DASATINIB 140 MG,ORAL TABLET
643173,SBD,DASATINIB 20 MG ORAL TABLET [SPRYCEL],SPRYCEL,DASATINIB 20 MG,ORAL TABLET
2691841,SBD,DASATINIB 20 MG ORAL TABLET [PHYRAGO],PHYRAGO,DASATINIB 20 MG,ORAL TABLET
643105,SCD,DASATINIB 20 MG ORAL TABLET,,DASATINIB 20 MG,ORAL TABLET
2691843,SBD,DASATINIB 50 MG ORAL TABLET [PHYRAGO],PHYRAGO,DASATINIB 50 MG,ORAL TABLET
643175,SBD,DASATINIB 50 MG ORAL TABLET [SPRYCEL],SPRYCEL,DASATINIB 50 MG,ORAL TABLET
643107,SCD,DASATINIB 50 MG ORAL TABLET,,DASATINIB 50 MG,ORAL TABLET
2691845,SBD,DASATINIB 70 MG ORAL TABLET [PHYRAGO],PHYRAGO,DASATINIB 70 MG,ORAL TABLET
643177,SBD,DASATINIB 70 MG ORAL TABLET [SPRYCEL],SPRYCEL,DASATINIB 70 MG,ORAL TABLET
643109,SCD,DASATINIB 70 MG ORAL TABLET,,DASATINIB 70 MG,ORAL TABLET
1045406,SCD,DASATINIB 80 MG ORAL TABLET,,DASATINIB 80 MG,ORAL TABLET
2691847,SBD,DASATINIB 80 MG ORAL TABLET [PHYRAGO],PHYRAGO,DASATINIB 80 MG,ORAL TABLET
1045408,SBD,DASATINIB 80 MG ORAL TABLET [SPRYCEL],SPRYCEL,DASATINIB 80 MG,ORAL TABLET
616159,SBD,DEFERASIROX 125 MG TABLET FOR ORAL SUSPENSION [EXJADE],EXJADE,DEFERASIROX 125 MG,TABLET FOR ORAL SUSPENSION
597768,SCD,DEFERASIROX 125 MG TABLET FOR ORAL SUSPENSION,,DEFERASIROX 125 MG,TABLET FOR ORAL SUSPENSION
1607784,SCD,DEFERASIROX 180 MG ORAL TABLET,,DEFERASIROX 180 MG,ORAL TABLET
1607790,SBD,DEFERASIROX 180 MG ORAL TABLET [JADENU],JADENU,DEFERASIROX 180 MG,ORAL TABLET
1923829,SBD,DEFERASIROX 180 MG ORAL GRANULES [JADENU],JADENU,DEFERASIROX 180 MG,ORAL GRANULES
1923828,SCD,DEFERASIROX 180 MG ORAL GRANULES,,DEFERASIROX 180 MG,ORAL GRANULES
597770,SCD,DEFERASIROX 250 MG TABLET FOR ORAL SUSPENSION,,DEFERASIROX 250 MG,TABLET FOR ORAL SUSPENSION
616161,SBD,DEFERASIROX 250 MG TABLET FOR ORAL SUSPENSION [EXJADE],EXJADE,DEFERASIROX 250 MG,TABLET FOR ORAL SUSPENSION
1607794,SBD,DEFERASIROX 360 MG ORAL TABLET [JADENU],JADENU,DEFERASIROX 360 MG,ORAL TABLET
1923827,SBD,DEFERASIROX 360 MG ORAL GRANULES [JADENU],JADENU,DEFERASIROX 360 MG,ORAL GRANULES
1923826,SCD,DEFERASIROX 360 MG ORAL GRANULES,,DEFERASIROX 360 MG,ORAL GRANULES
1607792,SCD,DEFERASIROX 360 MG ORAL TABLET,,DEFERASIROX 360 MG,ORAL TABLET
597772,SCD,DEFERASIROX 500 MG TABLET FOR ORAL SUSPENSION,,DEFERASIROX 500 MG,TABLET FOR ORAL SUSPENSION
616163,SBD,DEFERASIROX 500 MG TABLET FOR ORAL SUSPENSION [EXJADE],EXJADE,DEFERASIROX 500 MG,TABLET FOR ORAL SUSPENSION
1607798,SBD,DEFERASIROX 90 MG ORAL TABLET [JADENU],JADENU,DEFERASIROX 90 MG,ORAL TABLET
1923825,SBD,DEFERASIROX 90 MG ORAL GRANULES [JADENU],JADENU,DEFERASIROX 90 MG,ORAL GRANULES
1607796,SCD,DEFERASIROX 90 MG ORAL TABLET,,DEFERASIROX 90 MG,ORAL TABLET
1923822,SCD,DEFERASIROX 90 MG ORAL GRANULES,,DEFERASIROX 90 MG,ORAL GRANULES
1716268,SBD,DEFERIPRONE 100 MG/ML ORAL SOLUTION [FERRIPROX],FERRIPROX,DEFERIPRONE 100 MG/ML,ORAL SOLUTION
2180999,SBD,DEFERIPRONE 1000 MG ORAL TABLET [FERRIPROX],FERRIPROX,DEFERIPRONE 1000 MG,ORAL TABLET
2685015,SBD,TWICE-DAILY DEFERIPRONE 1000 MG ORAL TABLET [FERRIPROX],FERRIPROX,DEFERIPRONE 1000 MG,ORAL TABLET
2180997,SCD,DEFERIPRONE 1000 MG ORAL TABLET,,DEFERIPRONE 1000 MG,ORAL TABLET
389242,SCD,DEFERIPRONE 500 MG ORAL TABLET,,DEFERIPRONE 500 MG,ORAL TABLET
1870956,SBD,DEFLAZACORT 18 MG ORAL TABLET [EMFLAZA],EMFLAZA,DEFLAZACORT 18 MG,ORAL TABLET
2716704,SBD,DEFLAZACORT 18 MG ORAL TABLET [JAYTHARI],JAYTHARI,DEFLAZACORT 18 MG,ORAL TABLET
2725493,SBD,DEFLAZACORT 18 MG ORAL TABLET [KYMBEE],KYMBEE,DEFLAZACORT 18 MG,ORAL TABLET
1870954,SCD,DEFLAZACORT 18 MG ORAL TABLET,,DEFLAZACORT 18 MG,ORAL TABLET
2727381,SBD,DEFLAZACORT 22.75 MG/ML ORAL SUSPENSION [JAYTHARI],JAYTHARI,DEFLAZACORT 22.75 MG/ML,ORAL SUSPENSION
2719198,SBD,DEFLAZACORT 22.75 MG/ML ORAL SUSPENSION [PYQUVI],PYQUVI,DEFLAZACORT 22.75 MG/ML,ORAL SUSPENSION
2745410,SBD,DEFLAZACORT 22.75 MG/ML ORAL SUSPENSION [KYMBEE],KYMBEE,DEFLAZACORT 22.75 MG/ML,ORAL SUSPENSION
1870964,SCD,DEFLAZACORT 22.75 MG/ML ORAL SUSPENSION,,DEFLAZACORT 22.75 MG/ML,ORAL SUSPENSION
1870968,SBD,DEFLAZACORT 22.75 MG/ML ORAL SUSPENSION [EMFLAZA],EMFLAZA,DEFLAZACORT 22.75 MG/ML,ORAL SUSPENSION
153880,SCD,DEFLAZACORT 30 MG ORAL TABLET,,DEFLAZACORT 30 MG,ORAL TABLET
2725495,SBD,DEFLAZACORT 30 MG ORAL TABLET [KYMBEE],KYMBEE,DEFLAZACORT 30 MG,ORAL TABLET
2716706,SBD,DEFLAZACORT 30 MG ORAL TABLET [JAYTHARI],JAYTHARI,DEFLAZACORT 30 MG,ORAL TABLET
1870952,SBD,DEFLAZACORT 30 MG ORAL TABLET [EMFLAZA],EMFLAZA,DEFLAZACORT 30 MG,ORAL TABLET
2725497,SBD,DEFLAZACORT 36 MG ORAL TABLET [KYMBEE],KYMBEE,DEFLAZACORT 36 MG,ORAL TABLET
2716708,SBD,DEFLAZACORT 36 MG ORAL TABLET [JAYTHARI],JAYTHARI,DEFLAZACORT 36 MG,ORAL TABLET
1870960,SBD,DEFLAZACORT 36 MG ORAL TABLET [EMFLAZA],EMFLAZA,DEFLAZACORT 36 MG,ORAL TABLET
1870958,SCD,DEFLAZACORT 36 MG ORAL TABLET,,DEFLAZACORT 36 MG,ORAL TABLET
153098,SCD,DEFLAZACORT 6 MG ORAL TABLET,,DEFLAZACORT 6 MG,ORAL TABLET
2725491,SBD,DEFLAZACORT 6 MG ORAL TABLET [KYMBEE],KYMBEE,DEFLAZACORT 6 MG,ORAL TABLET
2716710,SBD,DEFLAZACORT 6 MG ORAL TABLET [JAYTHARI],JAYTHARI,DEFLAZACORT 6 MG,ORAL TABLET
1870950,SBD,DEFLAZACORT 6 MG ORAL TABLET [EMFLAZA],EMFLAZA,DEFLAZACORT 6 MG,ORAL TABLET
858127,SBD,DEGARELIX 120 MG INJECTION [FIRMAGON],FIRMAGON,DEGARELIX 120 MG,INJECTION
858125,SBD,DEGARELIX 80 MG INJECTION [FIRMAGON],FIRMAGON,DEGARELIX 80 MG,INJECTION
1927672,SBD,DELAFLOXACIN 300 MG INJECTION [BAXDELA],BAXDELA,DELAFLOXACIN 300 MG,INJECTION
1927682,SBD,DELAFLOXACIN 450 MG ORAL TABLET [BAXDELA],BAXDELA,DELAFLOXACIN 450 MG,ORAL TABLET
2721172,SBD,DELGOCITINIB 20 MG/ML TOPICAL CREAM [ANZUPGO],ANZUPGO,DELGOCITINIB 20 MG/ML,TOPICAL CREAM
905341,SCD,DEMECLOCYCLINE HYDROCHLORIDE 150 MG ORAL TABLET,,DEMECLOCYCLINE HYDROCHLORIDE 150 MG,ORAL TABLET
905347,SCD,DEMECLOCYCLINE HYDROCHLORIDE 300 MG ORAL TABLET,,DEMECLOCYCLINE HYDROCHLORIDE 300 MG,ORAL TABLET
993456,SBD,1 ML DENOSUMAB 60 MG/ML PREFILLED SYRINGE [PROLIA],PROLIA,DENOSUMAB 60 MG/ML,PREFILLED SYRINGE
1046402,SBD,1.7 ML DENOSUMAB 70 MG/ML INJECTION [XGEVA],XGEVA,DENOSUMAB 70 MG/ML,INJECTION
2715520,SBD,1 ML DENOSUMAB-BBDZ 60 MG/ML PREFILLED SYRINGE [JUBBONTI],JUBBONTI,DENOSUMAB-BBDZ 60 MG/ML,PREFILLED SYRINGE
2715393,SBD,1.7 ML DENOSUMAB-BBDZ 70 MG/ML INJECTION [WYOST],WYOST,DENOSUMAB-BBDZ 70 MG/ML,INJECTION
2717862,SBD,1 ML DENOSUMAB-BMWO 60 MG/ML PREFILLED SYRINGE [STOBOCLO],STOBOCLO,DENOSUMAB-BMWO 60 MG/ML,PREFILLED SYRINGE
2717873,SBD,1.7 ML DENOSUMAB-BMWO 70 MG/ML INJECTION [OSENVELT],OSENVELT,DENOSUMAB-BMWO 70 MG/ML,INJECTION
2717538,SBD,1 ML DENOSUMAB-BNHT 60 MG/ML PREFILLED SYRINGE [CONEXXENCE],CONEXXENCE,DENOSUMAB-BNHT 60 MG/ML,PREFILLED SYRINGE
2717549,SBD,1.7 ML DENOSUMAB-BNHT 70 MG/ML INJECTION [BOMYNTRA],BOMYNTRA,DENOSUMAB-BNHT 70 MG/ML,INJECTION
2717555,SBD,1.7 ML DENOSUMAB-BNHT 70 MG/ML PREFILLED SYRINGE [BOMYNTRA],BOMYNTRA,DENOSUMAB-BNHT 70 MG/ML,PREFILLED SYRINGE
2725509,SBD,1 ML DENOSUMAB-DSSB 60 MG/ML PREFILLED SYRINGE [OSPOMYV],OSPOMYV,DENOSUMAB-DSSB 60 MG/ML,PREFILLED SYRINGE
2725935,SBD,1 ML DENOSUMAB-KYQQ 60 MG/ML PREFILLED SYRINGE [BOSAYA],BOSAYA,DENOSUMAB-KYQQ 60 MG/ML,PREFILLED SYRINGE
2725946,SBD,1.7 ML DENOSUMAB-KYQQ 70 MG/ML INJECTION [AUKELSO],AUKELSO,DENOSUMAB-KYQQ 70 MG/ML,INJECTION
2723357,SBD,1 ML DENOSUMAB-NXXP 60 MG/ML PREFILLED SYRINGE [BILDYOS],BILDYOS,DENOSUMAB-NXXP 60 MG/ML,PREFILLED SYRINGE
2723345,SBD,1.7 ML DENOSUMAB-NXXP 70 MG/ML INJECTION [BILPREVDA],BILPREVDA,DENOSUMAB-NXXP 70 MG/ML,INJECTION
2725573,SBD,1 ML DENOSUMAB-QBDE 60 MG/ML PREFILLED SYRINGE [ENOBY],ENOBY,DENOSUMAB-QBDE 60 MG/ML,PREFILLED SYRINGE
2725597,SBD,1.7 ML DENOSUMAB-QBDE 70 MG/ML INJECTION [XTRENBO],XTRENBO,DENOSUMAB-QBDE 70 MG/ML,INJECTION
2737541,SBD,DEOXYCYTIDINE 2000 MG / THYMIDINE 2000 MG POWDER FOR ORAL SOLUTION [KYGEVVI],KYGEVVI,DEOXYCYTIDINE 2000 MG / THYMIDINE 2000 MG,POWDER FOR ORAL SOLUTION
1099288,SCD,DESIPRAMINE HYDROCHLORIDE 10 MG ORAL TABLET,,DESIPRAMINE HYDROCHLORIDE 10 MG,ORAL TABLET
1099290,SBD,DESIPRAMINE HYDROCHLORIDE 10 MG ORAL TABLET [NORPRAMIN],NORPRAMIN,DESIPRAMINE HYDROCHLORIDE 10 MG,ORAL TABLET
1099292,SCD,DESIPRAMINE HYDROCHLORIDE 100 MG ORAL TABLET,,DESIPRAMINE HYDROCHLORIDE 100 MG,ORAL TABLET
1099296,SCD,DESIPRAMINE HYDROCHLORIDE 150 MG ORAL TABLET,,DESIPRAMINE HYDROCHLORIDE 150 MG,ORAL TABLET
1099302,SBD,DESIPRAMINE HYDROCHLORIDE 25 MG ORAL TABLET [NORPRAMIN],NORPRAMIN,DESIPRAMINE HYDROCHLORIDE 25 MG,ORAL TABLET
1099300,SCD,DESIPRAMINE HYDROCHLORIDE 25 MG ORAL TABLET,,DESIPRAMINE HYDROCHLORIDE 25 MG,ORAL TABLET
1099304,SCD,DESIPRAMINE HYDROCHLORIDE 50 MG ORAL TABLET,,DESIPRAMINE HYDROCHLORIDE 50 MG,ORAL TABLET
1099316,SCD,DESIPRAMINE HYDROCHLORIDE 75 MG ORAL TABLET,,DESIPRAMINE HYDROCHLORIDE 75 MG,ORAL TABLET
607573,SCD,DESLORATADINE 0.5 MG/ML ORAL SOLUTION,,DESLORATADINE 0.5 MG/ML,ORAL SOLUTION
577080,SCD,DESLORATADINE 2.5 MG DISINTEGRATING ORAL TABLET,,DESLORATADINE 2.5 MG,DISINTEGRATING ORAL TABLET
1112250,SBD,12 HR DESLORATADINE 2.5 MG / PSEUDOEPHEDRINE SULFATE 120 MG EXTENDED RELEASE ORAL TABLET [CLARINEX-D],CLARINEX-D,DESLORATADINE 2.5 MG / PSEUDOEPHEDRINE SULFATE 120 MG,EXTENDED RELEASE ORAL TABLET
403841,SCD,DESLORATADINE 5 MG DISINTEGRATING ORAL TABLET,,DESLORATADINE 5 MG,DISINTEGRATING ORAL TABLET
352086,SBD,DESLORATADINE 5 MG ORAL TABLET [CLARINEX],CLARINEX,DESLORATADINE 5 MG,ORAL TABLET
349420,SCD,DESLORATADINE 5 MG ORAL TABLET,,DESLORATADINE 5 MG,ORAL TABLET
849506,SCD,DESMOPRESSIN ACETATE 0.01 MG/ACTUAT NASAL SPRAY,,DESMOPRESSIN ACETATE 0.01 MG/ACTUAT,NASAL SPRAY
2738090,SBD,DESMOPRESSIN ACETATE 0.05 MG/ML ORAL SOLUTION [DESMODA],DESMODA,DESMOPRESSIN ACETATE 0.05 MG/ML,ORAL SOLUTION
849515,SCD,DESMOPRESSIN ACETATE 0.1 MG ORAL TABLET,,DESMOPRESSIN ACETATE 0.1 MG,ORAL TABLET
849517,SBD,DESMOPRESSIN ACETATE 0.1 MG ORAL TABLET [DDAVP],DDAVP,DESMOPRESSIN ACETATE 0.1 MG,ORAL TABLET
833008,SCD,DESMOPRESSIN ACETATE 0.2 MG ORAL TABLET,,DESMOPRESSIN ACETATE 0.2 MG,ORAL TABLET
849524,SBD,DESMOPRESSIN ACETATE 0.2 MG ORAL TABLET [DDAVP],DDAVP,DESMOPRESSIN ACETATE 0.2 MG,ORAL TABLET
762334,BPCK,{7 (DESOGESTREL 0.1 MG / ETHINYL ESTRADIOL 0.025 MG ORAL TABLET) / 7 (DESOGESTREL 0.125 MG / ETHINYL ESTRADIOL 0.025 MG ORAL TABLET) / 7 (DESOGESTREL 0.15 MG / ETHINYL ESTRADIOL 0.025 MG ORAL TABLET) / 7 (INERT INGREDIENTS 1 MG ORAL TABLET) } PACK [VELIVET 28 DAY],VELIVET 28 DAY,DESOGESTREL 0.1 MG / DESOGESTREL 0.125 MG / DESOGESTREL 0.15 MG / ETHINYL ESTRADIOL 0.025 MG / INERT INGREDIENTS 1 MG,PACK
1252016,BPCK,{21 (DESOGESTREL 0.15 MG / ETHINYL ESTRADIOL 0.02 MG ORAL TABLET) / 5 (ETHINYL ESTRADIOL 0.01 MG ORAL TABLET) / 2 (INERT INGREDIENTS 1 MG ORAL TABLET) } PACK [VIORELE 28 DAY],VIORELE 28 DAY,DESOGESTREL 0.15 MG / ETHINYL ESTRADIOL 0.01 MG / ETHINYL ESTRADIOL 0.02 MG / INERT INGREDIENTS 1 MG,PACK
762001,BPCK,{21 (DESOGESTREL 0.15 MG / ETHINYL ESTRADIOL 0.02 MG ORAL TABLET) / 5 (ETHINYL ESTRADIOL 0.01 MG ORAL TABLET) / 2 (INERT INGREDIENTS 1 MG ORAL TABLET) } PACK [KARIVA 28 DAY],KARIVA 28 DAY,DESOGESTREL 0.15 MG / ETHINYL ESTRADIOL 0.01 MG / ETHINYL ESTRADIOL 0.02 MG / INERT INGREDIENTS 1 MG,PACK
1438778,BPCK,{21 (DESOGESTREL 0.15 MG / ETHINYL ESTRADIOL 0.02 MG ORAL TABLET) / 5 (ETHINYL ESTRADIOL 0.01 MG ORAL TABLET) / 2 (INERT INGREDIENTS 1 MG ORAL TABLET) } PACK [PIMTREA PACK],PIMTREA PACK,DESOGESTREL 0.15 MG / ETHINYL ESTRADIOL 0.01 MG / ETHINYL ESTRADIOL 0.02 MG / INERT INGREDIENTS 1 MG,PACK
831872,BPCK,{21 (DESOGESTREL 0.15 MG / ETHINYL ESTRADIOL 0.02 MG ORAL TABLET) / 5 (ETHINYL ESTRADIOL 0.01 MG ORAL TABLET) / 2 (INERT INGREDIENTS 1 MG ORAL TABLET) } PACK [AZURETTE 28 DAY],AZURETTE 28 DAY,DESOGESTREL 0.15 MG / ETHINYL ESTRADIOL 0.01 MG / ETHINYL ESTRADIOL 0.02 MG / INERT INGREDIENTS 1 MG,PACK
1422081,BPCK,{21 (DESOGESTREL 0.15 MG / ETHINYL ESTRADIOL 0.03 MG ORAL TABLET) / 7 (INERT INGREDIENTS 1 MG ORAL TABLET) } PACK [ENSKYCE 28 DAY],ENSKYCE 28 DAY,DESOGESTREL 0.15 MG / ETHINYL ESTRADIOL 0.03 MG / INERT INGREDIENTS 1 MG,PACK
753543,BPCK,{21 (DESOGESTREL 0.15 MG / ETHINYL ESTRADIOL 0.03 MG ORAL TABLET) / 7 (INERT INGREDIENTS 1 MG ORAL TABLET) } PACK [RECLIPSEN 28 DAY],RECLIPSEN 28 DAY,DESOGESTREL 0.15 MG / ETHINYL ESTRADIOL 0.03 MG / INERT INGREDIENTS 1 MG,PACK
1866047,BPCK,{21 (DESOGESTREL 0.15 MG / ETHINYL ESTRADIOL 0.03 MG ORAL TABLET) / 7 (INERT INGREDIENTS 1 MG ORAL TABLET) } PACK [ISIBLOOM 28 DAY],ISIBLOOM 28 DAY,DESOGESTREL 0.15 MG / ETHINYL ESTRADIOL 0.03 MG / INERT INGREDIENTS 1 MG,PACK
1660690,BPCK,{21 (DESOGESTREL 0.15 MG / ETHINYL ESTRADIOL 0.03 MG ORAL TABLET) / 7 (INERT INGREDIENTS 1 MG ORAL TABLET) } PACK [CYRED 28 DAY],CYRED 28 DAY,DESOGESTREL 0.15 MG / ETHINYL ESTRADIOL 0.03 MG / INERT INGREDIENTS 1 MG,PACK
753482,BPCK,{21 (DESOGESTREL 0.15 MG / ETHINYL ESTRADIOL 0.03 MG ORAL TABLET) / 7 (INERT INGREDIENTS 1 MG ORAL TABLET) } PACK [APRI 28 DAY],APRI 28 DAY,DESOGESTREL 0.15 MG / ETHINYL ESTRADIOL 0.03 MG / INERT INGREDIENTS 1 MG,PACK
1605086,BPCK,{21 (DESOGESTREL 0.15 MG / ETHINYL ESTRADIOL 0.03 MG ORAL TABLET) / 7 (INERT INGREDIENTS 1 MG ORAL TABLET) } PACK [JULEBER 28 DAY],JULEBER 28 DAY,DESOGESTREL 0.15 MG / ETHINYL ESTRADIOL 0.03 MG / INERT INGREDIENTS 1 MG,PACK
204135,SCD,DESONIDE 0.0005 MG/MG TOPICAL OINTMENT,,DESONIDE 0.0005 MG/MG,TOPICAL OINTMENT
669081,SCD,DESONIDE 0.0005 MG/MG TOPICAL GEL,,DESONIDE 0.0005 MG/MG,TOPICAL GEL
349351,SCD,DESONIDE 0.5 MG/ML TOPICAL CREAM,,DESONIDE 0.5 MG/ML,TOPICAL CREAM
197572,SCD,DESONIDE 0.5 MG/ML TOPICAL LOTION,,DESONIDE 0.5 MG/ML,TOPICAL LOTION
141850,SCD,DESOXIMETASONE 0.0005 MG/MG TOPICAL OINTMENT,,DESOXIMETASONE 0.0005 MG/MG,TOPICAL OINTMENT
315059,SCD,DESOXIMETASONE 0.0005 MG/MG TOPICAL GEL,,DESOXIMETASONE 0.0005 MG/MG,TOPICAL GEL
1050394,SBD,DESOXIMETASONE 0.0005 MG/MG TOPICAL OINTMENT [TOPICORT],TOPICORT,DESOXIMETASONE 0.0005 MG/MG,TOPICAL OINTMENT
197575,SCD,DESOXIMETASONE 0.0025 MG/MG TOPICAL OINTMENT,,DESOXIMETASONE 0.0025 MG/MG,TOPICAL OINTMENT
197573,SCD,DESOXIMETASONE 0.5 MG/ML TOPICAL CREAM,,DESOXIMETASONE 0.5 MG/ML,TOPICAL CREAM
197574,SCD,DESOXIMETASONE 2.5 MG/ML TOPICAL CREAM,,DESOXIMETASONE 2.5 MG/ML,TOPICAL CREAM
1376338,SCD,DESOXIMETASONE 2.5 MG/ML TOPICAL SPRAY,,DESOXIMETASONE 2.5 MG/ML,TOPICAL SPRAY
1376340,SBD,DESOXIMETASONE 2.5 MG/ML TOPICAL SPRAY [TOPICORT],TOPICORT,DESOXIMETASONE 2.5 MG/ML,TOPICAL SPRAY
790264,SCD,24 HR DESVENLAFAXINE 100 MG EXTENDED RELEASE ORAL TABLET,,DESVENLAFAXINE 100 MG,EXTENDED RELEASE ORAL TABLET
790288,SCD,24 HR DESVENLAFAXINE 50 MG EXTENDED RELEASE ORAL TABLET,,DESVENLAFAXINE 50 MG,EXTENDED RELEASE ORAL TABLET
1874553,SCD,24 HR DESVENLAFAXINE SUCCINATE 100 MG EXTENDED RELEASE ORAL TABLET,,DESVENLAFAXINE SUCCINATE 100 MG,EXTENDED RELEASE ORAL TABLET
790267,SBD,24 HR DESVENLAFAXINE SUCCINATE 100 MG EXTENDED RELEASE ORAL TABLET [PRISTIQ],PRISTIQ,DESVENLAFAXINE SUCCINATE 100 MG,EXTENDED RELEASE ORAL TABLET
1607617,SCD,24 HR DESVENLAFAXINE SUCCINATE 25 MG EXTENDED RELEASE ORAL TABLET,,DESVENLAFAXINE SUCCINATE 25 MG,EXTENDED RELEASE ORAL TABLET
1607619,SBD,24 HR DESVENLAFAXINE SUCCINATE 25 MG EXTENDED RELEASE ORAL TABLET [PRISTIQ],PRISTIQ,DESVENLAFAXINE SUCCINATE 25 MG,EXTENDED RELEASE ORAL TABLET
790290,SBD,24 HR DESVENLAFAXINE SUCCINATE 50 MG EXTENDED RELEASE ORAL TABLET [PRISTIQ],PRISTIQ,DESVENLAFAXINE SUCCINATE 50 MG,EXTENDED RELEASE ORAL TABLET
1874559,SCD,24 HR DESVENLAFAXINE SUCCINATE 50 MG EXTENDED RELEASE ORAL TABLET,,DESVENLAFAXINE SUCCINATE 50 MG,EXTENDED RELEASE ORAL TABLET
2612098,SBD,DEUCRAVACITINIB 6 MG ORAL TABLET [SOTYKTU],SOTYKTU,DEUCRAVACITINIB 6 MG,ORAL TABLET
2716569,SBD,DEURUXOLITINIB 8 MG ORAL TABLET [LEQSELVI],LEQSELVI,DEURUXOLITINIB 8 MG,ORAL TABLET
1876916,SBD,DEUTETRABENAZINE 12 MG ORAL TABLET [AUSTEDO],AUSTEDO,DEUTETRABENAZINE 12 MG,ORAL TABLET
2630147,SBD,24 HR DEUTETRABENAZINE 12 MG EXTENDED RELEASE ORAL TABLET [AUSTEDO],AUSTEDO,DEUTETRABENAZINE 12 MG,EXTENDED RELEASE ORAL TABLET
2686613,BPCK,"{7 (24 HR DEUTETRABENAZINE 12 MG EXTENDED RELEASE ORAL TABLET [AUSTEDO]) / 7 (24 HR DEUTETRABENAZINE 18 MG EXTENDED RELEASE ORAL TABLET [AUSTEDO]) / 7 (24 HR DEUTETRABENAZINE 24 MG EXTENDED RELEASE ORAL TABLET [AUSTEDO]) / 7 (24 HR DEUTETRABENAZINE 30 MG EXTENDED RELEASE ORAL TABLET [AUSTEDO]) } PACK [AUSTEDO XR ONCE DAILY, 4 WEEK TITRATION PACK, 12 MG / 18 MG / 24 MG / 30 MG]","AUSTEDO XR ONCE DAILY, 4 WEEK TITRATION PACK, 12 MG / 18 MG / 24 MG / 30 MG",DEUTETRABENAZINE 12 MG / DEUTETRABENAZINE 18 MG / DEUTETRABENAZINE 24 MG / DEUTETRABENAZINE 30 MG,PACK
2686156,SBD,24 HR DEUTETRABENAZINE 18 MG EXTENDED RELEASE ORAL TABLET [AUSTEDO],AUSTEDO,DEUTETRABENAZINE 18 MG,EXTENDED RELEASE ORAL TABLET
2630153,SBD,24 HR DEUTETRABENAZINE 24 MG EXTENDED RELEASE ORAL TABLET [AUSTEDO],AUSTEDO,DEUTETRABENAZINE 24 MG,EXTENDED RELEASE ORAL TABLET
2683285,SBD,24 HR DEUTETRABENAZINE 30 MG EXTENDED RELEASE ORAL TABLET [AUSTEDO],AUSTEDO,DEUTETRABENAZINE 30 MG,EXTENDED RELEASE ORAL TABLET
2683291,SBD,24 HR DEUTETRABENAZINE 36 MG EXTENDED RELEASE ORAL TABLET [AUSTEDO],AUSTEDO,DEUTETRABENAZINE 36 MG,EXTENDED RELEASE ORAL TABLET
2683297,SBD,24 HR DEUTETRABENAZINE 42 MG EXTENDED RELEASE ORAL TABLET [AUSTEDO],AUSTEDO,DEUTETRABENAZINE 42 MG,EXTENDED RELEASE ORAL TABLET
2683303,SBD,24 HR DEUTETRABENAZINE 48 MG EXTENDED RELEASE ORAL TABLET [AUSTEDO],AUSTEDO,DEUTETRABENAZINE 48 MG,EXTENDED RELEASE ORAL TABLET
1876920,SBD,DEUTETRABENAZINE 6 MG ORAL TABLET [AUSTEDO],AUSTEDO,DEUTETRABENAZINE 6 MG,ORAL TABLET
2630157,SBD,24 HR DEUTETRABENAZINE 6 MG EXTENDED RELEASE ORAL TABLET [AUSTEDO],AUSTEDO,DEUTETRABENAZINE 6 MG,EXTENDED RELEASE ORAL TABLET
1876924,SBD,DEUTETRABENAZINE 9 MG ORAL TABLET [AUSTEDO],AUSTEDO,DEUTETRABENAZINE 9 MG,ORAL TABLET
2701444,SBD,DEUTIVACAFTOR 125 MG / TEZACAFTOR 50 MG / VANZACAFTOR 10 MG ORAL TABLET [ALYFTREK],ALYFTREK,DEUTIVACAFTOR 125 MG / TEZACAFTOR 50 MG / VANZACAFTOR 10 MG,ORAL TABLET
2701450,SBD,DEUTIVACAFTOR 50 MG / TEZACAFTOR 20 MG / VANZACAFTOR 4 MG ORAL TABLET [ALYFTREK],ALYFTREK,DEUTIVACAFTOR 50 MG / TEZACAFTOR 20 MG / VANZACAFTOR 4 MG,ORAL TABLET
309679,SCD,DEXAMETHASONE 0.001 MG/MG / NEOMYCIN 0.0035 MG/MG / POLYMYXIN B 10 UNT/MG OPHTHALMIC OINTMENT,,DEXAMETHASONE 0.001 MG/MG / NEOMYCIN 0.0035 MG/MG / POLYMYXIN B 10 UNT/MG,OPHTHALMIC OINTMENT
208601,SBD,DEXAMETHASONE 0.001 MG/MG / NEOMYCIN 0.0035 MG/MG / POLYMYXIN B 10 UNT/MG OPHTHALMIC OINTMENT [MAXITROL],MAXITROL,DEXAMETHASONE 0.001 MG/MG / NEOMYCIN 0.0035 MG/MG / POLYMYXIN B 10 UNT/MG,OPHTHALMIC OINTMENT
208821,SBD,DEXAMETHASONE 0.001 MG/MG / TOBRAMYCIN 0.003 MG/MG OPHTHALMIC OINTMENT [TOBRADEX],TOBRADEX,DEXAMETHASONE 0.001 MG/MG / TOBRAMYCIN 0.003 MG/MG,OPHTHALMIC OINTMENT
309686,SCD,DEXAMETHASONE 0.1 MG/ML ORAL SOLUTION,,DEXAMETHASONE 0.1 MG/ML,ORAL SOLUTION
2744452,SBD,DEXAMETHASONE 0.25 MG ORAL TABLET [DEXLYT],DEXLYT,DEXAMETHASONE 0.25 MG,ORAL TABLET
197577,SCD,DEXAMETHASONE 0.5 MG ORAL TABLET,,DEXAMETHASONE 0.5 MG,ORAL TABLET
1011080,SBD,DEXAMETHASONE 0.5 MG/ML / TOBRAMYCIN 3 MG/ML OPHTHALMIC SUSPENSION [TOBRADEX],TOBRADEX,DEXAMETHASONE 0.5 MG/ML / TOBRAMYCIN 3 MG/ML,OPHTHALMIC SUSPENSION
343033,SCD,DEXAMETHASONE 0.75 MG ORAL TABLET,,DEXAMETHASONE 0.75 MG,ORAL TABLET
197579,SCD,DEXAMETHASONE 1 MG ORAL TABLET,,DEXAMETHASONE 1 MG,ORAL TABLET
205669,SBD,DEXAMETHASONE 1 MG/ML OPHTHALMIC SUSPENSION [MAXIDEX],MAXIDEX,DEXAMETHASONE 1 MG/ML,OPHTHALMIC SUSPENSION
208591,SBD,DEXAMETHASONE 1 MG/ML / NEOMYCIN 3.5 MG/ML / POLYMYXIN B 10000 UNT/ML OPHTHALMIC SUSPENSION [MAXITROL],MAXITROL,DEXAMETHASONE 1 MG/ML / NEOMYCIN 3.5 MG/ML / POLYMYXIN B 10000 UNT/ML,OPHTHALMIC SUSPENSION
309680,SCD,DEXAMETHASONE 1 MG/ML / NEOMYCIN 3.5 MG/ML / POLYMYXIN B 10000 UNT/ML OPHTHALMIC SUSPENSION,,DEXAMETHASONE 1 MG/ML / NEOMYCIN 3.5 MG/ML / POLYMYXIN B 10000 UNT/ML,OPHTHALMIC SUSPENSION
309683,SCD,DEXAMETHASONE 1 MG/ML / TOBRAMYCIN 3 MG/ML OPHTHALMIC SUSPENSION,,DEXAMETHASONE 1 MG/ML / TOBRAMYCIN 3 MG/ML,OPHTHALMIC SUSPENSION
197580,SCD,DEXAMETHASONE 1.5 MG ORAL TABLET,,DEXAMETHASONE 1.5 MG,ORAL TABLET
846192,GPCK,{21 (DEXAMETHASONE 1.5 MG ORAL TABLET) } PACK,,DEXAMETHASONE 1.5 MG,PACK
759481,GPCK,{51 (DEXAMETHASONE 1.5 MG ORAL TABLET) } PACK,,DEXAMETHASONE 1.5 MG,PACK
759697,GPCK,{35 (DEXAMETHASONE 1.5 MG ORAL TABLET) } PACK,,DEXAMETHASONE 1.5 MG,PACK
197581,SCD,DEXAMETHASONE 2 MG ORAL TABLET,,DEXAMETHASONE 2 MG,ORAL TABLET
2286261,SBD,DEXAMETHASONE 20 MG ORAL TABLET [HEMADY],HEMADY,DEXAMETHASONE 20 MG,ORAL TABLET
197582,SCD,DEXAMETHASONE 4 MG ORAL TABLET,,DEXAMETHASONE 4 MG,ORAL TABLET
197583,SCD,DEXAMETHASONE 6 MG ORAL TABLET,,DEXAMETHASONE 6 MG,ORAL TABLET
226343,SCD,DEXAMETHASONE PHOSPHATE 1 MG/ML OPHTHALMIC SOLUTION,,DEXAMETHASONE PHOSPHATE 1 MG/ML,OPHTHALMIC SOLUTION
2183907,SCD,DEXCHLORPHENIRAMINE MALEATE 0.4 MG/ML ORAL SOLUTION,,DEXCHLORPHENIRAMINE MALEATE 0.4 MG/ML,ORAL SOLUTION
2183912,SBD,DEXCHLORPHENIRAMINE MALEATE 0.4 MG/ML ORAL SOLUTION [RYCLORA],RYCLORA,DEXCHLORPHENIRAMINE MALEATE 0.4 MG/ML,ORAL SOLUTION
833204,SCD,DEXLANSOPRAZOLE 30 MG DELAYED RELEASE ORAL CAPSULE,,DEXLANSOPRAZOLE 30 MG,DELAYED RELEASE ORAL CAPSULE
902624,SBD,DEXLANSOPRAZOLE 30 MG DELAYED RELEASE ORAL CAPSULE [DEXILANT],DEXILANT,DEXLANSOPRAZOLE 30 MG,DELAYED RELEASE ORAL CAPSULE
902626,SBD,DEXLANSOPRAZOLE 60 MG DELAYED RELEASE ORAL CAPSULE [DEXILANT],DEXILANT,DEXLANSOPRAZOLE 60 MG,DELAYED RELEASE ORAL CAPSULE
833213,SCD,DEXLANSOPRAZOLE 60 MG DELAYED RELEASE ORAL CAPSULE,,DEXLANSOPRAZOLE 60 MG,DELAYED RELEASE ORAL CAPSULE
2562199,SBD,DEXMETHYLPHENIDATE 10.4 MG / SERDEXMETHYLPHENIDATE 52.3 MG ORAL CAPSULE [AZSTARYS],AZSTARYS,DEXMETHYLPHENIDATE 10.4 MG / SERDEXMETHYLPHENIDATE 52.3 MG,ORAL CAPSULE
2562186,SBD,DEXMETHYLPHENIDATE 5.2 MG / SERDEXMETHYLPHENIDATE 26.1 MG ORAL CAPSULE [AZSTARYS],AZSTARYS,DEXMETHYLPHENIDATE 5.2 MG / SERDEXMETHYLPHENIDATE 26.1 MG,ORAL CAPSULE
2562204,SBD,DEXMETHYLPHENIDATE 7.8 MG / SERDEXMETHYLPHENIDATE 39.2 MG ORAL CAPSULE [AZSTARYS],AZSTARYS,DEXMETHYLPHENIDATE 7.8 MG / SERDEXMETHYLPHENIDATE 39.2 MG,ORAL CAPSULE
899441,SBD,24 HR DEXMETHYLPHENIDATE HYDROCHLORIDE 10 MG EXTENDED RELEASE ORAL CAPSULE [FOCALIN],FOCALIN,DEXMETHYLPHENIDATE HYDROCHLORIDE 10 MG,EXTENDED RELEASE ORAL CAPSULE
899439,SCD,24 HR DEXMETHYLPHENIDATE HYDROCHLORIDE 10 MG EXTENDED RELEASE ORAL CAPSULE,,DEXMETHYLPHENIDATE HYDROCHLORIDE 10 MG,EXTENDED RELEASE ORAL CAPSULE
899549,SBD,DEXMETHYLPHENIDATE HYDROCHLORIDE 10 MG ORAL TABLET [FOCALIN],FOCALIN,DEXMETHYLPHENIDATE HYDROCHLORIDE 10 MG,ORAL TABLET
899548,SCD,DEXMETHYLPHENIDATE HYDROCHLORIDE 10 MG ORAL TABLET,,DEXMETHYLPHENIDATE HYDROCHLORIDE 10 MG,ORAL TABLET
899461,SCD,24 HR DEXMETHYLPHENIDATE HYDROCHLORIDE 15 MG EXTENDED RELEASE ORAL CAPSULE,,DEXMETHYLPHENIDATE HYDROCHLORIDE 15 MG,EXTENDED RELEASE ORAL CAPSULE
899463,SBD,24 HR DEXMETHYLPHENIDATE HYDROCHLORIDE 15 MG EXTENDED RELEASE ORAL CAPSULE [FOCALIN],FOCALIN,DEXMETHYLPHENIDATE HYDROCHLORIDE 15 MG,EXTENDED RELEASE ORAL CAPSULE
899559,SBD,DEXMETHYLPHENIDATE HYDROCHLORIDE 2.5 MG ORAL TABLET [FOCALIN],FOCALIN,DEXMETHYLPHENIDATE HYDROCHLORIDE 2.5 MG,ORAL TABLET
899557,SCD,DEXMETHYLPHENIDATE HYDROCHLORIDE 2.5 MG ORAL TABLET,,DEXMETHYLPHENIDATE HYDROCHLORIDE 2.5 MG,ORAL TABLET
899487,SBD,24 HR DEXMETHYLPHENIDATE HYDROCHLORIDE 20 MG EXTENDED RELEASE ORAL CAPSULE [FOCALIN],FOCALIN,DEXMETHYLPHENIDATE HYDROCHLORIDE 20 MG,EXTENDED RELEASE ORAL CAPSULE
899485,SCD,24 HR DEXMETHYLPHENIDATE HYDROCHLORIDE 20 MG EXTENDED RELEASE ORAL CAPSULE,,DEXMETHYLPHENIDATE HYDROCHLORIDE 20 MG,EXTENDED RELEASE ORAL CAPSULE
1101928,SBD,24 HR DEXMETHYLPHENIDATE HYDROCHLORIDE 25 MG EXTENDED RELEASE ORAL CAPSULE [FOCALIN],FOCALIN,DEXMETHYLPHENIDATE HYDROCHLORIDE 25 MG,EXTENDED RELEASE ORAL CAPSULE
1101926,SCD,24 HR DEXMETHYLPHENIDATE HYDROCHLORIDE 25 MG EXTENDED RELEASE ORAL CAPSULE,,DEXMETHYLPHENIDATE HYDROCHLORIDE 25 MG,EXTENDED RELEASE ORAL CAPSULE
899497,SBD,24 HR DEXMETHYLPHENIDATE HYDROCHLORIDE 30 MG EXTENDED RELEASE ORAL CAPSULE [FOCALIN],FOCALIN,DEXMETHYLPHENIDATE HYDROCHLORIDE 30 MG,EXTENDED RELEASE ORAL CAPSULE
899495,SCD,24 HR DEXMETHYLPHENIDATE HYDROCHLORIDE 30 MG EXTENDED RELEASE ORAL CAPSULE,,DEXMETHYLPHENIDATE HYDROCHLORIDE 30 MG,EXTENDED RELEASE ORAL CAPSULE
1101932,SCD,24 HR DEXMETHYLPHENIDATE HYDROCHLORIDE 35 MG EXTENDED RELEASE ORAL CAPSULE,,DEXMETHYLPHENIDATE HYDROCHLORIDE 35 MG,EXTENDED RELEASE ORAL CAPSULE
1101934,SBD,24 HR DEXMETHYLPHENIDATE HYDROCHLORIDE 35 MG EXTENDED RELEASE ORAL CAPSULE [FOCALIN],FOCALIN,DEXMETHYLPHENIDATE HYDROCHLORIDE 35 MG,EXTENDED RELEASE ORAL CAPSULE
1006610,SBD,24 HR DEXMETHYLPHENIDATE HYDROCHLORIDE 40 MG EXTENDED RELEASE ORAL CAPSULE [FOCALIN],FOCALIN,DEXMETHYLPHENIDATE HYDROCHLORIDE 40 MG,EXTENDED RELEASE ORAL CAPSULE
1006608,SCD,24 HR DEXMETHYLPHENIDATE HYDROCHLORIDE 40 MG EXTENDED RELEASE ORAL CAPSULE,,DEXMETHYLPHENIDATE HYDROCHLORIDE 40 MG,EXTENDED RELEASE ORAL CAPSULE
899519,SBD,DEXMETHYLPHENIDATE HYDROCHLORIDE 5 MG ORAL TABLET [FOCALIN],FOCALIN,DEXMETHYLPHENIDATE HYDROCHLORIDE 5 MG,ORAL TABLET
899518,SCD,DEXMETHYLPHENIDATE HYDROCHLORIDE 5 MG ORAL TABLET,,DEXMETHYLPHENIDATE HYDROCHLORIDE 5 MG,ORAL TABLET
899511,SCD,24 HR DEXMETHYLPHENIDATE HYDROCHLORIDE 5 MG EXTENDED RELEASE ORAL CAPSULE,,DEXMETHYLPHENIDATE HYDROCHLORIDE 5 MG,EXTENDED RELEASE ORAL CAPSULE
899513,SBD,24 HR DEXMETHYLPHENIDATE HYDROCHLORIDE 5 MG EXTENDED RELEASE ORAL CAPSULE [FOCALIN],FOCALIN,DEXMETHYLPHENIDATE HYDROCHLORIDE 5 MG,EXTENDED RELEASE ORAL CAPSULE
2624729,SBD,9 HR DEXTROAMPHETAMINE 0.5 MG/HR TRANSDERMAL SYSTEM [XELSTRYM],XELSTRYM,DEXTROAMPHETAMINE 0.5 MG/HR,TRANSDERMAL SYSTEM
2624735,SBD,9 HR DEXTROAMPHETAMINE 1 MG/HR TRANSDERMAL SYSTEM [XELSTRYM],XELSTRYM,DEXTROAMPHETAMINE 1 MG/HR,TRANSDERMAL SYSTEM
2624708,SBD,9 HR DEXTROAMPHETAMINE 1.5 MG/HR TRANSDERMAL SYSTEM [XELSTRYM],XELSTRYM,DEXTROAMPHETAMINE 1.5 MG/HR,TRANSDERMAL SYSTEM
2624715,SBD,9 HR DEXTROAMPHETAMINE 2 MG/HR TRANSDERMAL SYSTEM [XELSTRYM],XELSTRYM,DEXTROAMPHETAMINE 2 MG/HR,TRANSDERMAL SYSTEM
884522,SCD,DEXTROAMPHETAMINE SULFATE 1 MG/ML ORAL SOLUTION,,DEXTROAMPHETAMINE SULFATE 1 MG/ML,ORAL SOLUTION
884526,SBD,DEXTROAMPHETAMINE SULFATE 1 MG/ML ORAL SOLUTION [PROCENTRA],PROCENTRA,DEXTROAMPHETAMINE SULFATE 1 MG/ML,ORAL SOLUTION
884385,SCD,DEXTROAMPHETAMINE SULFATE 10 MG ORAL TABLET,,DEXTROAMPHETAMINE SULFATE 10 MG,ORAL TABLET
884520,SCD,DEXTROAMPHETAMINE SULFATE 10 MG EXTENDED RELEASE ORAL CAPSULE,,DEXTROAMPHETAMINE SULFATE 10 MG,EXTENDED RELEASE ORAL CAPSULE
1425337,SBD,DEXTROAMPHETAMINE SULFATE 10 MG ORAL TABLET [ZENZEDI],ZENZEDI,DEXTROAMPHETAMINE SULFATE 10 MG,ORAL TABLET
884528,SBD,DEXTROAMPHETAMINE SULFATE 10 MG EXTENDED RELEASE ORAL CAPSULE [DEXEDRINE],DEXEDRINE,DEXTROAMPHETAMINE SULFATE 10 MG,EXTENDED RELEASE ORAL CAPSULE
1535451,SBD,DEXTROAMPHETAMINE SULFATE 15 MG ORAL TABLET [ZENZEDI],ZENZEDI,DEXTROAMPHETAMINE SULFATE 15 MG,ORAL TABLET
884684,SCD,DEXTROAMPHETAMINE SULFATE 15 MG ORAL TABLET,,DEXTROAMPHETAMINE SULFATE 15 MG,ORAL TABLET
884532,SCD,DEXTROAMPHETAMINE SULFATE 15 MG EXTENDED RELEASE ORAL CAPSULE,,DEXTROAMPHETAMINE SULFATE 15 MG,EXTENDED RELEASE ORAL CAPSULE
1426251,SBD,DEXTROAMPHETAMINE SULFATE 2.5 MG ORAL TABLET [ZENZEDI],ZENZEDI,DEXTROAMPHETAMINE SULFATE 2.5 MG,ORAL TABLET
1535456,SBD,DEXTROAMPHETAMINE SULFATE 20 MG ORAL TABLET [ZENZEDI],ZENZEDI,DEXTROAMPHETAMINE SULFATE 20 MG,ORAL TABLET
1535454,SCD,DEXTROAMPHETAMINE SULFATE 20 MG ORAL TABLET,,DEXTROAMPHETAMINE SULFATE 20 MG,ORAL TABLET
1535470,SCD,DEXTROAMPHETAMINE SULFATE 30 MG ORAL TABLET,,DEXTROAMPHETAMINE SULFATE 30 MG,ORAL TABLET
1535472,SBD,DEXTROAMPHETAMINE SULFATE 30 MG ORAL TABLET [ZENZEDI],ZENZEDI,DEXTROAMPHETAMINE SULFATE 30 MG,ORAL TABLET
884535,SCD,DEXTROAMPHETAMINE SULFATE 5 MG EXTENDED RELEASE ORAL CAPSULE,,DEXTROAMPHETAMINE SULFATE 5 MG,EXTENDED RELEASE ORAL CAPSULE
884386,SCD,DEXTROAMPHETAMINE SULFATE 5 MG ORAL TABLET,,DEXTROAMPHETAMINE SULFATE 5 MG,ORAL TABLET
1425339,SBD,DEXTROAMPHETAMINE SULFATE 5 MG ORAL TABLET [ZENZEDI],ZENZEDI,DEXTROAMPHETAMINE SULFATE 5 MG,ORAL TABLET
1426253,SBD,DEXTROAMPHETAMINE SULFATE 7.5 MG ORAL TABLET [ZENZEDI],ZENZEDI,DEXTROAMPHETAMINE SULFATE 7.5 MG,ORAL TABLET
1040058,SBD,DEXTROMETHORPHAN HYDROBROMIDE 20 MG / QUINIDINE SULFATE 10 MG ORAL CAPSULE [NUEDEXTA],NUEDEXTA,DEXTROMETHORPHAN HYDROBROMIDE 20 MG / QUINIDINE SULFATE 10 MG,ORAL CAPSULE
309843,SCD,DIAZEPAM 1 MG/ML ORAL SOLUTION,,DIAZEPAM 1 MG/ML,ORAL SOLUTION
197589,SCD,DIAZEPAM 10 MG ORAL TABLET,,DIAZEPAM 10 MG,ORAL TABLET
104701,SBD,DIAZEPAM 10 MG ORAL TABLET [VALIUM],VALIUM,DIAZEPAM 10 MG,ORAL TABLET
2272624,BPCK,{2 (0.1 ML) (DIAZEPAM 100 MG/ML NASAL SPRAY [VALTOCO]) } PACK [VALTOCO 20 MG DOSE KIT],VALTOCO 20 MG DOSE KIT,DIAZEPAM 100 MG/ML,PACK
2272622,BPCK,{1 (0.1 ML) (DIAZEPAM 100 MG/ML NASAL SPRAY [VALTOCO]) } PACK [VALTOCO 10 MG DOSE KIT],VALTOCO 10 MG DOSE KIT,DIAZEPAM 100 MG/ML,PACK
197590,SCD,DIAZEPAM 2 MG ORAL TABLET,,DIAZEPAM 2 MG,ORAL TABLET
104699,SBD,DIAZEPAM 2 MG ORAL TABLET [VALIUM],VALIUM,DIAZEPAM 2 MG,ORAL TABLET
197591,SCD,DIAZEPAM 5 MG ORAL TABLET,,DIAZEPAM 5 MG,ORAL TABLET
104700,SBD,DIAZEPAM 5 MG ORAL TABLET [VALIUM],VALIUM,DIAZEPAM 5 MG,ORAL TABLET
801961,SCD,2 ML DIAZEPAM 5 MG/ML RECTAL GEL,,DIAZEPAM 5 MG/ML,RECTAL GEL
801966,SCD,4 ML DIAZEPAM 5 MG/ML RECTAL GEL,,DIAZEPAM 5 MG/ML,RECTAL GEL
309844,SCD,DIAZEPAM 5 MG/ML ORAL SOLUTION,,DIAZEPAM 5 MG/ML,ORAL SOLUTION
801957,SCD,0.5 ML DIAZEPAM 5 MG/ML RECTAL GEL,,DIAZEPAM 5 MG/ML,RECTAL GEL
2272630,BPCK,{1 (0.1 ML) (DIAZEPAM 50 MG/ML NASAL SPRAY [VALTOCO]) } PACK [VALTOCO 5 MG DOSE KIT],VALTOCO 5 MG DOSE KIT,DIAZEPAM 50 MG/ML,PACK
2272636,BPCK,{2 (0.1 ML) (DIAZEPAM 75 MG/ML NASAL SPRAY [VALTOCO]) } PACK [VALTOCO 15 MG DOSE KIT],VALTOCO 15 MG DOSE KIT,DIAZEPAM 75 MG/ML,PACK
207634,SBD,DIAZOXIDE 50 MG/ML ORAL SUSPENSION [PROGLYCEM],PROGLYCEM,DIAZOXIDE 50 MG/ML,ORAL SUSPENSION
197593,SCD,DIAZOXIDE 50 MG/ML ORAL SUSPENSION,,DIAZOXIDE 50 MG/ML,ORAL SUSPENSION
2711556,SBD,24 HR DIAZOXIDE CHOLINE 150 MG EXTENDED RELEASE ORAL TABLET [VYKAT],VYKAT,DIAZOXIDE CHOLINE 150 MG,EXTENDED RELEASE ORAL TABLET
2711562,SBD,24 HR DIAZOXIDE CHOLINE 25 MG EXTENDED RELEASE ORAL TABLET [VYKAT],VYKAT,DIAZOXIDE CHOLINE 25 MG,EXTENDED RELEASE ORAL TABLET
2711568,SBD,24 HR DIAZOXIDE CHOLINE 75 MG EXTENDED RELEASE ORAL TABLET [VYKAT],VYKAT,DIAZOXIDE CHOLINE 75 MG,EXTENDED RELEASE ORAL TABLET
800812,SBD,DIBASIC POTASSIUM PHOSPHATE 0.26 MG/ML / GLUCOSE 50 MG/ML / MAGNESIUM CHLORIDE 0.00373 MEQ/ML / POTASSIUM CHLORIDE 0.00174 MEQ/ML / SODIUM ACETATE 0.039 MEQ/ML INJECTABLE SOLUTION [ISOLYTE P],ISOLYTE P,DIBASIC POTASSIUM PHOSPHATE 0.26 MG/ML / GLUCOSE 50 MG/ML / MAGNESIUM CHLORIDE 0.00373 MEQ/ML / POTASSIUM CHLORIDE 0.00174 MEQ/ML / SODIUM ACETATE 0.039 MEQ/ML,INJECTABLE SOLUTION
1661799,SBD,DICHLORPHENAMIDE 50 MG ORAL TABLET [KEVEYIS],KEVEYIS,DICHLORPHENAMIDE 50 MG,ORAL TABLET
2677447,SBD,DICHLORPHENAMIDE 50 MG ORAL TABLET [ORMALVI],ORMALVI,DICHLORPHENAMIDE 50 MG,ORAL TABLET
197594,SCD,DICHLORPHENAMIDE 50 MG ORAL TABLET,,DICHLORPHENAMIDE 50 MG,ORAL TABLET
858342,SCD,DICLOFENAC 25 MG ORAL CAPSULE,,DICLOFENAC 25 MG,ORAL CAPSULE
858346,SBD,DICLOFENAC 25 MG ORAL CAPSULE [ZIPSOR],ZIPSOR,DICLOFENAC 25 MG,ORAL CAPSULE
855628,SBD,TWICE-DAILY DICLOFENAC EPOLAMINE 0.013 MG/MG MEDICATED PATCH [FLECTOR],FLECTOR,DICLOFENAC EPOLAMINE 0.013 MG/MG,MEDICATED PATCH
2372911,SBD,ONCE-DAILY DICLOFENAC EPOLAMINE 0.013 MG/MG MEDICATED PATCH [LICART],LICART,DICLOFENAC EPOLAMINE 0.013 MG/MG,MEDICATED PATCH
855626,SCD,TWICE-DAILY DICLOFENAC EPOLAMINE 0.013 MG/MG MEDICATED PATCH,,DICLOFENAC EPOLAMINE 0.013 MG/MG,MEDICATED PATCH
2584350,SBD,DICLOFENAC POTASSIUM 25 MG ORAL TABLET [LOFENA],LOFENA,DICLOFENAC POTASSIUM 25 MG,ORAL TABLET
857702,SCD,DICLOFENAC POTASSIUM 25 MG ORAL TABLET,,DICLOFENAC POTASSIUM 25 MG,ORAL TABLET
859063,SCD,DICLOFENAC POTASSIUM 50 MG POWDER FOR ORAL SOLUTION,,DICLOFENAC POTASSIUM 50 MG,POWDER FOR ORAL SOLUTION
859066,SBD,DICLOFENAC POTASSIUM 50 MG POWDER FOR ORAL SOLUTION [CAMBIA],CAMBIA,DICLOFENAC POTASSIUM 50 MG,POWDER FOR ORAL SOLUTION
855942,SCD,DICLOFENAC POTASSIUM 50 MG ORAL TABLET,,DICLOFENAC POTASSIUM 50 MG,ORAL TABLET
855642,SCD,DICLOFENAC SODIUM 0.03 MG/MG TOPICAL GEL,,DICLOFENAC SODIUM 0.03 MG/MG,TOPICAL GEL
854801,SCD,DICLOFENAC SODIUM 1 MG/ML OPHTHALMIC SOLUTION,,DICLOFENAC SODIUM 1 MG/ML,OPHTHALMIC SOLUTION
855657,SCD,24 HR DICLOFENAC SODIUM 100 MG EXTENDED RELEASE ORAL TABLET,,DICLOFENAC SODIUM 100 MG,EXTENDED RELEASE ORAL TABLET
857700,SCD,DICLOFENAC SODIUM 15 MG/ML TOPICAL SOLUTION,,DICLOFENAC SODIUM 15 MG/ML,TOPICAL SOLUTION
1487074,SCD,DICLOFENAC SODIUM 20 MG/ML TOPICAL SOLUTION,,DICLOFENAC SODIUM 20 MG/ML,TOPICAL SOLUTION
855664,SCD,DICLOFENAC SODIUM 25 MG DELAYED RELEASE ORAL TABLET,,DICLOFENAC SODIUM 25 MG,DELAYED RELEASE ORAL TABLET
855906,SCD,DICLOFENAC SODIUM 50 MG DELAYED RELEASE ORAL TABLET,,DICLOFENAC SODIUM 50 MG,DELAYED RELEASE ORAL TABLET
857706,SCD,DICLOFENAC SODIUM 50 MG / MISOPROSTOL 0.2 MG DELAYED RELEASE ORAL TABLET,,DICLOFENAC SODIUM 50 MG / MISOPROSTOL 0.2 MG,DELAYED RELEASE ORAL TABLET
1359107,SBD,DICLOFENAC SODIUM 50 MG / MISOPROSTOL 0.2 MG DELAYED RELEASE ORAL TABLET [ARTHROTEC],ARTHROTEC,DICLOFENAC SODIUM 50 MG / MISOPROSTOL 0.2 MG,DELAYED RELEASE ORAL TABLET
855926,SCD,DICLOFENAC SODIUM 75 MG DELAYED RELEASE ORAL TABLET,,DICLOFENAC SODIUM 75 MG,DELAYED RELEASE ORAL TABLET
1359105,SCD,DICLOFENAC SODIUM 75 MG / MISOPROSTOL 0.2 MG DELAYED RELEASE ORAL TABLET,,DICLOFENAC SODIUM 75 MG / MISOPROSTOL 0.2 MG,DELAYED RELEASE ORAL TABLET
1359109,SBD,DICLOFENAC SODIUM 75 MG / MISOPROSTOL 0.2 MG DELAYED RELEASE ORAL TABLET [ARTHROTEC],ARTHROTEC,DICLOFENAC SODIUM 75 MG / MISOPROSTOL 0.2 MG,DELAYED RELEASE ORAL TABLET
197595,SCD,DICLOXACILLIN 250 MG ORAL CAPSULE,,DICLOXACILLIN 250 MG,ORAL CAPSULE
197596,SCD,DICLOXACILLIN 500 MG ORAL CAPSULE,,DICLOXACILLIN 500 MG,ORAL CAPSULE
991061,SCD,DICYCLOMINE HYDROCHLORIDE 10 MG ORAL CAPSULE,,DICYCLOMINE HYDROCHLORIDE 10 MG,ORAL CAPSULE
991082,SCD,DICYCLOMINE HYDROCHLORIDE 2 MG/ML ORAL SOLUTION,,DICYCLOMINE HYDROCHLORIDE 2 MG/ML,ORAL SOLUTION
991086,SCD,DICYCLOMINE HYDROCHLORIDE 20 MG ORAL TABLET,,DICYCLOMINE HYDROCHLORIDE 20 MG,ORAL TABLET
2719470,SCD,DICYCLOMINE HYDROCHLORIDE 40 MG ORAL TABLET,,DICYCLOMINE HYDROCHLORIDE 40 MG,ORAL TABLET
978950,BPCK,{5 (DIENOGEST 2 MG / ESTRADIOL VALERATE 2 MG ORAL TABLET) / 17 (DIENOGEST 3 MG / ESTRADIOL VALERATE 2 MG ORAL TABLET) / 2 (ESTRADIOL VALERATE 1 MG ORAL TABLET) / 2 (ESTRADIOL VALERATE 3 MG ORAL TABLET) / 2 (INERT INGREDIENTS 1 MG ORAL TABLET) } PACK [NATAZIA 28 DAY],NATAZIA 28 DAY,DIENOGEST 2 MG / DIENOGEST 3 MG / ESTRADIOL VALERATE 1 MG / ESTRADIOL VALERATE 2 MG / ESTRADIOL VALERATE 3 MG,PACK
966607,SCD,DIFLORASONE DIACETATE 0.0005 MG/MG TOPICAL OINTMENT,,DIFLORASONE DIACETATE 0.0005 MG/MG,TOPICAL OINTMENT
966577,SCD,DIFLORASONE DIACETATE 0.5 MG/ML TOPICAL CREAM,,DIFLORASONE DIACETATE 0.5 MG/ML,TOPICAL CREAM
105823,SBD,DIFLUNISAL 250 MG ORAL TABLET [DOLOBID],DOLOBID,DIFLUNISAL 250 MG,ORAL TABLET
2691103,SBD,DIFLUNISAL 375 MG ORAL TABLET [DOLOBID],DOLOBID,DIFLUNISAL 375 MG,ORAL TABLET
197603,SCD,DIFLUNISAL 500 MG ORAL TABLET,,DIFLUNISAL 500 MG,ORAL TABLET
804544,SCD,DIFLUPREDNATE 0.5 MG/ML OPHTHALMIC SUSPENSION,,DIFLUPREDNATE 0.5 MG/ML,OPHTHALMIC SUSPENSION
804547,SBD,DIFLUPREDNATE 0.5 MG/ML OPHTHALMIC SUSPENSION [DUREZOL],DUREZOL,DIFLUPREDNATE 0.5 MG/ML,OPHTHALMIC SUSPENSION
393245,SCD,DIGOXIN 0.05 MG/ML ORAL SOLUTION,,DIGOXIN 0.05 MG/ML,ORAL SOLUTION
104206,SBD,DIGOXIN 0.0625 MG ORAL TABLET [LANOXIN],LANOXIN,DIGOXIN 0.0625 MG,ORAL TABLET
245273,SCD,DIGOXIN 0.0625 MG ORAL TABLET,,DIGOXIN 0.0625 MG,ORAL TABLET
197604,SCD,DIGOXIN 0.125 MG ORAL TABLET,,DIGOXIN 0.125 MG,ORAL TABLET
309888,SBD,DIGOXIN 0.125 MG ORAL TABLET [LANOXIN],LANOXIN,DIGOXIN 0.125 MG,ORAL TABLET
197606,SCD,DIGOXIN 0.25 MG ORAL TABLET,,DIGOXIN 0.25 MG,ORAL TABLET
309889,SBD,DIGOXIN 0.25 MG ORAL TABLET [LANOXIN],LANOXIN,DIGOXIN 0.25 MG,ORAL TABLET
861668,SCD,DIHYDROERGOTAMINE MESYLATE 0.5 MG/ACTUAT METERED DOSE NASAL SPRAY,,DIHYDROERGOTAMINE MESYLATE 0.5 MG/ACTUAT,METERED DOSE NASAL SPRAY
2569842,SBD,DIHYDROERGOTAMINE MESYLATE 0.725 MG/ACTUAT METERED DOSE NASAL SPRAY [TRUDHESA],TRUDHESA,DIHYDROERGOTAMINE MESYLATE 0.725 MG/ACTUAT,METERED DOSE NASAL SPRAY
2714315,SBD,1 ML DIHYDROERGOTAMINE MESYLATE 1 MG/ML AUTO-INJECTOR [BREKIYA],BREKIYA,DIHYDROERGOTAMINE MESYLATE 1 MG/ML,AUTO-INJECTOR
830872,SCD,12 HR DILTIAZEM HYDROCHLORIDE 120 MG EXTENDED RELEASE ORAL CAPSULE,,DILTIAZEM HYDROCHLORIDE 120 MG,EXTENDED RELEASE ORAL CAPSULE
830874,SCD,24 HR DILTIAZEM HYDROCHLORIDE 120 MG EXTENDED RELEASE ORAL TABLET,,DILTIAZEM HYDROCHLORIDE 120 MG,EXTENDED RELEASE ORAL TABLET
830876,SBD,24 HR DILTIAZEM HYDROCHLORIDE 120 MG EXTENDED RELEASE ORAL TABLET [CARDIZEM],CARDIZEM,DILTIAZEM HYDROCHLORIDE 120 MG,EXTENDED RELEASE ORAL TABLET
831054,SCD,DILTIAZEM HYDROCHLORIDE 120 MG ORAL TABLET,,DILTIAZEM HYDROCHLORIDE 120 MG,ORAL TABLET
831055,SBD,DILTIAZEM HYDROCHLORIDE 120 MG ORAL TABLET [CARDIZEM],CARDIZEM,DILTIAZEM HYDROCHLORIDE 120 MG,ORAL TABLET
830863,SBD,24 HR DILTIAZEM HYDROCHLORIDE 120 MG EXTENDED RELEASE ORAL CAPSULE [CARDIZEM],CARDIZEM,DILTIAZEM HYDROCHLORIDE 120 MG,EXTENDED RELEASE ORAL CAPSULE
831215,SBD,24 HR DILTIAZEM HYDROCHLORIDE 120 MG EXTENDED RELEASE ORAL CAPSULE [DILT],DILT,DILTIAZEM HYDROCHLORIDE 120 MG,EXTENDED RELEASE ORAL CAPSULE
831226,SBD,24 HR DILTIAZEM HYDROCHLORIDE 120 MG EXTENDED RELEASE ORAL CAPSULE [CARTIA],CARTIA,DILTIAZEM HYDROCHLORIDE 120 MG,EXTENDED RELEASE ORAL CAPSULE
830861,SCD,24 HR DILTIAZEM HYDROCHLORIDE 120 MG EXTENDED RELEASE ORAL CAPSULE,,DILTIAZEM HYDROCHLORIDE 120 MG,EXTENDED RELEASE ORAL CAPSULE
1988308,SBD,24 HR DILTIAZEM HYDROCHLORIDE 120 MG EXTENDED RELEASE ORAL CAPSULE [TIADYLT],TIADYLT,DILTIAZEM HYDROCHLORIDE 120 MG,EXTENDED RELEASE ORAL CAPSULE
831193,SBD,24 HR DILTIAZEM HYDROCHLORIDE 120 MG EXTENDED RELEASE ORAL CAPSULE [TIAZAC],TIAZAC,DILTIAZEM HYDROCHLORIDE 120 MG,EXTENDED RELEASE ORAL CAPSULE
1988311,SBD,24 HR DILTIAZEM HYDROCHLORIDE 180 MG EXTENDED RELEASE ORAL CAPSULE [TIADYLT],TIADYLT,DILTIAZEM HYDROCHLORIDE 180 MG,EXTENDED RELEASE ORAL CAPSULE
830877,SCD,24 HR DILTIAZEM HYDROCHLORIDE 180 MG EXTENDED RELEASE ORAL TABLET,,DILTIAZEM HYDROCHLORIDE 180 MG,EXTENDED RELEASE ORAL TABLET
830878,SBD,24 HR DILTIAZEM HYDROCHLORIDE 180 MG EXTENDED RELEASE ORAL TABLET [CARDIZEM],CARDIZEM,DILTIAZEM HYDROCHLORIDE 180 MG,EXTENDED RELEASE ORAL TABLET
831244,SBD,24 HR DILTIAZEM HYDROCHLORIDE 180 MG EXTENDED RELEASE ORAL CAPSULE [TIAZAC],TIAZAC,DILTIAZEM HYDROCHLORIDE 180 MG,EXTENDED RELEASE ORAL CAPSULE
831252,SBD,24 HR DILTIAZEM HYDROCHLORIDE 180 MG EXTENDED RELEASE ORAL CAPSULE [DILT],DILT,DILTIAZEM HYDROCHLORIDE 180 MG,EXTENDED RELEASE ORAL CAPSULE
831255,SBD,24 HR DILTIAZEM HYDROCHLORIDE 180 MG EXTENDED RELEASE ORAL CAPSULE [CARTIA],CARTIA,DILTIAZEM HYDROCHLORIDE 180 MG,EXTENDED RELEASE ORAL CAPSULE
830845,SCD,24 HR DILTIAZEM HYDROCHLORIDE 180 MG EXTENDED RELEASE ORAL CAPSULE,,DILTIAZEM HYDROCHLORIDE 180 MG,EXTENDED RELEASE ORAL CAPSULE
830847,SBD,24 HR DILTIAZEM HYDROCHLORIDE 180 MG EXTENDED RELEASE ORAL CAPSULE [CARDIZEM],CARDIZEM,DILTIAZEM HYDROCHLORIDE 180 MG,EXTENDED RELEASE ORAL CAPSULE
1091632,SBD,24 HR DILTIAZEM HYDROCHLORIDE 180 MG EXTENDED RELEASE ORAL TABLET [MATZIM],MATZIM,DILTIAZEM HYDROCHLORIDE 180 MG,EXTENDED RELEASE ORAL TABLET
1091629,SBD,24 HR DILTIAZEM HYDROCHLORIDE 240 MG EXTENDED RELEASE ORAL TABLET [MATZIM],MATZIM,DILTIAZEM HYDROCHLORIDE 240 MG,EXTENDED RELEASE ORAL TABLET
831296,SBD,24 HR DILTIAZEM HYDROCHLORIDE 240 MG EXTENDED RELEASE ORAL CAPSULE [TIAZAC],TIAZAC,DILTIAZEM HYDROCHLORIDE 240 MG,EXTENDED RELEASE ORAL CAPSULE
830839,SBD,24 HR DILTIAZEM HYDROCHLORIDE 240 MG EXTENDED RELEASE ORAL CAPSULE [CARDIZEM],CARDIZEM,DILTIAZEM HYDROCHLORIDE 240 MG,EXTENDED RELEASE ORAL CAPSULE
830837,SCD,24 HR DILTIAZEM HYDROCHLORIDE 240 MG EXTENDED RELEASE ORAL CAPSULE,,DILTIAZEM HYDROCHLORIDE 240 MG,EXTENDED RELEASE ORAL CAPSULE
1988316,SBD,24 HR DILTIAZEM HYDROCHLORIDE 240 MG EXTENDED RELEASE ORAL CAPSULE [TIADYLT],TIADYLT,DILTIAZEM HYDROCHLORIDE 240 MG,EXTENDED RELEASE ORAL CAPSULE
831309,SBD,24 HR DILTIAZEM HYDROCHLORIDE 240 MG EXTENDED RELEASE ORAL CAPSULE [CARTIA],CARTIA,DILTIAZEM HYDROCHLORIDE 240 MG,EXTENDED RELEASE ORAL CAPSULE
830879,SCD,24 HR DILTIAZEM HYDROCHLORIDE 240 MG EXTENDED RELEASE ORAL TABLET,,DILTIAZEM HYDROCHLORIDE 240 MG,EXTENDED RELEASE ORAL TABLET
830880,SBD,24 HR DILTIAZEM HYDROCHLORIDE 240 MG EXTENDED RELEASE ORAL TABLET [CARDIZEM],CARDIZEM,DILTIAZEM HYDROCHLORIDE 240 MG,EXTENDED RELEASE ORAL TABLET
831285,SBD,24 HR DILTIAZEM HYDROCHLORIDE 240 MG EXTENDED RELEASE ORAL CAPSULE [DILT],DILT,DILTIAZEM HYDROCHLORIDE 240 MG,EXTENDED RELEASE ORAL CAPSULE
833219,SBD,DILTIAZEM HYDROCHLORIDE 30 MG ORAL TABLET [CARDIZEM],CARDIZEM,DILTIAZEM HYDROCHLORIDE 30 MG,ORAL TABLET
833217,SCD,DILTIAZEM HYDROCHLORIDE 30 MG ORAL TABLET,,DILTIAZEM HYDROCHLORIDE 30 MG,ORAL TABLET
830883,SBD,24 HR DILTIAZEM HYDROCHLORIDE 300 MG EXTENDED RELEASE ORAL TABLET [CARDIZEM],CARDIZEM,DILTIAZEM HYDROCHLORIDE 300 MG,EXTENDED RELEASE ORAL TABLET
830882,SCD,24 HR DILTIAZEM HYDROCHLORIDE 300 MG EXTENDED RELEASE ORAL TABLET,,DILTIAZEM HYDROCHLORIDE 300 MG,EXTENDED RELEASE ORAL TABLET
1988319,SBD,24 HR DILTIAZEM HYDROCHLORIDE 300 MG EXTENDED RELEASE ORAL CAPSULE [TIADYLT],TIADYLT,DILTIAZEM HYDROCHLORIDE 300 MG,EXTENDED RELEASE ORAL CAPSULE
1091635,SBD,24 HR DILTIAZEM HYDROCHLORIDE 300 MG EXTENDED RELEASE ORAL TABLET [MATZIM],MATZIM,DILTIAZEM HYDROCHLORIDE 300 MG,EXTENDED RELEASE ORAL TABLET
830803,SBD,24 HR DILTIAZEM HYDROCHLORIDE 300 MG EXTENDED RELEASE ORAL CAPSULE [CARDIZEM],CARDIZEM,DILTIAZEM HYDROCHLORIDE 300 MG,EXTENDED RELEASE ORAL CAPSULE
830801,SCD,24 HR DILTIAZEM HYDROCHLORIDE 300 MG EXTENDED RELEASE ORAL CAPSULE,,DILTIAZEM HYDROCHLORIDE 300 MG,EXTENDED RELEASE ORAL CAPSULE
831338,SBD,24 HR DILTIAZEM HYDROCHLORIDE 300 MG EXTENDED RELEASE ORAL CAPSULE [CARTIA],CARTIA,DILTIAZEM HYDROCHLORIDE 300 MG,EXTENDED RELEASE ORAL CAPSULE
831323,SBD,24 HR DILTIAZEM HYDROCHLORIDE 300 MG EXTENDED RELEASE ORAL CAPSULE [TIAZAC],TIAZAC,DILTIAZEM HYDROCHLORIDE 300 MG,EXTENDED RELEASE ORAL CAPSULE
1091638,SBD,24 HR DILTIAZEM HYDROCHLORIDE 360 MG EXTENDED RELEASE ORAL TABLET [MATZIM],MATZIM,DILTIAZEM HYDROCHLORIDE 360 MG,EXTENDED RELEASE ORAL TABLET
830798,SBD,24 HR DILTIAZEM HYDROCHLORIDE 360 MG EXTENDED RELEASE ORAL CAPSULE [CARDIZEM],CARDIZEM,DILTIAZEM HYDROCHLORIDE 360 MG,EXTENDED RELEASE ORAL CAPSULE
830795,SCD,24 HR DILTIAZEM HYDROCHLORIDE 360 MG EXTENDED RELEASE ORAL CAPSULE,,DILTIAZEM HYDROCHLORIDE 360 MG,EXTENDED RELEASE ORAL CAPSULE
1988324,SBD,24 HR DILTIAZEM HYDROCHLORIDE 360 MG EXTENDED RELEASE ORAL CAPSULE [TIADYLT],TIADYLT,DILTIAZEM HYDROCHLORIDE 360 MG,EXTENDED RELEASE ORAL CAPSULE
831347,SBD,24 HR DILTIAZEM HYDROCHLORIDE 360 MG EXTENDED RELEASE ORAL CAPSULE [TIAZAC],TIAZAC,DILTIAZEM HYDROCHLORIDE 360 MG,EXTENDED RELEASE ORAL CAPSULE
830898,SBD,24 HR DILTIAZEM HYDROCHLORIDE 360 MG EXTENDED RELEASE ORAL TABLET [CARDIZEM],CARDIZEM,DILTIAZEM HYDROCHLORIDE 360 MG,EXTENDED RELEASE ORAL TABLET
830897,SCD,24 HR DILTIAZEM HYDROCHLORIDE 360 MG EXTENDED RELEASE ORAL TABLET,,DILTIAZEM HYDROCHLORIDE 360 MG,EXTENDED RELEASE ORAL TABLET
831360,SBD,24 HR DILTIAZEM HYDROCHLORIDE 420 MG EXTENDED RELEASE ORAL CAPSULE [TIAZAC],TIAZAC,DILTIAZEM HYDROCHLORIDE 420 MG,EXTENDED RELEASE ORAL CAPSULE
831359,SCD,24 HR DILTIAZEM HYDROCHLORIDE 420 MG EXTENDED RELEASE ORAL CAPSULE,,DILTIAZEM HYDROCHLORIDE 420 MG,EXTENDED RELEASE ORAL CAPSULE
830902,SBD,24 HR DILTIAZEM HYDROCHLORIDE 420 MG EXTENDED RELEASE ORAL TABLET [CARDIZEM],CARDIZEM,DILTIAZEM HYDROCHLORIDE 420 MG,EXTENDED RELEASE ORAL TABLET
1091623,SBD,24 HR DILTIAZEM HYDROCHLORIDE 420 MG EXTENDED RELEASE ORAL TABLET [MATZIM],MATZIM,DILTIAZEM HYDROCHLORIDE 420 MG,EXTENDED RELEASE ORAL TABLET
830900,SCD,24 HR DILTIAZEM HYDROCHLORIDE 420 MG EXTENDED RELEASE ORAL TABLET,,DILTIAZEM HYDROCHLORIDE 420 MG,EXTENDED RELEASE ORAL TABLET
1988330,SBD,24 HR DILTIAZEM HYDROCHLORIDE 420 MG EXTENDED RELEASE ORAL CAPSULE [TIADYLT],TIADYLT,DILTIAZEM HYDROCHLORIDE 420 MG,EXTENDED RELEASE ORAL CAPSULE
830865,SCD,12 HR DILTIAZEM HYDROCHLORIDE 60 MG EXTENDED RELEASE ORAL CAPSULE,,DILTIAZEM HYDROCHLORIDE 60 MG,EXTENDED RELEASE ORAL CAPSULE
831103,SCD,DILTIAZEM HYDROCHLORIDE 60 MG ORAL TABLET,,DILTIAZEM HYDROCHLORIDE 60 MG,ORAL TABLET
834393,SBD,DILTIAZEM HYDROCHLORIDE 60 MG ORAL TABLET [CARDIZEM],CARDIZEM,DILTIAZEM HYDROCHLORIDE 60 MG,ORAL TABLET
830869,SCD,12 HR DILTIAZEM HYDROCHLORIDE 90 MG EXTENDED RELEASE ORAL CAPSULE,,DILTIAZEM HYDROCHLORIDE 90 MG,EXTENDED RELEASE ORAL CAPSULE
831102,SCD,DILTIAZEM HYDROCHLORIDE 90 MG ORAL TABLET,,DILTIAZEM HYDROCHLORIDE 90 MG,ORAL TABLET
1373489,SBD,DIMETHYL FUMARATE 120 MG DELAYED RELEASE ORAL CAPSULE [TECFIDERA],TECFIDERA,DIMETHYL FUMARATE 120 MG,DELAYED RELEASE ORAL CAPSULE
1373483,SCD,DIMETHYL FUMARATE 120 MG DELAYED RELEASE ORAL CAPSULE,,DIMETHYL FUMARATE 120 MG,DELAYED RELEASE ORAL CAPSULE
1373497,GPCK,{14 (DIMETHYL FUMARATE 120 MG DELAYED RELEASE ORAL CAPSULE) / 46 (DIMETHYL FUMARATE 240 MG DELAYED RELEASE ORAL CAPSULE) } PACK,,DIMETHYL FUMARATE 120 MG / DIMETHYL FUMARATE 240 MG,PACK
1373498,BPCK,{14 (DIMETHYL FUMARATE 120 MG DELAYED RELEASE ORAL CAPSULE [TECFIDERA]) / 46 (DIMETHYL FUMARATE 240 MG DELAYED RELEASE ORAL CAPSULE [TECFIDERA]) } PACK [TECFIDERA 30-DAY STARTER PACK],TECFIDERA 30-DAY STARTER PACK,DIMETHYL FUMARATE 120 MG / DIMETHYL FUMARATE 240 MG,PACK
1373493,SBD,DIMETHYL FUMARATE 240 MG DELAYED RELEASE ORAL CAPSULE [TECFIDERA],TECFIDERA,DIMETHYL FUMARATE 240 MG,DELAYED RELEASE ORAL CAPSULE
1373491,SCD,DIMETHYL FUMARATE 240 MG DELAYED RELEASE ORAL CAPSULE,,DIMETHYL FUMARATE 240 MG,DELAYED RELEASE ORAL CAPSULE
1190919,SBD,"0.5 ML DIPHTHERIA TOXOID VACCINE, INACTIVATED 4 UNT/ML / TETANUS TOXOID VACCINE, INACTIVATED 10 UNT/ML PREFILLED SYRINGE [TENIVAC]",TENIVAC,"DIPHTHERIA TOXOID VACCINE, INACTIVATED 4 UNT/ML / TETANUS TOXOID VACCINE, INACTIVATED 10 UNT/ML",PREFILLED SYRINGE
1190916,SBD,"0.5 ML DIPHTHERIA TOXOID VACCINE, INACTIVATED 4 UNT/ML / TETANUS TOXOID VACCINE, INACTIVATED 10 UNT/ML INJECTION [TENIVAC]",TENIVAC,"DIPHTHERIA TOXOID VACCINE, INACTIVATED 4 UNT/ML / TETANUS TOXOID VACCINE, INACTIVATED 10 UNT/ML",INJECTION
309952,SCD,DIPYRIDAMOLE 25 MG ORAL TABLET,,DIPYRIDAMOLE 25 MG,ORAL TABLET
197622,SCD,DIPYRIDAMOLE 50 MG ORAL TABLET,,DIPYRIDAMOLE 50 MG,ORAL TABLET
309955,SCD,DIPYRIDAMOLE 75 MG ORAL TABLET,,DIPYRIDAMOLE 75 MG,ORAL TABLET
2261794,SBD,DIROXIMEL FUMARATE 231 MG DELAYED RELEASE ORAL CAPSULE [VUMERITY],VUMERITY,DIROXIMEL FUMARATE 231 MG,DELAYED RELEASE ORAL CAPSULE
209066,SBD,DISOPYRAMIDE 100 MG ORAL CAPSULE [NORPACE],NORPACE,DISOPYRAMIDE 100 MG,ORAL CAPSULE
309958,SCD,DISOPYRAMIDE 100 MG ORAL CAPSULE,,DISOPYRAMIDE 100 MG,ORAL CAPSULE
209692,SBD,DISOPYRAMIDE 150 MG ORAL CAPSULE [NORPACE],NORPACE,DISOPYRAMIDE 150 MG,ORAL CAPSULE
309960,SCD,DISOPYRAMIDE 150 MG ORAL CAPSULE,,DISOPYRAMIDE 150 MG,ORAL CAPSULE
197623,SCD,DISULFIRAM 250 MG ORAL TABLET,,DISULFIRAM 250 MG,ORAL TABLET
197624,SCD,DISULFIRAM 500 MG ORAL TABLET,,DISULFIRAM 500 MG,ORAL TABLET
1099598,SBD,DIVALPROEX SODIUM 125 MG DELAYED RELEASE ORAL CAPSULE [DEPAKOTE],DEPAKOTE,DIVALPROEX SODIUM 125 MG,DELAYED RELEASE ORAL CAPSULE
1099626,SBD,DIVALPROEX SODIUM 125 MG DELAYED RELEASE ORAL TABLET [DEPAKOTE],DEPAKOTE,DIVALPROEX SODIUM 125 MG,DELAYED RELEASE ORAL TABLET
1099625,SCD,DIVALPROEX SODIUM 125 MG DELAYED RELEASE ORAL TABLET,,DIVALPROEX SODIUM 125 MG,DELAYED RELEASE ORAL TABLET
1099596,SCD,DIVALPROEX SODIUM 125 MG DELAYED RELEASE ORAL CAPSULE,,DIVALPROEX SODIUM 125 MG,DELAYED RELEASE ORAL CAPSULE
1099678,SCD,DIVALPROEX SODIUM 250 MG DELAYED RELEASE ORAL TABLET,,DIVALPROEX SODIUM 250 MG,DELAYED RELEASE ORAL TABLET
1099679,SBD,DIVALPROEX SODIUM 250 MG DELAYED RELEASE ORAL TABLET [DEPAKOTE],DEPAKOTE,DIVALPROEX SODIUM 250 MG,DELAYED RELEASE ORAL TABLET
1099565,SBD,24 HR DIVALPROEX SODIUM 250 MG EXTENDED RELEASE ORAL TABLET [DEPAKOTE],DEPAKOTE,DIVALPROEX SODIUM 250 MG,EXTENDED RELEASE ORAL TABLET
1099563,SCD,24 HR DIVALPROEX SODIUM 250 MG EXTENDED RELEASE ORAL TABLET,,DIVALPROEX SODIUM 250 MG,EXTENDED RELEASE ORAL TABLET
1099871,SBD,DIVALPROEX SODIUM 500 MG DELAYED RELEASE ORAL TABLET [DEPAKOTE],DEPAKOTE,DIVALPROEX SODIUM 500 MG,DELAYED RELEASE ORAL TABLET
1099870,SCD,DIVALPROEX SODIUM 500 MG DELAYED RELEASE ORAL TABLET,,DIVALPROEX SODIUM 500 MG,DELAYED RELEASE ORAL TABLET
1099571,SBD,24 HR DIVALPROEX SODIUM 500 MG EXTENDED RELEASE ORAL TABLET [DEPAKOTE],DEPAKOTE,DIVALPROEX SODIUM 500 MG,EXTENDED RELEASE ORAL TABLET
1099569,SCD,24 HR DIVALPROEX SODIUM 500 MG EXTENDED RELEASE ORAL TABLET,,DIVALPROEX SODIUM 500 MG,EXTENDED RELEASE ORAL TABLET
310003,SCD,DOFETILIDE 0.125 MG ORAL CAPSULE,,DOFETILIDE 0.125 MG,ORAL CAPSULE
284404,SBD,DOFETILIDE 0.125 MG ORAL CAPSULE [TIKOSYN],TIKOSYN,DOFETILIDE 0.125 MG,ORAL CAPSULE
284405,SBD,DOFETILIDE 0.25 MG ORAL CAPSULE [TIKOSYN],TIKOSYN,DOFETILIDE 0.25 MG,ORAL CAPSULE
310004,SCD,DOFETILIDE 0.25 MG ORAL CAPSULE,,DOFETILIDE 0.25 MG,ORAL CAPSULE
310005,SCD,DOFETILIDE 0.5 MG ORAL CAPSULE,,DOFETILIDE 0.5 MG,ORAL CAPSULE
285016,SBD,DOFETILIDE 0.5 MG ORAL CAPSULE [TIKOSYN],TIKOSYN,DOFETILIDE 0.5 MG,ORAL CAPSULE
2374566,SBD,DOLUTEGRAVIR 5 MG TABLET FOR ORAL SUSPENSION [TIVICAY],TIVICAY,DOLUTEGRAVIR 5 MG,TABLET FOR ORAL SUSPENSION
1433879,SBD,DOLUTEGRAVIR 50 MG ORAL TABLET [TIVICAY],TIVICAY,DOLUTEGRAVIR 50 MG,ORAL TABLET
2122526,SBD,DOLUTEGRAVIR 50 MG / LAMIVUDINE 300 MG ORAL TABLET [DOVATO],DOVATO,DOLUTEGRAVIR 50 MG / LAMIVUDINE 300 MG,ORAL TABLET
1989506,SBD,DOLUTEGRAVIR 50 MG / RILPIVIRINE 25 MG ORAL TABLET [JULUCA],JULUCA,DOLUTEGRAVIR 50 MG / RILPIVIRINE 25 MG,ORAL TABLET
997223,SCD,DONEPEZIL HYDROCHLORIDE 10 MG ORAL TABLET,,DONEPEZIL HYDROCHLORIDE 10 MG,ORAL TABLET
997224,SBD,DONEPEZIL HYDROCHLORIDE 10 MG ORAL TABLET [ARICEPT],ARICEPT,DONEPEZIL HYDROCHLORIDE 10 MG,ORAL TABLET
997220,SCD,DONEPEZIL HYDROCHLORIDE 10 MG DISINTEGRATING ORAL TABLET,,DONEPEZIL HYDROCHLORIDE 10 MG,DISINTEGRATING ORAL TABLET
1602588,SBD,24 HR DONEPEZIL HYDROCHLORIDE 10 MG / MEMANTINE HYDROCHLORIDE 14 MG EXTENDED RELEASE ORAL CAPSULE [NAMZARIC],NAMZARIC,DONEPEZIL HYDROCHLORIDE 10 MG / MEMANTINE HYDROCHLORIDE 14 MG,EXTENDED RELEASE ORAL CAPSULE
1599805,SCD,24 HR DONEPEZIL HYDROCHLORIDE 10 MG / MEMANTINE HYDROCHLORIDE 14 MG EXTENDED RELEASE ORAL CAPSULE,,DONEPEZIL HYDROCHLORIDE 10 MG / MEMANTINE HYDROCHLORIDE 14 MG,EXTENDED RELEASE ORAL CAPSULE
1805420,SCD,24 HR DONEPEZIL HYDROCHLORIDE 10 MG / MEMANTINE HYDROCHLORIDE 21 MG EXTENDED RELEASE ORAL CAPSULE,,DONEPEZIL HYDROCHLORIDE 10 MG / MEMANTINE HYDROCHLORIDE 21 MG,EXTENDED RELEASE ORAL CAPSULE
1805422,SBD,24 HR DONEPEZIL HYDROCHLORIDE 10 MG / MEMANTINE HYDROCHLORIDE 21 MG EXTENDED RELEASE ORAL CAPSULE [NAMZARIC],NAMZARIC,DONEPEZIL HYDROCHLORIDE 10 MG / MEMANTINE HYDROCHLORIDE 21 MG,EXTENDED RELEASE ORAL CAPSULE
1602594,SBD,24 HR DONEPEZIL HYDROCHLORIDE 10 MG / MEMANTINE HYDROCHLORIDE 28 MG EXTENDED RELEASE ORAL CAPSULE [NAMZARIC],NAMZARIC,DONEPEZIL HYDROCHLORIDE 10 MG / MEMANTINE HYDROCHLORIDE 28 MG,EXTENDED RELEASE ORAL CAPSULE
1599803,SCD,24 HR DONEPEZIL HYDROCHLORIDE 10 MG / MEMANTINE HYDROCHLORIDE 28 MG EXTENDED RELEASE ORAL CAPSULE,,DONEPEZIL HYDROCHLORIDE 10 MG / MEMANTINE HYDROCHLORIDE 28 MG,EXTENDED RELEASE ORAL CAPSULE
1805427,SBD,24 HR DONEPEZIL HYDROCHLORIDE 10 MG / MEMANTINE HYDROCHLORIDE 7 MG EXTENDED RELEASE ORAL CAPSULE [NAMZARIC],NAMZARIC,DONEPEZIL HYDROCHLORIDE 10 MG / MEMANTINE HYDROCHLORIDE 7 MG,EXTENDED RELEASE ORAL CAPSULE
1100184,SCD,DONEPEZIL HYDROCHLORIDE 23 MG ORAL TABLET,,DONEPEZIL HYDROCHLORIDE 23 MG,ORAL TABLET
1100187,SBD,DONEPEZIL HYDROCHLORIDE 23 MG ORAL TABLET [ARICEPT],ARICEPT,DONEPEZIL HYDROCHLORIDE 23 MG,ORAL TABLET
997229,SCD,DONEPEZIL HYDROCHLORIDE 5 MG ORAL TABLET,,DONEPEZIL HYDROCHLORIDE 5 MG,ORAL TABLET
997230,SBD,DONEPEZIL HYDROCHLORIDE 5 MG ORAL TABLET [ARICEPT],ARICEPT,DONEPEZIL HYDROCHLORIDE 5 MG,ORAL TABLET
997226,SCD,DONEPEZIL HYDROCHLORIDE 5 MG DISINTEGRATING ORAL TABLET,,DONEPEZIL HYDROCHLORIDE 5 MG,DISINTEGRATING ORAL TABLET
2724453,SBD,0.8 ML DONIDALORSEN 100 MG/ML AUTO-INJECTOR [DAWNZERA],DAWNZERA,DONIDALORSEN 100 MG/ML,AUTO-INJECTOR
2055766,SBD,DORAVIRINE 100 MG ORAL TABLET [PIFELTRO],PIFELTRO,DORAVIRINE 100 MG,ORAL TABLET
2741700,SBD,DORAVIRINE 100 MG / ISLATRAVIR 0.25 MG ORAL TABLET [IDVYNSO],IDVYNSO,DORAVIRINE 100 MG / ISLATRAVIR 0.25 MG,ORAL TABLET
2055815,SBD,DORAVIRINE 100 MG / LAMIVUDINE 300 MG / TENOFOVIR DISOPROXIL FUMARATE 300 MG ORAL TABLET [DELSTRIGO],DELSTRIGO,DORAVIRINE 100 MG / LAMIVUDINE 300 MG / TENOFOVIR DISOPROXIL FUMARATE 300 MG,ORAL TABLET
2721205,SBD,DORDAVIPRONE 125 MG ORAL CAPSULE [MODEYSO],MODEYSO,DORDAVIPRONE 125 MG,ORAL CAPSULE
205532,SBD,DORNASE ALFA 1 MG/ML INHALATION SOLUTION [PULMOZYME],PULMOZYME,DORNASE ALFA 1 MG/ML,INHALATION SOLUTION
310015,SCD,DORZOLAMIDE 20 MG/ML OPHTHALMIC SOLUTION,,DORZOLAMIDE 20 MG/ML,OPHTHALMIC SOLUTION
1922784,SBD,PRESERVATIVE-FREE DORZOLAMIDE 20 MG/ML / TIMOLOL 5 MG/ML OPHTHALMIC SOLUTION [COSOPT],COSOPT,DORZOLAMIDE 20 MG/ML / TIMOLOL 5 MG/ML,OPHTHALMIC SOLUTION
1922783,SCD,PRESERVATIVE-FREE DORZOLAMIDE 20 MG/ML / TIMOLOL 5 MG/ML OPHTHALMIC SOLUTION,,DORZOLAMIDE 20 MG/ML / TIMOLOL 5 MG/ML,OPHTHALMIC SOLUTION
1923432,SCD,DORZOLAMIDE 20 MG/ML / TIMOLOL 5 MG/ML OPHTHALMIC SOLUTION,,DORZOLAMIDE 20 MG/ML / TIMOLOL 5 MG/ML,OPHTHALMIC SOLUTION
1923433,SBD,DORZOLAMIDE 20 MG/ML / TIMOLOL 5 MG/ML OPHTHALMIC SOLUTION [COSOPT],COSOPT,DORZOLAMIDE 20 MG/ML / TIMOLOL 5 MG/ML,OPHTHALMIC SOLUTION
104367,SBD,DOXAZOSIN 1 MG ORAL TABLET [CARDURA],CARDURA,DOXAZOSIN 1 MG,ORAL TABLET
197625,SCD,DOXAZOSIN 1 MG ORAL TABLET,,DOXAZOSIN 1 MG,ORAL TABLET
104368,SBD,DOXAZOSIN 2 MG ORAL TABLET [CARDURA],CARDURA,DOXAZOSIN 2 MG,ORAL TABLET
197626,SCD,DOXAZOSIN 2 MG ORAL TABLET,,DOXAZOSIN 2 MG,ORAL TABLET
1242404,SBD,24 HR DOXAZOSIN 4 MG EXTENDED RELEASE ORAL TABLET [CARDURA],CARDURA,DOXAZOSIN 4 MG,EXTENDED RELEASE ORAL TABLET
104369,SBD,DOXAZOSIN 4 MG ORAL TABLET [CARDURA],CARDURA,DOXAZOSIN 4 MG,ORAL TABLET
197627,SCD,DOXAZOSIN 4 MG ORAL TABLET,,DOXAZOSIN 4 MG,ORAL TABLET
1242408,SBD,24 HR DOXAZOSIN 8 MG EXTENDED RELEASE ORAL TABLET [CARDURA],CARDURA,DOXAZOSIN 8 MG,EXTENDED RELEASE ORAL TABLET
205544,SBD,DOXAZOSIN 8 MG ORAL TABLET [CARDURA],CARDURA,DOXAZOSIN 8 MG,ORAL TABLET
197628,SCD,DOXAZOSIN 8 MG ORAL TABLET,,DOXAZOSIN 8 MG,ORAL TABLET
1000048,SCD,DOXEPIN 10 MG ORAL CAPSULE,,DOXEPIN 10 MG,ORAL CAPSULE
1000054,SCD,DOXEPIN 10 MG/ML ORAL SOLUTION,,DOXEPIN 10 MG/ML,ORAL SOLUTION
1000058,SCD,DOXEPIN 100 MG ORAL CAPSULE,,DOXEPIN 100 MG,ORAL CAPSULE
1000064,SCD,DOXEPIN 150 MG ORAL CAPSULE,,DOXEPIN 150 MG,ORAL CAPSULE
1000070,SCD,DOXEPIN 25 MG ORAL CAPSULE,,DOXEPIN 25 MG,ORAL CAPSULE
966787,SCD,DOXEPIN 3 MG ORAL TABLET,,DOXEPIN 3 MG,ORAL TABLET
966791,SBD,DOXEPIN 3 MG ORAL TABLET [SILENOR],SILENOR,DOXEPIN 3 MG,ORAL TABLET
1000076,SCD,DOXEPIN 50 MG ORAL CAPSULE,,DOXEPIN 50 MG,ORAL CAPSULE
966793,SCD,DOXEPIN 6 MG ORAL TABLET,,DOXEPIN 6 MG,ORAL TABLET
966795,SBD,DOXEPIN 6 MG ORAL TABLET [SILENOR],SILENOR,DOXEPIN 6 MG,ORAL TABLET
1000097,SCD,DOXEPIN 75 MG ORAL CAPSULE,,DOXEPIN 75 MG,ORAL CAPSULE
1000091,SCD,DOXEPIN HYDROCHLORIDE 50 MG/ML TOPICAL CREAM,,DOXEPIN HYDROCHLORIDE 50 MG/ML,TOPICAL CREAM
1000095,SBD,DOXEPIN HYDROCHLORIDE 50 MG/ML TOPICAL CREAM [ZONALON],ZONALON,DOXEPIN HYDROCHLORIDE 50 MG/ML,TOPICAL CREAM
1000093,SBD,DOXEPIN HYDROCHLORIDE 50 MG/ML TOPICAL CREAM [PRUDOXIN],PRUDOXIN,DOXEPIN HYDROCHLORIDE 50 MG/ML,TOPICAL CREAM
406503,SCD,DOXERCALCIFEROL 0.0005 MG ORAL CAPSULE,,DOXERCALCIFEROL 0.0005 MG,ORAL CAPSULE
858262,SCD,DOXERCALCIFEROL 0.001 MG ORAL CAPSULE,,DOXERCALCIFEROL 0.001 MG,ORAL CAPSULE
310023,SCD,DOXERCALCIFEROL 0.0025 MG ORAL CAPSULE,,DOXERCALCIFEROL 0.0025 MG,ORAL CAPSULE
901399,SCD,DOXYCYCLINE ANHYDROUS 40 MG DELAYED RELEASE ORAL CAPSULE,,DOXYCYCLINE ANHYDROUS 40 MG,DELAYED RELEASE ORAL CAPSULE
901401,SBD,DOXYCYCLINE ANHYDROUS 40 MG DELAYED RELEASE ORAL CAPSULE [ORACEA],ORACEA,DOXYCYCLINE ANHYDROUS 40 MG,DELAYED RELEASE ORAL CAPSULE
1650143,SCD,DOXYCYCLINE HYCLATE 100 MG ORAL TABLET,,DOXYCYCLINE HYCLATE 100 MG,ORAL TABLET
1649988,SCD,DOXYCYCLINE HYCLATE 100 MG ORAL CAPSULE,,DOXYCYCLINE HYCLATE 100 MG,ORAL CAPSULE
434018,SCD,DOXYCYCLINE HYCLATE 100 MG DELAYED RELEASE ORAL TABLET,,DOXYCYCLINE HYCLATE 100 MG,DELAYED RELEASE ORAL TABLET
544840,SBD,DOXYCYCLINE HYCLATE 100 MG INJECTION [DOXY],DOXY,DOXYCYCLINE HYCLATE 100 MG,INJECTION
310027,SCD,DOXYCYCLINE HYCLATE 100 MG INJECTION,,DOXYCYCLINE HYCLATE 100 MG,INJECTION
799048,SCD,DOXYCYCLINE HYCLATE 150 MG DELAYED RELEASE ORAL TABLET,,DOXYCYCLINE HYCLATE 150 MG,DELAYED RELEASE ORAL TABLET
1650446,SCD,DOXYCYCLINE HYCLATE 150 MG ORAL TABLET,,DOXYCYCLINE HYCLATE 150 MG,ORAL TABLET
283535,SCD,DOXYCYCLINE HYCLATE 20 MG ORAL TABLET,,DOXYCYCLINE HYCLATE 20 MG,ORAL TABLET
1423080,SCD,DOXYCYCLINE HYCLATE 200 MG DELAYED RELEASE ORAL TABLET,,DOXYCYCLINE HYCLATE 200 MG,DELAYED RELEASE ORAL TABLET
1806948,SBD,DOXYCYCLINE HYCLATE 50 MG ORAL TABLET [TARGADOX],TARGADOX,DOXYCYCLINE HYCLATE 50 MG,ORAL TABLET
1652674,SCD,DOXYCYCLINE HYCLATE 50 MG ORAL TABLET,,DOXYCYCLINE HYCLATE 50 MG,ORAL TABLET
1653433,SCD,DOXYCYCLINE HYCLATE 50 MG DELAYED RELEASE ORAL TABLET,,DOXYCYCLINE HYCLATE 50 MG,DELAYED RELEASE ORAL TABLET
1649405,SCD,DOXYCYCLINE HYCLATE 50 MG ORAL CAPSULE,,DOXYCYCLINE HYCLATE 50 MG,ORAL CAPSULE
1801144,SBD,DOXYCYCLINE HYCLATE 60 MG DELAYED RELEASE ORAL TABLET [DORYX],DORYX,DOXYCYCLINE HYCLATE 60 MG,DELAYED RELEASE ORAL TABLET
1649425,SCD,DOXYCYCLINE HYCLATE 75 MG ORAL TABLET,,DOXYCYCLINE HYCLATE 75 MG,ORAL TABLET
406524,SCD,DOXYCYCLINE HYCLATE 75 MG DELAYED RELEASE ORAL TABLET,,DOXYCYCLINE HYCLATE 75 MG,DELAYED RELEASE ORAL TABLET
1650142,SCD,DOXYCYCLINE MONOHYDRATE 100 MG ORAL TABLET,,DOXYCYCLINE MONOHYDRATE 100 MG,ORAL TABLET
1649990,SCD,DOXYCYCLINE MONOHYDRATE 100 MG ORAL CAPSULE,,DOXYCYCLINE MONOHYDRATE 100 MG,ORAL CAPSULE
728207,SCD,DOXYCYCLINE MONOHYDRATE 150 MG ORAL CAPSULE,,DOXYCYCLINE MONOHYDRATE 150 MG,ORAL CAPSULE
1650444,SCD,DOXYCYCLINE MONOHYDRATE 150 MG ORAL TABLET,,DOXYCYCLINE MONOHYDRATE 150 MG,ORAL TABLET
1650030,SCD,DOXYCYCLINE MONOHYDRATE 5 MG/ML ORAL SUSPENSION,,DOXYCYCLINE MONOHYDRATE 5 MG/ML,ORAL SUSPENSION
1652673,SCD,DOXYCYCLINE MONOHYDRATE 50 MG ORAL TABLET,,DOXYCYCLINE MONOHYDRATE 50 MG,ORAL TABLET
1649401,SCD,DOXYCYCLINE MONOHYDRATE 50 MG ORAL CAPSULE,,DOXYCYCLINE MONOHYDRATE 50 MG,ORAL CAPSULE
1649429,SCD,DOXYCYCLINE MONOHYDRATE 75 MG ORAL TABLET,,DOXYCYCLINE MONOHYDRATE 75 MG,ORAL TABLET
700408,SCD,DOXYCYCLINE MONOHYDRATE 75 MG ORAL CAPSULE,,DOXYCYCLINE MONOHYDRATE 75 MG,ORAL CAPSULE
1375948,SCD,DOXYLAMINE SUCCINATE 10 MG / PYRIDOXINE HYDROCHLORIDE 10 MG DELAYED RELEASE ORAL TABLET,,DOXYLAMINE SUCCINATE 10 MG / PYRIDOXINE HYDROCHLORIDE 10 MG,DELAYED RELEASE ORAL TABLET
1375954,SBD,DOXYLAMINE SUCCINATE 10 MG / PYRIDOXINE HYDROCHLORIDE 10 MG DELAYED RELEASE ORAL TABLET [DICLEGIS],DICLEGIS,DOXYLAMINE SUCCINATE 10 MG / PYRIDOXINE HYDROCHLORIDE 10 MG,DELAYED RELEASE ORAL TABLET
1999657,SBD,12 HR DOXYLAMINE SUCCINATE 20 MG / PYRIDOXINE HYDROCHLORIDE 20 MG EXTENDED RELEASE ORAL TABLET [BONJESTA],BONJESTA,DOXYLAMINE SUCCINATE 20 MG / PYRIDOXINE HYDROCHLORIDE 20 MG,EXTENDED RELEASE ORAL TABLET
197634,SCD,DRONABINOL 10 MG ORAL CAPSULE,,DRONABINOL 10 MG,ORAL CAPSULE
205641,SBD,DRONABINOL 2.5 MG ORAL CAPSULE [MARINOL],MARINOL,DRONABINOL 2.5 MG,ORAL CAPSULE
197635,SCD,DRONABINOL 2.5 MG ORAL CAPSULE,,DRONABINOL 2.5 MG,ORAL CAPSULE
197636,SCD,DRONABINOL 5 MG ORAL CAPSULE,,DRONABINOL 5 MG,ORAL CAPSULE
854859,SBD,DRONEDARONE 400 MG ORAL TABLET [MULTAQ],MULTAQ,DRONEDARONE 400 MG,ORAL TABLET
1483551,BPCK,{28 (DROSPIRENONE 0.25 MG / ESTRADIOL 0.5 MG ORAL TABLET) } PACK [ANGELIQ 0.25/0.5 28 DAY],ANGELIQ 0.25/0.5 28 DAY,DROSPIRENONE 0.25 MG / ESTRADIOL 0.5 MG,PACK
1483554,BPCK,{28 (DROSPIRENONE 0.5 MG / ESTRADIOL 1 MG ORAL TABLET) } PACK [ANGELIQ 0.5/1 28 DAY],ANGELIQ 0.5/1 28 DAY,DROSPIRENONE 0.5 MG / ESTRADIOL 1 MG,PACK
2539032,BPCK,{24 (DROSPIRENONE 3 MG / ESTETROL 14.2 MG ORAL TABLET) / 4 (INERT INGREDIENTS 1 MG ORAL TABLET) } PACK [NEXTSTELLIS 28 DAY],NEXTSTELLIS 28 DAY,DROSPIRENONE 3 MG / ESTETROL 14.2 MG / INERT INGREDIENTS 1 MG,PACK
2106997,BPCK,{24 (DROSPIRENONE 3 MG / ETHINYL ESTRADIOL 0.02 MG ORAL TABLET) / 4 (INERT INGREDIENTS 1 MG ORAL TABLET) } PACK [JASMIEL 28 DAY],JASMIEL 28 DAY,DROSPIRENONE 3 MG / ETHINYL ESTRADIOL 0.02 MG / INERT INGREDIENTS 1 MG,PACK
1099026,BPCK,{24 (DROSPIRENONE 3 MG / ETHINYL ESTRADIOL 0.02 MG ORAL TABLET) / 4 (INERT INGREDIENTS 1 MG ORAL TABLET) } PACK [LORYNA 28 DAY],LORYNA 28 DAY,DROSPIRENONE 3 MG / ETHINYL ESTRADIOL 0.02 MG / INERT INGREDIENTS 1 MG,PACK
1233850,BPCK,{24 (DROSPIRENONE 3 MG / ETHINYL ESTRADIOL 0.02 MG ORAL TABLET) / 4 (INERT INGREDIENTS 1 MG ORAL TABLET) } PACK [VESTURA],VESTURA,DROSPIRENONE 3 MG / ETHINYL ESTRADIOL 0.02 MG / INERT INGREDIENTS 1 MG,PACK
748856,BPCK,{24 (DROSPIRENONE 3 MG / ETHINYL ESTRADIOL 0.02 MG ORAL TABLET) / 4 (INERT INGREDIENTS 1 MG ORAL TABLET) } PACK [YAZ 28 DAY],YAZ 28 DAY,DROSPIRENONE 3 MG / ETHINYL ESTRADIOL 0.02 MG / INERT INGREDIENTS 1 MG,PACK
748798,GPCK,{24 (DROSPIRENONE 3 MG / ETHINYL ESTRADIOL 0.02 MG ORAL TABLET) / 4 (INERT INGREDIENTS 1 MG ORAL TABLET) } PACK,,DROSPIRENONE 3 MG / ETHINYL ESTRADIOL 0.02 MG / INERT INGREDIENTS 1 MG,PACK
1543553,BPCK,{24 (DROSPIRENONE 3 MG / ETHINYL ESTRADIOL 0.02 MG ORAL TABLET) / 4 (INERT INGREDIENTS 1 MG ORAL TABLET) } PACK [NIKKI 28 DAY],NIKKI 28 DAY,DROSPIRENONE 3 MG / ETHINYL ESTRADIOL 0.02 MG / INERT INGREDIENTS 1 MG,PACK
1013629,GPCK,{24 (DROSPIRENONE 3 MG / ETHINYL ESTRADIOL 0.02 MG / LEVOMEFOLATE CALCIUM 0.451 MG ORAL TABLET) / 4 (LEVOMEFOLATE CALCIUM 0.451 MG ORAL TABLET) } PACK,,DROSPIRENONE 3 MG / ETHINYL ESTRADIOL 0.02 MG / LEVOMEFOLATE CALCIUM 0.451 MG,PACK
1013630,BPCK,{24 (DROSPIRENONE 3 MG / ETHINYL ESTRADIOL 0.02 MG / LEVOMEFOLATE CALCIUM 0.451 MG ORAL TABLET) / 4 (LEVOMEFOLATE CALCIUM 0.451 MG ORAL TABLET) } PACK [BEYAZ 28 DAY],BEYAZ 28 DAY,DROSPIRENONE 3 MG / ETHINYL ESTRADIOL 0.02 MG / LEVOMEFOLATE CALCIUM 0.451 MG,PACK
1099269,BPCK,{21 (DROSPIRENONE 3 MG / ETHINYL ESTRADIOL 0.03 MG ORAL TABLET) / 7 (INERT INGREDIENTS 1 MG ORAL TABLET) } PACK [SYEDA 28 DAY],SYEDA 28 DAY,DROSPIRENONE 3 MG / ETHINYL ESTRADIOL 0.03 MG / INERT INGREDIENTS 1 MG,PACK
748800,GPCK,{21 (DROSPIRENONE 3 MG / ETHINYL ESTRADIOL 0.03 MG ORAL TABLET) / 7 (INERT INGREDIENTS 1 MG ORAL TABLET) } PACK,,DROSPIRENONE 3 MG / ETHINYL ESTRADIOL 0.03 MG / INERT INGREDIENTS 1 MG,PACK
748857,BPCK,{21 (DROSPIRENONE 3 MG / ETHINYL ESTRADIOL 0.03 MG ORAL TABLET) / 7 (INERT INGREDIENTS 1 MG ORAL TABLET) } PACK [YASMIN 28 DAY],YASMIN 28 DAY,DROSPIRENONE 3 MG / ETHINYL ESTRADIOL 0.03 MG / INERT INGREDIENTS 1 MG,PACK
1999724,BPCK,{21 (DROSPIRENONE 3 MG / ETHINYL ESTRADIOL 0.03 MG / LEVOMEFOLATE CALCIUM 0.451 MG ORAL TABLET) / 7 (LEVOMEFOLATE CALCIUM 0.451 MG ORAL TABLET) } PACK [TYDEMY 28 DAY],TYDEMY 28 DAY,DROSPIRENONE 3 MG / ETHINYL ESTRADIOL 0.03 MG / LEVOMEFOLATE CALCIUM 0.451 MG,PACK
1050494,BPCK,{21 (DROSPIRENONE 3 MG / ETHINYL ESTRADIOL 0.03 MG / LEVOMEFOLATE CALCIUM 0.451 MG ORAL TABLET) / 7 (LEVOMEFOLATE CALCIUM 0.451 MG ORAL TABLET) } PACK [SAFYRAL 28 DAY],SAFYRAL 28 DAY,DROSPIRENONE 3 MG / ETHINYL ESTRADIOL 0.03 MG / LEVOMEFOLATE CALCIUM 0.451 MG,PACK
2171002,BPCK,{24 (DROSPIRENONE 4 MG ORAL TABLET) / 4 (INERT INGREDIENTS 1 MG ORAL TABLET) } PACK [SLYND],SLYND,DROSPIRENONE 4 MG / INERT INGREDIENTS 1 MG,PACK
1490032,SBD,DROXIDOPA 100 MG ORAL CAPSULE [NORTHERA],NORTHERA,DROXIDOPA 100 MG,ORAL CAPSULE
1490026,SCD,DROXIDOPA 100 MG ORAL CAPSULE,,DROXIDOPA 100 MG,ORAL CAPSULE
1490036,SBD,DROXIDOPA 200 MG ORAL CAPSULE [NORTHERA],NORTHERA,DROXIDOPA 200 MG,ORAL CAPSULE
1490034,SCD,DROXIDOPA 200 MG ORAL CAPSULE,,DROXIDOPA 200 MG,ORAL CAPSULE
1490038,SCD,DROXIDOPA 300 MG ORAL CAPSULE,,DROXIDOPA 300 MG,ORAL CAPSULE
1490040,SBD,DROXIDOPA 300 MG ORAL CAPSULE [NORTHERA],NORTHERA,DROXIDOPA 300 MG,ORAL CAPSULE
1551300,SBD,0.5 ML DULAGLUTIDE 1.5 MG/ML AUTO-INJECTOR [TRULICITY],TRULICITY,DULAGLUTIDE 1.5 MG/ML,AUTO-INJECTOR
1551306,SBD,0.5 ML DULAGLUTIDE 3 MG/ML AUTO-INJECTOR [TRULICITY],TRULICITY,DULAGLUTIDE 3 MG/ML,AUTO-INJECTOR
2395779,SBD,0.5 ML DULAGLUTIDE 6 MG/ML AUTO-INJECTOR [TRULICITY],TRULICITY,DULAGLUTIDE 6 MG/ML,AUTO-INJECTOR
2395785,SBD,0.5 ML DULAGLUTIDE 9 MG/ML AUTO-INJECTOR [TRULICITY],TRULICITY,DULAGLUTIDE 9 MG/ML,AUTO-INJECTOR
2745869,SCD,DULOXETINE 120 MG DELAYED RELEASE ORAL CAPSULE,,DULOXETINE 120 MG,DELAYED RELEASE ORAL CAPSULE
596926,SCD,DULOXETINE 20 MG DELAYED RELEASE ORAL CAPSULE,,DULOXETINE 20 MG,DELAYED RELEASE ORAL CAPSULE
2200174,SBD,SPRINKLE DULOXETINE 20 MG DELAYED RELEASE ORAL CAPSULE [DRIZALMA],DRIZALMA,DULOXETINE 20 MG,DELAYED RELEASE ORAL CAPSULE
2200177,SBD,SPRINKLE DULOXETINE 30 MG DELAYED RELEASE ORAL CAPSULE [DRIZALMA],DRIZALMA,DULOXETINE 30 MG,DELAYED RELEASE ORAL CAPSULE
596930,SCD,DULOXETINE 30 MG DELAYED RELEASE ORAL CAPSULE,,DULOXETINE 30 MG,DELAYED RELEASE ORAL CAPSULE
2200180,SBD,SPRINKLE DULOXETINE 40 MG DELAYED RELEASE ORAL CAPSULE [DRIZALMA],DRIZALMA,DULOXETINE 40 MG,DELAYED RELEASE ORAL CAPSULE
616402,SCD,DULOXETINE 40 MG DELAYED RELEASE ORAL CAPSULE,,DULOXETINE 40 MG,DELAYED RELEASE ORAL CAPSULE
2200183,SBD,SPRINKLE DULOXETINE 60 MG DELAYED RELEASE ORAL CAPSULE [DRIZALMA],DRIZALMA,DULOXETINE 60 MG,DELAYED RELEASE ORAL CAPSULE
596934,SCD,DULOXETINE 60 MG DELAYED RELEASE ORAL CAPSULE,,DULOXETINE 60 MG,DELAYED RELEASE ORAL CAPSULE
2745865,SCD,DULOXETINE 80 MG DELAYED RELEASE ORAL CAPSULE,,DULOXETINE 80 MG,DELAYED RELEASE ORAL CAPSULE
2745867,SCD,DULOXETINE 90 MG DELAYED RELEASE ORAL CAPSULE,,DULOXETINE 90 MG,DELAYED RELEASE ORAL CAPSULE
1876406,SBD,2 ML DUPILUMAB 150 MG/ML PREFILLED SYRINGE [DUPIXENT],DUPIXENT,DUPILUMAB 150 MG/ML,PREFILLED SYRINGE
2375329,SBD,2 ML DUPILUMAB 150 MG/ML AUTO-INJECTOR [DUPIXENT],DUPIXENT,DUPILUMAB 150 MG/ML,AUTO-INJECTOR
2099302,SBD,1.14 ML DUPILUMAB 175 MG/ML PREFILLED SYRINGE [DUPIXENT],DUPIXENT,DUPILUMAB 175 MG/ML,PREFILLED SYRINGE
2559707,SBD,1.14 ML DUPILUMAB 175 MG/ML AUTO-INJECTOR [DUPIXENT],DUPIXENT,DUPILUMAB 175 MG/ML,AUTO-INJECTOR
351172,SCD,DUTASTERIDE 0.5 MG ORAL CAPSULE,,DUTASTERIDE 0.5 MG,ORAL CAPSULE
352118,SBD,DUTASTERIDE 0.5 MG ORAL CAPSULE [AVODART],AVODART,DUTASTERIDE 0.5 MG,ORAL CAPSULE
996097,SCD,DUTASTERIDE 0.5 MG / TAMSULOSIN HYDROCHLORIDE 0.4 MG ORAL CAPSULE,,DUTASTERIDE 0.5 MG / TAMSULOSIN HYDROCHLORIDE 0.4 MG,ORAL CAPSULE
996101,SBD,DUTASTERIDE 0.5 MG / TAMSULOSIN HYDROCHLORIDE 0.4 MG ORAL CAPSULE [JALYN],JALYN,DUTASTERIDE 0.5 MG / TAMSULOSIN HYDROCHLORIDE 0.4 MG,ORAL CAPSULE
2058520,SBD,DUVELISIB 15 MG ORAL CAPSULE [COPIKTRA],COPIKTRA,DUVELISIB 15 MG,ORAL CAPSULE
2058525,SBD,DUVELISIB 25 MG ORAL CAPSULE [COPIKTRA],COPIKTRA,DUVELISIB 25 MG,ORAL CAPSULE
205739,SBD,ECHOTHIOPHATE IODIDE 1.25 MG/ML OPHTHALMIC SOLUTION [PHOSPHOLINE IODIDE],PHOSPHOLINE IODIDE,ECHOTHIOPHATE IODIDE 1.25 MG/ML,OPHTHALMIC SOLUTION
1442585,SCD,ECONAZOLE NITRATE 10 MG/ML TOPICAL FOAM,,ECONAZOLE NITRATE 10 MG/ML,TOPICAL FOAM
857366,SCD,ECONAZOLE NITRATE 10 MG/ML TOPICAL CREAM,,ECONAZOLE NITRATE 10 MG/ML,TOPICAL CREAM
2602122,SBD,EDARAVONE 21 MG/ML ORAL SUSPENSION [RADICAVA],RADICAVA,EDARAVONE 21 MG/ML,ORAL SUSPENSION
1599549,SBD,EDOXABAN 15 MG ORAL TABLET [SAVAYSA],SAVAYSA,EDOXABAN 15 MG,ORAL TABLET
1599553,SBD,EDOXABAN 30 MG ORAL TABLET [SAVAYSA],SAVAYSA,EDOXABAN 30 MG,ORAL TABLET
1599557,SBD,EDOXABAN 60 MG ORAL TABLET [SAVAYSA],SAVAYSA,EDOXABAN 60 MG,ORAL TABLET
2001424,SCD,EFAVIRENZ 400 MG / LAMIVUDINE 300 MG / TENOFOVIR DISOPROXIL FUMARATE 300 MG ORAL TABLET,,EFAVIRENZ 400 MG / LAMIVUDINE 300 MG / TENOFOVIR DISOPROXIL FUMARATE 300 MG,ORAL TABLET
349477,SCD,EFAVIRENZ 600 MG ORAL TABLET,,EFAVIRENZ 600 MG,ORAL TABLET
643066,SCD,EFAVIRENZ 600 MG / EMTRICITABINE 200 MG / TENOFOVIR DISOPROXIL FUMARATE 300 MG ORAL TABLET,,EFAVIRENZ 600 MG / EMTRICITABINE 200 MG / TENOFOVIR DISOPROXIL FUMARATE 300 MG,ORAL TABLET
864661,SCD,EFAVIRENZ 600 MG / LAMIVUDINE 300 MG / TENOFOVIR DISOPROXIL FUMARATE 300 MG ORAL TABLET,,EFAVIRENZ 600 MG / LAMIVUDINE 300 MG / TENOFOVIR DISOPROXIL FUMARATE 300 MG,ORAL TABLET
2043464,SBD,EFAVIRENZ 600 MG / LAMIVUDINE 300 MG / TENOFOVIR DISOPROXIL FUMARATE 300 MG ORAL TABLET [SYMFI],SYMFI,EFAVIRENZ 600 MG / LAMIVUDINE 300 MG / TENOFOVIR DISOPROXIL FUMARATE 300 MG,ORAL TABLET
2712088,SBD,5 ML EFGARTIGIMOD ALFA-QVFC 200 MG/ML / HYALURONIDASE-QVFC 2000 UNT/ML PREFILLED SYRINGE [VYVGART HYTRULO],VYVGART HYTRULO,EFGARTIGIMOD ALFA-QVFC 200 MG/ML / HYALURONIDASE-QVFC 2000 UNT/ML,PREFILLED SYRINGE
1539762,SBD,EFINACONAZOLE 100 MG/ML TOPICAL SOLUTION [JUBLIA],JUBLIA,EFINACONAZOLE 100 MG/ML,TOPICAL SOLUTION
2612547,SBD,0.6 ML EFLAPEGRASTIM-XNST 22 MG/ML PREFILLED SYRINGE [ROLVEDON],ROLVEDON,EFLAPEGRASTIM-XNST 22 MG/ML,PREFILLED SYRINGE
2673205,SBD,EFLORNITHINE 192 MG ORAL TABLET [IWILFIN],IWILFIN,EFLORNITHINE 192 MG,ORAL TABLET
2628489,SBD,ELACESTRANT 345 MG ORAL TABLET [ORSERDU],ORSERDU,ELACESTRANT 345 MG,ORAL TABLET
2628484,SBD,ELACESTRANT 86 MG ORAL TABLET [ORSERDU],ORSERDU,ELACESTRANT 86 MG,ORAL TABLET
2684952,SBD,ELAFIBRANOR 80 MG ORAL TABLET [IQIRVO],IQIRVO,ELAFIBRANOR 80 MG,ORAL TABLET
2049858,SBD,ELAGOLIX 150 MG ORAL TABLET [ORILISSA],ORILISSA,ELAGOLIX 150 MG,ORAL TABLET
2049862,SBD,ELAGOLIX 200 MG ORAL TABLET [ORILISSA],ORILISSA,ELAGOLIX 200 MG,ORAL TABLET
2371768,BPCK,{28 (ELAGOLIX 300 MG / ESTRADIOL 1 MG / NORETHINDRONE 0.5 MG ORAL CAPSULE) / 28 (ELAGOLIX 300 MG ORAL CAPSULE) } PACK [ORIAHNN 28 DAY KIT],ORIAHNN 28 DAY KIT,ELAGOLIX 300 MG / ESTRADIOL 1 MG / NORETHINDRONE 0.5 MG,PACK
2725610,SBD,3.5 ML ELAMIPRETIDE 80 MG/ML INJECTION [FORZINITY],FORZINITY,ELAMIPRETIDE 80 MG/ML,INJECTION
2059228,SBD,1.5 ML ELAPEGADEMASE-LVLR 1.6 MG/ML INJECTION [REVCOVI],REVCOVI,ELAPEGADEMASE-LVLR 1.6 MG/ML,INJECTION
404443,SBD,ELETRIPTAN 20 MG ORAL TABLET [RELPAX],RELPAX,ELETRIPTAN 20 MG,ORAL TABLET
359493,SCD,ELETRIPTAN 20 MG ORAL TABLET,,ELETRIPTAN 20 MG,ORAL TABLET
359494,SCD,ELETRIPTAN 40 MG ORAL TABLET,,ELETRIPTAN 40 MG,ORAL TABLET
404444,SBD,ELETRIPTAN 40 MG ORAL TABLET [RELPAX],RELPAX,ELETRIPTAN 40 MG,ORAL TABLET
2257013,BPCK,{56 (ELEXACAFTOR 100 MG / IVACAFTOR 75 MG / TEZACAFTOR 50 MG ORAL TABLET) / 28 (IVACAFTOR 150 MG ORAL TABLET) } PACK [TRIKAFTA (100 MG / 50 MG / 75 MG; 150 MG)],TRIKAFTA (100 MG / 50 MG / 75 MG; 150 MG),ELEXACAFTOR 100 MG / IVACAFTOR 150 MG / IVACAFTOR 75 MG / TEZACAFTOR 50 MG,PACK
2635026,BPCK,{28 (ELEXACAFTOR 100 MG / IVACAFTOR 75 MG / TEZACAFTOR 50 MG ORAL GRANULES) / 28 (IVACAFTOR 75 MG ORAL GRANULES) } PACK [TRIKAFTA (100 MG / 50 MG / 75 MG; 75 MG) GRANULES],TRIKAFTA (100 MG / 50 MG / 75 MG; 75 MG) GRANULES,ELEXACAFTOR 100 MG / IVACAFTOR 75 MG / TEZACAFTOR 50 MG,PACK
2557216,BPCK,{56 (ELEXACAFTOR 50 MG / IVACAFTOR 37.5 MG / TEZACAFTOR 25 MG ORAL TABLET) / 28 (IVACAFTOR 75 MG ORAL TABLET) } PACK [TRIKAFTA (50 MG / 37.5 MG / 25 MG; 75 MG)],TRIKAFTA (50 MG / 37.5 MG / 25 MG; 75 MG),ELEXACAFTOR 50 MG / IVACAFTOR 37.5 MG / IVACAFTOR 75 MG / TEZACAFTOR 25 MG,PACK
2635022,BPCK,{28 (ELEXACAFTOR 80 MG / IVACAFTOR 60 MG / TEZACAFTOR 40 MG ORAL GRANULES) / 28 (IVACAFTOR 59.5 MG ORAL GRANULES) } PACK [TRIKAFTA (80 MG / 40 MG / 60 MG; 59.5 MG) GRANULES],TRIKAFTA (80 MG / 40 MG / 60 MG; 59.5 MG) GRANULES,ELEXACAFTOR 80 MG / IVACAFTOR 59.5 MG / IVACAFTOR 60 MG / TEZACAFTOR 40 MG,PACK
1547231,SBD,ELIGLUSTAT 84 MG ORAL CAPSULE [CERDELGA],CERDELGA,ELIGLUSTAT 84 MG,ORAL CAPSULE
2725522,SBD,ELINZANETANT 60 MG ORAL CAPSULE [LYNKUET],LYNKUET,ELINZANETANT 60 MG,ORAL CAPSULE
1245003,SBD,ELTROMBOPAG 12.5 MG ORAL TABLET [PROMACTA],PROMACTA,ELTROMBOPAG 12.5 MG,ORAL TABLET
2058981,SBD,ELTROMBOPAG 12.5 MG POWDER FOR ORAL SUSPENSION [PROMACTA],PROMACTA,ELTROMBOPAG 12.5 MG,POWDER FOR ORAL SUSPENSION
2058980,SCD,ELTROMBOPAG 12.5 MG POWDER FOR ORAL SUSPENSION,,ELTROMBOPAG 12.5 MG,POWDER FOR ORAL SUSPENSION
1245001,SCD,ELTROMBOPAG 12.5 MG ORAL TABLET,,ELTROMBOPAG 12.5 MG,ORAL TABLET
2675193,SBD,ELTROMBOPAG 18 MG ORAL TABLET [ALVAIZ],ALVAIZ,ELTROMBOPAG 18 MG,ORAL TABLET
825425,SBD,ELTROMBOPAG 25 MG ORAL TABLET [PROMACTA],PROMACTA,ELTROMBOPAG 25 MG,ORAL TABLET
825421,SCD,ELTROMBOPAG 25 MG ORAL TABLET,,ELTROMBOPAG 25 MG,ORAL TABLET
1859498,SCD,ELTROMBOPAG 25 MG POWDER FOR ORAL SUSPENSION,,ELTROMBOPAG 25 MG,POWDER FOR ORAL SUSPENSION
1859501,SBD,ELTROMBOPAG 25 MG POWDER FOR ORAL SUSPENSION [PROMACTA],PROMACTA,ELTROMBOPAG 25 MG,POWDER FOR ORAL SUSPENSION
2675197,SBD,ELTROMBOPAG 36 MG ORAL TABLET [ALVAIZ],ALVAIZ,ELTROMBOPAG 36 MG,ORAL TABLET
825429,SBD,ELTROMBOPAG 50 MG ORAL TABLET [PROMACTA],PROMACTA,ELTROMBOPAG 50 MG,ORAL TABLET
825427,SCD,ELTROMBOPAG 50 MG ORAL TABLET,,ELTROMBOPAG 50 MG,ORAL TABLET
2675201,SBD,ELTROMBOPAG 54 MG ORAL TABLET [ALVAIZ],ALVAIZ,ELTROMBOPAG 54 MG,ORAL TABLET
884619,SBD,ELTROMBOPAG 75 MG ORAL TABLET [PROMACTA],PROMACTA,ELTROMBOPAG 75 MG,ORAL TABLET
884617,SCD,ELTROMBOPAG 75 MG ORAL TABLET,,ELTROMBOPAG 75 MG,ORAL TABLET
2675205,SBD,ELTROMBOPAG 9 MG ORAL TABLET [ALVAIZ],ALVAIZ,ELTROMBOPAG 9 MG,ORAL TABLET
1719766,SBD,ELUXADOLINE 100 MG ORAL TABLET [VIBERZI],VIBERZI,ELUXADOLINE 100 MG,ORAL TABLET
1653792,SBD,ELUXADOLINE 75 MG ORAL TABLET [VIBERZI],VIBERZI,ELUXADOLINE 75 MG,ORAL TABLET
1545664,SBD,EMPAGLIFLOZIN 10 MG ORAL TABLET [JARDIANCE],JARDIANCE,EMPAGLIFLOZIN 10 MG,ORAL TABLET
1602115,SBD,EMPAGLIFLOZIN 10 MG / LINAGLIPTIN 5 MG ORAL TABLET [GLYXAMBI],GLYXAMBI,EMPAGLIFLOZIN 10 MG / LINAGLIPTIN 5 MG,ORAL TABLET
2359285,SBD,24 HR EMPAGLIFLOZIN 10 MG / LINAGLIPTIN 5 MG / METFORMIN HYDROCHLORIDE 1000 MG EXTENDED RELEASE ORAL TABLET [TRIJARDY],TRIJARDY,EMPAGLIFLOZIN 10 MG / LINAGLIPTIN 5 MG / METFORMIN HYDROCHLORIDE 1000 MG,EXTENDED RELEASE ORAL TABLET
1862688,SBD,24 HR EMPAGLIFLOZIN 10 MG / METFORMIN HYDROCHLORIDE 1000 MG EXTENDED RELEASE ORAL TABLET [SYNJARDY],SYNJARDY,EMPAGLIFLOZIN 10 MG / METFORMIN HYDROCHLORIDE 1000 MG,EXTENDED RELEASE ORAL TABLET
2359290,SBD,24 HR EMPAGLIFLOZIN 12.5 MG / LINAGLIPTIN 2.5 MG / METFORMIN HYDROCHLORIDE 1000 MG EXTENDED RELEASE ORAL TABLET [TRIJARDY],TRIJARDY,EMPAGLIFLOZIN 12.5 MG / LINAGLIPTIN 2.5 MG / METFORMIN HYDROCHLORIDE 1000 MG,EXTENDED RELEASE ORAL TABLET
1862692,SBD,24 HR EMPAGLIFLOZIN 12.5 MG / METFORMIN HYDROCHLORIDE 1000 MG EXTENDED RELEASE ORAL TABLET [SYNJARDY],SYNJARDY,EMPAGLIFLOZIN 12.5 MG / METFORMIN HYDROCHLORIDE 1000 MG,EXTENDED RELEASE ORAL TABLET
1665369,SBD,EMPAGLIFLOZIN 12.5 MG / METFORMIN HYDROCHLORIDE 1000 MG ORAL TABLET [SYNJARDY],SYNJARDY,EMPAGLIFLOZIN 12.5 MG / METFORMIN HYDROCHLORIDE 1000 MG,ORAL TABLET
1664325,SBD,EMPAGLIFLOZIN 12.5 MG / METFORMIN HYDROCHLORIDE 500 MG ORAL TABLET [SYNJARDY],SYNJARDY,EMPAGLIFLOZIN 12.5 MG / METFORMIN HYDROCHLORIDE 500 MG,ORAL TABLET
1545668,SBD,EMPAGLIFLOZIN 25 MG ORAL TABLET [JARDIANCE],JARDIANCE,EMPAGLIFLOZIN 25 MG,ORAL TABLET
1602120,SBD,EMPAGLIFLOZIN 25 MG / LINAGLIPTIN 5 MG ORAL TABLET [GLYXAMBI],GLYXAMBI,EMPAGLIFLOZIN 25 MG / LINAGLIPTIN 5 MG,ORAL TABLET
2359353,SBD,24 HR EMPAGLIFLOZIN 25 MG / LINAGLIPTIN 5 MG / METFORMIN HYDROCHLORIDE 1000 MG EXTENDED RELEASE ORAL TABLET [TRIJARDY],TRIJARDY,EMPAGLIFLOZIN 25 MG / LINAGLIPTIN 5 MG / METFORMIN HYDROCHLORIDE 1000 MG,EXTENDED RELEASE ORAL TABLET
1862697,SBD,24 HR EMPAGLIFLOZIN 25 MG / METFORMIN HYDROCHLORIDE 1000 MG EXTENDED RELEASE ORAL TABLET [SYNJARDY],SYNJARDY,EMPAGLIFLOZIN 25 MG / METFORMIN HYDROCHLORIDE 1000 MG,EXTENDED RELEASE ORAL TABLET
2359358,SBD,24 HR EMPAGLIFLOZIN 5 MG / LINAGLIPTIN 2.5 MG / METFORMIN HYDROCHLORIDE 1000 MG EXTENDED RELEASE ORAL TABLET [TRIJARDY],TRIJARDY,EMPAGLIFLOZIN 5 MG / LINAGLIPTIN 2.5 MG / METFORMIN HYDROCHLORIDE 1000 MG,EXTENDED RELEASE ORAL TABLET
1664328,SBD,EMPAGLIFLOZIN 5 MG / METFORMIN HYDROCHLORIDE 1000 MG ORAL TABLET [SYNJARDY],SYNJARDY,EMPAGLIFLOZIN 5 MG / METFORMIN HYDROCHLORIDE 1000 MG,ORAL TABLET
1862701,SBD,24 HR EMPAGLIFLOZIN 5 MG / METFORMIN HYDROCHLORIDE 1000 MG EXTENDED RELEASE ORAL TABLET [SYNJARDY],SYNJARDY,EMPAGLIFLOZIN 5 MG / METFORMIN HYDROCHLORIDE 1000 MG,EXTENDED RELEASE ORAL TABLET
1664321,SBD,EMPAGLIFLOZIN 5 MG / METFORMIN HYDROCHLORIDE 500 MG ORAL TABLET [SYNJARDY],SYNJARDY,EMPAGLIFLOZIN 5 MG / METFORMIN HYDROCHLORIDE 500 MG,ORAL TABLET
616148,SBD,EMTRICITABINE 10 MG/ML ORAL SOLUTION [EMTRIVA],EMTRIVA,EMTRICITABINE 10 MG/ML,ORAL SOLUTION
1744003,SBD,EMTRICITABINE 100 MG / TENOFOVIR DISOPROXIL FUMARATE 150 MG ORAL TABLET [TRUVADA],TRUVADA,EMTRICITABINE 100 MG / TENOFOVIR DISOPROXIL FUMARATE 150 MG,ORAL TABLET
1744001,SCD,EMTRICITABINE 100 MG / TENOFOVIR DISOPROXIL FUMARATE 150 MG ORAL TABLET,,EMTRICITABINE 100 MG / TENOFOVIR DISOPROXIL FUMARATE 150 MG,ORAL TABLET
2590643,SBD,EMTRICITABINE 120 MG / TENOFOVIR ALAFENAMIDE 15 MG ORAL TABLET [DESCOVY],DESCOVY,EMTRICITABINE 120 MG / TENOFOVIR ALAFENAMIDE 15 MG,ORAL TABLET
1744005,SCD,EMTRICITABINE 133 MG / TENOFOVIR DISOPROXIL FUMARATE 200 MG ORAL TABLET,,EMTRICITABINE 133 MG / TENOFOVIR DISOPROXIL FUMARATE 200 MG,ORAL TABLET
1744007,SBD,EMTRICITABINE 133 MG / TENOFOVIR DISOPROXIL FUMARATE 200 MG ORAL TABLET [TRUVADA],TRUVADA,EMTRICITABINE 133 MG / TENOFOVIR DISOPROXIL FUMARATE 200 MG,ORAL TABLET
1744011,SBD,EMTRICITABINE 167 MG / TENOFOVIR DISOPROXIL FUMARATE 250 MG ORAL TABLET [TRUVADA],TRUVADA,EMTRICITABINE 167 MG / TENOFOVIR DISOPROXIL FUMARATE 250 MG,ORAL TABLET
1744009,SCD,EMTRICITABINE 167 MG / TENOFOVIR DISOPROXIL FUMARATE 250 MG ORAL TABLET,,EMTRICITABINE 167 MG / TENOFOVIR DISOPROXIL FUMARATE 250 MG,ORAL TABLET
403875,SCD,EMTRICITABINE 200 MG ORAL CAPSULE,,EMTRICITABINE 200 MG,ORAL CAPSULE
404587,SBD,EMTRICITABINE 200 MG ORAL CAPSULE [EMTRIVA],EMTRIVA,EMTRICITABINE 200 MG,ORAL CAPSULE
1741739,SBD,EMTRICITABINE 200 MG / RILPIVIRINE 25 MG / TENOFOVIR ALAFENAMIDE 25 MG ORAL TABLET [ODEFSEY],ODEFSEY,EMTRICITABINE 200 MG / RILPIVIRINE 25 MG / TENOFOVIR ALAFENAMIDE 25 MG,ORAL TABLET
1147337,SBD,EMTRICITABINE 200 MG / RILPIVIRINE 25 MG / TENOFOVIR DISOPROXIL FUMARATE 300 MG ORAL TABLET [COMPLERA],COMPLERA,EMTRICITABINE 200 MG / RILPIVIRINE 25 MG / TENOFOVIR DISOPROXIL FUMARATE 300 MG,ORAL TABLET
1147334,SCD,EMTRICITABINE 200 MG / RILPIVIRINE 25 MG / TENOFOVIR DISOPROXIL FUMARATE 300 MG ORAL TABLET,,EMTRICITABINE 200 MG / RILPIVIRINE 25 MG / TENOFOVIR DISOPROXIL FUMARATE 300 MG,ORAL TABLET
1747697,SBD,EMTRICITABINE 200 MG / TENOFOVIR ALAFENAMIDE 25 MG ORAL TABLET [DESCOVY],DESCOVY,EMTRICITABINE 200 MG / TENOFOVIR ALAFENAMIDE 25 MG,ORAL TABLET
639888,SBD,EMTRICITABINE 200 MG / TENOFOVIR DISOPROXIL FUMARATE 300 MG ORAL TABLET [TRUVADA],TRUVADA,EMTRICITABINE 200 MG / TENOFOVIR DISOPROXIL FUMARATE 300 MG,ORAL TABLET
476556,SCD,EMTRICITABINE 200 MG / TENOFOVIR DISOPROXIL FUMARATE 300 MG ORAL TABLET,,EMTRICITABINE 200 MG / TENOFOVIR DISOPROXIL FUMARATE 300 MG,ORAL TABLET
1435624,SCD,ENALAPRIL MALEATE 1 MG/ML ORAL SOLUTION,,ENALAPRIL MALEATE 1 MG/ML,ORAL SOLUTION
858817,SCD,ENALAPRIL MALEATE 10 MG ORAL TABLET,,ENALAPRIL MALEATE 10 MG,ORAL TABLET
858819,SBD,ENALAPRIL MALEATE 10 MG ORAL TABLET [VASOTEC],VASOTEC,ENALAPRIL MALEATE 10 MG,ORAL TABLET
858828,SCD,ENALAPRIL MALEATE 10 MG / HYDROCHLOROTHIAZIDE 25 MG ORAL TABLET,,ENALAPRIL MALEATE 10 MG / HYDROCHLOROTHIAZIDE 25 MG,ORAL TABLET
858830,SBD,ENALAPRIL MALEATE 10 MG / HYDROCHLOROTHIAZIDE 25 MG ORAL TABLET [VASERETIC],VASERETIC,ENALAPRIL MALEATE 10 MG / HYDROCHLOROTHIAZIDE 25 MG,ORAL TABLET
858806,SBD,ENALAPRIL MALEATE 2.5 MG ORAL TABLET [VASOTEC],VASOTEC,ENALAPRIL MALEATE 2.5 MG,ORAL TABLET
858804,SCD,ENALAPRIL MALEATE 2.5 MG ORAL TABLET,,ENALAPRIL MALEATE 2.5 MG,ORAL TABLET
858810,SCD,ENALAPRIL MALEATE 20 MG ORAL TABLET,,ENALAPRIL MALEATE 20 MG,ORAL TABLET
858812,SBD,ENALAPRIL MALEATE 20 MG ORAL TABLET [VASOTEC],VASOTEC,ENALAPRIL MALEATE 20 MG,ORAL TABLET
858815,SBD,ENALAPRIL MALEATE 5 MG ORAL TABLET [VASOTEC],VASOTEC,ENALAPRIL MALEATE 5 MG,ORAL TABLET
858813,SCD,ENALAPRIL MALEATE 5 MG ORAL TABLET,,ENALAPRIL MALEATE 5 MG,ORAL TABLET
858824,SCD,ENALAPRIL MALEATE 5 MG / HYDROCHLOROTHIAZIDE 12.5 MG ORAL TABLET,,ENALAPRIL MALEATE 5 MG / HYDROCHLOROTHIAZIDE 12.5 MG,ORAL TABLET
1940372,SBD,ENASIDENIB 100 MG ORAL TABLET [IDHIFA],IDHIFA,ENASIDENIB 100 MG,ORAL TABLET
1940376,SBD,ENASIDENIB 50 MG ORAL TABLET [IDHIFA],IDHIFA,ENASIDENIB 50 MG,ORAL TABLET
2049121,SBD,ENCORAFENIB 75 MG ORAL CAPSULE [BRAFTOVI],BRAFTOVI,ENCORAFENIB 75 MG,ORAL CAPSULE
854249,SBD,1 ML ENOXAPARIN SODIUM 100 MG/ML PREFILLED SYRINGE [LOVENOX],LOVENOX,ENOXAPARIN SODIUM 100 MG/ML,PREFILLED SYRINGE
854248,SCD,1 ML ENOXAPARIN SODIUM 100 MG/ML PREFILLED SYRINGE,,ENOXAPARIN SODIUM 100 MG/ML,PREFILLED SYRINGE
854228,SCD,0.3 ML ENOXAPARIN SODIUM 100 MG/ML PREFILLED SYRINGE,,ENOXAPARIN SODIUM 100 MG/ML,PREFILLED SYRINGE
854232,SBD,0.3 ML ENOXAPARIN SODIUM 100 MG/ML PREFILLED SYRINGE [LOVENOX],LOVENOX,ENOXAPARIN SODIUM 100 MG/ML,PREFILLED SYRINGE
854235,SCD,0.4 ML ENOXAPARIN SODIUM 100 MG/ML PREFILLED SYRINGE,,ENOXAPARIN SODIUM 100 MG/ML,PREFILLED SYRINGE
854236,SBD,0.4 ML ENOXAPARIN SODIUM 100 MG/ML PREFILLED SYRINGE [LOVENOX],LOVENOX,ENOXAPARIN SODIUM 100 MG/ML,PREFILLED SYRINGE
854238,SCD,0.6 ML ENOXAPARIN SODIUM 100 MG/ML PREFILLED SYRINGE,,ENOXAPARIN SODIUM 100 MG/ML,PREFILLED SYRINGE
854239,SBD,0.6 ML ENOXAPARIN SODIUM 100 MG/ML PREFILLED SYRINGE [LOVENOX],LOVENOX,ENOXAPARIN SODIUM 100 MG/ML,PREFILLED SYRINGE
854241,SCD,0.8 ML ENOXAPARIN SODIUM 100 MG/ML PREFILLED SYRINGE,,ENOXAPARIN SODIUM 100 MG/ML,PREFILLED SYRINGE
854242,SBD,0.8 ML ENOXAPARIN SODIUM 100 MG/ML PREFILLED SYRINGE [LOVENOX],LOVENOX,ENOXAPARIN SODIUM 100 MG/ML,PREFILLED SYRINGE
854252,SCD,1 ML ENOXAPARIN SODIUM 150 MG/ML PREFILLED SYRINGE,,ENOXAPARIN SODIUM 150 MG/ML,PREFILLED SYRINGE
854253,SBD,1 ML ENOXAPARIN SODIUM 150 MG/ML PREFILLED SYRINGE [LOVENOX],LOVENOX,ENOXAPARIN SODIUM 150 MG/ML,PREFILLED SYRINGE
854247,SBD,0.8 ML ENOXAPARIN SODIUM 150 MG/ML PREFILLED SYRINGE [LOVENOX],LOVENOX,ENOXAPARIN SODIUM 150 MG/ML,PREFILLED SYRINGE
854245,SCD,0.8 ML ENOXAPARIN SODIUM 150 MG/ML PREFILLED SYRINGE,,ENOXAPARIN SODIUM 150 MG/ML,PREFILLED SYRINGE
2712640,SBD,ENSARTINIB 100 MG ORAL CAPSULE [ENSACOVE],ENSACOVE,ENSARTINIB 100 MG,ORAL CAPSULE
2712644,SBD,ENSARTINIB 25 MG ORAL CAPSULE [ENSACOVE],ENSACOVE,ENSARTINIB 25 MG,ORAL CAPSULE
2687226,SBD,ENSIFENTRINE 1.2 MG/ML INHALATION SUSPENSION [OHTUVAYRE],OHTUVAYRE,ENSIFENTRINE 1.2 MG/ML,INHALATION SUSPENSION
317094,SCD,ENTACAPONE 200 MG ORAL TABLET,,ENTACAPONE 200 MG,ORAL TABLET
607579,SBD,ENTECAVIR 0.05 MG/ML ORAL SOLUTION [BARACLUDE],BARACLUDE,ENTECAVIR 0.05 MG/ML,ORAL SOLUTION
578457,SBD,ENTECAVIR 0.5 MG ORAL TABLET [BARACLUDE],BARACLUDE,ENTECAVIR 0.5 MG,ORAL TABLET
485434,SCD,ENTECAVIR 0.5 MG ORAL TABLET,,ENTECAVIR 0.5 MG,ORAL TABLET
578459,SBD,ENTECAVIR 1 MG ORAL TABLET [BARACLUDE],BARACLUDE,ENTECAVIR 1 MG,ORAL TABLET
485436,SCD,ENTECAVIR 1 MG ORAL TABLET,,ENTECAVIR 1 MG,ORAL TABLET
2197873,SBD,ENTRECTINIB 100 MG ORAL CAPSULE [ROZLYTREK],ROZLYTREK,ENTRECTINIB 100 MG,ORAL CAPSULE
2197877,SBD,ENTRECTINIB 200 MG ORAL CAPSULE [ROZLYTREK],ROZLYTREK,ENTRECTINIB 200 MG,ORAL CAPSULE
2668599,SBD,ENTRECTINIB 50 MG ORAL PELLET [ROZLYTREK],ROZLYTREK,ENTRECTINIB 50 MG,ORAL PELLET
2390646,SBD,ENZALUTAMIDE 40 MG ORAL TABLET [XTANDI],XTANDI,ENZALUTAMIDE 40 MG,ORAL TABLET
1307309,SBD,ENZALUTAMIDE 40 MG ORAL CAPSULE [XTANDI],XTANDI,ENZALUTAMIDE 40 MG,ORAL CAPSULE
2390650,SBD,ENZALUTAMIDE 80 MG ORAL TABLET [XTANDI],XTANDI,ENZALUTAMIDE 80 MG,ORAL TABLET
860654,SCD,EPINASTINE HYDROCHLORIDE 0.5 MG/ML OPHTHALMIC SOLUTION,,EPINASTINE HYDROCHLORIDE 0.5 MG/ML,OPHTHALMIC SOLUTION
727386,SBD,NDA019430 0.3 ML EPINEPHRINE 0.5 MG/ML AUTO-INJECTOR [EPIPEN],EPIPEN,EPINEPHRINE 0.5 MG/ML,AUTO-INJECTOR
727316,SCD,NDA019430 0.3 ML EPINEPHRINE 0.5 MG/ML AUTO-INJECTOR,,EPINEPHRINE 0.5 MG/ML,AUTO-INJECTOR
1305269,SBD,NDA201739 0.3 ML EPINEPHRINE 1 MG/ML AUTO-INJECTOR [AUVI-Q],AUVI-Q,EPINEPHRINE 1 MG/ML,AUTO-INJECTOR
1305268,SBD,NDA201739 0.15 ML EPINEPHRINE 1 MG/ML AUTO-INJECTOR [AUVI-Q],AUVI-Q,EPINEPHRINE 1 MG/ML,AUTO-INJECTOR
1870230,SCD,NDA020800 0.3 ML EPINEPHRINE 1 MG/ML AUTO-INJECTOR,,EPINEPHRINE 1 MG/ML,AUTO-INJECTOR
1870207,SCD,NDA019430 0.3 ML EPINEPHRINE 1 MG/ML AUTO-INJECTOR,,EPINEPHRINE 1 MG/ML,AUTO-INJECTOR
1870225,SCD,NDA020800 0.15 ML EPINEPHRINE 1 MG/ML AUTO-INJECTOR,,EPINEPHRINE 1 MG/ML,AUTO-INJECTOR
1991329,SBD,NDA201739 0.1 ML EPINEPHRINE 1 MG/ML AUTO-INJECTOR [AUVI-Q],AUVI-Q,EPINEPHRINE 1 MG/ML,AUTO-INJECTOR
727347,SBD,NDA019430 0.3 ML EPINEPHRINE 1 MG/ML AUTO-INJECTOR [EPIPEN],EPIPEN,EPINEPHRINE 1 MG/ML,AUTO-INJECTOR
2709209,SBD,EPINEPHRINE 10 MG/ML NASAL SPRAY [NEFFY],NEFFY,EPINEPHRINE 10 MG/ML,NASAL SPRAY
2693448,SBD,EPINEPHRINE 20 MG/ML NASAL SPRAY [NEFFY],NEFFY,EPINEPHRINE 20 MG/ML,NASAL SPRAY
351256,SCD,EPLERENONE 25 MG ORAL TABLET,,EPLERENONE 25 MG,ORAL TABLET
351257,SCD,EPLERENONE 50 MG ORAL TABLET,,EPLERENONE 50 MG,ORAL TABLET
2671950,SBD,0.8 ML EPLONTERSEN 56.3 MG/ML AUTO-INJECTOR [WAINUA],WAINUA,EPLONTERSEN 56.3 MG/ML,AUTO-INJECTOR
1721690,SBD,1 ML EPOETIN ALFA 10000 UNT/ML INJECTION [PROCRIT],PROCRIT,EPOETIN ALFA 10000 UNT/ML,INJECTION
205912,SBD,EPOETIN ALFA 10000 UNT/ML INJECTABLE SOLUTION [EPOGEN],EPOGEN,EPOETIN ALFA 10000 UNT/ML,INJECTABLE SOLUTION
205917,SBD,1 ML EPOETIN ALFA 2000 UNT/ML INJECTION [EPOGEN],EPOGEN,EPOETIN ALFA 2000 UNT/ML,INJECTION
205918,SBD,1 ML EPOETIN ALFA 2000 UNT/ML INJECTION [PROCRIT],PROCRIT,EPOETIN ALFA 2000 UNT/ML,INJECTION
212218,SBD,EPOETIN ALFA 20000 UNT/ML INJECTABLE SOLUTION [EPOGEN],EPOGEN,EPOETIN ALFA 20000 UNT/ML,INJECTABLE SOLUTION
212219,SBD,EPOETIN ALFA 20000 UNT/ML INJECTABLE SOLUTION [PROCRIT],PROCRIT,EPOETIN ALFA 20000 UNT/ML,INJECTABLE SOLUTION
205921,SBD,1 ML EPOETIN ALFA 3000 UNT/ML INJECTION [EPOGEN],EPOGEN,EPOETIN ALFA 3000 UNT/ML,INJECTION
205922,SBD,1 ML EPOETIN ALFA 3000 UNT/ML INJECTION [PROCRIT],PROCRIT,EPOETIN ALFA 3000 UNT/ML,INJECTION
205924,SBD,1 ML EPOETIN ALFA 4000 UNT/ML INJECTION [PROCRIT],PROCRIT,EPOETIN ALFA 4000 UNT/ML,INJECTION
205923,SBD,1 ML EPOETIN ALFA 4000 UNT/ML INJECTION [EPOGEN],EPOGEN,EPOETIN ALFA 4000 UNT/ML,INJECTION
213475,SBD,1 ML EPOETIN ALFA 40000 UNT/ML INJECTION [PROCRIT],PROCRIT,EPOETIN ALFA 40000 UNT/ML,INJECTION
2047596,SBD,1 ML EPOETIN ALFA-EPBX 10000 UNT/ML INJECTION [RETACRIT],RETACRIT,EPOETIN ALFA-EPBX 10000 UNT/ML,INJECTION
2463733,SBD,EPOETIN ALFA-EPBX 10000 UNT/ML INJECTABLE SOLUTION [RETACRIT],RETACRIT,EPOETIN ALFA-EPBX 10000 UNT/ML,INJECTABLE SOLUTION
2047602,SBD,1 ML EPOETIN ALFA-EPBX 2000 UNT/ML INJECTION [RETACRIT],RETACRIT,EPOETIN ALFA-EPBX 2000 UNT/ML,INJECTION
2463737,SBD,EPOETIN ALFA-EPBX 20000 UNT/ML INJECTABLE SOLUTION [RETACRIT],RETACRIT,EPOETIN ALFA-EPBX 20000 UNT/ML,INJECTABLE SOLUTION
2047608,SBD,1 ML EPOETIN ALFA-EPBX 3000 UNT/ML INJECTION [RETACRIT],RETACRIT,EPOETIN ALFA-EPBX 3000 UNT/ML,INJECTION
2047614,SBD,1 ML EPOETIN ALFA-EPBX 4000 UNT/ML INJECTION [RETACRIT],RETACRIT,EPOETIN ALFA-EPBX 4000 UNT/ML,INJECTION
2047623,SBD,1 ML EPOETIN ALFA-EPBX 40000 UNT/ML INJECTION [RETACRIT],RETACRIT,EPOETIN ALFA-EPBX 40000 UNT/ML,INJECTION
2123137,SBD,ERDAFITINIB 3 MG ORAL TABLET [BALVERSA],BALVERSA,ERDAFITINIB 3 MG,ORAL TABLET
2123141,SBD,ERDAFITINIB 4 MG ORAL TABLET [BALVERSA],BALVERSA,ERDAFITINIB 4 MG,ORAL TABLET
2123145,SBD,ERDAFITINIB 5 MG ORAL TABLET [BALVERSA],BALVERSA,ERDAFITINIB 5 MG,ORAL TABLET
2120195,SBD,1 ML ERENUMAB-AOOE 140 MG/ML AUTO-INJECTOR [AIMOVIG],AIMOVIG,ERENUMAB-AOOE 140 MG/ML,AUTO-INJECTOR
2045638,SBD,1 ML ERENUMAB-AOOE 70 MG/ML AUTO-INJECTOR [AIMOVIG],AIMOVIG,ERENUMAB-AOOE 70 MG/ML,AUTO-INJECTOR
1293864,SBD,ERGOTAMINE TARTRATE 2 MG SUBLINGUAL TABLET [ERGOMAR],ERGOMAR,ERGOTAMINE TARTRATE 2 MG,SUBLINGUAL TABLET
603203,SCD,ERLOTINIB 100 MG ORAL TABLET,,ERLOTINIB 100 MG,ORAL TABLET
603206,SCD,ERLOTINIB 150 MG ORAL TABLET,,ERLOTINIB 150 MG,ORAL TABLET
603208,SCD,ERLOTINIB 25 MG ORAL TABLET,,ERLOTINIB 25 MG,ORAL TABLET
1734683,SCD,ERTAPENEM 1000 MG INJECTION,,ERTAPENEM 1000 MG,INJECTION
1992821,SBD,ERTUGLIFLOZIN 15 MG ORAL TABLET [STEGLATRO],STEGLATRO,ERTUGLIFLOZIN 15 MG,ORAL TABLET
1992832,SBD,ERTUGLIFLOZIN 15 MG / SITAGLIPTIN 100 MG ORAL TABLET [STEGLUJAN],STEGLUJAN,ERTUGLIFLOZIN 15 MG / SITAGLIPTIN 100 MG,ORAL TABLET
1992691,SBD,ERTUGLIFLOZIN 2.5 MG / METFORMIN HYDROCHLORIDE 1000 MG ORAL TABLET [SEGLUROMET],SEGLUROMET,ERTUGLIFLOZIN 2.5 MG / METFORMIN HYDROCHLORIDE 1000 MG,ORAL TABLET
1992695,SBD,ERTUGLIFLOZIN 2.5 MG / METFORMIN HYDROCHLORIDE 500 MG ORAL TABLET [SEGLUROMET],SEGLUROMET,ERTUGLIFLOZIN 2.5 MG / METFORMIN HYDROCHLORIDE 500 MG,ORAL TABLET
1992816,SBD,ERTUGLIFLOZIN 5 MG ORAL TABLET [STEGLATRO],STEGLATRO,ERTUGLIFLOZIN 5 MG,ORAL TABLET
1992837,SBD,ERTUGLIFLOZIN 5 MG / SITAGLIPTIN 100 MG ORAL TABLET [STEGLUJAN],STEGLUJAN,ERTUGLIFLOZIN 5 MG / SITAGLIPTIN 100 MG,ORAL TABLET
1992700,SBD,ERTUGLIFLOZIN 7.5 MG / METFORMIN HYDROCHLORIDE 1000 MG ORAL TABLET [SEGLUROMET],SEGLUROMET,ERTUGLIFLOZIN 7.5 MG / METFORMIN HYDROCHLORIDE 1000 MG,ORAL TABLET
1992703,SBD,ERTUGLIFLOZIN 7.5 MG / METFORMIN HYDROCHLORIDE 500 MG ORAL TABLET [SEGLUROMET],SEGLUROMET,ERTUGLIFLOZIN 7.5 MG / METFORMIN HYDROCHLORIDE 500 MG,ORAL TABLET
310149,SCD,ERYTHROMYCIN 0.005 MG/MG OPHTHALMIC OINTMENT,,ERYTHROMYCIN 0.005 MG/MG,OPHTHALMIC OINTMENT
310152,SCD,ERYTHROMYCIN 0.02 MG/MG TOPICAL GEL,,ERYTHROMYCIN 0.02 MG/MG,TOPICAL GEL
798133,SBD,ERYTHROMYCIN 20 MG/ML MEDICATED PAD [ERY],ERY,ERYTHROMYCIN 20 MG/ML,MEDICATED PAD
318202,SCD,ERYTHROMYCIN 20 MG/ML TOPICAL SOLUTION,,ERYTHROMYCIN 20 MG/ML,TOPICAL SOLUTION
598006,SCD,ERYTHROMYCIN 250 MG ORAL TABLET,,ERYTHROMYCIN 250 MG,ORAL TABLET
310154,SCD,ERYTHROMYCIN 250 MG DELAYED RELEASE ORAL CAPSULE,,ERYTHROMYCIN 250 MG,DELAYED RELEASE ORAL CAPSULE
310155,SCD,ERYTHROMYCIN 250 MG DELAYED RELEASE ORAL TABLET,,ERYTHROMYCIN 250 MG,DELAYED RELEASE ORAL TABLET
315090,SCD,ERYTHROMYCIN 333 MG DELAYED RELEASE ORAL TABLET,,ERYTHROMYCIN 333 MG,DELAYED RELEASE ORAL TABLET
197650,SCD,ERYTHROMYCIN 500 MG ORAL TABLET,,ERYTHROMYCIN 500 MG,ORAL TABLET
310157,SCD,ERYTHROMYCIN 500 MG DELAYED RELEASE ORAL TABLET,,ERYTHROMYCIN 500 MG,DELAYED RELEASE ORAL TABLET
686400,SCD,ERYTHROMYCIN ETHYLSUCCINATE 40 MG/ML ORAL SUSPENSION,,ERYTHROMYCIN ETHYLSUCCINATE 40 MG/ML,ORAL SUSPENSION
863606,SBD,ERYTHROMYCIN ETHYLSUCCINATE 400 MG ORAL TABLET [E.E.S.],E.E.S.,ERYTHROMYCIN ETHYLSUCCINATE 400 MG,ORAL TABLET
686418,SCD,ERYTHROMYCIN ETHYLSUCCINATE 80 MG/ML ORAL SUSPENSION,,ERYTHROMYCIN ETHYLSUCCINATE 80 MG/ML,ORAL SUSPENSION
1668267,SBD,ERYTHROMYCIN LACTOBIONATE 500 MG INJECTION [ERYTHROCIN],ERYTHROCIN,ERYTHROMYCIN LACTOBIONATE 500 MG,INJECTION
351285,SCD,ESCITALOPRAM 1 MG/ML ORAL SOLUTION,,ESCITALOPRAM 1 MG/ML,ORAL SOLUTION
349332,SCD,ESCITALOPRAM 10 MG ORAL TABLET,,ESCITALOPRAM 10 MG,ORAL TABLET
352272,SBD,ESCITALOPRAM 10 MG ORAL TABLET [LEXAPRO],LEXAPRO,ESCITALOPRAM 10 MG,ORAL TABLET
2725159,SCD,ESCITALOPRAM 15 MG ORAL CAPSULE,,ESCITALOPRAM 15 MG,ORAL CAPSULE
351250,SCD,ESCITALOPRAM 20 MG ORAL TABLET,,ESCITALOPRAM 20 MG,ORAL TABLET
352273,SBD,ESCITALOPRAM 20 MG ORAL TABLET [LEXAPRO],LEXAPRO,ESCITALOPRAM 20 MG,ORAL TABLET
404408,SBD,ESCITALOPRAM 5 MG ORAL TABLET [LEXAPRO],LEXAPRO,ESCITALOPRAM 5 MG,ORAL TABLET
351249,SCD,ESCITALOPRAM 5 MG ORAL TABLET,,ESCITALOPRAM 5 MG,ORAL TABLET
1482507,SCD,ESLICARBAZEPINE ACETATE 200 MG ORAL TABLET,,ESLICARBAZEPINE ACETATE 200 MG,ORAL TABLET
1482513,SBD,ESLICARBAZEPINE ACETATE 200 MG ORAL TABLET [APTIOM],APTIOM,ESLICARBAZEPINE ACETATE 200 MG,ORAL TABLET
1482517,SBD,ESLICARBAZEPINE ACETATE 400 MG ORAL TABLET [APTIOM],APTIOM,ESLICARBAZEPINE ACETATE 400 MG,ORAL TABLET
1482515,SCD,ESLICARBAZEPINE ACETATE 400 MG ORAL TABLET,,ESLICARBAZEPINE ACETATE 400 MG,ORAL TABLET
1482521,SCD,ESLICARBAZEPINE ACETATE 600 MG ORAL TABLET,,ESLICARBAZEPINE ACETATE 600 MG,ORAL TABLET
1482523,SBD,ESLICARBAZEPINE ACETATE 600 MG ORAL TABLET [APTIOM],APTIOM,ESLICARBAZEPINE ACETATE 600 MG,ORAL TABLET
1482525,SCD,ESLICARBAZEPINE ACETATE 800 MG ORAL TABLET,,ESLICARBAZEPINE ACETATE 800 MG,ORAL TABLET
1482527,SBD,ESLICARBAZEPINE ACETATE 800 MG ORAL TABLET [APTIOM],APTIOM,ESLICARBAZEPINE ACETATE 800 MG,ORAL TABLET
861568,SCD,ESOMEPRAZOLE 10 MG GRANULES FOR ORAL SUSPENSION,,ESOMEPRAZOLE 10 MG,GRANULES FOR ORAL SUSPENSION
861570,SBD,ESOMEPRAZOLE 10 MG GRANULES FOR ORAL SUSPENSION [NEXIUM],NEXIUM,ESOMEPRAZOLE 10 MG,GRANULES FOR ORAL SUSPENSION
1297660,SBD,ESOMEPRAZOLE 2.5 MG GRANULES FOR ORAL SUSPENSION [NEXIUM],NEXIUM,ESOMEPRAZOLE 2.5 MG,GRANULES FOR ORAL SUSPENSION
1297658,SCD,ESOMEPRAZOLE 2.5 MG GRANULES FOR ORAL SUSPENSION,,ESOMEPRAZOLE 2.5 MG,GRANULES FOR ORAL SUSPENSION
861576,SBD,ESOMEPRAZOLE 20 MG GRANULES FOR ORAL SUSPENSION [NEXIUM],NEXIUM,ESOMEPRAZOLE 20 MG,GRANULES FOR ORAL SUSPENSION
606728,SBD,ESOMEPRAZOLE 20 MG DELAYED RELEASE ORAL CAPSULE [NEXIUM],NEXIUM,ESOMEPRAZOLE 20 MG,DELAYED RELEASE ORAL CAPSULE
692576,SCD,ESOMEPRAZOLE 20 MG GRANULES FOR ORAL SUSPENSION,,ESOMEPRAZOLE 20 MG,GRANULES FOR ORAL SUSPENSION
606726,SCD,ESOMEPRAZOLE 20 MG DELAYED RELEASE ORAL CAPSULE,,ESOMEPRAZOLE 20 MG,DELAYED RELEASE ORAL CAPSULE
994005,SCD,ESOMEPRAZOLE 20 MG / NAPROXEN 375 MG DELAYED RELEASE ORAL TABLET,,ESOMEPRAZOLE 20 MG / NAPROXEN 375 MG,DELAYED RELEASE ORAL TABLET
994008,SCD,ESOMEPRAZOLE 20 MG / NAPROXEN 500 MG DELAYED RELEASE ORAL TABLET,,ESOMEPRAZOLE 20 MG / NAPROXEN 500 MG,DELAYED RELEASE ORAL TABLET
606730,SCD,ESOMEPRAZOLE 40 MG DELAYED RELEASE ORAL CAPSULE,,ESOMEPRAZOLE 40 MG,DELAYED RELEASE ORAL CAPSULE
606731,SBD,ESOMEPRAZOLE 40 MG DELAYED RELEASE ORAL CAPSULE [NEXIUM],NEXIUM,ESOMEPRAZOLE 40 MG,DELAYED RELEASE ORAL CAPSULE
692578,SCD,ESOMEPRAZOLE 40 MG GRANULES FOR ORAL SUSPENSION,,ESOMEPRAZOLE 40 MG,GRANULES FOR ORAL SUSPENSION
861583,SBD,ESOMEPRAZOLE 40 MG GRANULES FOR ORAL SUSPENSION [NEXIUM],NEXIUM,ESOMEPRAZOLE 40 MG,GRANULES FOR ORAL SUSPENSION
1297763,SBD,ESOMEPRAZOLE 5 MG GRANULES FOR ORAL SUSPENSION [NEXIUM],NEXIUM,ESOMEPRAZOLE 5 MG,GRANULES FOR ORAL SUSPENSION
1297761,SCD,ESOMEPRAZOLE 5 MG GRANULES FOR ORAL SUSPENSION,,ESOMEPRAZOLE 5 MG,GRANULES FOR ORAL SUSPENSION
197653,SCD,ESTAZOLAM 1 MG ORAL TABLET,,ESTAZOLAM 1 MG,ORAL TABLET
197654,SCD,ESTAZOLAM 2 MG ORAL TABLET,,ESTAZOLAM 2 MG,ORAL TABLET
848330,SBD,90 DAY ESTRADIOL 0.000313 MG/HR VAGINAL SYSTEM [ESTRING],ESTRING,ESTRADIOL 0.000313 MG/HR,VAGINAL SYSTEM
545276,SBD,168 HR ESTRADIOL 0.000583 MG/HR TRANSDERMAL SYSTEM [MENOSTAR],MENOSTAR,ESTRADIOL 0.000583 MG/HR,TRANSDERMAL SYSTEM
706467,SBD,ESTRADIOL 0.0006 MG/MG TOPICAL GEL [ELESTRIN],ELESTRIN,ESTRADIOL 0.0006 MG/MG,TOPICAL GEL
226597,SCD,ESTRADIOL 0.0006 MG/MG TOPICAL GEL,,ESTRADIOL 0.0006 MG/MG,TOPICAL GEL
2619677,SCD,250 MG ESTRADIOL 0.001 MG/MG TOPICAL GEL,,ESTRADIOL 0.001 MG/MG,TOPICAL GEL
2619678,SBD,250 MG ESTRADIOL 0.001 MG/MG TOPICAL GEL [DIVIGEL],DIVIGEL,ESTRADIOL 0.001 MG/MG,TOPICAL GEL
2619679,SCD,500 MG ESTRADIOL 0.001 MG/MG TOPICAL GEL,,ESTRADIOL 0.001 MG/MG,TOPICAL GEL
2619680,SBD,500 MG ESTRADIOL 0.001 MG/MG TOPICAL GEL [DIVIGEL],DIVIGEL,ESTRADIOL 0.001 MG/MG,TOPICAL GEL
2619681,SCD,750 MG ESTRADIOL 0.001 MG/MG TOPICAL GEL,,ESTRADIOL 0.001 MG/MG,TOPICAL GEL
2619682,SBD,750 MG ESTRADIOL 0.001 MG/MG TOPICAL GEL [DIVIGEL],DIVIGEL,ESTRADIOL 0.001 MG/MG,TOPICAL GEL
2619683,SCD,1000 MG ESTRADIOL 0.001 MG/MG TOPICAL GEL,,ESTRADIOL 0.001 MG/MG,TOPICAL GEL
2619684,SBD,1000 MG ESTRADIOL 0.001 MG/MG TOPICAL GEL [DIVIGEL],DIVIGEL,ESTRADIOL 0.001 MG/MG,TOPICAL GEL
2619685,SCD,1250 MG ESTRADIOL 0.001 MG/MG TOPICAL GEL,,ESTRADIOL 0.001 MG/MG,TOPICAL GEL
2619686,SBD,1250 MG ESTRADIOL 0.001 MG/MG TOPICAL GEL [DIVIGEL],DIVIGEL,ESTRADIOL 0.001 MG/MG,TOPICAL GEL
284378,SBD,84 HR ESTRADIOL 0.00104 MG/HR TRANSDERMAL SYSTEM [VIVELLE],VIVELLE,ESTRADIOL 0.00104 MG/HR,TRANSDERMAL SYSTEM
1551622,SBD,84 HR ESTRADIOL 0.00104 MG/HR TRANSDERMAL SYSTEM [MINIVELLE],MINIVELLE,ESTRADIOL 0.00104 MG/HR,TRANSDERMAL SYSTEM
2399892,SBD,84 HR ESTRADIOL 0.00104 MG/HR TRANSDERMAL SYSTEM [LYLLANA],LYLLANA,ESTRADIOL 0.00104 MG/HR,TRANSDERMAL SYSTEM
310170,SBD,168 HR ESTRADIOL 0.00104 MG/HR TRANSDERMAL SYSTEM [CLIMARA],CLIMARA,ESTRADIOL 0.00104 MG/HR,TRANSDERMAL SYSTEM
2110774,SBD,84 HR ESTRADIOL 0.00104 MG/HR TRANSDERMAL SYSTEM [DOTTI],DOTTI,ESTRADIOL 0.00104 MG/HR,TRANSDERMAL SYSTEM
248478,SCD,84 HR ESTRADIOL 0.00104 MG/HR TRANSDERMAL SYSTEM,,ESTRADIOL 0.00104 MG/HR,TRANSDERMAL SYSTEM
242333,SCD,168 HR ESTRADIOL 0.00104 MG/HR TRANSDERMAL SYSTEM,,ESTRADIOL 0.00104 MG/HR,TRANSDERMAL SYSTEM
1356979,SBD,84 HR ESTRADIOL 0.00156 MG/HR TRANSDERMAL SYSTEM [MINIVELLE],MINIVELLE,ESTRADIOL 0.00156 MG/HR,TRANSDERMAL SYSTEM
310172,SBD,84 HR ESTRADIOL 0.00156 MG/HR TRANSDERMAL SYSTEM [VIVELLE],VIVELLE,ESTRADIOL 0.00156 MG/HR,TRANSDERMAL SYSTEM
404656,SBD,168 HR ESTRADIOL 0.00156 MG/HR TRANSDERMAL SYSTEM [CLIMARA],CLIMARA,ESTRADIOL 0.00156 MG/HR,TRANSDERMAL SYSTEM
241946,SCD,84 HR ESTRADIOL 0.00156 MG/HR TRANSDERMAL SYSTEM,,ESTRADIOL 0.00156 MG/HR,TRANSDERMAL SYSTEM
2399895,SBD,84 HR ESTRADIOL 0.00156 MG/HR TRANSDERMAL SYSTEM [LYLLANA],LYLLANA,ESTRADIOL 0.00156 MG/HR,TRANSDERMAL SYSTEM
2110777,SBD,84 HR ESTRADIOL 0.00156 MG/HR TRANSDERMAL SYSTEM [DOTTI],DOTTI,ESTRADIOL 0.00156 MG/HR,TRANSDERMAL SYSTEM
403922,SCD,168 HR ESTRADIOL 0.00156 MG/HR TRANSDERMAL SYSTEM,,ESTRADIOL 0.00156 MG/HR,TRANSDERMAL SYSTEM
402252,SBD,168 HR ESTRADIOL 0.00188 MG/HR / LEVONORGESTREL 0.000625 MG/HR TRANSDERMAL SYSTEM [CLIMARA PRO],CLIMARA PRO,ESTRADIOL 0.00188 MG/HR / LEVONORGESTREL 0.000625 MG/HR,TRANSDERMAL SYSTEM
2399898,SBD,84 HR ESTRADIOL 0.00208 MG/HR TRANSDERMAL SYSTEM [LYLLANA],LYLLANA,ESTRADIOL 0.00208 MG/HR,TRANSDERMAL SYSTEM
242891,SCD,84 HR ESTRADIOL 0.00208 MG/HR TRANSDERMAL SYSTEM,,ESTRADIOL 0.00208 MG/HR,TRANSDERMAL SYSTEM
310176,SBD,84 HR ESTRADIOL 0.00208 MG/HR TRANSDERMAL SYSTEM [VIVELLE],VIVELLE,ESTRADIOL 0.00208 MG/HR,TRANSDERMAL SYSTEM
310174,SBD,168 HR ESTRADIOL 0.00208 MG/HR TRANSDERMAL SYSTEM [CLIMARA],CLIMARA,ESTRADIOL 0.00208 MG/HR,TRANSDERMAL SYSTEM
848333,SBD,90 DAY ESTRADIOL 0.00208 MG/HR VAGINAL SYSTEM [FEMRING],FEMRING,ESTRADIOL 0.00208 MG/HR,VAGINAL SYSTEM
1356997,SBD,84 HR ESTRADIOL 0.00208 MG/HR TRANSDERMAL SYSTEM [MINIVELLE],MINIVELLE,ESTRADIOL 0.00208 MG/HR,TRANSDERMAL SYSTEM
238003,SCD,168 HR ESTRADIOL 0.00208 MG/HR TRANSDERMAL SYSTEM,,ESTRADIOL 0.00208 MG/HR,TRANSDERMAL SYSTEM
2110780,SBD,84 HR ESTRADIOL 0.00208 MG/HR TRANSDERMAL SYSTEM [DOTTI],DOTTI,ESTRADIOL 0.00208 MG/HR,TRANSDERMAL SYSTEM
1251495,SBD,84 HR ESTRADIOL 0.00208 MG/HR / NORETHINDRONE ACETATE 0.00583 MG/HR TRANSDERMAL SYSTEM [COMBIPATCH],COMBIPATCH,ESTRADIOL 0.00208 MG/HR / NORETHINDRONE ACETATE 0.00583 MG/HR,TRANSDERMAL SYSTEM
1251501,SBD,84 HR ESTRADIOL 0.00208 MG/HR / NORETHINDRONE ACETATE 0.0104 MG/HR TRANSDERMAL SYSTEM [COMBIPATCH],COMBIPATCH,ESTRADIOL 0.00208 MG/HR / NORETHINDRONE ACETATE 0.0104 MG/HR,TRANSDERMAL SYSTEM
404657,SBD,168 HR ESTRADIOL 0.0025 MG/HR TRANSDERMAL SYSTEM [CLIMARA],CLIMARA,ESTRADIOL 0.0025 MG/HR,TRANSDERMAL SYSTEM
403923,SCD,168 HR ESTRADIOL 0.0025 MG/HR TRANSDERMAL SYSTEM,,ESTRADIOL 0.0025 MG/HR,TRANSDERMAL SYSTEM
310178,SBD,168 HR ESTRADIOL 0.00312 MG/HR TRANSDERMAL SYSTEM [CLIMARA],CLIMARA,ESTRADIOL 0.00312 MG/HR,TRANSDERMAL SYSTEM
241527,SCD,168 HR ESTRADIOL 0.00312 MG/HR TRANSDERMAL SYSTEM,,ESTRADIOL 0.00312 MG/HR,TRANSDERMAL SYSTEM
1149632,SCD,84 HR ESTRADIOL 0.00313 MG/HR TRANSDERMAL SYSTEM,,ESTRADIOL 0.00313 MG/HR,TRANSDERMAL SYSTEM
1149634,SBD,84 HR ESTRADIOL 0.00313 MG/HR TRANSDERMAL SYSTEM [VIVELLE],VIVELLE,ESTRADIOL 0.00313 MG/HR,TRANSDERMAL SYSTEM
1357007,SBD,84 HR ESTRADIOL 0.00313 MG/HR TRANSDERMAL SYSTEM [MINIVELLE],MINIVELLE,ESTRADIOL 0.00313 MG/HR,TRANSDERMAL SYSTEM
2399901,SBD,84 HR ESTRADIOL 0.00313 MG/HR TRANSDERMAL SYSTEM [LYLLANA],LYLLANA,ESTRADIOL 0.00313 MG/HR,TRANSDERMAL SYSTEM
2110783,SBD,84 HR ESTRADIOL 0.00313 MG/HR TRANSDERMAL SYSTEM [DOTTI],DOTTI,ESTRADIOL 0.00313 MG/HR,TRANSDERMAL SYSTEM
2054313,BPCK,{18 (ESTRADIOL 0.004 MG VAGINAL INSERT [IMVEXXY]) } PACK [IMVEXXY 4 MCG STARTER PACK],IMVEXXY 4 MCG STARTER PACK,ESTRADIOL 0.004 MG,PACK
2054310,BPCK,{8 (ESTRADIOL 0.004 MG VAGINAL INSERT [IMVEXXY]) } PACK [IMVEXXY 4 MCG MAINTENANCE PACK],IMVEXXY 4 MCG MAINTENANCE PACK,ESTRADIOL 0.004 MG,PACK
1357009,SBD,84 HR ESTRADIOL 0.00417 MG/HR TRANSDERMAL SYSTEM [MINIVELLE],MINIVELLE,ESTRADIOL 0.00417 MG/HR,TRANSDERMAL SYSTEM
2110786,SBD,84 HR ESTRADIOL 0.00417 MG/HR TRANSDERMAL SYSTEM [DOTTI],DOTTI,ESTRADIOL 0.00417 MG/HR,TRANSDERMAL SYSTEM
238004,SCD,168 HR ESTRADIOL 0.00417 MG/HR TRANSDERMAL SYSTEM,,ESTRADIOL 0.00417 MG/HR,TRANSDERMAL SYSTEM
242892,SCD,84 HR ESTRADIOL 0.00417 MG/HR TRANSDERMAL SYSTEM,,ESTRADIOL 0.00417 MG/HR,TRANSDERMAL SYSTEM
2399904,SBD,84 HR ESTRADIOL 0.00417 MG/HR TRANSDERMAL SYSTEM [LYLLANA],LYLLANA,ESTRADIOL 0.00417 MG/HR,TRANSDERMAL SYSTEM
310183,SBD,84 HR ESTRADIOL 0.00417 MG/HR TRANSDERMAL SYSTEM [VIVELLE],VIVELLE,ESTRADIOL 0.00417 MG/HR,TRANSDERMAL SYSTEM
310181,SBD,168 HR ESTRADIOL 0.00417 MG/HR TRANSDERMAL SYSTEM [CLIMARA],CLIMARA,ESTRADIOL 0.00417 MG/HR,TRANSDERMAL SYSTEM
848343,SBD,90 DAY ESTRADIOL 0.00417 MG/HR VAGINAL SYSTEM [FEMRING],FEMRING,ESTRADIOL 0.00417 MG/HR,VAGINAL SYSTEM
2054316,BPCK,{8 (ESTRADIOL 0.01 MG VAGINAL INSERT [IMVEXXY]) } PACK [IMVEXXY 10 MCG MAINTENANCE PACK],IMVEXXY 10 MCG MAINTENANCE PACK,ESTRADIOL 0.01 MG,PACK
2054318,BPCK,{18 (ESTRADIOL 0.01 MG VAGINAL INSERT [IMVEXXY]) } PACK [IMVEXXY 10 MCG STARTER PACK],IMVEXXY 10 MCG STARTER PACK,ESTRADIOL 0.01 MG,PACK
884709,SBD,ESTRADIOL 0.01 MG VAGINAL INSERT [VAGIFEM],VAGIFEM,ESTRADIOL 0.01 MG,VAGINAL INSERT
884707,SCD,ESTRADIOL 0.01 MG VAGINAL INSERT,,ESTRADIOL 0.01 MG,VAGINAL INSERT
1797113,SBD,ESTRADIOL 0.01 MG VAGINAL INSERT [YUVAFEM],YUVAFEM,ESTRADIOL 0.01 MG,VAGINAL INSERT
890918,SBD,ESTRADIOL 0.1 MG/ML VAGINAL CREAM [ESTRACE],ESTRACE,ESTRADIOL 0.1 MG/ML,VAGINAL CREAM
310169,SCD,ESTRADIOL 0.1 MG/ML VAGINAL CREAM,,ESTRADIOL 0.1 MG/ML,VAGINAL CREAM
197657,SCD,ESTRADIOL 0.5 MG ORAL TABLET,,ESTRADIOL 0.5 MG,ORAL TABLET
1359124,GPCK,{28 (ESTRADIOL 0.5 MG / NORETHINDRONE ACETATE 0.1 MG ORAL TABLET) } PACK,,ESTRADIOL 0.5 MG / NORETHINDRONE ACETATE 0.1 MG,PACK
2706647,BPCK,{28 (ESTRADIOL 0.5 MG / NORETHINDRONE ACETATE 0.1 MG ORAL TABLET) } PACK [ABIGALE LO 0.5/0.1 28 DAY],ABIGALE LO 0.5/0.1 28 DAY,ESTRADIOL 0.5 MG / NORETHINDRONE ACETATE 0.1 MG,PACK
2632846,SBD,ESTRADIOL 0.5 MG / PROGESTERONE 100 MG ORAL CAPSULE [BIJUVA],BIJUVA,ESTRADIOL 0.5 MG / PROGESTERONE 100 MG,ORAL CAPSULE
197658,SCD,ESTRADIOL 1 MG ORAL TABLET,,ESTRADIOL 1 MG,ORAL TABLET
2706646,BPCK,{28 (ESTRADIOL 1 MG / NORETHINDRONE ACETATE 0.5 MG ORAL TABLET) } PACK [ABIGALE 1/0.5 28 DAY],ABIGALE 1/0.5 28 DAY,ESTRADIOL 1 MG / NORETHINDRONE ACETATE 0.5 MG,PACK
1359129,BPCK,{28 (ESTRADIOL 1 MG / NORETHINDRONE ACETATE 0.5 MG ORAL TABLET) } PACK [MIMVEY],MIMVEY,ESTRADIOL 1 MG / NORETHINDRONE ACETATE 0.5 MG,PACK
1359127,GPCK,{28 (ESTRADIOL 1 MG / NORETHINDRONE ACETATE 0.5 MG ORAL TABLET) } PACK,,ESTRADIOL 1 MG / NORETHINDRONE ACETATE 0.5 MG,PACK
1359128,BPCK,{28 (ESTRADIOL 1 MG / NORETHINDRONE ACETATE 0.5 MG ORAL TABLET) } PACK [ACTIVELLA 1/0.5 28 DAY],ACTIVELLA 1/0.5 28 DAY,ESTRADIOL 1 MG / NORETHINDRONE ACETATE 0.5 MG,PACK
2556800,SBD,ESTRADIOL 1 MG / NORETHINDRONE ACETATE 0.5 MG / RELUGOLIX 40 MG ORAL TABLET [MYFEMBREE],MYFEMBREE,ESTRADIOL 1 MG / NORETHINDRONE ACETATE 0.5 MG / RELUGOLIX 40 MG,ORAL TABLET
2108930,SBD,ESTRADIOL 1 MG / PROGESTERONE 100 MG ORAL CAPSULE [BIJUVA],BIJUVA,ESTRADIOL 1 MG / PROGESTERONE 100 MG,ORAL CAPSULE
728122,SBD,ESTRADIOL 1.53 MG/ACTUAT TOPICAL SPRAY [EVAMIST],EVAMIST,ESTRADIOL 1.53 MG/ACTUAT,TOPICAL SPRAY
197659,SCD,ESTRADIOL 2 MG ORAL TABLET,,ESTRADIOL 2 MG,ORAL TABLET
206417,SBD,ESTRADIOL CYPIONATE 5 MG/ML INJECTABLE SOLUTION [DEPO-ESTRADIOL],DEPO-ESTRADIOL,ESTRADIOL CYPIONATE 5 MG/ML,INJECTABLE SOLUTION
206620,SBD,ESTRADIOL VALERATE 10 MG/ML INJECTABLE SOLUTION [DELESTROGEN],DELESTROGEN,ESTRADIOL VALERATE 10 MG/ML,INJECTABLE SOLUTION
310189,SCD,ESTRADIOL VALERATE 10 MG/ML INJECTABLE SOLUTION,,ESTRADIOL VALERATE 10 MG/ML,INJECTABLE SOLUTION
310190,SCD,ESTRADIOL VALERATE 20 MG/ML INJECTABLE SOLUTION,,ESTRADIOL VALERATE 20 MG/ML,INJECTABLE SOLUTION
206715,SBD,ESTRADIOL VALERATE 20 MG/ML INJECTABLE SOLUTION [DELESTROGEN],DELESTROGEN,ESTRADIOL VALERATE 20 MG/ML,INJECTABLE SOLUTION
310191,SCD,ESTRADIOL VALERATE 40 MG/ML INJECTABLE SOLUTION,,ESTRADIOL VALERATE 40 MG/ML,INJECTABLE SOLUTION
197660,SCD,"ESTROGENS, CONJUGATED (USP) 0.3 MG ORAL TABLET",,"ESTROGENS, CONJUGATED (USP) 0.3 MG",ORAL TABLET
208513,SBD,"ESTROGENS, CONJUGATED (USP) 0.3 MG ORAL TABLET [PREMARIN]",PREMARIN,"ESTROGENS, CONJUGATED (USP) 0.3 MG",ORAL TABLET
1000491,BPCK,"{28 (ESTROGENS, CONJUGATED (USP) 0.3 MG / MEDROXYPROGESTERONE ACETATE 1.5 MG ORAL TABLET) } PACK [PREMPRO 0.3/1.5 28 DAY]",PREMPRO 0.3/1.5 28 DAY,"ESTROGENS, CONJUGATED (USP) 0.3 MG / MEDROXYPROGESTERONE ACETATE 1.5 MG",PACK
403849,SCD,"ESTROGENS, CONJUGATED (USP) 0.45 MG ORAL TABLET",,"ESTROGENS, CONJUGATED (USP) 0.45 MG",ORAL TABLET
404550,SBD,"ESTROGENS, CONJUGATED (USP) 0.45 MG ORAL TABLET [PREMARIN]",PREMARIN,"ESTROGENS, CONJUGATED (USP) 0.45 MG",ORAL TABLET
1000497,BPCK,"{28 (ESTROGENS, CONJUGATED (USP) 0.45 MG / MEDROXYPROGESTERONE ACETATE 1.5 MG ORAL TABLET) } PACK [PREMPRO 0.45/1.5 28 DAY]",PREMPRO 0.45/1.5 28 DAY,"ESTROGENS, CONJUGATED (USP) 0.45 MG / MEDROXYPROGESTERONE ACETATE 1.5 MG",PACK
310197,SCD,"ESTROGENS, CONJUGATED (USP) 0.625 MG ORAL TABLET",,"ESTROGENS, CONJUGATED (USP) 0.625 MG",ORAL TABLET
150840,SBD,"ESTROGENS, CONJUGATED (USP) 0.625 MG ORAL TABLET [PREMARIN]",PREMARIN,"ESTROGENS, CONJUGATED (USP) 0.625 MG",ORAL TABLET
1000499,BPCK,"{28 (ESTROGENS, CONJUGATED (USP) 0.625 MG / MEDROXYPROGESTERONE ACETATE 2.5 MG ORAL TABLET) } PACK [PREMPRO 0.625/2.5 28 DAY]",PREMPRO 0.625/2.5 28 DAY,"ESTROGENS, CONJUGATED (USP) 0.625 MG / MEDROXYPROGESTERONE ACETATE 2.5 MG",PACK
1000487,BPCK,"{14 (ESTROGENS, CONJUGATED (USP) 0.625 MG / MEDROXYPROGESTERONE ACETATE 5 MG ORAL TABLET) / 14 (ESTROGENS, CONJUGATED (USP) 0.625 MG ORAL TABLET) } PACK [PREMPHASE 28 DAY]",PREMPHASE 28 DAY,"ESTROGENS, CONJUGATED (USP) 0.625 MG / MEDROXYPROGESTERONE ACETATE 5 MG",PACK
1000500,BPCK,"{28 (ESTROGENS, CONJUGATED (USP) 0.625 MG / MEDROXYPROGESTERONE ACETATE 5 MG ORAL TABLET) } PACK [PREMPRO 0.625/5 28 DAY]",PREMPRO 0.625/5 28 DAY,"ESTROGENS, CONJUGATED (USP) 0.625 MG / MEDROXYPROGESTERONE ACETATE 5 MG",PACK
688242,SBD,"ESTROGENS, CONJUGATED (USP) 0.625 MG/ML VAGINAL CREAM [PREMARIN]",PREMARIN,"ESTROGENS, CONJUGATED (USP) 0.625 MG/ML",VAGINAL CREAM
197661,SCD,"ESTROGENS, CONJUGATED (USP) 0.9 MG ORAL TABLET",,"ESTROGENS, CONJUGATED (USP) 0.9 MG",ORAL TABLET
208949,SBD,"ESTROGENS, CONJUGATED (USP) 0.9 MG ORAL TABLET [PREMARIN]",PREMARIN,"ESTROGENS, CONJUGATED (USP) 0.9 MG",ORAL TABLET
202301,SBD,"ESTROGENS, CONJUGATED (USP) 1.25 MG ORAL TABLET [PREMARIN]",PREMARIN,"ESTROGENS, CONJUGATED (USP) 1.25 MG",ORAL TABLET
197662,SCD,"ESTROGENS, CONJUGATED (USP) 1.25 MG ORAL TABLET",,"ESTROGENS, CONJUGATED (USP) 1.25 MG",ORAL TABLET
540407,SBD,ESZOPICLONE 1 MG ORAL TABLET [LUNESTA],LUNESTA,ESZOPICLONE 1 MG,ORAL TABLET
485440,SCD,ESZOPICLONE 1 MG ORAL TABLET,,ESZOPICLONE 1 MG,ORAL TABLET
540409,SBD,ESZOPICLONE 2 MG ORAL TABLET [LUNESTA],LUNESTA,ESZOPICLONE 2 MG,ORAL TABLET
485442,SCD,ESZOPICLONE 2 MG ORAL TABLET,,ESZOPICLONE 2 MG,ORAL TABLET
540411,SBD,ESZOPICLONE 3 MG ORAL TABLET [LUNESTA],LUNESTA,ESZOPICLONE 3 MG,ORAL TABLET
485465,SCD,ESZOPICLONE 3 MG ORAL TABLET,,ESZOPICLONE 3 MG,ORAL TABLET
802652,SBD,1 ML ETANERCEPT 50 MG/ML PREFILLED SYRINGE [ENBREL],ENBREL,ETANERCEPT 50 MG/ML,PREFILLED SYRINGE
809159,SBD,0.5 ML ETANERCEPT 50 MG/ML PREFILLED SYRINGE [ENBREL],ENBREL,ETANERCEPT 50 MG/ML,PREFILLED SYRINGE
1653225,SBD,1 ML ETANERCEPT 50 MG/ML AUTO-INJECTOR [ENBREL],ENBREL,ETANERCEPT 50 MG/ML,AUTO-INJECTOR
2392142,SBD,0.5 ML ETANERCEPT 50 MG/ML INJECTION [ENBREL],ENBREL,ETANERCEPT 50 MG/ML,INJECTION
2182340,SBD,1 ML ETANERCEPT 50 MG/ML CARTRIDGE [ENBREL],ENBREL,ETANERCEPT 50 MG/ML,CARTRIDGE
1251905,SBD,ETHACRYNIC ACID 25 MG ORAL TABLET [EDECRIN],EDECRIN,ETHACRYNIC ACID 25 MG,ORAL TABLET
1251903,SCD,ETHACRYNIC ACID 25 MG ORAL TABLET,,ETHACRYNIC ACID 25 MG,ORAL TABLET
995599,SCD,ETHAMBUTOL HYDROCHLORIDE 100 MG ORAL TABLET,,ETHAMBUTOL HYDROCHLORIDE 100 MG,ORAL TABLET
995607,SCD,ETHAMBUTOL HYDROCHLORIDE 400 MG ORAL TABLET,,ETHAMBUTOL HYDROCHLORIDE 400 MG,ORAL TABLET
2396259,BPCK,{3 (168 HR ETHINYL ESTRADIOL 0.000417 MG/HR / LEVONORGESTREL 0.00167 MG/HR TRANSDERMAL SYSTEM [TWIRLA]) } PACK [TWIRLA 3 COUNT WEEKLY PATCH],TWIRLA 3 COUNT WEEKLY PATCH,ETHINYL ESTRADIOL 0.000417 MG/HR / LEVONORGESTREL 0.00167 MG/HR,PACK
2055989,SBD,273 DAY ETHINYL ESTRADIOL 0.000542 MG/HR / SEGESTERONE ACETATE 0.00625 MG/HR VAGINAL SYSTEM [ANNOVERA],ANNOVERA,ETHINYL ESTRADIOL 0.000542 MG/HR / SEGESTERONE ACETATE 0.00625 MG/HR,VAGINAL SYSTEM
2644707,SBD,21 DAY ETHINYL ESTRADIOL 0.000625 MG/HR / ETONOGESTREL 0.005 MG/HR VAGINAL SYSTEM [ENILLORING],ENILLORING,ETHINYL ESTRADIOL 0.000625 MG/HR / ETONOGESTREL 0.005 MG/HR,VAGINAL SYSTEM
1367436,SCD,21 DAY ETHINYL ESTRADIOL 0.000625 MG/HR / ETONOGESTREL 0.005 MG/HR VAGINAL SYSTEM,,ETHINYL ESTRADIOL 0.000625 MG/HR / ETONOGESTREL 0.005 MG/HR,VAGINAL SYSTEM
1367439,SBD,21 DAY ETHINYL ESTRADIOL 0.000625 MG/HR / ETONOGESTREL 0.005 MG/HR VAGINAL SYSTEM [NUVARING],NUVARING,ETHINYL ESTRADIOL 0.000625 MG/HR / ETONOGESTREL 0.005 MG/HR,VAGINAL SYSTEM
2266506,SBD,21 DAY ETHINYL ESTRADIOL 0.000625 MG/HR / ETONOGESTREL 0.005 MG/HR VAGINAL SYSTEM [ELURYNG],ELURYNG,ETHINYL ESTRADIOL 0.000625 MG/HR / ETONOGESTREL 0.005 MG/HR,VAGINAL SYSTEM
2531285,SBD,168 HR ETHINYL ESTRADIOL 0.00146 MG/HR / NORELGESTROMIN 0.00625 MG/HR TRANSDERMAL SYSTEM [ZAFEMY],ZAFEMY,ETHINYL ESTRADIOL 0.00146 MG/HR / NORELGESTROMIN 0.00625 MG/HR,TRANSDERMAL SYSTEM
1534809,SCD,168 HR ETHINYL ESTRADIOL 0.00146 MG/HR / NORELGESTROMIN 0.00625 MG/HR TRANSDERMAL SYSTEM,,ETHINYL ESTRADIOL 0.00146 MG/HR / NORELGESTROMIN 0.00625 MG/HR,TRANSDERMAL SYSTEM
1536586,SBD,168 HR ETHINYL ESTRADIOL 0.00146 MG/HR / NORELGESTROMIN 0.00625 MG/HR TRANSDERMAL SYSTEM [XULANE],XULANE,ETHINYL ESTRADIOL 0.00146 MG/HR / NORELGESTROMIN 0.00625 MG/HR,TRANSDERMAL SYSTEM
1736654,SBD,ETHINYL ESTRADIOL 0.0025 MG / NORETHINDRONE ACETATE 0.5 MG ORAL TABLET [FYAVOLV],FYAVOLV,ETHINYL ESTRADIOL 0.0025 MG / NORETHINDRONE ACETATE 0.5 MG,ORAL TABLET
1251334,GPCK,{28 (ETHINYL ESTRADIOL 0.0025 MG / NORETHINDRONE ACETATE 0.5 MG ORAL TABLET) } PACK,,ETHINYL ESTRADIOL 0.0025 MG / NORETHINDRONE ACETATE 0.5 MG,PACK
1090996,SBD,ETHINYL ESTRADIOL 0.005 MG / NORETHINDRONE ACETATE 1 MG ORAL TABLET [JINTELI],JINTELI,ETHINYL ESTRADIOL 0.005 MG / NORETHINDRONE ACETATE 1 MG,ORAL TABLET
1736656,SBD,ETHINYL ESTRADIOL 0.005 MG / NORETHINDRONE ACETATE 1 MG ORAL TABLET [FYAVOLV],FYAVOLV,ETHINYL ESTRADIOL 0.005 MG / NORETHINDRONE ACETATE 1 MG,ORAL TABLET
1251336,GPCK,{28 (ETHINYL ESTRADIOL 0.005 MG / NORETHINDRONE ACETATE 1 MG ORAL TABLET) } PACK,,ETHINYL ESTRADIOL 0.005 MG / NORETHINDRONE ACETATE 1 MG,PACK
2705814,BPCK,{7 (ETHINYL ESTRADIOL 0.01 MG ORAL TABLET) / 42 (ETHINYL ESTRADIOL 0.02 MG / LEVONORGESTREL 0.15 MG ORAL TABLET) / 21 (ETHINYL ESTRADIOL 0.025 MG / LEVONORGESTREL 0.15 MG ORAL TABLET) / 21 (ETHINYL ESTRADIOL 0.03 MG / LEVONORGESTREL 0.15 MG ORAL TABLET) } PACK [ROSYRAH 91 DAY],ROSYRAH 91 DAY,ETHINYL ESTRADIOL 0.01 MG / ETHINYL ESTRADIOL 0.02 MG / ETHINYL ESTRADIOL 0.025 MG / ETHINYL ESTRADIOL 0.03 MG / LEVONORGESTREL 0.15 MG,PACK
1876397,BPCK,{7 (ETHINYL ESTRADIOL 0.01 MG ORAL TABLET) / 42 (ETHINYL ESTRADIOL 0.02 MG / LEVONORGESTREL 0.15 MG ORAL TABLET) / 21 (ETHINYL ESTRADIOL 0.025 MG / LEVONORGESTREL 0.15 MG ORAL TABLET) / 21 (ETHINYL ESTRADIOL 0.03 MG / LEVONORGESTREL 0.15 MG ORAL TABLET) } PACK [RIVELSA 91 DAY],RIVELSA 91 DAY,ETHINYL ESTRADIOL 0.01 MG / ETHINYL ESTRADIOL 0.02 MG / ETHINYL ESTRADIOL 0.025 MG / ETHINYL ESTRADIOL 0.03 MG / LEVONORGESTREL 0.15 MG,PACK
2117770,BPCK,{7 (ETHINYL ESTRADIOL 0.01 MG ORAL TABLET) / 84 (ETHINYL ESTRADIOL 0.02 MG / LEVONORGESTREL 0.1 MG ORAL TABLET) } PACK [LOJAIMIESS 91 DAY],LOJAIMIESS 91 DAY,ETHINYL ESTRADIOL 0.01 MG / ETHINYL ESTRADIOL 0.02 MG / LEVONORGESTREL 0.1 MG,PACK
1235267,BPCK,{7 (ETHINYL ESTRADIOL 0.01 MG ORAL TABLET) / 84 (ETHINYL ESTRADIOL 0.02 MG / LEVONORGESTREL 0.1 MG ORAL TABLET) } PACK [CAMRESELO 91 DAY],CAMRESELO 91 DAY,ETHINYL ESTRADIOL 0.01 MG / ETHINYL ESTRADIOL 0.02 MG / LEVONORGESTREL 0.1 MG,PACK
810096,GPCK,{7 (ETHINYL ESTRADIOL 0.01 MG ORAL TABLET) / 84 (ETHINYL ESTRADIOL 0.02 MG / LEVONORGESTREL 0.1 MG ORAL TABLET) } PACK,,ETHINYL ESTRADIOL 0.01 MG / ETHINYL ESTRADIOL 0.02 MG / LEVONORGESTREL 0.1 MG,PACK
2001751,BPCK,{7 (ETHINYL ESTRADIOL 0.01 MG ORAL TABLET) / 84 (ETHINYL ESTRADIOL 0.03 MG / LEVONORGESTREL 0.15 MG ORAL TABLET) } PACK [JAIMIESS 91 DAY],JAIMIESS 91 DAY,ETHINYL ESTRADIOL 0.01 MG / ETHINYL ESTRADIOL 0.03 MG / LEVONORGESTREL 0.15 MG,PACK
1603861,BPCK,{7 (ETHINYL ESTRADIOL 0.01 MG ORAL TABLET) / 84 (ETHINYL ESTRADIOL 0.03 MG / LEVONORGESTREL 0.15 MG ORAL TABLET) } PACK [ASHLYNA 91 DAY],ASHLYNA 91 DAY,ETHINYL ESTRADIOL 0.01 MG / ETHINYL ESTRADIOL 0.03 MG / LEVONORGESTREL 0.15 MG,PACK
1037185,BPCK,{24 (ETHINYL ESTRADIOL 0.01 MG / NORETHINDRONE ACETATE 1 MG ORAL TABLET) / 2 (ETHINYL ESTRADIOL 0.01 MG ORAL TABLET) / 2 (FERROUS FUMARATE 75 MG ORAL TABLET) } PACK [LO LOESTRIN FE 28 DAY],LO LOESTRIN FE 28 DAY,ETHINYL ESTRADIOL 0.01 MG / FERROUS FUMARATE 75 MG / NORETHINDRONE ACETATE 1 MG,PACK
1359134,BPCK,{5 (ETHINYL ESTRADIOL 0.02 MG / NORETHINDRONE ACETATE 1 MG ORAL TABLET) / 7 (ETHINYL ESTRADIOL 0.03 MG / NORETHINDRONE ACETATE 1 MG ORAL TABLET) / 9 (ETHINYL ESTRADIOL 0.035 MG / NORETHINDRONE ACETATE 1 MG ORAL TABLET) / 7 (FERROUS FUMARATE 75 MG ORAL TABLET) } PACK [TILIA FE],TILIA FE,ETHINYL ESTRADIOL 0.02 MG / ETHINYL ESTRADIOL 0.03 MG / ETHINYL ESTRADIOL 0.035 MG / FERROUS FUMARATE 75 MG / NORETHINDRONE ACETATE 1 MG,PACK
2703554,BPCK,{5 (ETHINYL ESTRADIOL 0.02 MG / NORETHINDRONE ACETATE 1 MG ORAL TABLET) / 7 (ETHINYL ESTRADIOL 0.03 MG / NORETHINDRONE ACETATE 1 MG ORAL TABLET) / 9 (ETHINYL ESTRADIOL 0.035 MG / NORETHINDRONE ACETATE 1 MG ORAL TABLET) / 7 (FERROUS FUMARATE 75 MG ORAL TABLET) } PACK [XARAH FE 28 DAY],XARAH FE 28 DAY,ETHINYL ESTRADIOL 0.02 MG / ETHINYL ESTRADIOL 0.03 MG / ETHINYL ESTRADIOL 0.035 MG / FERROUS FUMARATE 75 MG / NORETHINDRONE ACETATE 1 MG,PACK
1359135,BPCK,{5 (ETHINYL ESTRADIOL 0.02 MG / NORETHINDRONE ACETATE 1 MG ORAL TABLET) / 7 (ETHINYL ESTRADIOL 0.03 MG / NORETHINDRONE ACETATE 1 MG ORAL TABLET) / 9 (ETHINYL ESTRADIOL 0.035 MG / NORETHINDRONE ACETATE 1 MG ORAL TABLET) / 7 (FERROUS FUMARATE 75 MG ORAL TABLET) } PACK [TRI-LEGEST 28 DAY],TRI-LEGEST 28 DAY,ETHINYL ESTRADIOL 0.02 MG / ETHINYL ESTRADIOL 0.03 MG / ETHINYL ESTRADIOL 0.035 MG / FERROUS FUMARATE 75 MG / NORETHINDRONE ACETATE 1 MG,PACK
1999026,BPCK,{21 (ETHINYL ESTRADIOL 0.02 MG / LEVONORGESTREL 0.1 MG ORAL TABLET) / 7 (FERROUS BISGLYCINATE 36.5 MG ORAL TABLET) } PACK [BALCOLTRA 28 DAY],BALCOLTRA 28 DAY,ETHINYL ESTRADIOL 0.02 MG / FERROUS BISGLYCINATE 36.5 MG / LEVONORGESTREL 0.1 MG,PACK
2699611,BPCK,{21 (ETHINYL ESTRADIOL 0.02 MG / LEVONORGESTREL 0.1 MG ORAL TABLET) / 7 (FERROUS BISGLYCINATE 36.5 MG ORAL TABLET) } PACK [MINZOYA 28 DAY],MINZOYA 28 DAY,ETHINYL ESTRADIOL 0.02 MG / FERROUS BISGLYCINATE 36.5 MG / LEVONORGESTREL 0.1 MG,PACK
2672923,GPCK,{21 (ETHINYL ESTRADIOL 0.02 MG / LEVONORGESTREL 0.1 MG ORAL TABLET) / 7 (FERROUS BISGLYCINATE 36.5 MG ORAL TABLET) } PACK,,ETHINYL ESTRADIOL 0.02 MG / FERROUS BISGLYCINATE 36.5 MG / LEVONORGESTREL 0.1 MG,PACK
1358770,BPCK,{21 (ETHINYL ESTRADIOL 0.02 MG / NORETHINDRONE ACETATE 1 MG ORAL TABLET) / 7 (FERROUS FUMARATE 75 MG ORAL TABLET) } PACK [LOESTRIN FE 1/20 28 DAY],LOESTRIN FE 1/20 28 DAY,ETHINYL ESTRADIOL 0.02 MG / FERROUS FUMARATE 75 MG / NORETHINDRONE ACETATE 1 MG,PACK
1358775,BPCK,{21 (ETHINYL ESTRADIOL 0.02 MG / NORETHINDRONE ACETATE 1 MG ORAL TABLET) / 7 (FERROUS FUMARATE 75 MG ORAL TABLET) } PACK [MICROGESTIN FE 1/20 28 DAY],MICROGESTIN FE 1/20 28 DAY,ETHINYL ESTRADIOL 0.02 MG / FERROUS FUMARATE 75 MG / NORETHINDRONE ACETATE 1 MG,PACK
1722680,BPCK,{24 (ETHINYL ESTRADIOL 0.02 MG / NORETHINDRONE ACETATE 1 MG ORAL TABLET) / 4 (FERROUS FUMARATE 75 MG ORAL TABLET) } PACK [BLISOVI 24 FE 1/20 28 DAY],BLISOVI 24 FE 1/20 28 DAY,ETHINYL ESTRADIOL 0.02 MG / FERROUS FUMARATE 75 MG / NORETHINDRONE ACETATE 1 MG,PACK
1989507,BPCK,{24 (ETHINYL ESTRADIOL 0.02 MG / NORETHINDRONE ACETATE 1 MG ORAL TABLET) / 4 (FERROUS FUMARATE 75 MG ORAL TABLET) } PACK [HAILEY 24 FE 28 DAY],HAILEY 24 FE 28 DAY,ETHINYL ESTRADIOL 0.02 MG / FERROUS FUMARATE 75 MG / NORETHINDRONE ACETATE 1 MG,PACK
1989873,BPCK,{21 (ETHINYL ESTRADIOL 0.02 MG / NORETHINDRONE ACETATE 1 MG ORAL TABLET) / 7 (FERROUS FUMARATE 75 MG ORAL TABLET) } PACK [HAILEY FE 1/20 28 DAY],HAILEY FE 1/20 28 DAY,ETHINYL ESTRADIOL 0.02 MG / FERROUS FUMARATE 75 MG / NORETHINDRONE ACETATE 1 MG,PACK
2107008,BPCK,{24 (ETHINYL ESTRADIOL 0.02 MG / NORETHINDRONE ACETATE 1 MG ORAL TABLET) / 4 (FERROUS FUMARATE 75 MG ORAL TABLET) } PACK [TARINA 24 FE 1/20 28 DAY],TARINA 24 FE 1/20 28 DAY,ETHINYL ESTRADIOL 0.02 MG / FERROUS FUMARATE 75 MG / NORETHINDRONE ACETATE 1 MG,PACK
2608695,BPCK,{24 (ETHINYL ESTRADIOL 0.02 MG / NORETHINDRONE ACETATE 1 MG CHEWABLE TABLET) / 4 (FERROUS FUMARATE 75 MG ORAL TABLET) } PACK [FINZALA 24 FE CHEWABLE 28 DAY],FINZALA 24 FE CHEWABLE 28 DAY,ETHINYL ESTRADIOL 0.02 MG / FERROUS FUMARATE 75 MG / NORETHINDRONE ACETATE 1 MG,PACK
1873704,BPCK,{24 (ETHINYL ESTRADIOL 0.02 MG / NORETHINDRONE ACETATE 1 MG CHEWABLE TABLET) / 4 (FERROUS FUMARATE 75 MG ORAL TABLET) } PACK [MIBELAS 24 FE CHEWABLE 28 DAY],MIBELAS 24 FE CHEWABLE 28 DAY,ETHINYL ESTRADIOL 0.02 MG / FERROUS FUMARATE 75 MG / NORETHINDRONE ACETATE 1 MG,PACK
2703269,BPCK,{21 (ETHINYL ESTRADIOL 0.02 MG / NORETHINDRONE ACETATE 1 MG ORAL TABLET) / 7 (FERROUS FUMARATE 75 MG ORAL TABLET) } PACK [FEIRZA 1/20 28 DAY],FEIRZA 1/20 28 DAY,ETHINYL ESTRADIOL 0.02 MG / FERROUS FUMARATE 75 MG / NORETHINDRONE ACETATE 1 MG,PACK
2463741,BPCK,{24 (ETHINYL ESTRADIOL 0.02 MG / NORETHINDRONE ACETATE 1 MG ORAL CAPSULE) / 4 (FERROUS FUMARATE 75 MG ORAL CAPSULE) } PACK [GEMMILY 28 DAY],GEMMILY 28 DAY,ETHINYL ESTRADIOL 0.02 MG / FERROUS FUMARATE 75 MG / NORETHINDRONE ACETATE 1 MG,PACK
1421461,GPCK,{24 (ETHINYL ESTRADIOL 0.02 MG / NORETHINDRONE ACETATE 1 MG ORAL CAPSULE) / 4 (FERROUS FUMARATE 75 MG ORAL CAPSULE) } PACK,,ETHINYL ESTRADIOL 0.02 MG / FERROUS FUMARATE 75 MG / NORETHINDRONE ACETATE 1 MG,PACK
1426600,GPCK,{24 (ETHINYL ESTRADIOL 0.02 MG / NORETHINDRONE ACETATE 1 MG CHEWABLE TABLET) / 4 (FERROUS FUMARATE 75 MG ORAL TABLET) } PACK,,ETHINYL ESTRADIOL 0.02 MG / FERROUS FUMARATE 75 MG / NORETHINDRONE ACETATE 1 MG,PACK
1652084,BPCK,{24 (ETHINYL ESTRADIOL 0.02 MG / NORETHINDRONE ACETATE 1 MG ORAL TABLET) / 4 (FERROUS FUMARATE 75 MG ORAL TABLET) } PACK [JUNEL FE 24 1/20 28 DAY],JUNEL FE 24 1/20 28 DAY,ETHINYL ESTRADIOL 0.02 MG / FERROUS FUMARATE 75 MG / NORETHINDRONE ACETATE 1 MG,PACK
1440183,BPCK,{21 (ETHINYL ESTRADIOL 0.02 MG / NORETHINDRONE ACETATE 1 MG ORAL TABLET) / 7 (FERROUS FUMARATE 75 MG ORAL TABLET) } PACK [LARIN FE 1/20],LARIN FE 1/20,ETHINYL ESTRADIOL 0.02 MG / FERROUS FUMARATE 75 MG / NORETHINDRONE ACETATE 1 MG,PACK
1550536,BPCK,{21 (ETHINYL ESTRADIOL 0.02 MG / NORETHINDRONE ACETATE 1 MG ORAL TABLET) / 7 (FERROUS FUMARATE 75 MG ORAL TABLET) } PACK [TARINA FE 1/20 28 DAY],TARINA FE 1/20 28 DAY,ETHINYL ESTRADIOL 0.02 MG / FERROUS FUMARATE 75 MG / NORETHINDRONE ACETATE 1 MG,PACK
1358765,BPCK,{21 (ETHINYL ESTRADIOL 0.02 MG / NORETHINDRONE ACETATE 1 MG ORAL TABLET) / 7 (FERROUS FUMARATE 75 MG ORAL TABLET) } PACK [JUNEL FE 1/20 28 DAY],JUNEL FE 1/20 28 DAY,ETHINYL ESTRADIOL 0.02 MG / FERROUS FUMARATE 75 MG / NORETHINDRONE ACETATE 1 MG,PACK
1720616,BPCK,{21 (ETHINYL ESTRADIOL 0.02 MG / LEVONORGESTREL 0.1 MG ORAL TABLET) / 7 (INERT INGREDIENTS 1 MG ORAL TABLET) } PACK [VIENVA 28 DAY],VIENVA 28 DAY,ETHINYL ESTRADIOL 0.02 MG / INERT INGREDIENTS 1 MG / LEVONORGESTREL 0.1 MG,PACK
751885,BPCK,{21 (ETHINYL ESTRADIOL 0.02 MG / LEVONORGESTREL 0.1 MG ORAL TABLET) / 7 (INERT INGREDIENTS 1 MG ORAL TABLET) } PACK [LESSINA 28 DAY],LESSINA 28 DAY,ETHINYL ESTRADIOL 0.02 MG / INERT INGREDIENTS 1 MG / LEVONORGESTREL 0.1 MG,PACK
2465331,BPCK,{21 (ETHINYL ESTRADIOL 0.02 MG / LEVONORGESTREL 0.1 MG CHEWABLE TABLET) / 7 (INERT INGREDIENTS 1 MG CHEWABLE TABLET) } PACK [TYBLUME 28 DAY],TYBLUME 28 DAY,ETHINYL ESTRADIOL 0.02 MG / INERT INGREDIENTS 1 MG / LEVONORGESTREL 0.1 MG,PACK
748868,GPCK,{21 (ETHINYL ESTRADIOL 0.02 MG / LEVONORGESTREL 0.1 MG ORAL TABLET) / 7 (INERT INGREDIENTS 1 MG ORAL TABLET) } PACK,,ETHINYL ESTRADIOL 0.02 MG / INERT INGREDIENTS 1 MG / LEVONORGESTREL 0.1 MG,PACK
750268,BPCK,{21 (ETHINYL ESTRADIOL 0.02 MG / LEVONORGESTREL 0.1 MG ORAL TABLET) / 7 (INERT INGREDIENTS 1 MG ORAL TABLET) } PACK [AVIANE 28],AVIANE 28,ETHINYL ESTRADIOL 0.02 MG / INERT INGREDIENTS 1 MG / LEVONORGESTREL 0.1 MG,PACK
1304988,BPCK,{21 (ETHINYL ESTRADIOL 0.02 MG / LEVONORGESTREL 0.1 MG ORAL TABLET) / 7 (INERT INGREDIENTS 1 MG ORAL TABLET) } PACK [FALMINA 28 DAY],FALMINA 28 DAY,ETHINYL ESTRADIOL 0.02 MG / INERT INGREDIENTS 1 MG / LEVONORGESTREL 0.1 MG,PACK
1440185,BPCK,{21 (ETHINYL ESTRADIOL 0.02 MG / LEVONORGESTREL 0.1 MG ORAL TABLET) / 7 (INERT INGREDIENTS 1 MG ORAL TABLET) } PACK [AUBRA 28 DAY],AUBRA 28 DAY,ETHINYL ESTRADIOL 0.02 MG / INERT INGREDIENTS 1 MG / LEVONORGESTREL 0.1 MG,PACK
2645083,BPCK,{21 (ETHINYL ESTRADIOL 0.02 MG / LEVONORGESTREL 0.1 MG ORAL TABLET) / 7 (INERT INGREDIENTS 1 MG ORAL TABLET) } PACK [JOYEAUX 28 DAY],JOYEAUX 28 DAY,ETHINYL ESTRADIOL 0.02 MG / INERT INGREDIENTS 1 MG / LEVONORGESTREL 0.1 MG,PACK
2696888,BPCK,{24 (ETHINYL ESTRADIOL 0.02 MG / NORETHINDRONE ACETATE 1 MG DISINTEGRATING ORAL TABLET) / 4 (INERT INGREDIENTS 1 MG DISINTEGRATING ORAL TABLET) } PACK [FEMLYV 24 ODT 28 DAY],FEMLYV 24 ODT 28 DAY,ETHINYL ESTRADIOL 0.02 MG / INERT INGREDIENTS 1 MG / NORETHINDRONE ACETATE 1 MG,PACK
2472307,BPCK,{28 (ETHINYL ESTRADIOL 0.02 MG / LEVONORGESTREL 0.09 MG ORAL TABLET) } PACK [DOLISHALE 28 DAY],DOLISHALE 28 DAY,ETHINYL ESTRADIOL 0.02 MG / LEVONORGESTREL 0.09 MG,PACK
751553,GPCK,{28 (ETHINYL ESTRADIOL 0.02 MG / LEVONORGESTREL 0.09 MG ORAL TABLET) } PACK,,ETHINYL ESTRADIOL 0.02 MG / LEVONORGESTREL 0.09 MG,PACK
1359020,BPCK,{21 (ETHINYL ESTRADIOL 0.02 MG / NORETHINDRONE ACETATE 1 MG ORAL TABLET) } PACK [MICROGESTIN 1/20 21 DAY],MICROGESTIN 1/20 21 DAY,ETHINYL ESTRADIOL 0.02 MG / NORETHINDRONE ACETATE 1 MG,PACK
1358781,BPCK,{21 (ETHINYL ESTRADIOL 0.02 MG / NORETHINDRONE ACETATE 1 MG ORAL TABLET) } PACK [LOESTRIN 1/20 21 DAY],LOESTRIN 1/20 21 DAY,ETHINYL ESTRADIOL 0.02 MG / NORETHINDRONE ACETATE 1 MG,PACK
1358776,GPCK,{21 (ETHINYL ESTRADIOL 0.02 MG / NORETHINDRONE ACETATE 1 MG ORAL TABLET) } PACK,,ETHINYL ESTRADIOL 0.02 MG / NORETHINDRONE ACETATE 1 MG,PACK
1358780,BPCK,{21 (ETHINYL ESTRADIOL 0.02 MG / NORETHINDRONE ACETATE 1 MG ORAL TABLET) } PACK [JUNEL 1/20 21 DAY],JUNEL 1/20 21 DAY,ETHINYL ESTRADIOL 0.02 MG / NORETHINDRONE ACETATE 1 MG,PACK
1487086,BPCK,{21 (ETHINYL ESTRADIOL 0.02 MG / NORETHINDRONE ACETATE 1 MG ORAL TABLET) } PACK [LARIN 1/20],LARIN 1/20,ETHINYL ESTRADIOL 0.02 MG / NORETHINDRONE ACETATE 1 MG,PACK
2714657,BPCK,{21 (ETHINYL ESTRADIOL 0.02 MG / NORETHINDRONE ACETATE 1 MG ORAL TABLET) } PACK [LUIZZA 1/20 21 DAY],LUIZZA 1/20 21 DAY,ETHINYL ESTRADIOL 0.02 MG / NORETHINDRONE ACETATE 1 MG,PACK
1727521,BPCK,{24 (ETHINYL ESTRADIOL 0.025 MG / NORETHINDRONE 0.8 MG CHEWABLE TABLET) / 4 (FERROUS FUMARATE 75 MG CHEWABLE TABLET) } PACK [KAITLIB FE 28 DAY],KAITLIB FE 28 DAY,ETHINYL ESTRADIOL 0.025 MG / FERROUS FUMARATE 75 MG / NORETHINDRONE 0.8 MG,PACK
2704559,BPCK,{24 (ETHINYL ESTRADIOL 0.025 MG / NORETHINDRONE 0.8 MG CHEWABLE TABLET) / 4 (FERROUS FUMARATE 75 MG CHEWABLE TABLET) } PACK [GALBRIELA 28 DAY],GALBRIELA 28 DAY,ETHINYL ESTRADIOL 0.025 MG / FERROUS FUMARATE 75 MG / NORETHINDRONE 0.8 MG,PACK
856467,BPCK,{7 (ETHINYL ESTRADIOL 0.025 MG / NORGESTIMATE 0.18 MG ORAL TABLET) / 7 (ETHINYL ESTRADIOL 0.025 MG / NORGESTIMATE 0.215 MG ORAL TABLET) / 7 (ETHINYL ESTRADIOL 0.025 MG / NORGESTIMATE 0.25 MG ORAL TABLET) / 7 (INERT INGREDIENTS 1 MG ORAL TABLET) } PACK [TRI-LO-SPRINTEC 28 DAY],TRI-LO-SPRINTEC 28 DAY,ETHINYL ESTRADIOL 0.025 MG / INERT INGREDIENTS 1 MG / NORGESTIMATE 0.18 MG / NORGESTIMATE 0.215 MG / NORGESTIMATE 0.25 MG,PACK
749157,GPCK,{7 (ETHINYL ESTRADIOL 0.025 MG / NORGESTIMATE 0.18 MG ORAL TABLET) / 7 (ETHINYL ESTRADIOL 0.025 MG / NORGESTIMATE 0.215 MG ORAL TABLET) / 7 (ETHINYL ESTRADIOL 0.025 MG / NORGESTIMATE 0.25 MG ORAL TABLET) / 7 (INERT INGREDIENTS 1 MG ORAL TABLET) } PACK,,ETHINYL ESTRADIOL 0.025 MG / INERT INGREDIENTS 1 MG / NORGESTIMATE 0.18 MG / NORGESTIMATE 0.215 MG / NORGESTIMATE 0.25 MG,PACK
1722676,BPCK,{7 (ETHINYL ESTRADIOL 0.025 MG / NORGESTIMATE 0.18 MG ORAL TABLET) / 7 (ETHINYL ESTRADIOL 0.025 MG / NORGESTIMATE 0.215 MG ORAL TABLET) / 7 (ETHINYL ESTRADIOL 0.025 MG / NORGESTIMATE 0.25 MG ORAL TABLET) / 7 (INERT INGREDIENTS 1 MG ORAL TABLET) } PACK [TRI-LO- ESTARYLLA 28 DAY],TRI-LO- ESTARYLLA 28 DAY,ETHINYL ESTRADIOL 0.025 MG / INERT INGREDIENTS 1 MG / NORGESTIMATE 0.18 MG / NORGESTIMATE 0.215 MG / NORGESTIMATE 0.25 MG,PACK
2104192,BPCK,{7 (ETHINYL ESTRADIOL 0.025 MG / NORGESTIMATE 0.18 MG ORAL TABLET) / 7 (ETHINYL ESTRADIOL 0.025 MG / NORGESTIMATE 0.215 MG ORAL TABLET) / 7 (ETHINYL ESTRADIOL 0.025 MG / NORGESTIMATE 0.25 MG ORAL TABLET) / 7 (INERT INGREDIENTS 1 MG ORAL TABLET) } PACK [TRI-VYLIBRA LO 28 DAY],TRI-VYLIBRA LO 28 DAY,ETHINYL ESTRADIOL 0.025 MG / INERT INGREDIENTS 1 MG / NORGESTIMATE 0.18 MG / NORGESTIMATE 0.215 MG / NORGESTIMATE 0.25 MG,PACK
748832,GPCK,{6 (ETHINYL ESTRADIOL 0.03 MG / LEVONORGESTREL 0.05 MG ORAL TABLET) / 10 (ETHINYL ESTRADIOL 0.03 MG / LEVONORGESTREL 0.125 MG ORAL TABLET) / 5 (ETHINYL ESTRADIOL 0.04 MG / LEVONORGESTREL 0.075 MG ORAL TABLET) / 7 (INERT INGREDIENTS 1 MG ORAL TABLET) } PACK,,ETHINYL ESTRADIOL 0.03 MG / ETHINYL ESTRADIOL 0.04 MG / INERT INGREDIENTS 1 MG / LEVONORGESTREL 0.05 MG / LEVONORGESTREL 0.075 MG,PACK
1095227,BPCK,{6 (ETHINYL ESTRADIOL 0.03 MG / LEVONORGESTREL 0.05 MG ORAL TABLET) / 10 (ETHINYL ESTRADIOL 0.03 MG / LEVONORGESTREL 0.125 MG ORAL TABLET) / 5 (ETHINYL ESTRADIOL 0.04 MG / LEVONORGESTREL 0.075 MG ORAL TABLET) / 7 (INERT INGREDIENTS 1 MG ORAL TABLET) } PACK [LEVONEST 28 DAY],LEVONEST 28 DAY,ETHINYL ESTRADIOL 0.03 MG / ETHINYL ESTRADIOL 0.04 MG / INERT INGREDIENTS 1 MG / LEVONORGESTREL 0.05 MG / LEVONORGESTREL 0.075 MG,PACK
1359027,BPCK,{21 (ETHINYL ESTRADIOL 0.03 MG / NORETHINDRONE ACETATE 1.5 MG ORAL TABLET) / 7 (FERROUS FUMARATE 75 MG ORAL TABLET) } PACK [MICROGESTIN FE 1.5/30 28 DAY],MICROGESTIN FE 1.5/30 28 DAY,ETHINYL ESTRADIOL 0.03 MG / FERROUS FUMARATE 75 MG / NORETHINDRONE ACETATE 1.5 MG,PACK
1440937,BPCK,{21 (ETHINYL ESTRADIOL 0.03 MG / NORETHINDRONE ACETATE 1.5 MG ORAL TABLET) / 7 (FERROUS FUMARATE 75 MG ORAL TABLET) } PACK [LARIN FE 1.5/30],LARIN FE 1.5/30,ETHINYL ESTRADIOL 0.03 MG / FERROUS FUMARATE 75 MG / NORETHINDRONE ACETATE 1.5 MG,PACK
1359026,BPCK,{21 (ETHINYL ESTRADIOL 0.03 MG / NORETHINDRONE ACETATE 1.5 MG ORAL TABLET) / 7 (FERROUS FUMARATE 75 MG ORAL TABLET) } PACK [LOESTRIN FE 1.5/30 28 DAY],LOESTRIN FE 1.5/30 28 DAY,ETHINYL ESTRADIOL 0.03 MG / FERROUS FUMARATE 75 MG / NORETHINDRONE ACETATE 1.5 MG,PACK
1729516,BPCK,{21 (ETHINYL ESTRADIOL 0.03 MG / NORETHINDRONE ACETATE 1.5 MG ORAL TABLET) / 7 (FERROUS FUMARATE 75 MG ORAL TABLET) } PACK [BLISOVI 21 FE 1.5/30 28 DAY PACK],BLISOVI 21 FE 1.5/30 28 DAY PACK,ETHINYL ESTRADIOL 0.03 MG / FERROUS FUMARATE 75 MG / NORETHINDRONE ACETATE 1.5 MG,PACK
2703270,BPCK,{21 (ETHINYL ESTRADIOL 0.03 MG / NORETHINDRONE ACETATE 1.5 MG ORAL TABLET) / 7 (FERROUS FUMARATE 75 MG ORAL TABLET) } PACK [FEIRZA 1.5/30 28 DAY],FEIRZA 1.5/30 28 DAY,ETHINYL ESTRADIOL 0.03 MG / FERROUS FUMARATE 75 MG / NORETHINDRONE ACETATE 1.5 MG,PACK
1359025,BPCK,{21 (ETHINYL ESTRADIOL 0.03 MG / NORETHINDRONE ACETATE 1.5 MG ORAL TABLET) / 7 (FERROUS FUMARATE 75 MG ORAL TABLET) } PACK [JUNEL FE 1.5/30 28 DAY],JUNEL FE 1.5/30 28 DAY,ETHINYL ESTRADIOL 0.03 MG / FERROUS FUMARATE 75 MG / NORETHINDRONE ACETATE 1.5 MG,PACK
2049264,BPCK,{84 (ETHINYL ESTRADIOL 0.03 MG / LEVONORGESTREL 0.15 MG ORAL TABLET) / 7 (INERT INGREDIENTS 1 MG ORAL TABLET) } PACK [ICLEVIA 91 DAY],ICLEVIA 91 DAY,ETHINYL ESTRADIOL 0.03 MG / INERT INGREDIENTS 1 MG / LEVONORGESTREL 0.15 MG,PACK
751890,BPCK,{21 (ETHINYL ESTRADIOL 0.03 MG / LEVONORGESTREL 0.15 MG ORAL TABLET) / 7 (INERT INGREDIENTS 1 MG ORAL TABLET) } PACK [PORTIA 28 DAY],PORTIA 28 DAY,ETHINYL ESTRADIOL 0.03 MG / INERT INGREDIENTS 1 MG / LEVONORGESTREL 0.15 MG,PACK
751901,GPCK,{84 (ETHINYL ESTRADIOL 0.03 MG / LEVONORGESTREL 0.15 MG ORAL TABLET) / 7 (INERT INGREDIENTS 1 MG ORAL TABLET) } PACK,,ETHINYL ESTRADIOL 0.03 MG / INERT INGREDIENTS 1 MG / LEVONORGESTREL 0.15 MG,PACK
1661092,BPCK,{84 (ETHINYL ESTRADIOL 0.03 MG / LEVONORGESTREL 0.15 MG ORAL TABLET) / 7 (INERT INGREDIENTS 1 MG ORAL TABLET) } PACK [SETLAKIN 91 DAY],SETLAKIN 91 DAY,ETHINYL ESTRADIOL 0.03 MG / INERT INGREDIENTS 1 MG / LEVONORGESTREL 0.15 MG,PACK
1245919,BPCK,{21 (ETHINYL ESTRADIOL 0.03 MG / LEVONORGESTREL 0.15 MG ORAL TABLET) / 7 (INERT INGREDIENTS 1 MG ORAL TABLET) } PACK [MARLISSA 28 DAY],MARLISSA 28 DAY,ETHINYL ESTRADIOL 0.03 MG / INERT INGREDIENTS 1 MG / LEVONORGESTREL 0.15 MG,PACK
1006065,BPCK,{21 (ETHINYL ESTRADIOL 0.03 MG / LEVONORGESTREL 0.15 MG ORAL TABLET) / 7 (INERT INGREDIENTS 1 MG ORAL TABLET) } PACK [ALTAVERA 28 DAY],ALTAVERA 28 DAY,ETHINYL ESTRADIOL 0.03 MG / INERT INGREDIENTS 1 MG / LEVONORGESTREL 0.15 MG,PACK
1020155,BPCK,{84 (ETHINYL ESTRADIOL 0.03 MG / LEVONORGESTREL 0.15 MG ORAL TABLET) / 7 (INERT INGREDIENTS 1 MG ORAL TABLET) } PACK [INTROVALE 91 DAY],INTROVALE 91 DAY,ETHINYL ESTRADIOL 0.03 MG / INERT INGREDIENTS 1 MG / LEVONORGESTREL 0.15 MG,PACK
1356074,BPCK,{21 (ETHINYL ESTRADIOL 0.03 MG / LEVONORGESTREL 0.15 MG ORAL TABLET) / 7 (INERT INGREDIENTS 1 MG ORAL TABLET) } PACK [KURVELO],KURVELO,ETHINYL ESTRADIOL 0.03 MG / INERT INGREDIENTS 1 MG / LEVONORGESTREL 0.15 MG,PACK
2665903,BPCK,{21 (ETHINYL ESTRADIOL 0.03 MG / NORGESTREL 0.3 MG ORAL TABLET) / 7 (INERT INGREDIENTS 1 MG ORAL TABLET) } PACK [TURQOZ 28 DAY],TURQOZ 28 DAY,ETHINYL ESTRADIOL 0.03 MG / INERT INGREDIENTS 1 MG / NORGESTREL 0.3 MG,PACK
750265,BPCK,{21 (ETHINYL ESTRADIOL 0.03 MG / NORGESTREL 0.3 MG ORAL TABLET) / 7 (INERT INGREDIENTS 1 MG ORAL TABLET) } PACK [CRYSELLE 28],CRYSELLE 28,ETHINYL ESTRADIOL 0.03 MG / INERT INGREDIENTS 1 MG / NORGESTREL 0.3 MG,PACK
750244,BPCK,{21 (ETHINYL ESTRADIOL 0.03 MG / NORGESTREL 0.3 MG ORAL TABLET) / 7 (INERT INGREDIENTS 1 MG ORAL TABLET) } PACK [LOW-OGESTREL 28 DAY],LOW-OGESTREL 28 DAY,ETHINYL ESTRADIOL 0.03 MG / INERT INGREDIENTS 1 MG / NORGESTREL 0.3 MG,PACK
1359031,BPCK,{21 (ETHINYL ESTRADIOL 0.03 MG / NORETHINDRONE ACETATE 1.5 MG ORAL TABLET) } PACK [LOESTRIN 1.5/30 21 DAY],LOESTRIN 1.5/30 21 DAY,ETHINYL ESTRADIOL 0.03 MG / NORETHINDRONE ACETATE 1.5 MG,PACK
1359032,BPCK,{21 (ETHINYL ESTRADIOL 0.03 MG / NORETHINDRONE ACETATE 1.5 MG ORAL TABLET) } PACK [MICROGESTIN 1.5/30 21 DAY],MICROGESTIN 1.5/30 21 DAY,ETHINYL ESTRADIOL 0.03 MG / NORETHINDRONE ACETATE 1.5 MG,PACK
1537209,BPCK,{21 (ETHINYL ESTRADIOL 0.03 MG / NORETHINDRONE ACETATE 1.5 MG ORAL TABLET) } PACK [LARIN 1.5/30],LARIN 1.5/30,ETHINYL ESTRADIOL 0.03 MG / NORETHINDRONE ACETATE 1.5 MG,PACK
2712092,BPCK,{21 (ETHINYL ESTRADIOL 0.03 MG / NORETHINDRONE ACETATE 1.5 MG ORAL TABLET) } PACK [LUIZZA 1.5/30 21 DAY],LUIZZA 1.5/30 21 DAY,ETHINYL ESTRADIOL 0.03 MG / NORETHINDRONE ACETATE 1.5 MG,PACK
1359030,BPCK,{21 (ETHINYL ESTRADIOL 0.03 MG / NORETHINDRONE ACETATE 1.5 MG ORAL TABLET) } PACK [JUNEL 1.5/30 21 DAY],JUNEL 1.5/30 21 DAY,ETHINYL ESTRADIOL 0.03 MG / NORETHINDRONE ACETATE 1.5 MG,PACK
2704561,BPCK,{21 (ETHINYL ESTRADIOL 0.035 MG / ETHYNODIOL DIACETATE 1 MG ORAL TABLET) / 7 (INERT INGREDIENTS 1 MG ORAL TABLET) } PACK [VALTYA 1/35 28 DAY],VALTYA 1/35 28 DAY,ETHINYL ESTRADIOL 0.035 MG / ETHYNODIOL DIACETATE 1 MG / INERT INGREDIENTS 1 MG,PACK
748859,BPCK,{21 (ETHINYL ESTRADIOL 0.035 MG / ETHYNODIOL DIACETATE 1 MG ORAL TABLET) / 7 (INERT INGREDIENTS 1 MG ORAL TABLET) } PACK [ZOVIA 1/35E 28 DAY],ZOVIA 1/35E 28 DAY,ETHINYL ESTRADIOL 0.035 MG / ETHYNODIOL DIACETATE 1 MG / INERT INGREDIENTS 1 MG,PACK
753483,BPCK,{21 (ETHINYL ESTRADIOL 0.035 MG / ETHYNODIOL DIACETATE 1 MG ORAL TABLET) / 7 (INERT INGREDIENTS 1 MG ORAL TABLET) } PACK [KELNOR 1/35 28 DAY],KELNOR 1/35 28 DAY,ETHINYL ESTRADIOL 0.035 MG / ETHYNODIOL DIACETATE 1 MG / INERT INGREDIENTS 1 MG,PACK
1486452,BPCK,{21 (ETHINYL ESTRADIOL 0.035 MG / NORETHINDRONE 0.4 MG CHEWABLE TABLET) / 7 (FERROUS FUMARATE 75 MG CHEWABLE TABLET) } PACK [WYMZYA FE 28 DAY],WYMZYA FE 28 DAY,ETHINYL ESTRADIOL 0.035 MG / FERROUS FUMARATE 75 MG / NORETHINDRONE 0.4 MG,PACK
2703268,BPCK,{21 (ETHINYL ESTRADIOL 0.035 MG / NORETHINDRONE 0.4 MG CHEWABLE TABLET) / 7 (FERROUS FUMARATE 75 MG CHEWABLE TABLET) } PACK [XELRIA FE 28 DAY],XELRIA FE 28 DAY,ETHINYL ESTRADIOL 0.035 MG / FERROUS FUMARATE 75 MG / NORETHINDRONE 0.4 MG,PACK
1095362,BPCK,{21 (ETHINYL ESTRADIOL 0.035 MG / NORETHINDRONE 0.4 MG ORAL TABLET) / 7 (INERT INGREDIENTS 1 MG ORAL TABLET) } PACK [BALZIVA 28 DAY],BALZIVA 28 DAY,ETHINYL ESTRADIOL 0.035 MG / INERT INGREDIENTS 1 MG / NORETHINDRONE 0.4 MG,PACK
1485332,BPCK,{21 (ETHINYL ESTRADIOL 0.035 MG / NORETHINDRONE 0.4 MG ORAL TABLET) / 7 (INERT INGREDIENTS 1 MG ORAL TABLET) } PACK [VYFEMLA 28 DAY],VYFEMLA 28 DAY,ETHINYL ESTRADIOL 0.035 MG / INERT INGREDIENTS 1 MG / NORETHINDRONE 0.4 MG,PACK
1094543,BPCK,{21 (ETHINYL ESTRADIOL 0.035 MG / NORETHINDRONE 0.4 MG ORAL TABLET) / 7 (INERT INGREDIENTS 1 MG ORAL TABLET) } PACK [BRIELLYN 28 DAY],BRIELLYN 28 DAY,ETHINYL ESTRADIOL 0.035 MG / INERT INGREDIENTS 1 MG / NORETHINDRONE 0.4 MG,PACK
751875,BPCK,{21 (ETHINYL ESTRADIOL 0.035 MG / NORETHINDRONE 0.5 MG ORAL TABLET) / 7 (INERT INGREDIENTS 1 MG ORAL TABLET) } PACK [NECON 0.5/35 28 DAY],NECON 0.5/35 28 DAY,ETHINYL ESTRADIOL 0.035 MG / INERT INGREDIENTS 1 MG / NORETHINDRONE 0.5 MG,PACK
751868,BPCK,{21 (ETHINYL ESTRADIOL 0.035 MG / NORETHINDRONE 0.5 MG ORAL TABLET) / 7 (INERT INGREDIENTS 1 MG ORAL TABLET) } PACK [NORTREL 0.5/35 28 DAY],NORTREL 0.5/35 28 DAY,ETHINYL ESTRADIOL 0.035 MG / INERT INGREDIENTS 1 MG / NORETHINDRONE 0.5 MG,PACK
1856424,BPCK,{7 (ETHINYL ESTRADIOL 0.035 MG / NORETHINDRONE 0.5 MG ORAL TABLET) / 7 (ETHINYL ESTRADIOL 0.035 MG / NORETHINDRONE 0.75 MG ORAL TABLET) / 7 (ETHINYL ESTRADIOL 0.035 MG / NORETHINDRONE 1 MG ORAL TABLET) / 7 (INERT INGREDIENTS 1 MG ORAL TABLET) } PACK [NYLIA 7/7/7 28 DAY],NYLIA 7/7/7 28 DAY,ETHINYL ESTRADIOL 0.035 MG / INERT INGREDIENTS 1 MG / NORETHINDRONE 0.5 MG / NORETHINDRONE 0.75 MG / NORETHINDRONE 1 MG,PACK
762007,BPCK,{7 (ETHINYL ESTRADIOL 0.035 MG / NORETHINDRONE 0.5 MG ORAL TABLET) / 7 (ETHINYL ESTRADIOL 0.035 MG / NORETHINDRONE 0.75 MG ORAL TABLET) / 7 (ETHINYL ESTRADIOL 0.035 MG / NORETHINDRONE 1 MG ORAL TABLET) / 7 (INERT INGREDIENTS 1 MG ORAL TABLET) } PACK [NORTREL 7/7/7 28 DAY],NORTREL 7/7/7 28 DAY,ETHINYL ESTRADIOL 0.035 MG / INERT INGREDIENTS 1 MG / NORETHINDRONE 0.5 MG / NORETHINDRONE 0.75 MG / NORETHINDRONE 1 MG,PACK
750267,BPCK,{12 (ETHINYL ESTRADIOL 0.035 MG / NORETHINDRONE 0.5 MG ORAL TABLET) / 9 (ETHINYL ESTRADIOL 0.035 MG / NORETHINDRONE 1 MG ORAL TABLET) / 7 (INERT INGREDIENTS 1 MG ORAL TABLET) } PACK [ARANELLE 28],ARANELLE 28,ETHINYL ESTRADIOL 0.035 MG / INERT INGREDIENTS 1 MG / NORETHINDRONE 0.5 MG / NORETHINDRONE 1 MG,PACK
1242786,BPCK,{21 (ETHINYL ESTRADIOL 0.035 MG / NORETHINDRONE 1 MG ORAL TABLET) / 7 (INERT INGREDIENTS 1 MG ORAL TABLET) } PACK [ALYACEN 1/35],ALYACEN 1/35,ETHINYL ESTRADIOL 0.035 MG / INERT INGREDIENTS 1 MG / NORETHINDRONE 1 MG,PACK
1856402,BPCK,{21 (ETHINYL ESTRADIOL 0.035 MG / NORETHINDRONE 1 MG ORAL TABLET) / 7 (INERT INGREDIENTS 1 MG ORAL TABLET) } PACK [NYLIA 1/35 28 DAY],NYLIA 1/35 28 DAY,ETHINYL ESTRADIOL 0.035 MG / INERT INGREDIENTS 1 MG / NORETHINDRONE 1 MG,PACK
751870,BPCK,{21 (ETHINYL ESTRADIOL 0.035 MG / NORETHINDRONE 1 MG ORAL TABLET) / 7 (INERT INGREDIENTS 1 MG ORAL TABLET) } PACK [NORTREL 1/35 28 DAY],NORTREL 1/35 28 DAY,ETHINYL ESTRADIOL 0.035 MG / INERT INGREDIENTS 1 MG / NORETHINDRONE 1 MG,PACK
1994764,BPCK,{7 (ETHINYL ESTRADIOL 0.035 MG / NORGESTIMATE 0.18 MG ORAL TABLET) / 7 (ETHINYL ESTRADIOL 0.035 MG / NORGESTIMATE 0.215 MG ORAL TABLET) / 7 (ETHINYL ESTRADIOL 0.035 MG / NORGESTIMATE 0.25 MG ORAL TABLET) / 7 (INERT INGREDIENTS 1 MG ORAL TABLET) } PACK [TRI-VYLIBRA 28 DAY],TRI-VYLIBRA 28 DAY,ETHINYL ESTRADIOL 0.035 MG / INERT INGREDIENTS 1 MG / NORGESTIMATE 0.18 MG / NORGESTIMATE 0.215 MG / NORGESTIMATE 0.25 MG,PACK
762333,BPCK,{7 (ETHINYL ESTRADIOL 0.035 MG / NORGESTIMATE 0.18 MG ORAL TABLET) / 7 (ETHINYL ESTRADIOL 0.035 MG / NORGESTIMATE 0.215 MG ORAL TABLET) / 7 (ETHINYL ESTRADIOL 0.035 MG / NORGESTIMATE 0.25 MG ORAL TABLET) / 7 (INERT INGREDIENTS 1 MG ORAL TABLET) } PACK [TRI-SPRINTEC 28 DAY],TRI-SPRINTEC 28 DAY,ETHINYL ESTRADIOL 0.035 MG / INERT INGREDIENTS 1 MG / NORGESTIMATE 0.18 MG / NORGESTIMATE 0.215 MG / NORGESTIMATE 0.25 MG,PACK
749784,GPCK,{7 (ETHINYL ESTRADIOL 0.035 MG / NORGESTIMATE 0.18 MG ORAL TABLET) / 7 (ETHINYL ESTRADIOL 0.035 MG / NORGESTIMATE 0.215 MG ORAL TABLET) / 7 (ETHINYL ESTRADIOL 0.035 MG / NORGESTIMATE 0.25 MG ORAL TABLET) / 7 (INERT INGREDIENTS 1 MG ORAL TABLET) } PACK,,ETHINYL ESTRADIOL 0.035 MG / INERT INGREDIENTS 1 MG / NORGESTIMATE 0.18 MG / NORGESTIMATE 0.215 MG / NORGESTIMATE 0.25 MG,PACK
1369770,BPCK,{7 (ETHINYL ESTRADIOL 0.035 MG / NORGESTIMATE 0.18 MG ORAL TABLET) / 7 (ETHINYL ESTRADIOL 0.035 MG / NORGESTIMATE 0.215 MG ORAL TABLET) / 7 (ETHINYL ESTRADIOL 0.035 MG / NORGESTIMATE 0.25 MG ORAL TABLET) / 7 (INERT INGREDIENTS 1 MG ORAL TABLET) } PACK [TRI-ESTARYLLA 28 DAY],TRI-ESTARYLLA 28 DAY,ETHINYL ESTRADIOL 0.035 MG / INERT INGREDIENTS 1 MG / NORGESTIMATE 0.18 MG / NORGESTIMATE 0.215 MG / NORGESTIMATE 0.25 MG,PACK
1800500,BPCK,{7 (ETHINYL ESTRADIOL 0.035 MG / NORGESTIMATE 0.18 MG ORAL TABLET) / 7 (ETHINYL ESTRADIOL 0.035 MG / NORGESTIMATE 0.215 MG ORAL TABLET) / 7 (ETHINYL ESTRADIOL 0.035 MG / NORGESTIMATE 0.25 MG ORAL TABLET) / 7 (INERT INGREDIENTS 1 MG ORAL TABLET) } PACK [TRI-MILI 28 DAY],TRI-MILI 28 DAY,ETHINYL ESTRADIOL 0.035 MG / INERT INGREDIENTS 1 MG / NORGESTIMATE 0.18 MG / NORGESTIMATE 0.215 MG / NORGESTIMATE 0.25 MG,PACK
1369737,BPCK,{21 (ETHINYL ESTRADIOL 0.035 MG / NORGESTIMATE 0.25 MG ORAL TABLET) / 7 (INERT INGREDIENTS 1 MG ORAL TABLET) } PACK [ESTARYLLA 28 DAY],ESTARYLLA 28 DAY,ETHINYL ESTRADIOL 0.035 MG / INERT INGREDIENTS 1 MG / NORGESTIMATE 0.25 MG,PACK
1800499,BPCK,{21 (ETHINYL ESTRADIOL 0.035 MG / NORGESTIMATE 0.25 MG ORAL TABLET) / 7 (INERT INGREDIENTS 1 MG ORAL TABLET) } PACK [MILI 28 DAY],MILI 28 DAY,ETHINYL ESTRADIOL 0.035 MG / INERT INGREDIENTS 1 MG / NORGESTIMATE 0.25 MG,PACK
753481,BPCK,{21 (ETHINYL ESTRADIOL 0.035 MG / NORGESTIMATE 0.25 MG ORAL TABLET) / 7 (INERT INGREDIENTS 1 MG ORAL TABLET) } PACK [SPRINTEC 28 DAY],SPRINTEC 28 DAY,ETHINYL ESTRADIOL 0.035 MG / INERT INGREDIENTS 1 MG / NORGESTIMATE 0.25 MG,PACK
1994758,BPCK,{21 (ETHINYL ESTRADIOL 0.035 MG / NORGESTIMATE 0.25 MG ORAL TABLET) / 7 (INERT INGREDIENTS 1 MG ORAL TABLET) } PACK [VYLIBRA 28 DAY],VYLIBRA 28 DAY,ETHINYL ESTRADIOL 0.035 MG / INERT INGREDIENTS 1 MG / NORGESTIMATE 0.25 MG,PACK
749860,GPCK,{21 (ETHINYL ESTRADIOL 0.035 MG / NORGESTIMATE 0.25 MG ORAL TABLET) / 7 (INERT INGREDIENTS 1 MG ORAL TABLET) } PACK,,ETHINYL ESTRADIOL 0.035 MG / INERT INGREDIENTS 1 MG / NORGESTIMATE 0.25 MG,PACK
751871,BPCK,{21 (ETHINYL ESTRADIOL 0.035 MG / NORETHINDRONE 1 MG ORAL TABLET) } PACK [NORTREL 1/35 21 DAY],NORTREL 1/35 21 DAY,ETHINYL ESTRADIOL 0.035 MG / NORETHINDRONE 1 MG,PACK
2704562,BPCK,{21 (ETHINYL ESTRADIOL 0.05 MG / ETHYNODIOL DIACETATE 1 MG ORAL TABLET) / 7 (INERT INGREDIENTS 1 MG ORAL TABLET) } PACK [VALTYA 1/50 28 DAY],VALTYA 1/50 28 DAY,ETHINYL ESTRADIOL 0.05 MG / ETHYNODIOL DIACETATE 1 MG / INERT INGREDIENTS 1 MG,PACK
197682,SCD,ETHOSUXIMIDE 250 MG ORAL CAPSULE,,ETHOSUXIMIDE 250 MG,ORAL CAPSULE
201737,SBD,ETHOSUXIMIDE 250 MG ORAL CAPSULE [ZARONTIN],ZARONTIN,ETHOSUXIMIDE 250 MG,ORAL CAPSULE
755357,SBD,ETHOSUXIMIDE 50 MG/ML ORAL SOLUTION [ZARONTIN],ZARONTIN,ETHOSUXIMIDE 50 MG/ML,ORAL SOLUTION
251322,SCD,ETHOSUXIMIDE 50 MG/ML ORAL SOLUTION,,ETHOSUXIMIDE 50 MG/ML,ORAL SOLUTION
197684,SCD,ETODOLAC 200 MG ORAL CAPSULE,,ETODOLAC 200 MG,ORAL CAPSULE
197685,SCD,ETODOLAC 300 MG ORAL CAPSULE,,ETODOLAC 300 MG,ORAL CAPSULE
197686,SCD,ETODOLAC 400 MG ORAL TABLET,,ETODOLAC 400 MG,ORAL TABLET
310245,SCD,24 HR ETODOLAC 400 MG EXTENDED RELEASE ORAL TABLET,,ETODOLAC 400 MG,EXTENDED RELEASE ORAL TABLET
206812,SBD,ETODOLAC 400 MG ORAL TABLET [LODINE],LODINE,ETODOLAC 400 MG,ORAL TABLET
199390,SCD,ETODOLAC 500 MG ORAL TABLET,,ETODOLAC 500 MG,ORAL TABLET
359500,SCD,24 HR ETODOLAC 500 MG EXTENDED RELEASE ORAL TABLET,,ETODOLAC 500 MG,EXTENDED RELEASE ORAL TABLET
310247,SCD,24 HR ETODOLAC 600 MG EXTENDED RELEASE ORAL TABLET,,ETODOLAC 600 MG,EXTENDED RELEASE ORAL TABLET
1111011,SBD,ETONOGESTREL 68 MG DRUG IMPLANT [NEXPLANON],NEXPLANON,ETONOGESTREL 68 MG,DRUG IMPLANT
2668057,SBD,ETRASIMOD 2 MG ORAL TABLET [VELSIPITY],VELSIPITY,ETRASIMOD 2 MG,ORAL TABLET
754761,SCD,ETRAVIRINE 100 MG ORAL TABLET,,ETRAVIRINE 100 MG,ORAL TABLET
1052660,SBD,ETRAVIRINE 200 MG ORAL TABLET [INTELENCE],INTELENCE,ETRAVIRINE 200 MG,ORAL TABLET
1052658,SCD,ETRAVIRINE 200 MG ORAL TABLET,,ETRAVIRINE 200 MG,ORAL TABLET
1250723,SBD,ETRAVIRINE 25 MG ORAL TABLET [INTELENCE],INTELENCE,ETRAVIRINE 25 MG,ORAL TABLET
2730313,SBD,ETRIPAMIL 35 MG/ACTUAT NASAL SPRAY [CARDAMYST],CARDAMYST,ETRIPAMIL 35 MG/ACTUAT,NASAL SPRAY
977431,SBD,EVEROLIMUS 0.25 MG ORAL TABLET [ZORTRESS],ZORTRESS,EVEROLIMUS 0.25 MG,ORAL TABLET
977427,SCD,EVEROLIMUS 0.25 MG ORAL TABLET,,EVEROLIMUS 0.25 MG,ORAL TABLET
977436,SBD,EVEROLIMUS 0.5 MG ORAL TABLET [ZORTRESS],ZORTRESS,EVEROLIMUS 0.5 MG,ORAL TABLET
977434,SCD,EVEROLIMUS 0.5 MG ORAL TABLET,,EVEROLIMUS 0.5 MG,ORAL TABLET
977440,SBD,EVEROLIMUS 0.75 MG ORAL TABLET [ZORTRESS],ZORTRESS,EVEROLIMUS 0.75 MG,ORAL TABLET
977438,SCD,EVEROLIMUS 0.75 MG ORAL TABLET,,EVEROLIMUS 0.75 MG,ORAL TABLET
2056895,SCD,EVEROLIMUS 1 MG ORAL TABLET,,EVEROLIMUS 1 MG,ORAL TABLET
2056897,SBD,EVEROLIMUS 1 MG ORAL TABLET [ZORTRESS],ZORTRESS,EVEROLIMUS 1 MG,ORAL TABLET
2685204,SBD,EVEROLIMUS 10 MG ORAL TABLET [TORPENZ],TORPENZ,EVEROLIMUS 10 MG,ORAL TABLET
2745127,SBD,EVEROLIMUS 10 MG ORAL TABLET [YULITHIRA],YULITHIRA,EVEROLIMUS 10 MG,ORAL TABLET
845512,SBD,EVEROLIMUS 10 MG ORAL TABLET [AFINITOR],AFINITOR,EVEROLIMUS 10 MG,ORAL TABLET
845507,SCD,EVEROLIMUS 10 MG ORAL TABLET,,EVEROLIMUS 10 MG,ORAL TABLET
1310138,SBD,EVEROLIMUS 2 MG TABLET FOR ORAL SUSPENSION [AFINITOR],AFINITOR,EVEROLIMUS 2 MG,TABLET FOR ORAL SUSPENSION
1308428,SCD,EVEROLIMUS 2 MG TABLET FOR ORAL SUSPENSION,,EVEROLIMUS 2 MG,TABLET FOR ORAL SUSPENSION
998191,SBD,EVEROLIMUS 2.5 MG ORAL TABLET [AFINITOR],AFINITOR,EVEROLIMUS 2.5 MG,ORAL TABLET
2685202,SBD,EVEROLIMUS 2.5 MG ORAL TABLET [TORPENZ],TORPENZ,EVEROLIMUS 2.5 MG,ORAL TABLET
2745129,SBD,EVEROLIMUS 2.5 MG ORAL TABLET [YULITHIRA],YULITHIRA,EVEROLIMUS 2.5 MG,ORAL TABLET
998189,SCD,EVEROLIMUS 2.5 MG ORAL TABLET,,EVEROLIMUS 2.5 MG,ORAL TABLET
1310144,SBD,EVEROLIMUS 3 MG TABLET FOR ORAL SUSPENSION [AFINITOR],AFINITOR,EVEROLIMUS 3 MG,TABLET FOR ORAL SUSPENSION
1308430,SCD,EVEROLIMUS 3 MG TABLET FOR ORAL SUSPENSION,,EVEROLIMUS 3 MG,TABLET FOR ORAL SUSPENSION
845515,SCD,EVEROLIMUS 5 MG ORAL TABLET,,EVEROLIMUS 5 MG,ORAL TABLET
845518,SBD,EVEROLIMUS 5 MG ORAL TABLET [AFINITOR],AFINITOR,EVEROLIMUS 5 MG,ORAL TABLET
1308432,SCD,EVEROLIMUS 5 MG TABLET FOR ORAL SUSPENSION,,EVEROLIMUS 5 MG,TABLET FOR ORAL SUSPENSION
1310147,SBD,EVEROLIMUS 5 MG TABLET FOR ORAL SUSPENSION [AFINITOR],AFINITOR,EVEROLIMUS 5 MG,TABLET FOR ORAL SUSPENSION
2685206,SBD,EVEROLIMUS 5 MG ORAL TABLET [TORPENZ],TORPENZ,EVEROLIMUS 5 MG,ORAL TABLET
2745131,SBD,EVEROLIMUS 5 MG ORAL TABLET [YULITHIRA],YULITHIRA,EVEROLIMUS 5 MG,ORAL TABLET
1119400,SCD,EVEROLIMUS 7.5 MG ORAL TABLET,,EVEROLIMUS 7.5 MG,ORAL TABLET
1119402,SBD,EVEROLIMUS 7.5 MG ORAL TABLET [AFINITOR],AFINITOR,EVEROLIMUS 7.5 MG,ORAL TABLET
2745133,SBD,EVEROLIMUS 7.5 MG ORAL TABLET [YULITHIRA],YULITHIRA,EVEROLIMUS 7.5 MG,ORAL TABLET
2685208,SBD,EVEROLIMUS 7.5 MG ORAL TABLET [TORPENZ],TORPENZ,EVEROLIMUS 7.5 MG,ORAL TABLET
1665900,SBD,1 ML EVOLOCUMAB 140 MG/ML AUTO-INJECTOR [REPATHA],REPATHA,EVOLOCUMAB 140 MG/ML,AUTO-INJECTOR
1665906,SBD,1 ML EVOLOCUMAB 140 MG/ML PREFILLED SYRINGE [REPATHA],REPATHA,EVOLOCUMAB 140 MG/ML,PREFILLED SYRINGE
261317,SBD,EXEMESTANE 25 MG ORAL TABLET [AROMASIN],AROMASIN,EXEMESTANE 25 MG,ORAL TABLET
310261,SCD,EXEMESTANE 25 MG ORAL TABLET,,EXEMESTANE 25 MG,ORAL TABLET
349556,SCD,EZETIMIBE 10 MG ORAL TABLET,,EZETIMIBE 10 MG,ORAL TABLET
352304,SBD,EZETIMIBE 10 MG ORAL TABLET [ZETIA],ZETIA,EZETIMIBE 10 MG,ORAL TABLET
1245420,SBD,EZETIMIBE 10 MG / SIMVASTATIN 10 MG ORAL TABLET [VYTORIN],VYTORIN,EZETIMIBE 10 MG / SIMVASTATIN 10 MG,ORAL TABLET
476345,SCD,EZETIMIBE 10 MG / SIMVASTATIN 10 MG ORAL TABLET,,EZETIMIBE 10 MG / SIMVASTATIN 10 MG,ORAL TABLET
1245430,SBD,EZETIMIBE 10 MG / SIMVASTATIN 20 MG ORAL TABLET [VYTORIN],VYTORIN,EZETIMIBE 10 MG / SIMVASTATIN 20 MG,ORAL TABLET
476349,SCD,EZETIMIBE 10 MG / SIMVASTATIN 20 MG ORAL TABLET,,EZETIMIBE 10 MG / SIMVASTATIN 20 MG,ORAL TABLET
476350,SCD,EZETIMIBE 10 MG / SIMVASTATIN 40 MG ORAL TABLET,,EZETIMIBE 10 MG / SIMVASTATIN 40 MG,ORAL TABLET
1245441,SBD,EZETIMIBE 10 MG / SIMVASTATIN 40 MG ORAL TABLET [VYTORIN],VYTORIN,EZETIMIBE 10 MG / SIMVASTATIN 40 MG,ORAL TABLET
476351,SCD,EZETIMIBE 10 MG / SIMVASTATIN 80 MG ORAL TABLET,,EZETIMIBE 10 MG / SIMVASTATIN 80 MG,ORAL TABLET
1245449,SBD,EZETIMIBE 10 MG / SIMVASTATIN 80 MG ORAL TABLET [VYTORIN],VYTORIN,EZETIMIBE 10 MG / SIMVASTATIN 80 MG,ORAL TABLET
199192,SCD,FAMCICLOVIR 125 MG ORAL TABLET,,FAMCICLOVIR 125 MG,ORAL TABLET
199193,SCD,FAMCICLOVIR 250 MG ORAL TABLET,,FAMCICLOVIR 250 MG,ORAL TABLET
198382,SCD,FAMCICLOVIR 500 MG ORAL TABLET,,FAMCICLOVIR 500 MG,ORAL TABLET
104094,SBD,FAMOTIDINE 20 MG ORAL TABLET [PEPCID],PEPCID,FAMOTIDINE 20 MG,ORAL TABLET
310273,SCD,FAMOTIDINE 20 MG ORAL TABLET,,FAMOTIDINE 20 MG,ORAL TABLET
1100066,SCD,FAMOTIDINE 26.6 MG / IBUPROFEN 800 MG ORAL TABLET,,FAMOTIDINE 26.6 MG / IBUPROFEN 800 MG,ORAL TABLET
104095,SBD,FAMOTIDINE 40 MG ORAL TABLET [PEPCID],PEPCID,FAMOTIDINE 40 MG,ORAL TABLET
284245,SCD,FAMOTIDINE 40 MG ORAL TABLET,,FAMOTIDINE 40 MG,ORAL TABLET
310274,SCD,FAMOTIDINE 8 MG/ML ORAL SUSPENSION,,FAMOTIDINE 8 MG/ML,ORAL SUSPENSION
834235,SCD,FEBUXOSTAT 40 MG ORAL TABLET,,FEBUXOSTAT 40 MG,ORAL TABLET
834239,SBD,FEBUXOSTAT 40 MG ORAL TABLET [ULORIC],ULORIC,FEBUXOSTAT 40 MG,ORAL TABLET
834243,SBD,FEBUXOSTAT 80 MG ORAL TABLET [ULORIC],ULORIC,FEBUXOSTAT 80 MG,ORAL TABLET
834241,SCD,FEBUXOSTAT 80 MG ORAL TABLET,,FEBUXOSTAT 80 MG,ORAL TABLET
2636548,SBD,"FECAL MICROBIOTA SPORES, LIVE-BRPK 30000000 UNT ORAL CAPSULE [VOWST]",VOWST,"FECAL MICROBIOTA SPORES, LIVE-BRPK 30000000 UNT",ORAL CAPSULE
2197501,SBD,FEDRATINIB 100 MG ORAL CAPSULE [INREBIC],INREBIC,FEDRATINIB 100 MG,ORAL CAPSULE
310285,SCD,FELBAMATE 120 MG/ML ORAL SUSPENSION,,FELBAMATE 120 MG/ML,ORAL SUSPENSION
209026,SBD,FELBAMATE 400 MG ORAL TABLET [FELBATOL],FELBATOL,FELBAMATE 400 MG,ORAL TABLET
198358,SCD,FELBAMATE 400 MG ORAL TABLET,,FELBAMATE 400 MG,ORAL TABLET
209027,SBD,FELBAMATE 600 MG ORAL TABLET [FELBATOL],FELBATOL,FELBAMATE 600 MG,ORAL TABLET
198359,SCD,FELBAMATE 600 MG ORAL TABLET,,FELBAMATE 600 MG,ORAL TABLET
402695,SCD,24 HR FELODIPINE 10 MG EXTENDED RELEASE ORAL TABLET,,FELODIPINE 10 MG,EXTENDED RELEASE ORAL TABLET
402698,SCD,24 HR FELODIPINE 2.5 MG EXTENDED RELEASE ORAL TABLET,,FELODIPINE 2.5 MG,EXTENDED RELEASE ORAL TABLET
402696,SCD,24 HR FELODIPINE 5 MG EXTENDED RELEASE ORAL TABLET,,FELODIPINE 5 MG,EXTENDED RELEASE ORAL TABLET
2381144,SBD,FENFLURAMINE 2.2 MG/ML ORAL SOLUTION [FINTEPLA],FINTEPLA,FENFLURAMINE 2.2 MG/ML,ORAL SOLUTION
749802,SCD,FENOFIBRATE 120 MG ORAL TABLET,,FENOFIBRATE 120 MG,ORAL TABLET
483425,SCD,FENOFIBRATE 130 MG ORAL CAPSULE,,FENOFIBRATE 130 MG,ORAL CAPSULE
310288,SCD,FENOFIBRATE 134 MG ORAL CAPSULE,,FENOFIBRATE 134 MG,ORAL CAPSULE
477560,SCD,FENOFIBRATE 145 MG ORAL TABLET,,FENOFIBRATE 145 MG,ORAL TABLET
616852,SCD,FENOFIBRATE 150 MG ORAL CAPSULE,,FENOFIBRATE 150 MG,ORAL CAPSULE
702055,SBD,FENOFIBRATE 150 MG ORAL CAPSULE [LIPOFEN],LIPOFEN,FENOFIBRATE 150 MG,ORAL CAPSULE
349287,SCD,FENOFIBRATE 160 MG ORAL TABLET,,FENOFIBRATE 160 MG,ORAL TABLET
310289,SCD,FENOFIBRATE 200 MG ORAL CAPSULE,,FENOFIBRATE 200 MG,ORAL CAPSULE
749804,SCD,FENOFIBRATE 40 MG ORAL TABLET,,FENOFIBRATE 40 MG,ORAL TABLET
483427,SCD,FENOFIBRATE 43 MG ORAL CAPSULE,,FENOFIBRATE 43 MG,ORAL CAPSULE
477562,SCD,FENOFIBRATE 48 MG ORAL TABLET,,FENOFIBRATE 48 MG,ORAL TABLET
702169,SBD,FENOFIBRATE 50 MG ORAL CAPSULE [LIPOFEN],LIPOFEN,FENOFIBRATE 50 MG,ORAL CAPSULE
616853,SCD,FENOFIBRATE 50 MG ORAL CAPSULE,,FENOFIBRATE 50 MG,ORAL CAPSULE
351133,SCD,FENOFIBRATE 54 MG ORAL TABLET,,FENOFIBRATE 54 MG,ORAL TABLET
200311,SCD,FENOFIBRATE 67 MG ORAL CAPSULE,,FENOFIBRATE 67 MG,ORAL CAPSULE
828373,SCD,FENOFIBRIC ACID 135 MG DELAYED RELEASE ORAL CAPSULE,,FENOFIBRIC ACID 135 MG,DELAYED RELEASE ORAL CAPSULE
828379,SCD,FENOFIBRIC ACID 45 MG DELAYED RELEASE ORAL CAPSULE,,FENOFIBRIC ACID 45 MG,DELAYED RELEASE ORAL CAPSULE
197694,SCD,FENOPROFEN 200 MG ORAL CAPSULE,,FENOPROFEN 200 MG,ORAL CAPSULE
2699827,SBD,FENOPROFEN 300 MG ORAL CAPSULE [FENOPRON],FENOPRON,FENOPROFEN 300 MG,ORAL CAPSULE
858116,SCD,FENOPROFEN 400 MG ORAL CAPSULE,,FENOPROFEN 400 MG,ORAL CAPSULE
577057,SCD,72 HR FENTANYL 0.012 MG/HR TRANSDERMAL SYSTEM,,FENTANYL 0.012 MG/HR,TRANSDERMAL SYSTEM
245134,SCD,72 HR FENTANYL 0.025 MG/HR TRANSDERMAL SYSTEM,,FENTANYL 0.025 MG/HR,TRANSDERMAL SYSTEM
1603495,SCD,72 HR FENTANYL 0.0375 MG/HR TRANSDERMAL SYSTEM,,FENTANYL 0.0375 MG/HR,TRANSDERMAL SYSTEM
245135,SCD,72 HR FENTANYL 0.05 MG/HR TRANSDERMAL SYSTEM,,FENTANYL 0.05 MG/HR,TRANSDERMAL SYSTEM
1603498,SCD,72 HR FENTANYL 0.0625 MG/HR TRANSDERMAL SYSTEM,,FENTANYL 0.0625 MG/HR,TRANSDERMAL SYSTEM
197696,SCD,72 HR FENTANYL 0.075 MG/HR TRANSDERMAL SYSTEM,,FENTANYL 0.075 MG/HR,TRANSDERMAL SYSTEM
1603501,SCD,72 HR FENTANYL 0.0875 MG/HR TRANSDERMAL SYSTEM,,FENTANYL 0.0875 MG/HR,TRANSDERMAL SYSTEM
245136,SCD,72 HR FENTANYL 0.1 MG/HR TRANSDERMAL SYSTEM,,FENTANYL 0.1 MG/HR,TRANSDERMAL SYSTEM
810075,SBD,24 HR FESOTERODINE FUMARATE 4 MG EXTENDED RELEASE ORAL TABLET [TOVIAZ],TOVIAZ,FESOTERODINE FUMARATE 4 MG,EXTENDED RELEASE ORAL TABLET
810071,SCD,24 HR FESOTERODINE FUMARATE 4 MG EXTENDED RELEASE ORAL TABLET,,FESOTERODINE FUMARATE 4 MG,EXTENDED RELEASE ORAL TABLET
810077,SCD,24 HR FESOTERODINE FUMARATE 8 MG EXTENDED RELEASE ORAL TABLET,,FESOTERODINE FUMARATE 8 MG,EXTENDED RELEASE ORAL TABLET
810079,SBD,24 HR FESOTERODINE FUMARATE 8 MG EXTENDED RELEASE ORAL TABLET [TOVIAZ],TOVIAZ,FESOTERODINE FUMARATE 8 MG,EXTENDED RELEASE ORAL TABLET
2637147,SBD,FEZOLINETANT 45 MG ORAL TABLET [VEOZAH],VEOZAH,FEZOLINETANT 45 MG,ORAL TABLET
1111106,SCD,FIDAXOMICIN 200 MG ORAL TABLET,,FIDAXOMICIN 200 MG,ORAL TABLET
1111110,SBD,FIDAXOMICIN 200 MG ORAL TABLET [DIFICID],DIFICID,FIDAXOMICIN 200 MG,ORAL TABLET
2279847,SBD,FIDAXOMICIN 40 MG/ML ORAL SUSPENSION [DIFICID],DIFICID,FIDAXOMICIN 40 MG/ML,ORAL SUSPENSION
1649964,SBD,1.6 ML FILGRASTIM 0.3 MG/ML INJECTION [NEUPOGEN],NEUPOGEN,FILGRASTIM 0.3 MG/ML,INJECTION
1649946,SBD,1 ML FILGRASTIM 0.3 MG/ML INJECTION [NEUPOGEN],NEUPOGEN,FILGRASTIM 0.3 MG/ML,INJECTION
727537,SBD,0.5 ML FILGRASTIM 0.6 MG/ML PREFILLED SYRINGE [NEUPOGEN],NEUPOGEN,FILGRASTIM 0.6 MG/ML,PREFILLED SYRINGE
727545,SBD,0.8 ML FILGRASTIM 0.6 MG/ML PREFILLED SYRINGE [NEUPOGEN],NEUPOGEN,FILGRASTIM 0.6 MG/ML,PREFILLED SYRINGE
2057212,SBD,1 ML FILGRASTIM-AAFI 0.3 MG/ML INJECTION [NIVESTYM],NIVESTYM,FILGRASTIM-AAFI 0.3 MG/ML,INJECTION
2057219,SBD,1.6 ML FILGRASTIM-AAFI 0.3 MG/ML INJECTION [NIVESTYM],NIVESTYM,FILGRASTIM-AAFI 0.3 MG/ML,INJECTION
2057205,SBD,0.5 ML FILGRASTIM-AAFI 0.6 MG/ML PREFILLED SYRINGE [NIVESTYM],NIVESTYM,FILGRASTIM-AAFI 0.6 MG/ML,PREFILLED SYRINGE
2057216,SBD,0.8 ML FILGRASTIM-AAFI 0.6 MG/ML PREFILLED SYRINGE [NIVESTYM],NIVESTYM,FILGRASTIM-AAFI 0.6 MG/ML,PREFILLED SYRINGE
2595950,SBD,0.5 ML FILGRASTIM-AYOW 0.6 MG/ML PREFILLED SYRINGE [RELEUKO],RELEUKO,FILGRASTIM-AYOW 0.6 MG/ML,PREFILLED SYRINGE
2595962,SBD,0.8 ML FILGRASTIM-AYOW 0.6 MG/ML PREFILLED SYRINGE [RELEUKO],RELEUKO,FILGRASTIM-AYOW 0.6 MG/ML,PREFILLED SYRINGE
1605071,SBD,0.5 ML FILGRASTIM-SNDZ 0.6 MG/ML PREFILLED SYRINGE [ZARXIO],ZARXIO,FILGRASTIM-SNDZ 0.6 MG/ML,PREFILLED SYRINGE
1605075,SBD,0.8 ML FILGRASTIM-SNDZ 0.6 MG/ML PREFILLED SYRINGE [ZARXIO],ZARXIO,FILGRASTIM-SNDZ 0.6 MG/ML,PREFILLED SYRINGE
1598650,SBD,FINAFLOXACIN 3 MG/ML OTIC SUSPENSION [XTORO],XTORO,FINAFLOXACIN 3 MG/ML,OTIC SUSPENSION
310346,SCD,FINASTERIDE 5 MG ORAL TABLET,,FINASTERIDE 5 MG,ORAL TABLET
201961,SBD,FINASTERIDE 5 MG ORAL TABLET [PROSCAR],PROSCAR,FINASTERIDE 5 MG,ORAL TABLET
2562822,SBD,FINERENONE 10 MG ORAL TABLET [KERENDIA],KERENDIA,FINERENONE 10 MG,ORAL TABLET
2562826,SBD,FINERENONE 20 MG ORAL TABLET [KERENDIA],KERENDIA,FINERENONE 20 MG,ORAL TABLET
2720071,SBD,FINERENONE 40 MG ORAL TABLET [KERENDIA],KERENDIA,FINERENONE 40 MG,ORAL TABLET
2045493,SBD,FINGOLIMOD 0.25 MG ORAL CAPSULE [GILENYA],GILENYA,FINGOLIMOD 0.25 MG,ORAL CAPSULE
2610302,SBD,FINGOLIMOD 0.25 MG DISINTEGRATING ORAL TABLET [TASCENSO],TASCENSO,FINGOLIMOD 0.25 MG,DISINTEGRATING ORAL TABLET
2626385,SBD,FINGOLIMOD 0.5 MG DISINTEGRATING ORAL TABLET [TASCENSO],TASCENSO,FINGOLIMOD 0.5 MG,DISINTEGRATING ORAL TABLET
1012895,SCD,FINGOLIMOD 0.5 MG ORAL CAPSULE,,FINGOLIMOD 0.5 MG,ORAL CAPSULE
1012899,SBD,FINGOLIMOD 0.5 MG ORAL CAPSULE [GILENYA],GILENYA,FINGOLIMOD 0.5 MG,ORAL CAPSULE
1095229,SCD,FLAVOXATE HYDROCHLORIDE 100 MG ORAL TABLET,,FLAVOXATE HYDROCHLORIDE 100 MG,ORAL TABLET
886666,SCD,FLECAINIDE ACETATE 100 MG ORAL TABLET,,FLECAINIDE ACETATE 100 MG,ORAL TABLET
886671,SCD,FLECAINIDE ACETATE 150 MG ORAL TABLET,,FLECAINIDE ACETATE 150 MG,ORAL TABLET
886662,SCD,FLECAINIDE ACETATE 50 MG ORAL TABLET,,FLECAINIDE ACETATE 50 MG,ORAL TABLET
310352,SCD,FLUCONAZOLE 10 MG/ML ORAL SUSPENSION,,FLUCONAZOLE 10 MG/ML,ORAL SUSPENSION
197698,SCD,FLUCONAZOLE 100 MG ORAL TABLET,,FLUCONAZOLE 100 MG,ORAL TABLET
197699,SCD,FLUCONAZOLE 150 MG ORAL TABLET,,FLUCONAZOLE 150 MG,ORAL TABLET
1721315,SCD,100 ML FLUCONAZOLE 2 MG/ML INJECTION,,FLUCONAZOLE 2 MG/ML,INJECTION
1721314,SCD,200 ML FLUCONAZOLE 2 MG/ML INJECTION,,FLUCONAZOLE 2 MG/ML,INJECTION
197700,SCD,FLUCONAZOLE 200 MG ORAL TABLET,,FLUCONAZOLE 200 MG,ORAL TABLET
310353,SCD,FLUCONAZOLE 40 MG/ML ORAL SUSPENSION,,FLUCONAZOLE 40 MG/ML,ORAL SUSPENSION
201901,SBD,FLUCONAZOLE 40 MG/ML ORAL SUSPENSION [DIFLUCAN],DIFLUCAN,FLUCONAZOLE 40 MG/ML,ORAL SUSPENSION
197701,SCD,FLUCONAZOLE 50 MG ORAL TABLET,,FLUCONAZOLE 50 MG,ORAL TABLET
207125,SBD,FLUCYTOSINE 250 MG ORAL CAPSULE [ANCOBON],ANCOBON,FLUCYTOSINE 250 MG,ORAL CAPSULE
197702,SCD,FLUCYTOSINE 250 MG ORAL CAPSULE,,FLUCYTOSINE 250 MG,ORAL CAPSULE
207127,SBD,FLUCYTOSINE 500 MG ORAL CAPSULE [ANCOBON],ANCOBON,FLUCYTOSINE 500 MG,ORAL CAPSULE
197703,SCD,FLUCYTOSINE 500 MG ORAL CAPSULE,,FLUCYTOSINE 500 MG,ORAL CAPSULE
313979,SCD,FLUDROCORTISONE ACETATE 0.1 MG ORAL TABLET,,FLUDROCORTISONE ACETATE 0.1 MG,ORAL TABLET
1797863,SCD,FLUNISOLIDE 0.025 MG/ACTUAT METERED DOSE NASAL SPRAY,,FLUNISOLIDE 0.025 MG/ACTUAT,METERED DOSE NASAL SPRAY
1191256,SCD,FLUOCINOLONE ACETONIDE 0.00025 MG/MG TOPICAL OINTMENT,,FLUOCINOLONE ACETONIDE 0.00025 MG/MG,TOPICAL OINTMENT
1191260,SBD,FLUOCINOLONE ACETONIDE 0.00025 MG/MG TOPICAL OINTMENT [SYNALAR],SYNALAR,FLUOCINOLONE ACETONIDE 0.00025 MG/MG,TOPICAL OINTMENT
1191310,SCD,FLUOCINOLONE ACETONIDE 0.1 MG/ML TOPICAL SOLUTION,,FLUOCINOLONE ACETONIDE 0.1 MG/ML,TOPICAL SOLUTION
1191299,SCD,FLUOCINOLONE ACETONIDE 0.1 MG/ML OTIC SOLUTION,,FLUOCINOLONE ACETONIDE 0.1 MG/ML,OTIC SOLUTION
1191301,SBD,FLUOCINOLONE ACETONIDE 0.1 MG/ML OTIC SOLUTION [DERMOTIC],DERMOTIC,FLUOCINOLONE ACETONIDE 0.1 MG/ML,OTIC SOLUTION
1191302,SCD,FLUOCINOLONE ACETONIDE 0.1 MG/ML TOPICAL CREAM,,FLUOCINOLONE ACETONIDE 0.1 MG/ML,TOPICAL CREAM
1191307,SCD,FLUOCINOLONE ACETONIDE 0.1 MG/ML TOPICAL OIL,,FLUOCINOLONE ACETONIDE 0.1 MG/ML,TOPICAL OIL
1191309,SBD,FLUOCINOLONE ACETONIDE 0.1 MG/ML TOPICAL OIL [DERMA-SMOOTHE FS],DERMA-SMOOTHE FS,FLUOCINOLONE ACETONIDE 0.1 MG/ML,TOPICAL OIL
1191319,SBD,FLUOCINOLONE ACETONIDE 0.25 MG/ML TOPICAL CREAM [SYNALAR],SYNALAR,FLUOCINOLONE ACETONIDE 0.25 MG/ML,TOPICAL CREAM
1191315,SCD,FLUOCINOLONE ACETONIDE 0.25 MG/ML TOPICAL CREAM,,FLUOCINOLONE ACETONIDE 0.25 MG/ML,TOPICAL CREAM
1542994,SBD,FLUOCINOLONE ACETONIDE 0.25 MG/ML / NEOMYCIN SULFATE 5 MG/ML TOPICAL CREAM [NEO-SYNALAR],NEO-SYNALAR,FLUOCINOLONE ACETONIDE 0.25 MG/ML / NEOMYCIN SULFATE 5 MG/ML,TOPICAL CREAM
310362,SCD,FLUOCINONIDE 0.0005 MG/MG TOPICAL GEL,,FLUOCINONIDE 0.0005 MG/MG,TOPICAL GEL
103457,SCD,FLUOCINONIDE 0.0005 MG/MG TOPICAL OINTMENT,,FLUOCINONIDE 0.0005 MG/MG,TOPICAL OINTMENT
1801283,SCD,EMOLLIENT FLUOCINONIDE 0.5 MG/ML TOPICAL CREAM,,FLUOCINONIDE 0.5 MG/ML,TOPICAL CREAM
103456,SCD,FLUOCINONIDE 0.5 MG/ML TOPICAL CREAM,,FLUOCINONIDE 0.5 MG/ML,TOPICAL CREAM
310364,SCD,FLUOCINONIDE 0.5 MG/ML TOPICAL SOLUTION,,FLUOCINONIDE 0.5 MG/ML,TOPICAL SOLUTION
485647,SCD,FLUOCINONIDE 1 MG/ML TOPICAL CREAM,,FLUOCINONIDE 1 MG/ML,TOPICAL CREAM
545243,SBD,FLUOROMETHOLONE 1 MG/ML OPHTHALMIC SUSPENSION [FML],FML,FLUOROMETHOLONE 1 MG/ML,OPHTHALMIC SUSPENSION
310377,SCD,FLUOROMETHOLONE 1 MG/ML OPHTHALMIC SUSPENSION,,FLUOROMETHOLONE 1 MG/ML,OPHTHALMIC SUSPENSION
208420,SBD,FLUOROMETHOLONE 2.5 MG/ML OPHTHALMIC SUSPENSION [FML FORTE LIQUIFILM],FML FORTE LIQUIFILM,FLUOROMETHOLONE 2.5 MG/ML,OPHTHALMIC SUSPENSION
1249631,SBD,FLUOROMETHOLONE ACETATE 1 MG/ML OPHTHALMIC SUSPENSION [FLAREX],FLAREX,FLUOROMETHOLONE ACETATE 1 MG/ML,OPHTHALMIC SUSPENSION
310379,SCD,FLUOROURACIL 20 MG/ML TOPICAL SOLUTION,,FLUOROURACIL 20 MG/ML,TOPICAL SOLUTION
284191,SCD,FLUOROURACIL 5 MG/ML TOPICAL CREAM,,FLUOROURACIL 5 MG/ML,TOPICAL CREAM
310380,SCD,FLUOROURACIL 50 MG/ML TOPICAL SOLUTION,,FLUOROURACIL 50 MG/ML,TOPICAL SOLUTION
105583,SCD,FLUOROURACIL 50 MG/ML TOPICAL CREAM,,FLUOROURACIL 50 MG/ML,TOPICAL CREAM
2532159,SCD,PMDD FLUOXETINE 10 MG ORAL TABLET,,FLUOXETINE 10 MG,ORAL TABLET
313990,SCD,FLUOXETINE 10 MG ORAL TABLET,,FLUOXETINE 10 MG,ORAL TABLET
310384,SCD,FLUOXETINE 10 MG ORAL CAPSULE,,FLUOXETINE 10 MG,ORAL CAPSULE
310385,SCD,FLUOXETINE 20 MG ORAL CAPSULE,,FLUOXETINE 20 MG,ORAL CAPSULE
2532163,SCD,PMDD FLUOXETINE 20 MG ORAL TABLET,,FLUOXETINE 20 MG,ORAL TABLET
248642,SCD,FLUOXETINE 20 MG ORAL TABLET,,FLUOXETINE 20 MG,ORAL TABLET
403970,SCD,FLUOXETINE 25 MG / OLANZAPINE 12 MG ORAL CAPSULE,,FLUOXETINE 25 MG / OLANZAPINE 12 MG,ORAL CAPSULE
721787,SCD,FLUOXETINE 25 MG / OLANZAPINE 3 MG ORAL CAPSULE,,FLUOXETINE 25 MG / OLANZAPINE 3 MG,ORAL CAPSULE
403969,SCD,FLUOXETINE 25 MG / OLANZAPINE 6 MG ORAL CAPSULE,,FLUOXETINE 25 MG / OLANZAPINE 6 MG,ORAL CAPSULE
310386,SCD,FLUOXETINE 4 MG/ML ORAL SOLUTION,,FLUOXETINE 4 MG/ML,ORAL SOLUTION
313989,SCD,FLUOXETINE 40 MG ORAL CAPSULE,,FLUOXETINE 40 MG,ORAL CAPSULE
403971,SCD,FLUOXETINE 50 MG / OLANZAPINE 12 MG ORAL CAPSULE,,FLUOXETINE 50 MG / OLANZAPINE 12 MG,ORAL CAPSULE
403972,SCD,FLUOXETINE 50 MG / OLANZAPINE 6 MG ORAL CAPSULE,,FLUOXETINE 50 MG / OLANZAPINE 6 MG,ORAL CAPSULE
1190110,SCD,FLUOXETINE 60 MG ORAL TABLET,,FLUOXETINE 60 MG,ORAL TABLET
313995,SCD,FLUOXETINE 90 MG DELAYED RELEASE ORAL CAPSULE,,FLUOXETINE 90 MG,DELAYED RELEASE ORAL CAPSULE
859824,SCD,FLUPHENAZINE DECANOATE 25 MG/ML INJECTABLE SOLUTION,,FLUPHENAZINE DECANOATE 25 MG/ML,INJECTABLE SOLUTION
859835,SCD,FLUPHENAZINE HYDROCHLORIDE 0.5 MG/ML ORAL SOLUTION,,FLUPHENAZINE HYDROCHLORIDE 0.5 MG/ML,ORAL SOLUTION
865117,SCD,FLUPHENAZINE HYDROCHLORIDE 1 MG ORAL TABLET,,FLUPHENAZINE HYDROCHLORIDE 1 MG,ORAL TABLET
859841,SCD,FLUPHENAZINE HYDROCHLORIDE 10 MG ORAL TABLET,,FLUPHENAZINE HYDROCHLORIDE 10 MG,ORAL TABLET
865123,SCD,FLUPHENAZINE HYDROCHLORIDE 2.5 MG ORAL TABLET,,FLUPHENAZINE HYDROCHLORIDE 2.5 MG,ORAL TABLET
865129,SCD,FLUPHENAZINE HYDROCHLORIDE 2.5 MG/ML INJECTABLE SOLUTION,,FLUPHENAZINE HYDROCHLORIDE 2.5 MG/ML,INJECTABLE SOLUTION
860918,SCD,FLUPHENAZINE HYDROCHLORIDE 5 MG ORAL TABLET,,FLUPHENAZINE HYDROCHLORIDE 5 MG,ORAL TABLET
861848,SCD,FLUPHENAZINE HYDROCHLORIDE 5 MG/ML ORAL SOLUTION,,FLUPHENAZINE HYDROCHLORIDE 5 MG/ML,ORAL SOLUTION
797697,SBD,FLURANDRENOLIDE 0.004 MG/SQCM MEDICATED TAPE [CORDRAN],CORDRAN,FLURANDRENOLIDE 0.004 MG/SQCM,MEDICATED TAPE
197719,SCD,FLURANDRENOLIDE 0.5 MG/ML TOPICAL LOTION,,FLURANDRENOLIDE 0.5 MG/ML,TOPICAL LOTION
1298088,SCD,FLURAZEPAM HYDROCHLORIDE 15 MG ORAL CAPSULE,,FLURAZEPAM HYDROCHLORIDE 15 MG,ORAL CAPSULE
1298091,SCD,FLURAZEPAM HYDROCHLORIDE 30 MG ORAL CAPSULE,,FLURAZEPAM HYDROCHLORIDE 30 MG,ORAL CAPSULE
197724,SCD,FLURBIPROFEN 100 MG ORAL TABLET,,FLURBIPROFEN 100 MG,ORAL TABLET
2720355,SBD,FLURBIPROFEN 100 MG ORAL TABLET [LURBIRO],LURBIRO,FLURBIPROFEN 100 MG,ORAL TABLET
1243585,SCD,FLURBIPROFEN SODIUM 0.3 MG/ML OPHTHALMIC SOLUTION,,FLURBIPROFEN SODIUM 0.3 MG/ML,OPHTHALMIC SOLUTION
205646,SBD,FLUTAMIDE 125 MG ORAL CAPSULE [EULEXIN],EULEXIN,FLUTAMIDE 125 MG,ORAL CAPSULE
2045377,SCD,30 ACTUAT FLUTICASONE FUROATE 0.05 MG/ACTUAT DRY POWDER INHALER,,FLUTICASONE FUROATE 0.05 MG/ACTUAT,DRY POWDER INHALER
2045382,SBD,30 ACTUAT FLUTICASONE FUROATE 0.05 MG/ACTUAT DRY POWDER INHALER [ARNUITY],ARNUITY,FLUTICASONE FUROATE 0.05 MG/ACTUAT,DRY POWDER INHALER
2637476,SBD,30 ACTUAT FLUTICASONE FUROATE 0.05 MG/ACTUAT / VILANTEROL 0.025 MG/ACTUAT DRY POWDER INHALER [BREO],BREO,FLUTICASONE FUROATE 0.05 MG/ACTUAT / VILANTEROL 0.025 MG/ACTUAT,DRY POWDER INHALER
1547658,SCD,30 ACTUAT FLUTICASONE FUROATE 0.1 MG/ACTUAT DRY POWDER INHALER,,FLUTICASONE FUROATE 0.1 MG/ACTUAT,DRY POWDER INHALER
1547660,SBD,30 ACTUAT FLUTICASONE FUROATE 0.1 MG/ACTUAT DRY POWDER INHALER [ARNUITY],ARNUITY,FLUTICASONE FUROATE 0.1 MG/ACTUAT,DRY POWDER INHALER
1945048,SBD,30 ACTUAT FLUTICASONE FUROATE 0.1 MG/ACTUAT / UMECLIDINIUM 0.0625 MG/ACTUAT / VILANTEROL 0.025 MG/ACTUAT DRY POWDER INHALER [TRELEGY],TRELEGY,FLUTICASONE FUROATE 0.1 MG/ACTUAT / UMECLIDINIUM 0.0625 MG/ACTUAT / VILANTEROL 0.025 MG/ACTUAT,DRY POWDER INHALER
1424889,SCD,30 ACTUAT FLUTICASONE FUROATE 0.1 MG/ACTUAT / VILANTEROL 0.025 MG/ACTUAT DRY POWDER INHALER,,FLUTICASONE FUROATE 0.1 MG/ACTUAT / VILANTEROL 0.025 MG/ACTUAT,DRY POWDER INHALER
1539893,SBD,30 ACTUAT FLUTICASONE FUROATE 0.1 MG/ACTUAT / VILANTEROL 0.025 MG/ACTUAT DRY POWDER INHALER [BREO],BREO,FLUTICASONE FUROATE 0.1 MG/ACTUAT / VILANTEROL 0.025 MG/ACTUAT,DRY POWDER INHALER
1547671,SCD,30 ACTUAT FLUTICASONE FUROATE 0.2 MG/ACTUAT DRY POWDER INHALER,,FLUTICASONE FUROATE 0.2 MG/ACTUAT,DRY POWDER INHALER
1547672,SBD,30 ACTUAT FLUTICASONE FUROATE 0.2 MG/ACTUAT DRY POWDER INHALER [ARNUITY],ARNUITY,FLUTICASONE FUROATE 0.2 MG/ACTUAT,DRY POWDER INHALER
2395775,SBD,30 ACTUAT FLUTICASONE FUROATE 0.2 MG/ACTUAT / UMECLIDINIUM 0.0625 MG/ACTUAT / VILANTEROL 0.025 MG/ACTUAT DRY POWDER INHALER [TRELEGY],TRELEGY,FLUTICASONE FUROATE 0.2 MG/ACTUAT / UMECLIDINIUM 0.0625 MG/ACTUAT / VILANTEROL 0.025 MG/ACTUAT,DRY POWDER INHALER
1648788,SCD,30 ACTUAT FLUTICASONE FUROATE 0.2 MG/ACTUAT / VILANTEROL 0.025 MG/ACTUAT DRY POWDER INHALER,,FLUTICASONE FUROATE 0.2 MG/ACTUAT / VILANTEROL 0.025 MG/ACTUAT,DRY POWDER INHALER
1648789,SBD,30 ACTUAT FLUTICASONE FUROATE 0.2 MG/ACTUAT / VILANTEROL 0.025 MG/ACTUAT DRY POWDER INHALER [BREO],BREO,FLUTICASONE FUROATE 0.2 MG/ACTUAT / VILANTEROL 0.025 MG/ACTUAT,DRY POWDER INHALER
895487,SCD,FLUTICASONE PROPIONATE 0.00005 MG/MG TOPICAL OINTMENT,,FLUTICASONE PROPIONATE 0.00005 MG/MG,TOPICAL OINTMENT
895994,SCD,120 ACTUAT FLUTICASONE PROPIONATE 0.044 MG/ACTUAT METERED DOSE INHALER,,FLUTICASONE PROPIONATE 0.044 MG/ACTUAT,METERED DOSE INHALER
896236,SCD,120 ACTUAT FLUTICASONE PROPIONATE 0.045 MG/ACTUAT / SALMETEROL 0.021 MG/ACTUAT METERED DOSE INHALER,,FLUTICASONE PROPIONATE 0.045 MG/ACTUAT / SALMETEROL 0.021 MG/ACTUAT,METERED DOSE INHALER
896237,SBD,120 ACTUAT FLUTICASONE PROPIONATE 0.045 MG/ACTUAT / SALMETEROL 0.021 MG/ACTUAT METERED DOSE INHALER [ADVAIR],ADVAIR,FLUTICASONE PROPIONATE 0.045 MG/ACTUAT / SALMETEROL 0.021 MG/ACTUAT,METERED DOSE INHALER
1797907,SCD,FLUTICASONE PROPIONATE 0.05 MG/ACTUAT METERED DOSE NASAL SPRAY,,FLUTICASONE PROPIONATE 0.05 MG/ACTUAT,METERED DOSE NASAL SPRAY
896018,SCD,60 ACTUAT FLUTICASONE PROPIONATE 0.05 MG/ACTUAT DRY POWDER INHALER,,FLUTICASONE PROPIONATE 0.05 MG/ACTUAT,DRY POWDER INHALER
1918209,SCD,60 ACTUAT FLUTICASONE PROPIONATE 0.055 MG/ACTUAT / SALMETEROL 0.014 MG/ACTUAT DRY POWDER INHALER,,FLUTICASONE PROPIONATE 0.055 MG/ACTUAT / SALMETEROL 0.014 MG/ACTUAT,DRY POWDER INHALER
1946589,SBD,FLUTICASONE PROPIONATE 0.093 MG/ACTUAT METERED DOSE NASAL SPRAY [XHANCE],XHANCE,FLUTICASONE PROPIONATE 0.093 MG/ACTUAT,METERED DOSE NASAL SPRAY
896021,SCD,60 ACTUAT FLUTICASONE PROPIONATE 0.1 MG/ACTUAT DRY POWDER INHALER,,FLUTICASONE PROPIONATE 0.1 MG/ACTUAT,DRY POWDER INHALER
896185,SBD,60 ACTUAT FLUTICASONE PROPIONATE 0.1 MG/ACTUAT / SALMETEROL 0.05 MG/ACTUAT DRY POWDER INHALER [ADVAIR],ADVAIR,FLUTICASONE PROPIONATE 0.1 MG/ACTUAT / SALMETEROL 0.05 MG/ACTUAT,DRY POWDER INHALER
896184,SCD,60 ACTUAT FLUTICASONE PROPIONATE 0.1 MG/ACTUAT / SALMETEROL 0.05 MG/ACTUAT DRY POWDER INHALER,,FLUTICASONE PROPIONATE 0.1 MG/ACTUAT / SALMETEROL 0.05 MG/ACTUAT,DRY POWDER INHALER
2110510,SBD,60 ACTUAT FLUTICASONE PROPIONATE 0.1 MG/ACTUAT / SALMETEROL 0.05 MG/ACTUAT DRY POWDER INHALER [WIXELA],WIXELA,FLUTICASONE PROPIONATE 0.1 MG/ACTUAT / SALMETEROL 0.05 MG/ACTUAT,DRY POWDER INHALER
895999,SCD,120 ACTUAT FLUTICASONE PROPIONATE 0.11 MG/ACTUAT METERED DOSE INHALER,,FLUTICASONE PROPIONATE 0.11 MG/ACTUAT,METERED DOSE INHALER
1918194,SCD,60 ACTUAT FLUTICASONE PROPIONATE 0.113 MG/ACTUAT / SALMETEROL 0.014 MG/ACTUAT DRY POWDER INHALER,,FLUTICASONE PROPIONATE 0.113 MG/ACTUAT / SALMETEROL 0.014 MG/ACTUAT,DRY POWDER INHALER
896244,SCD,120 ACTUAT FLUTICASONE PROPIONATE 0.115 MG/ACTUAT / SALMETEROL 0.021 MG/ACTUAT METERED DOSE INHALER,,FLUTICASONE PROPIONATE 0.115 MG/ACTUAT / SALMETEROL 0.021 MG/ACTUAT,METERED DOSE INHALER
896245,SBD,120 ACTUAT FLUTICASONE PROPIONATE 0.115 MG/ACTUAT / SALMETEROL 0.021 MG/ACTUAT METERED DOSE INHALER [ADVAIR],ADVAIR,FLUTICASONE PROPIONATE 0.115 MG/ACTUAT / SALMETEROL 0.021 MG/ACTUAT,METERED DOSE INHALER
896004,SCD,120 ACTUAT FLUTICASONE PROPIONATE 0.22 MG/ACTUAT METERED DOSE INHALER,,FLUTICASONE PROPIONATE 0.22 MG/ACTUAT,METERED DOSE INHALER
896273,SBD,120 ACTUAT FLUTICASONE PROPIONATE 0.23 MG/ACTUAT / SALMETEROL 0.021 MG/ACTUAT METERED DOSE INHALER [ADVAIR],ADVAIR,FLUTICASONE PROPIONATE 0.23 MG/ACTUAT / SALMETEROL 0.021 MG/ACTUAT,METERED DOSE INHALER
896272,SCD,120 ACTUAT FLUTICASONE PROPIONATE 0.23 MG/ACTUAT / SALMETEROL 0.021 MG/ACTUAT METERED DOSE INHALER,,FLUTICASONE PROPIONATE 0.23 MG/ACTUAT / SALMETEROL 0.021 MG/ACTUAT,METERED DOSE INHALER
1918203,SCD,60 ACTUAT FLUTICASONE PROPIONATE 0.232 MG/ACTUAT / SALMETEROL 0.014 MG/ACTUAT DRY POWDER INHALER,,FLUTICASONE PROPIONATE 0.232 MG/ACTUAT / SALMETEROL 0.014 MG/ACTUAT,DRY POWDER INHALER
896025,SCD,60 ACTUAT FLUTICASONE PROPIONATE 0.25 MG/ACTUAT DRY POWDER INHALER,,FLUTICASONE PROPIONATE 0.25 MG/ACTUAT,DRY POWDER INHALER
896212,SBD,60 ACTUAT FLUTICASONE PROPIONATE 0.25 MG/ACTUAT / SALMETEROL 0.05 MG/ACTUAT DRY POWDER INHALER [ADVAIR],ADVAIR,FLUTICASONE PROPIONATE 0.25 MG/ACTUAT / SALMETEROL 0.05 MG/ACTUAT,DRY POWDER INHALER
896209,SCD,60 ACTUAT FLUTICASONE PROPIONATE 0.25 MG/ACTUAT / SALMETEROL 0.05 MG/ACTUAT DRY POWDER INHALER,,FLUTICASONE PROPIONATE 0.25 MG/ACTUAT / SALMETEROL 0.05 MG/ACTUAT,DRY POWDER INHALER
2110513,SBD,60 ACTUAT FLUTICASONE PROPIONATE 0.25 MG/ACTUAT / SALMETEROL 0.05 MG/ACTUAT DRY POWDER INHALER [WIXELA],WIXELA,FLUTICASONE PROPIONATE 0.25 MG/ACTUAT / SALMETEROL 0.05 MG/ACTUAT,DRY POWDER INHALER
2110516,SBD,60 ACTUAT FLUTICASONE PROPIONATE 0.5 MG/ACTUAT / SALMETEROL 0.05 MG/ACTUAT DRY POWDER INHALER [WIXELA],WIXELA,FLUTICASONE PROPIONATE 0.5 MG/ACTUAT / SALMETEROL 0.05 MG/ACTUAT,DRY POWDER INHALER
896228,SCD,60 ACTUAT FLUTICASONE PROPIONATE 0.5 MG/ACTUAT / SALMETEROL 0.05 MG/ACTUAT DRY POWDER INHALER,,FLUTICASONE PROPIONATE 0.5 MG/ACTUAT / SALMETEROL 0.05 MG/ACTUAT,DRY POWDER INHALER
896229,SBD,60 ACTUAT FLUTICASONE PROPIONATE 0.5 MG/ACTUAT / SALMETEROL 0.05 MG/ACTUAT DRY POWDER INHALER [ADVAIR],ADVAIR,FLUTICASONE PROPIONATE 0.5 MG/ACTUAT / SALMETEROL 0.05 MG/ACTUAT,DRY POWDER INHALER
895990,SCD,FLUTICASONE PROPIONATE 0.5 MG/ML TOPICAL LOTION,,FLUTICASONE PROPIONATE 0.5 MG/ML,TOPICAL LOTION
895987,SCD,FLUTICASONE PROPIONATE 0.5 MG/ML TOPICAL CREAM,,FLUTICASONE PROPIONATE 0.5 MG/ML,TOPICAL CREAM
310404,SCD,FLUVASTATIN 20 MG ORAL CAPSULE,,FLUVASTATIN 20 MG,ORAL CAPSULE
310405,SCD,FLUVASTATIN 40 MG ORAL CAPSULE,,FLUVASTATIN 40 MG,ORAL CAPSULE
687048,SBD,24 HR FLUVASTATIN 80 MG EXTENDED RELEASE ORAL TABLET [LESCOL],LESCOL,FLUVASTATIN 80 MG,EXTENDED RELEASE ORAL TABLET
360507,SCD,24 HR FLUVASTATIN 80 MG EXTENDED RELEASE ORAL TABLET,,FLUVASTATIN 80 MG,EXTENDED RELEASE ORAL TABLET
903884,SCD,FLUVOXAMINE MALEATE 100 MG ORAL TABLET,,FLUVOXAMINE MALEATE 100 MG,ORAL TABLET
903873,SCD,24 HR FLUVOXAMINE MALEATE 100 MG EXTENDED RELEASE ORAL CAPSULE,,FLUVOXAMINE MALEATE 100 MG,EXTENDED RELEASE ORAL CAPSULE
903879,SCD,24 HR FLUVOXAMINE MALEATE 150 MG EXTENDED RELEASE ORAL CAPSULE,,FLUVOXAMINE MALEATE 150 MG,EXTENDED RELEASE ORAL CAPSULE
903887,SCD,FLUVOXAMINE MALEATE 25 MG ORAL TABLET,,FLUVOXAMINE MALEATE 25 MG,ORAL TABLET
903891,SCD,FLUVOXAMINE MALEATE 50 MG ORAL TABLET,,FLUVOXAMINE MALEATE 50 MG,ORAL TABLET
861366,SBD,0.6 ML FONDAPARINUX SODIUM 12.5 MG/ML PREFILLED SYRINGE [ARIXTRA],ARIXTRA,FONDAPARINUX SODIUM 12.5 MG/ML,PREFILLED SYRINGE
861365,SCD,0.6 ML FONDAPARINUX SODIUM 12.5 MG/ML PREFILLED SYRINGE,,FONDAPARINUX SODIUM 12.5 MG/ML,PREFILLED SYRINGE
861364,SBD,0.4 ML FONDAPARINUX SODIUM 12.5 MG/ML PREFILLED SYRINGE [ARIXTRA],ARIXTRA,FONDAPARINUX SODIUM 12.5 MG/ML,PREFILLED SYRINGE
861356,SCD,0.8 ML FONDAPARINUX SODIUM 12.5 MG/ML PREFILLED SYRINGE,,FONDAPARINUX SODIUM 12.5 MG/ML,PREFILLED SYRINGE
861358,SBD,0.8 ML FONDAPARINUX SODIUM 12.5 MG/ML PREFILLED SYRINGE [ARIXTRA],ARIXTRA,FONDAPARINUX SODIUM 12.5 MG/ML,PREFILLED SYRINGE
861363,SCD,0.4 ML FONDAPARINUX SODIUM 12.5 MG/ML PREFILLED SYRINGE,,FONDAPARINUX SODIUM 12.5 MG/ML,PREFILLED SYRINGE
861362,SBD,0.5 ML FONDAPARINUX SODIUM 5 MG/ML PREFILLED SYRINGE [ARIXTRA],ARIXTRA,FONDAPARINUX SODIUM 5 MG/ML,PREFILLED SYRINGE
861360,SCD,0.5 ML FONDAPARINUX SODIUM 5 MG/ML PREFILLED SYRINGE,,FONDAPARINUX SODIUM 5 MG/ML,PREFILLED SYRINGE
1790644,SBD,120 ACTUAT FORMOTEROL FUMARATE 0.0048 MG/ACTUAT / GLYCOPYRROLATE 0.009 MG/ACTUAT METERED DOSE INHALER [BEVESPI],BEVESPI,FORMOTEROL FUMARATE 0.0048 MG/ACTUAT / GLYCOPYRROLATE 0.009 MG/ACTUAT,METERED DOSE INHALER
2196592,SBD,120 ACTUAT FORMOTEROL FUMARATE 0.005 MG/ACTUAT / MOMETASONE FUROATE 0.05 MG/ACTUAT METERED DOSE INHALER [DULERA],DULERA,FORMOTEROL FUMARATE 0.005 MG/ACTUAT / MOMETASONE FUROATE 0.05 MG/ACTUAT,METERED DOSE INHALER
1246310,SBD,120 ACTUAT FORMOTEROL FUMARATE 0.005 MG/ACTUAT / MOMETASONE FUROATE 0.1 MG/ACTUAT METERED DOSE INHALER [DULERA],DULERA,FORMOTEROL FUMARATE 0.005 MG/ACTUAT / MOMETASONE FUROATE 0.1 MG/ACTUAT,METERED DOSE INHALER
1246313,SBD,120 ACTUAT FORMOTEROL FUMARATE 0.005 MG/ACTUAT / MOMETASONE FUROATE 0.2 MG/ACTUAT METERED DOSE INHALER [DULERA],DULERA,FORMOTEROL FUMARATE 0.005 MG/ACTUAT / MOMETASONE FUROATE 0.2 MG/ACTUAT,METERED DOSE INHALER
1246319,SCD,FORMOTEROL FUMARATE 0.01 MG/ML INHALATION SOLUTION,,FORMOTEROL FUMARATE 0.01 MG/ML,INHALATION SOLUTION
1246321,SBD,FORMOTEROL FUMARATE 0.01 MG/ML INHALATION SOLUTION [PERFOROMIST],PERFOROMIST,FORMOTEROL FUMARATE 0.01 MG/ML,INHALATION SOLUTION
402109,SCD,FOSAMPRENAVIR 700 MG ORAL TABLET,,FOSAMPRENAVIR 700 MG,ORAL TABLET
808917,SCD,FOSFOMYCIN 3000 MG GRANULES FOR ORAL SOLUTION,,FOSFOMYCIN 3000 MG,GRANULES FOR ORAL SOLUTION
857169,SCD,FOSINOPRIL SODIUM 10 MG ORAL TABLET,,FOSINOPRIL SODIUM 10 MG,ORAL TABLET
857166,SCD,FOSINOPRIL SODIUM 10 MG / HYDROCHLOROTHIAZIDE 12.5 MG ORAL TABLET,,FOSINOPRIL SODIUM 10 MG / HYDROCHLOROTHIAZIDE 12.5 MG,ORAL TABLET
857183,SCD,FOSINOPRIL SODIUM 20 MG ORAL TABLET,,FOSINOPRIL SODIUM 20 MG,ORAL TABLET
857174,SCD,FOSINOPRIL SODIUM 20 MG / HYDROCHLOROTHIAZIDE 12.5 MG ORAL TABLET,,FOSINOPRIL SODIUM 20 MG / HYDROCHLOROTHIAZIDE 12.5 MG,ORAL TABLET
857187,SCD,FOSINOPRIL SODIUM 40 MG ORAL TABLET,,FOSINOPRIL SODIUM 40 MG,ORAL TABLET
2044928,SBD,FOSTAMATINIB 100 MG ORAL TABLET [TAVALISSE],TAVALISSE,FOSTAMATINIB 100 MG,ORAL TABLET
2044932,SBD,FOSTAMATINIB 150 MG ORAL TABLET [TAVALISSE],TAVALISSE,FOSTAMATINIB 150 MG,ORAL TABLET
2380551,SBD,12 HR FOSTEMSAVIR 600 MG EXTENDED RELEASE ORAL TABLET [RUKOBIA],RUKOBIA,FOSTEMSAVIR 600 MG,EXTENDED RELEASE ORAL TABLET
2056700,SBD,1.5 ML FREMANEZUMAB-VFRM 150 MG/ML PREFILLED SYRINGE [AJOVY],AJOVY,FREMANEZUMAB-VFRM 150 MG/ML,PREFILLED SYRINGE
2287905,SBD,1.5 ML FREMANEZUMAB-VFRM 150 MG/ML AUTO-INJECTOR [AJOVY],AJOVY,FREMANEZUMAB-VFRM 150 MG/ML,AUTO-INJECTOR
349462,SCD,FROVATRIPTAN 2.5 MG ORAL TABLET,,FROVATRIPTAN 2.5 MG,ORAL TABLET
2670190,SBD,FRUQUINTINIB 1 MG ORAL CAPSULE [FRUZAQLA],FRUZAQLA,FRUQUINTINIB 1 MG,ORAL CAPSULE
2670198,SBD,FRUQUINTINIB 5 MG ORAL CAPSULE [FRUZAQLA],FRUZAQLA,FRUQUINTINIB 5 MG,ORAL CAPSULE
197730,SCD,FUROSEMIDE 10 MG/ML ORAL SOLUTION,,FUROSEMIDE 10 MG/ML,ORAL SOLUTION
1719286,SCD,10 ML FUROSEMIDE 10 MG/ML INJECTION,,FUROSEMIDE 10 MG/ML,INJECTION
310429,SCD,FUROSEMIDE 20 MG ORAL TABLET,,FUROSEMIDE 20 MG,ORAL TABLET
2725546,SBD,2.67 ML FUROSEMIDE 30 MG/ML CARTRIDGE [LASIX],LASIX,FUROSEMIDE 30 MG/ML,CARTRIDGE
313988,SCD,FUROSEMIDE 40 MG ORAL TABLET,,FUROSEMIDE 40 MG,ORAL TABLET
197731,SCD,FUROSEMIDE 8 MG/ML ORAL SOLUTION,,FUROSEMIDE 8 MG/ML,ORAL SOLUTION
2621028,SBD,10 ML FUROSEMIDE 8 MG/ML CARTRIDGE [FUROSCIX],FUROSCIX,FUROSEMIDE 8 MG/ML,CARTRIDGE
197732,SCD,FUROSEMIDE 80 MG ORAL TABLET,,FUROSEMIDE 80 MG,ORAL TABLET
2628208,BPCK,{35 (FUTIBATINIB 4 MG ORAL TABLET [LYTGOBI]) } PACK [LYTGOBI 20 MG DAILY DOSE],LYTGOBI 20 MG DAILY DOSE,FUTIBATINIB 4 MG,PACK
2628206,BPCK,{28 (FUTIBATINIB 4 MG ORAL TABLET [LYTGOBI]) } PACK [LYTGOBI 16 MG DAILY DOSE],LYTGOBI 16 MG DAILY DOSE,FUTIBATINIB 4 MG,PACK
2628204,BPCK,{21 (FUTIBATINIB 4 MG ORAL TABLET [LYTGOBI]) } PACK [LYTGOBI 12 MG DAILY DOSE],LYTGOBI 12 MG DAILY DOSE,FUTIBATINIB 4 MG,PACK
602399,SBD,GABAPENTIN 100 MG ORAL TABLET [GABARONE],GABARONE,GABAPENTIN 100 MG,ORAL TABLET
310430,SCD,GABAPENTIN 100 MG ORAL CAPSULE,,GABAPENTIN 100 MG,ORAL CAPSULE
105028,SBD,GABAPENTIN 100 MG ORAL CAPSULE [NEURONTIN],NEURONTIN,GABAPENTIN 100 MG,ORAL CAPSULE
2739007,SBD,GABAPENTIN 200 MG ORAL CAPSULE [RELGAABI],RELGAABI,GABAPENTIN 200 MG,ORAL CAPSULE
105029,SBD,GABAPENTIN 300 MG ORAL CAPSULE [NEURONTIN],NEURONTIN,GABAPENTIN 300 MG,ORAL CAPSULE
2740839,SBD,GABAPENTIN 300 MG ORAL CAPSULE [RELGAABI],RELGAABI,GABAPENTIN 300 MG,ORAL CAPSULE
1115012,SBD,ONCE-DAILY GABAPENTIN 300 MG ORAL TABLET [GRALISE],GRALISE,GABAPENTIN 300 MG,ORAL TABLET
310431,SCD,GABAPENTIN 300 MG ORAL CAPSULE,,GABAPENTIN 300 MG,ORAL CAPSULE
1806380,SCD,ONCE-DAILY GABAPENTIN 300 MG ORAL TABLET,,GABAPENTIN 300 MG,ORAL TABLET
105030,SBD,GABAPENTIN 400 MG ORAL CAPSULE [NEURONTIN],NEURONTIN,GABAPENTIN 400 MG,ORAL CAPSULE
602407,SBD,GABAPENTIN 400 MG ORAL TABLET [GABARONE],GABARONE,GABAPENTIN 400 MG,ORAL TABLET
310432,SCD,GABAPENTIN 400 MG ORAL CAPSULE,,GABAPENTIN 400 MG,ORAL CAPSULE
2740841,SBD,GABAPENTIN 400 MG ORAL CAPSULE [RELGAABI],RELGAABI,GABAPENTIN 400 MG,ORAL CAPSULE
2634749,SBD,ONCE-DAILY GABAPENTIN 450 MG ORAL TABLET [GRALISE],GRALISE,GABAPENTIN 450 MG,ORAL TABLET
2634747,SCD,ONCE-DAILY GABAPENTIN 450 MG ORAL TABLET,,GABAPENTIN 450 MG,ORAL TABLET
283523,SCD,GABAPENTIN 50 MG/ML ORAL SOLUTION,,GABAPENTIN 50 MG/ML,ORAL SOLUTION
351973,SBD,GABAPENTIN 50 MG/ML ORAL SOLUTION [NEURONTIN],NEURONTIN,GABAPENTIN 50 MG/ML,ORAL SOLUTION
1115013,SBD,ONCE-DAILY GABAPENTIN 600 MG ORAL TABLET [GRALISE],GRALISE,GABAPENTIN 600 MG,ORAL TABLET
1806382,SCD,ONCE-DAILY GABAPENTIN 600 MG ORAL TABLET,,GABAPENTIN 600 MG,ORAL TABLET
310433,SCD,GABAPENTIN 600 MG ORAL TABLET,,GABAPENTIN 600 MG,ORAL TABLET
261280,SBD,GABAPENTIN 600 MG ORAL TABLET [NEURONTIN],NEURONTIN,GABAPENTIN 600 MG,ORAL TABLET
2634751,SCD,ONCE-DAILY GABAPENTIN 750 MG ORAL TABLET,,GABAPENTIN 750 MG,ORAL TABLET
2634753,SBD,ONCE-DAILY GABAPENTIN 750 MG ORAL TABLET [GRALISE],GRALISE,GABAPENTIN 750 MG,ORAL TABLET
261281,SBD,GABAPENTIN 800 MG ORAL TABLET [NEURONTIN],NEURONTIN,GABAPENTIN 800 MG,ORAL TABLET
310434,SCD,GABAPENTIN 800 MG ORAL TABLET,,GABAPENTIN 800 MG,ORAL TABLET
2634745,SBD,ONCE-DAILY GABAPENTIN 900 MG ORAL TABLET [GRALISE],GRALISE,GABAPENTIN 900 MG,ORAL TABLET
2634743,SCD,ONCE-DAILY GABAPENTIN 900 MG ORAL TABLET,,GABAPENTIN 900 MG,ORAL TABLET
1482821,SBD,GABAPENTIN ENACARBIL 300 MG EXTENDED RELEASE ORAL TABLET [HORIZANT],HORIZANT,GABAPENTIN ENACARBIL 300 MG,EXTENDED RELEASE ORAL TABLET
1101339,SBD,GABAPENTIN ENACARBIL 600 MG EXTENDED RELEASE ORAL TABLET [HORIZANT],HORIZANT,GABAPENTIN ENACARBIL 600 MG,EXTENDED RELEASE ORAL TABLET
579148,SCD,GALANTAMINE 12 MG ORAL TABLET,,GALANTAMINE 12 MG,ORAL TABLET
310436,SCD,GALANTAMINE 4 MG ORAL TABLET,,GALANTAMINE 4 MG,ORAL TABLET
310437,SCD,GALANTAMINE 8 MG ORAL TABLET,,GALANTAMINE 8 MG,ORAL TABLET
860695,SCD,24 HR GALANTAMINE HYDROBROMIDE 16 MG EXTENDED RELEASE ORAL CAPSULE,,GALANTAMINE HYDROBROMIDE 16 MG,EXTENDED RELEASE ORAL CAPSULE
860707,SCD,24 HR GALANTAMINE HYDROBROMIDE 24 MG EXTENDED RELEASE ORAL CAPSULE,,GALANTAMINE HYDROBROMIDE 24 MG,EXTENDED RELEASE ORAL CAPSULE
860901,SCD,GALANTAMINE HYDROBROMIDE 4 MG/ML ORAL SOLUTION,,GALANTAMINE HYDROBROMIDE 4 MG/ML,ORAL SOLUTION
860715,SCD,24 HR GALANTAMINE HYDROBROMIDE 8 MG EXTENDED RELEASE ORAL CAPSULE,,GALANTAMINE HYDROBROMIDE 8 MG,EXTENDED RELEASE ORAL CAPSULE
2170613,SBD,1 ML GALCANEZUMAB-GNLM 100 MG/ML PREFILLED SYRINGE [EMGALITY],EMGALITY,GALCANEZUMAB-GNLM 100 MG/ML,PREFILLED SYRINGE
2058877,SBD,1 ML GALCANEZUMAB-GNLM 120 MG/ML AUTO-INJECTOR [EMGALITY],EMGALITY,GALCANEZUMAB-GNLM 120 MG/ML,AUTO-INJECTOR
2058887,SBD,1 ML GALCANEZUMAB-GNLM 120 MG/ML PREFILLED SYRINGE [EMGALITY],EMGALITY,GALCANEZUMAB-GNLM 120 MG/ML,PREFILLED SYRINGE
2604700,SBD,GANAXOLONE 50 MG/ML ORAL SUSPENSION [ZTALMY],ZTALMY,GANAXOLONE 50 MG/ML,ORAL SUSPENSION
864650,SBD,GANCICLOVIR 0.0015 MG/MG OPHTHALMIC GEL [ZIRGAN],ZIRGAN,GANCICLOVIR 0.0015 MG/MG,OPHTHALMIC GEL
2717182,SBD,1.2 ML GARADACIMAB-GXII 167 MG/ML AUTO-INJECTOR [ANDEMBRY],ANDEMBRY,GARADACIMAB-GXII 167 MG/ML,AUTO-INJECTOR
992395,SCD,GATIFLOXACIN 5 MG/ML OPHTHALMIC SOLUTION,,GATIFLOXACIN 5 MG/ML,OPHTHALMIC SOLUTION
636967,SY,GAUZE PADS & DRESSINGS - PADS 2 X 2,NA,GAUZE PADS & DRESSINGS - PADS 2 X 2,NA
402091,SBD,GEFITINIB 250 MG ORAL TABLET [IRESSA],IRESSA,GEFITINIB 250 MG,ORAL TABLET
349472,SCD,GEFITINIB 250 MG ORAL TABLET,,GEFITINIB 250 MG,ORAL TABLET
310459,SCD,GEMFIBROZIL 600 MG ORAL TABLET,,GEMFIBROZIL 600 MG,ORAL TABLET
310465,SCD,GENTAMICIN 0.001 MG/MG TOPICAL OINTMENT,,GENTAMICIN 0.001 MG/MG,TOPICAL OINTMENT
310473,SCD,100 ML GENTAMICIN 0.8 MG/ML INJECTION,,GENTAMICIN 0.8 MG/ML,INJECTION
197735,SCD,GENTAMICIN 1 MG/ML TOPICAL CREAM,,GENTAMICIN 1 MG/ML,TOPICAL CREAM
242816,SCD,100 ML GENTAMICIN 1 MG/ML INJECTION,,GENTAMICIN 1 MG/ML,INJECTION
1870633,SCD,50 ML GENTAMICIN 1.2 MG/ML INJECTION,,GENTAMICIN 1.2 MG/ML,INJECTION
310477,SCD,50 ML GENTAMICIN 1.6 MG/ML INJECTION,,GENTAMICIN 1.6 MG/ML,INJECTION
310467,SCD,GENTAMICIN 3 MG/ML OPHTHALMIC SOLUTION,,GENTAMICIN 3 MG/ML,OPHTHALMIC SOLUTION
1870650,SCD,2 ML GENTAMICIN 40 MG/ML INJECTION,,GENTAMICIN 40 MG/ML,INJECTION
2672379,SBD,24 HR GEPIRONE 18.2 MG EXTENDED RELEASE ORAL TABLET [EXXUA],EXXUA,GEPIRONE 18.2 MG,EXTENDED RELEASE ORAL TABLET
2732203,BPCK,{32 (24 HR GEPIRONE 18.2 MG EXTENDED RELEASE ORAL TABLET [EXXUA]) } PACK [EXXUA TITRATION PACK],EXXUA TITRATION PACK,GEPIRONE 18.2 MG,PACK
2672385,SBD,24 HR GEPIRONE 36.3 MG EXTENDED RELEASE ORAL TABLET [EXXUA],EXXUA,GEPIRONE 36.3 MG,EXTENDED RELEASE ORAL TABLET
2672391,SBD,24 HR GEPIRONE 54.5 MG EXTENDED RELEASE ORAL TABLET [EXXUA],EXXUA,GEPIRONE 54.5 MG,EXTENDED RELEASE ORAL TABLET
2672397,SBD,24 HR GEPIRONE 72.6 MG EXTENDED RELEASE ORAL TABLET [EXXUA],EXXUA,GEPIRONE 72.6 MG,EXTENDED RELEASE ORAL TABLET
2709224,SBD,GEPOTIDACIN 750 MG ORAL TABLET [BLUJEPA],BLUJEPA,GEPOTIDACIN 750 MG,ORAL TABLET
2105817,SBD,GILTERITINIB 40 MG ORAL TABLET [XOSPATA],XOSPATA,GILTERITINIB 40 MG,ORAL TABLET
2678900,SBD,GIVINOSTAT 8.86 MG/ML ORAL SUSPENSION [DUVYZAT],DUVYZAT,GIVINOSTAT 8.86 MG/ML,ORAL SUSPENSION
2105856,SBD,GLASDEGIB 100 MG ORAL TABLET [DAURISMO],DAURISMO,GLASDEGIB 100 MG,ORAL TABLET
2105860,SBD,GLASDEGIB 25 MG ORAL TABLET [DAURISMO],DAURISMO,GLASDEGIB 25 MG,ORAL TABLET
1111642,SBD,1 ML GLATIRAMER ACETATE 20 MG/ML PREFILLED SYRINGE [COPAXONE],COPAXONE,GLATIRAMER ACETATE 20 MG/ML,PREFILLED SYRINGE
1111641,SCD,1 ML GLATIRAMER ACETATE 20 MG/ML PREFILLED SYRINGE,,GLATIRAMER ACETATE 20 MG/ML,PREFILLED SYRINGE
1654630,SBD,1 ML GLATIRAMER ACETATE 20 MG/ML PREFILLED SYRINGE [GLATOPA],GLATOPA,GLATIRAMER ACETATE 20 MG/ML,PREFILLED SYRINGE
1487361,SCD,1 ML GLATIRAMER ACETATE 40 MG/ML PREFILLED SYRINGE,,GLATIRAMER ACETATE 40 MG/ML,PREFILLED SYRINGE
1487363,SBD,1 ML GLATIRAMER ACETATE 40 MG/ML PREFILLED SYRINGE [COPAXONE],COPAXONE,GLATIRAMER ACETATE 40 MG/ML,PREFILLED SYRINGE
2000007,SBD,1 ML GLATIRAMER ACETATE 40 MG/ML PREFILLED SYRINGE [GLATOPA],GLATOPA,GLATIRAMER ACETATE 40 MG/ML,PREFILLED SYRINGE
1940709,SBD,GLECAPREVIR 100 MG / PIBRENTASVIR 40 MG ORAL TABLET [MAVYRET],MAVYRET,GLECAPREVIR 100 MG / PIBRENTASVIR 40 MG,ORAL TABLET
2557910,SBD,GLECAPREVIR 50 MG / PIBRENTASVIR 20 MG ORAL PELLET [MAVYRET],MAVYRET,GLECAPREVIR 50 MG / PIBRENTASVIR 20 MG,ORAL PELLET
199245,SCD,GLIMEPIRIDE 1 MG ORAL TABLET,,GLIMEPIRIDE 1 MG,ORAL TABLET
199246,SCD,GLIMEPIRIDE 2 MG ORAL TABLET,,GLIMEPIRIDE 2 MG,ORAL TABLET
731463,SBD,GLIMEPIRIDE 2 MG / PIOGLITAZONE 30 MG ORAL TABLET [DUETACT],DUETACT,GLIMEPIRIDE 2 MG / PIOGLITAZONE 30 MG,ORAL TABLET
647237,SCD,GLIMEPIRIDE 2 MG / PIOGLITAZONE 30 MG ORAL TABLET,,GLIMEPIRIDE 2 MG / PIOGLITAZONE 30 MG,ORAL TABLET
153842,SCD,GLIMEPIRIDE 3 MG ORAL TABLET,,GLIMEPIRIDE 3 MG,ORAL TABLET
199247,SCD,GLIMEPIRIDE 4 MG ORAL TABLET,,GLIMEPIRIDE 4 MG,ORAL TABLET
647239,SCD,GLIMEPIRIDE 4 MG / PIOGLITAZONE 30 MG ORAL TABLET,,GLIMEPIRIDE 4 MG / PIOGLITAZONE 30 MG,ORAL TABLET
731457,SBD,GLIMEPIRIDE 4 MG / PIOGLITAZONE 30 MG ORAL TABLET [DUETACT],DUETACT,GLIMEPIRIDE 4 MG / PIOGLITAZONE 30 MG,ORAL TABLET
310488,SCD,GLIPIZIDE 10 MG ORAL TABLET,,GLIPIZIDE 10 MG,ORAL TABLET
315107,SCD,24 HR GLIPIZIDE 10 MG EXTENDED RELEASE ORAL TABLET,,GLIPIZIDE 10 MG,EXTENDED RELEASE ORAL TABLET
2737151,SCD,GLIPIZIDE 15 MG ORAL TABLET,,GLIPIZIDE 15 MG,ORAL TABLET
310489,SCD,24 HR GLIPIZIDE 2.5 MG EXTENDED RELEASE ORAL TABLET,,GLIPIZIDE 2.5 MG,EXTENDED RELEASE ORAL TABLET
379804,SCD,GLIPIZIDE 2.5 MG ORAL TABLET,,GLIPIZIDE 2.5 MG,ORAL TABLET
861731,SCD,GLIPIZIDE 2.5 MG / METFORMIN HYDROCHLORIDE 250 MG ORAL TABLET,,GLIPIZIDE 2.5 MG / METFORMIN HYDROCHLORIDE 250 MG,ORAL TABLET
861736,SCD,GLIPIZIDE 2.5 MG / METFORMIN HYDROCHLORIDE 500 MG ORAL TABLET,,GLIPIZIDE 2.5 MG / METFORMIN HYDROCHLORIDE 500 MG,ORAL TABLET
865573,SBD,24 HR GLIPIZIDE 5 MG EXTENDED RELEASE ORAL TABLET [GLUCOTROL],GLUCOTROL,GLIPIZIDE 5 MG,EXTENDED RELEASE ORAL TABLET
310490,SCD,GLIPIZIDE 5 MG ORAL TABLET,,GLIPIZIDE 5 MG,ORAL TABLET
314006,SCD,24 HR GLIPIZIDE 5 MG EXTENDED RELEASE ORAL TABLET,,GLIPIZIDE 5 MG,EXTENDED RELEASE ORAL TABLET
861740,SCD,GLIPIZIDE 5 MG / METFORMIN HYDROCHLORIDE 500 MG ORAL TABLET,,GLIPIZIDE 5 MG / METFORMIN HYDROCHLORIDE 500 MG,ORAL TABLET
310497,SCD,GLUCAGON (RDNA) 1 MG INJECTION,,GLUCAGON (RDNA) 1 MG,INJECTION
2180671,SBD,GLUCAGON 3 MG NASAL POWDER [BAQSIMI],BAQSIMI,GLUCAGON 3 MG,NASAL POWDER
2199316,SBD,0.2 ML GLUCAGON 5 MG/ML PREFILLED SYRINGE [GVOKE],GVOKE,GLUCAGON 5 MG/ML,PREFILLED SYRINGE
2199308,SBD,0.2 ML GLUCAGON 5 MG/ML AUTO-INJECTOR [GVOKE],GVOKE,GLUCAGON 5 MG/ML,AUTO-INJECTOR
2199304,SBD,0.1 ML GLUCAGON 5 MG/ML AUTO-INJECTOR [GVOKE],GVOKE,GLUCAGON 5 MG/ML,AUTO-INJECTOR
2587361,SBD,0.2 ML GLUCAGON 5 MG/ML INJECTION [GVOKE],GVOKE,GLUCAGON 5 MG/ML,INJECTION
1795477,SCD,500 ML GLUCOSE 100 MG/ML INJECTION,,GLUCOSE 100 MG/ML,INJECTION
245220,SCD,250 ML GLUCOSE 100 MG/ML / SODIUM CHLORIDE 2 MG/ML INJECTION,,GLUCOSE 100 MG/ML / SODIUM CHLORIDE 2 MG/ML,INJECTION
244098,SCD,1000 ML GLUCOSE 100 MG/ML / SODIUM CHLORIDE 4.5 MG/ML INJECTION,,GLUCOSE 100 MG/ML / SODIUM CHLORIDE 4.5 MG/ML,INJECTION
1795470,SCD,1000 ML GLUCOSE 25 MG/ML / SODIUM CHLORIDE 4.5 MG/ML INJECTION,,GLUCOSE 25 MG/ML / SODIUM CHLORIDE 4.5 MG/ML,INJECTION
1795609,SCD,100 ML GLUCOSE 50 MG/ML INJECTION,,GLUCOSE 50 MG/ML,INJECTION
630796,SCD,1000 ML GLUCOSE 50 MG/ML / POTASSIUM CHLORIDE 0.01 MEQ/ML / SODIUM CHLORIDE 4.5 MG/ML INJECTION,,GLUCOSE 50 MG/ML / POTASSIUM CHLORIDE 0.01 MEQ/ML / SODIUM CHLORIDE 4.5 MG/ML,INJECTION
309783,SCD,1000 ML GLUCOSE 50 MG/ML / POTASSIUM CHLORIDE 0.02 MEQ/ML INJECTION,,GLUCOSE 50 MG/ML / POTASSIUM CHLORIDE 0.02 MEQ/ML,INJECTION
1863973,SCD,1000 ML GLUCOSE 50 MG/ML / POTASSIUM CHLORIDE 0.02 MEQ/ML / SODIUM CHLORIDE 2.25 MG/ML INJECTION,,GLUCOSE 50 MG/ML / POTASSIUM CHLORIDE 0.02 MEQ/ML / SODIUM CHLORIDE 2.25 MG/ML,INJECTION
1863605,SCD,1000 ML GLUCOSE 50 MG/ML / POTASSIUM CHLORIDE 0.02 MEQ/ML / SODIUM CHLORIDE 4.5 MG/ML INJECTION,,GLUCOSE 50 MG/ML / POTASSIUM CHLORIDE 0.02 MEQ/ML / SODIUM CHLORIDE 4.5 MG/ML,INJECTION
615107,SCD,1000 ML GLUCOSE 50 MG/ML / POTASSIUM CHLORIDE 0.02 MEQ/ML / SODIUM CHLORIDE 9 MG/ML INJECTION,,GLUCOSE 50 MG/ML / POTASSIUM CHLORIDE 0.02 MEQ/ML / SODIUM CHLORIDE 9 MG/ML,INJECTION
615099,SCD,1000 ML GLUCOSE 50 MG/ML / POTASSIUM CHLORIDE 0.03 MEQ/ML / SODIUM CHLORIDE 4.5 MG/ML INJECTION,,GLUCOSE 50 MG/ML / POTASSIUM CHLORIDE 0.03 MEQ/ML / SODIUM CHLORIDE 4.5 MG/ML,INJECTION
615100,SCD,1000 ML GLUCOSE 50 MG/ML / POTASSIUM CHLORIDE 0.04 MEQ/ML / SODIUM CHLORIDE 4.5 MG/ML INJECTION,,GLUCOSE 50 MG/ML / POTASSIUM CHLORIDE 0.04 MEQ/ML / SODIUM CHLORIDE 4.5 MG/ML,INJECTION
615111,SCD,1000 ML GLUCOSE 50 MG/ML / POTASSIUM CHLORIDE 0.04 MEQ/ML / SODIUM CHLORIDE 9 MG/ML INJECTION,,GLUCOSE 50 MG/ML / POTASSIUM CHLORIDE 0.04 MEQ/ML / SODIUM CHLORIDE 9 MG/ML,INJECTION
1794886,SCD,500 ML GLUCOSE 50 MG/ML / SODIUM CHLORIDE 2 MG/ML INJECTION,,GLUCOSE 50 MG/ML / SODIUM CHLORIDE 2 MG/ML,INJECTION
1795252,SCD,500 ML GLUCOSE 50 MG/ML / SODIUM CHLORIDE 4.5 MG/ML INJECTION,,GLUCOSE 50 MG/ML / SODIUM CHLORIDE 4.5 MG/ML,INJECTION
1795346,SCD,1000 ML GLUCOSE 50 MG/ML / SODIUM CHLORIDE 9 MG/ML INJECTION,,GLUCOSE 50 MG/ML / SODIUM CHLORIDE 9 MG/ML,INJECTION
1928941,SBD,GLUTAMINE 5000 MG POWDER FOR ORAL SOLUTION [ENDARI],ENDARI,GLUTAMINE 5000 MG,POWDER FOR ORAL SOLUTION
1869684,SCD,GLUTAMINE 5000 MG POWDER FOR ORAL SOLUTION,,GLUTAMINE 5000 MG,POWDER FOR ORAL SOLUTION
197737,SCD,GLYBURIDE 1.25 MG ORAL TABLET,,GLYBURIDE 1.25 MG,ORAL TABLET
861743,SCD,GLYBURIDE 1.25 MG / METFORMIN HYDROCHLORIDE 250 MG ORAL TABLET,,GLYBURIDE 1.25 MG / METFORMIN HYDROCHLORIDE 250 MG,ORAL TABLET
310534,SCD,GLYBURIDE 2.5 MG ORAL TABLET,,GLYBURIDE 2.5 MG,ORAL TABLET
861748,SCD,GLYBURIDE 2.5 MG / METFORMIN HYDROCHLORIDE 500 MG ORAL TABLET,,GLYBURIDE 2.5 MG / METFORMIN HYDROCHLORIDE 500 MG,ORAL TABLET
310537,SCD,GLYBURIDE 5 MG ORAL TABLET,,GLYBURIDE 5 MG,ORAL TABLET
861753,SCD,GLYBURIDE 5 MG / METFORMIN HYDROCHLORIDE 500 MG ORAL TABLET,,GLYBURIDE 5 MG / METFORMIN HYDROCHLORIDE 500 MG,ORAL TABLET
1368459,SBD,GLYCEROL PHENYLBUTYRATE 1100 MG/ML ORAL SOLUTION [RAVICTI],RAVICTI,GLYCEROL PHENYLBUTYRATE 1100 MG/ML,ORAL SOLUTION
1368453,SCD,GLYCEROL PHENYLBUTYRATE 1100 MG/ML ORAL SOLUTION,,GLYCEROL PHENYLBUTYRATE 1100 MG/ML,ORAL SOLUTION
999961,SCD,GLYCOPYRROLATE 0.2 MG/ML ORAL SOLUTION,,GLYCOPYRROLATE 0.2 MG/ML,ORAL SOLUTION
999965,SBD,GLYCOPYRROLATE 0.2 MG/ML ORAL SOLUTION [CUVPOSA],CUVPOSA,GLYCOPYRROLATE 0.2 MG/ML,ORAL SOLUTION
197738,SCD,GLYCOPYRROLATE 1 MG ORAL TABLET,,GLYCOPYRROLATE 1 MG,ORAL TABLET
1247658,SCD,GLYCOPYRROLATE 1.5 MG ORAL TABLET,,GLYCOPYRROLATE 1.5 MG,ORAL TABLET
1437975,SBD,GLYCOPYRROLATE 1.5 MG ORAL TABLET [GLYCATE],GLYCATE,GLYCOPYRROLATE 1.5 MG,ORAL TABLET
197739,SCD,GLYCOPYRROLATE 2 MG ORAL TABLET,,GLYCOPYRROLATE 2 MG,ORAL TABLET
2054120,SBD,GLYCOPYRRONIUM 24 MG/ML MEDICATED PAD [QBREXZA],QBREXZA,GLYCOPYRRONIUM 24 MG/ML,MEDICATED PAD
1653144,SBD,0.5 ML GOLIMUMAB 100 MG/ML AUTO-INJECTOR [SIMPONI],SIMPONI,GOLIMUMAB 100 MG/ML,AUTO-INJECTOR
1653166,SBD,1 ML GOLIMUMAB 100 MG/ML AUTO-INJECTOR [SIMPONI],SIMPONI,GOLIMUMAB 100 MG/ML,AUTO-INJECTOR
1482814,SBD,1 ML GOLIMUMAB 100 MG/ML PREFILLED SYRINGE [SIMPONI],SIMPONI,GOLIMUMAB 100 MG/ML,PREFILLED SYRINGE
848164,SBD,0.5 ML GOLIMUMAB 100 MG/ML PREFILLED SYRINGE [SIMPONI],SIMPONI,GOLIMUMAB 100 MG/ML,PREFILLED SYRINGE
310594,SCD,GRAMICIDIN 0.025 MG/ML / NEOMYCIN 1.75 MG/ML / POLYMYXIN B 10000 UNT/ML OPHTHALMIC SOLUTION,,GRAMICIDIN 0.025 MG/ML / NEOMYCIN 1.75 MG/ML / POLYMYXIN B 10000 UNT/ML,OPHTHALMIC SOLUTION
825005,SBD,168 HR GRANISETRON 0.129 MG/HR TRANSDERMAL SYSTEM [SANCUSO],SANCUSO,GRANISETRON 0.129 MG/HR,TRANSDERMAL SYSTEM
763507,SBD,GRANISETRON 0.2 MG/ML ORAL SOLUTION [GRANISOL],GRANISOL,GRANISETRON 0.2 MG/ML,ORAL SOLUTION
310599,SCD,GRANISETRON 1 MG ORAL TABLET,,GRANISETRON 1 MG,ORAL TABLET
242831,SCD,GRISEOFULVIN 125 MG ORAL TABLET,,GRISEOFULVIN 125 MG,ORAL TABLET
245248,SCD,GRISEOFULVIN 165 MG ORAL TABLET,,GRISEOFULVIN 165 MG,ORAL TABLET
239238,SCD,GRISEOFULVIN 25 MG/ML ORAL SUSPENSION,,GRISEOFULVIN 25 MG/ML,ORAL SUSPENSION
239239,SCD,GRISEOFULVIN 250 MG ORAL TABLET,,GRISEOFULVIN 250 MG,ORAL TABLET
310600,SCD,GRISEOFULVIN 500 MG ORAL TABLET,,GRISEOFULVIN 500 MG,ORAL TABLET
862006,SCD,24 HR GUANFACINE 1 MG EXTENDED RELEASE ORAL TABLET,,GUANFACINE 1 MG,EXTENDED RELEASE ORAL TABLET
862010,SBD,24 HR GUANFACINE 1 MG EXTENDED RELEASE ORAL TABLET [INTUNIV],INTUNIV,GUANFACINE 1 MG,EXTENDED RELEASE ORAL TABLET
197745,SCD,GUANFACINE 1 MG ORAL TABLET,,GUANFACINE 1 MG,ORAL TABLET
862015,SBD,24 HR GUANFACINE 2 MG EXTENDED RELEASE ORAL TABLET [INTUNIV],INTUNIV,GUANFACINE 2 MG,EXTENDED RELEASE ORAL TABLET
862013,SCD,24 HR GUANFACINE 2 MG EXTENDED RELEASE ORAL TABLET,,GUANFACINE 2 MG,EXTENDED RELEASE ORAL TABLET
197746,SCD,GUANFACINE 2 MG ORAL TABLET,,GUANFACINE 2 MG,ORAL TABLET
862021,SBD,24 HR GUANFACINE 3 MG EXTENDED RELEASE ORAL TABLET [INTUNIV],INTUNIV,GUANFACINE 3 MG,EXTENDED RELEASE ORAL TABLET
862019,SCD,24 HR GUANFACINE 3 MG EXTENDED RELEASE ORAL TABLET,,GUANFACINE 3 MG,EXTENDED RELEASE ORAL TABLET
862027,SBD,24 HR GUANFACINE 4 MG EXTENDED RELEASE ORAL TABLET [INTUNIV],INTUNIV,GUANFACINE 4 MG,EXTENDED RELEASE ORAL TABLET
862025,SCD,24 HR GUANFACINE 4 MG EXTENDED RELEASE ORAL TABLET,,GUANFACINE 4 MG,EXTENDED RELEASE ORAL TABLET
2693095,SBD,2 ML GUSELKUMAB 100 MG/ML AUTO-INJECTOR [TREMFYA],TREMFYA,GUSELKUMAB 100 MG/ML,AUTO-INJECTOR
2711638,BPCK,{2 (2 ML GUSELKUMAB 100 MG/ML AUTO-INJECTOR [TREMFYA]) } PACK [TREMFYA INDUCTION PACK FOR CROHN'S DISEASE],TREMFYA INDUCTION PACK FOR CROHN'S DISEASE,GUSELKUMAB 100 MG/ML,PACK
2693097,SBD,2 ML GUSELKUMAB 100 MG/ML PREFILLED SYRINGE [TREMFYA],TREMFYA,GUSELKUMAB 100 MG/ML,PREFILLED SYRINGE
1928689,SBD,1 ML GUSELKUMAB 100 MG/ML PREFILLED SYRINGE [TREMFYA],TREMFYA,GUSELKUMAB 100 MG/ML,PREFILLED SYRINGE
2118741,SBD,1 ML GUSELKUMAB 100 MG/ML AUTO-INJECTOR [TREMFYA],TREMFYA,GUSELKUMAB 100 MG/ML,AUTO-INJECTOR
798451,SBD,0.5 ML HAEMOPHILUS INFLUENZAE B (ROSS STRAIN) CAPSULAR POLYSACCHARIDE MENINGOCOCCAL PROTEIN CONJUGATE VACCINE 0.265 MG/ML INJECTION [PEDVAXHIB],PEDVAXHIB,HAEMOPHILUS INFLUENZAE B (ROSS STRAIN) CAPSULAR POLYSACCHARIDE MENINGOCOCCAL PROTEIN CONJUGATE VACCINE 0.265 MG/ML,INJECTION
1300468,SBD,"0.5 ML HAEMOPHILUS INFLUENZAE TYPE B STRAIN 1482, CAPSULAR POLYSACCHARIDE INACTIVATED TETANUS TOXOID CONJUGATE VACCINE 0.068 MG/ML INJECTION [ACTHIB]",ACTHIB,"HAEMOPHILUS INFLUENZAE TYPE B STRAIN 1482, CAPSULAR POLYSACCHARIDE INACTIVATED TETANUS TOXOID CONJUGATE VACCINE 0.068 MG/ML",INJECTION
1300810,SBD,"0.5 ML HAEMOPHILUS INFLUENZAE TYPE B STRAIN 20752, CAPSULAR POLYSACCHARIDE INACTIVATED TETANUS TOXOID CONJUGATE VACCINE 0.07 MG/ML INJECTION [HIBERIX]",HIBERIX,"HAEMOPHILUS INFLUENZAE TYPE B STRAIN 20752, CAPSULAR POLYSACCHARIDE INACTIVATED TETANUS TOXOID CONJUGATE VACCINE 0.07 MG/ML",INJECTION
206550,SBD,HALCINONIDE 1 MG/ML TOPICAL SOLUTION [HALOG],HALOG,HALCINONIDE 1 MG/ML,TOPICAL SOLUTION
206546,SBD,HALCINONIDE 1 MG/ML TOPICAL CREAM [HALOG],HALOG,HALCINONIDE 1 MG/ML,TOPICAL CREAM
103467,SCD,HALCINONIDE 1 MG/ML TOPICAL CREAM,,HALCINONIDE 1 MG/ML,TOPICAL CREAM
310669,SCD,HALCINONIDE 1 MG/ML TOPICAL SOLUTION,,HALCINONIDE 1 MG/ML,TOPICAL SOLUTION
977978,SCD,HALOBETASOL PROPIONATE 0.0005 MG/MG TOPICAL OINTMENT,,HALOBETASOL PROPIONATE 0.0005 MG/MG,TOPICAL OINTMENT
2101715,SBD,HALOBETASOL PROPIONATE 0.1 MG/ML TOPICAL LOTION [BRYHALI],BRYHALI,HALOBETASOL PROPIONATE 0.1 MG/ML,TOPICAL LOTION
2166094,SBD,HALOBETASOL PROPIONATE 0.1 MG/ML / TAZAROTENE 0.45 MG/ML TOPICAL LOTION [DUOBRII],DUOBRII,HALOBETASOL PROPIONATE 0.1 MG/ML / TAZAROTENE 0.45 MG/ML,TOPICAL LOTION
1790329,SBD,HALOBETASOL PROPIONATE 0.5 MG/ML TOPICAL LOTION [ULTRAVATE],ULTRAVATE,HALOBETASOL PROPIONATE 0.5 MG/ML,TOPICAL LOTION
2047646,SCD,HALOBETASOL PROPIONATE 0.5 MG/ML TOPICAL FOAM,,HALOBETASOL PROPIONATE 0.5 MG/ML,TOPICAL FOAM
2106585,SBD,HALOBETASOL PROPIONATE 0.5 MG/ML TOPICAL FOAM [LEXETTE],LEXETTE,HALOBETASOL PROPIONATE 0.5 MG/ML,TOPICAL FOAM
1789962,SCD,HALOBETASOL PROPIONATE 0.5 MG/ML TOPICAL LOTION,,HALOBETASOL PROPIONATE 0.5 MG/ML,TOPICAL LOTION
977990,SCD,HALOBETASOL PROPIONATE 0.5 MG/ML TOPICAL CREAM,,HALOBETASOL PROPIONATE 0.5 MG/ML,TOPICAL CREAM
310670,SCD,HALOPERIDOL 0.5 MG ORAL TABLET,,HALOPERIDOL 0.5 MG,ORAL TABLET
310671,SCD,HALOPERIDOL 1 MG ORAL TABLET,,HALOPERIDOL 1 MG,ORAL TABLET
314035,SCD,HALOPERIDOL 10 MG ORAL TABLET,,HALOPERIDOL 10 MG,ORAL TABLET
314034,SCD,HALOPERIDOL 2 MG ORAL TABLET,,HALOPERIDOL 2 MG,ORAL TABLET
141935,SCD,HALOPERIDOL 2 MG/ML ORAL SOLUTION,,HALOPERIDOL 2 MG/ML,ORAL SOLUTION
197754,SCD,HALOPERIDOL 20 MG ORAL TABLET,,HALOPERIDOL 20 MG,ORAL TABLET
310672,SCD,HALOPERIDOL 5 MG ORAL TABLET,,HALOPERIDOL 5 MG,ORAL TABLET
204416,SCD,HALOPERIDOL 5 MG/ML INJECTABLE SOLUTION,,HALOPERIDOL 5 MG/ML,INJECTABLE SOLUTION
859871,SCD,HALOPERIDOL DECANOATE 100 MG/ML INJECTABLE SOLUTION,,HALOPERIDOL DECANOATE 100 MG/ML,INJECTABLE SOLUTION
1719803,SCD,1 ML HALOPERIDOL DECANOATE 100 MG/ML INJECTION,,HALOPERIDOL DECANOATE 100 MG/ML,INJECTION
859867,SCD,HALOPERIDOL DECANOATE 50 MG/ML INJECTABLE SOLUTION,,HALOPERIDOL DECANOATE 50 MG/ML,INJECTABLE SOLUTION
1719862,SCD,1 ML HALOPERIDOL DECANOATE 50 MG/ML INJECTION,,HALOPERIDOL DECANOATE 50 MG/ML,INJECTION
1361226,SCD,"HEPARIN SODIUM, PORCINE 1000 UNT/ML INJECTABLE SOLUTION",,"HEPARIN SODIUM, PORCINE 1000 UNT/ML",INJECTABLE SOLUTION
1658637,SCD,"1 ML HEPARIN SODIUM, PORCINE 10000 UNT/ML INJECTION",,"HEPARIN SODIUM, PORCINE 10000 UNT/ML",INJECTION
1361574,SCD,"HEPARIN SODIUM, PORCINE 20000 UNT/ML INJECTABLE SOLUTION",,"HEPARIN SODIUM, PORCINE 20000 UNT/ML",INJECTABLE SOLUTION
1361615,SCD,"HEPARIN SODIUM, PORCINE 5000 UNT/ML INJECTABLE SOLUTION",,"HEPARIN SODIUM, PORCINE 5000 UNT/ML",INJECTABLE SOLUTION
798482,SBD,0.5 ML HEPATITIS A VACCINE (INACTIVATED) STRAIN HM175 1440 UNT/ML PREFILLED SYRINGE [HAVRIX],HAVRIX,HEPATITIS A VACCINE (INACTIVATED) STRAIN HM175 1440 UNT/ML,PREFILLED SYRINGE
798479,SBD,1 ML HEPATITIS A VACCINE (INACTIVATED) STRAIN HM175 1440 UNT/ML PREFILLED SYRINGE [HAVRIX],HAVRIX,HEPATITIS A VACCINE (INACTIVATED) STRAIN HM175 1440 UNT/ML,PREFILLED SYRINGE
803371,SBD,1 ML HEPATITIS A VACCINE (INACTIVATED) STRAIN HM175 720 UNT/ML / HEPATITIS B SURFACE ANTIGEN VACCINE 0.02 MG/ML PREFILLED SYRINGE [TWINRIX],TWINRIX,HEPATITIS A VACCINE (INACTIVATED) STRAIN HM175 720 UNT/ML / HEPATITIS B SURFACE ANTIGEN VACCINE 0.02 MG/ML,PREFILLED SYRINGE
1658106,SBD,"0.5 ML HEPATITIS A VIRUS STRAIN CR 326F ANTIGEN, INACTIVATED 50 UNT/ML INJECTION [VAQTA]",VAQTA,"HEPATITIS A VIRUS STRAIN CR 326F ANTIGEN, INACTIVATED 50 UNT/ML",INJECTION
836636,SBD,"0.5 ML HEPATITIS A VIRUS STRAIN CR 326F ANTIGEN, INACTIVATED 50 UNT/ML PREFILLED SYRINGE [VAQTA]",VAQTA,"HEPATITIS A VIRUS STRAIN CR 326F ANTIGEN, INACTIVATED 50 UNT/ML",PREFILLED SYRINGE
1658102,SBD,"1 ML HEPATITIS A VIRUS STRAIN CR 326F ANTIGEN, INACTIVATED 50 UNT/ML INJECTION [VAQTA]",VAQTA,"HEPATITIS A VIRUS STRAIN CR 326F ANTIGEN, INACTIVATED 50 UNT/ML",INJECTION
836634,SBD,"1 ML HEPATITIS A VIRUS STRAIN CR 326F ANTIGEN, INACTIVATED 50 UNT/ML PREFILLED SYRINGE [VAQTA]",VAQTA,"HEPATITIS A VIRUS STRAIN CR 326F ANTIGEN, INACTIVATED 50 UNT/ML",PREFILLED SYRINGE
1658155,SBD,0.5 ML HEPATITIS B SURFACE ANTIGEN VACCINE 0.01 MG/ML INJECTION [RECOMBIVAX],RECOMBIVAX,HEPATITIS B SURFACE ANTIGEN VACCINE 0.01 MG/ML,INJECTION
1658150,SBD,1 ML HEPATITIS B SURFACE ANTIGEN VACCINE 0.01 MG/ML INJECTION [RECOMBIVAX],RECOMBIVAX,HEPATITIS B SURFACE ANTIGEN VACCINE 0.01 MG/ML,INJECTION
830253,SBD,0.5 ML HEPATITIS B SURFACE ANTIGEN VACCINE 0.01 MG/ML PREFILLED SYRINGE [RECOMBIVAX],RECOMBIVAX,HEPATITIS B SURFACE ANTIGEN VACCINE 0.01 MG/ML,PREFILLED SYRINGE
830245,SBD,1 ML HEPATITIS B SURFACE ANTIGEN VACCINE 0.01 MG/ML PREFILLED SYRINGE [RECOMBIVAX],RECOMBIVAX,HEPATITIS B SURFACE ANTIGEN VACCINE 0.01 MG/ML,PREFILLED SYRINGE
1658157,SBD,1 ML HEPATITIS B SURFACE ANTIGEN VACCINE 0.02 MG/ML INJECTION [ENGERIX-B],ENGERIX-B,HEPATITIS B SURFACE ANTIGEN VACCINE 0.02 MG/ML,INJECTION
798428,SBD,1 ML HEPATITIS B SURFACE ANTIGEN VACCINE 0.02 MG/ML PREFILLED SYRINGE [ENGERIX-B],ENGERIX-B,HEPATITIS B SURFACE ANTIGEN VACCINE 0.02 MG/ML,PREFILLED SYRINGE
798430,SBD,0.5 ML HEPATITIS B SURFACE ANTIGEN VACCINE 0.02 MG/ML PREFILLED SYRINGE [ENGERIX-B],ENGERIX-B,HEPATITIS B SURFACE ANTIGEN VACCINE 0.02 MG/ML,PREFILLED SYRINGE
2050059,SBD,0.5 ML HEPATITIS B SURFACE ANTIGEN VACCINE 0.04 MG/ML PREFILLED SYRINGE [HEPLISAV-B],HEPLISAV-B,HEPATITIS B SURFACE ANTIGEN VACCINE 0.04 MG/ML,PREFILLED SYRINGE
830263,SBD,1 ML HEPATITIS B SURFACE ANTIGEN VACCINE 0.04 MG/ML INJECTION [RECOMBIVAX],RECOMBIVAX,HEPATITIS B SURFACE ANTIGEN VACCINE 0.04 MG/ML,INJECTION
798300,SBD,HUMAN-BOVINE REASSORTANT ROTAVIRUS STRAIN G1 VACCINE 1100000 UNT/ML / HUMAN-BOVINE REASSORTANT ROTAVIRUS STRAIN G2 VACCINE 1400000 UNT/ML / HUMAN-BOVINE REASSORTANT ROTAVIRUS STRAIN G3 VACCINE 1100000 UNT/ML / HUMAN-BOVINE REASSORTANT ROTAVIRUS STRAIN G4 VACCINE 1000000 UNT/ML / HUMAN-BOVINE REASSORTANT ROTAVIRUS STRAIN P1A[8] VACCINE 1150000 UNT/ML ORAL SUSPENSION [ROTATEQ],ROTATEQ,HUMAN-BOVINE REASSORTANT ROTAVIRUS STRAIN G1 VACCINE 1100000 UNT/ML / HUMAN-BOVINE REASSORTANT ROTAVIRUS STRAIN G2 VACCINE 1400000 UNT/ML / HUMAN-BOVINE REASSORTANT ROTAVIRUS STRAIN G3 VACCINE 1100000 UNT/ML / HUMAN-BOVINE REASSORTANT ROTAVIRUS STRAI,ORAL SUSPENSION
905199,SCD,HYDRALAZINE HYDROCHLORIDE 10 MG ORAL TABLET,,HYDRALAZINE HYDROCHLORIDE 10 MG,ORAL TABLET
905222,SCD,HYDRALAZINE HYDROCHLORIDE 100 MG ORAL TABLET,,HYDRALAZINE HYDROCHLORIDE 100 MG,ORAL TABLET
905225,SCD,HYDRALAZINE HYDROCHLORIDE 25 MG ORAL TABLET,,HYDRALAZINE HYDROCHLORIDE 25 MG,ORAL TABLET
905379,SBD,HYDRALAZINE HYDROCHLORIDE 37.5 MG / ISOSORBIDE DINITRATE 20 MG ORAL TABLET [BIDIL],BIDIL,HYDRALAZINE HYDROCHLORIDE 37.5 MG / ISOSORBIDE DINITRATE 20 MG,ORAL TABLET
905377,SCD,HYDRALAZINE HYDROCHLORIDE 37.5 MG / ISOSORBIDE DINITRATE 20 MG ORAL TABLET,,HYDRALAZINE HYDROCHLORIDE 37.5 MG / ISOSORBIDE DINITRATE 20 MG,ORAL TABLET
905395,SCD,HYDRALAZINE HYDROCHLORIDE 50 MG ORAL TABLET,,HYDRALAZINE HYDROCHLORIDE 50 MG,ORAL TABLET
199903,SCD,HYDROCHLOROTHIAZIDE 12.5 MG ORAL CAPSULE,,HYDROCHLOROTHIAZIDE 12.5 MG,ORAL CAPSULE
429503,SCD,HYDROCHLOROTHIAZIDE 12.5 MG ORAL TABLET,,HYDROCHLOROTHIAZIDE 12.5 MG,ORAL TABLET
310792,SCD,HYDROCHLOROTHIAZIDE 12.5 MG / IRBESARTAN 150 MG ORAL TABLET,,HYDROCHLOROTHIAZIDE 12.5 MG / IRBESARTAN 150 MG,ORAL TABLET
823934,SBD,HYDROCHLOROTHIAZIDE 12.5 MG / IRBESARTAN 150 MG ORAL TABLET [AVALIDE],AVALIDE,HYDROCHLOROTHIAZIDE 12.5 MG / IRBESARTAN 150 MG,ORAL TABLET
823938,SBD,HYDROCHLOROTHIAZIDE 12.5 MG / IRBESARTAN 300 MG ORAL TABLET [AVALIDE],AVALIDE,HYDROCHLOROTHIAZIDE 12.5 MG / IRBESARTAN 300 MG,ORAL TABLET
310793,SCD,HYDROCHLOROTHIAZIDE 12.5 MG / IRBESARTAN 300 MG ORAL TABLET,,HYDROCHLOROTHIAZIDE 12.5 MG / IRBESARTAN 300 MG,ORAL TABLET
197885,SCD,HYDROCHLOROTHIAZIDE 12.5 MG / LISINOPRIL 10 MG ORAL TABLET,,HYDROCHLOROTHIAZIDE 12.5 MG / LISINOPRIL 10 MG,ORAL TABLET
823986,SBD,HYDROCHLOROTHIAZIDE 12.5 MG / LISINOPRIL 10 MG ORAL TABLET [ZESTORETIC],ZESTORETIC,HYDROCHLOROTHIAZIDE 12.5 MG / LISINOPRIL 10 MG,ORAL TABLET
823982,SBD,HYDROCHLOROTHIAZIDE 12.5 MG / LISINOPRIL 20 MG ORAL TABLET [ZESTORETIC],ZESTORETIC,HYDROCHLOROTHIAZIDE 12.5 MG / LISINOPRIL 20 MG,ORAL TABLET
197886,SCD,HYDROCHLOROTHIAZIDE 12.5 MG / LISINOPRIL 20 MG ORAL TABLET,,HYDROCHLOROTHIAZIDE 12.5 MG / LISINOPRIL 20 MG,ORAL TABLET
979466,SBD,HYDROCHLOROTHIAZIDE 12.5 MG / LOSARTAN POTASSIUM 100 MG ORAL TABLET [HYZAAR],HYZAAR,HYDROCHLOROTHIAZIDE 12.5 MG / LOSARTAN POTASSIUM 100 MG,ORAL TABLET
979464,SCD,HYDROCHLOROTHIAZIDE 12.5 MG / LOSARTAN POTASSIUM 100 MG ORAL TABLET,,HYDROCHLOROTHIAZIDE 12.5 MG / LOSARTAN POTASSIUM 100 MG,ORAL TABLET
979470,SBD,HYDROCHLOROTHIAZIDE 12.5 MG / LOSARTAN POTASSIUM 50 MG ORAL TABLET [HYZAAR],HYZAAR,HYDROCHLOROTHIAZIDE 12.5 MG / LOSARTAN POTASSIUM 50 MG,ORAL TABLET
979468,SCD,HYDROCHLOROTHIAZIDE 12.5 MG / LOSARTAN POTASSIUM 50 MG ORAL TABLET,,HYDROCHLOROTHIAZIDE 12.5 MG / LOSARTAN POTASSIUM 50 MG,ORAL TABLET
403853,SCD,HYDROCHLOROTHIAZIDE 12.5 MG / OLMESARTAN MEDOXOMIL 20 MG ORAL TABLET,,HYDROCHLOROTHIAZIDE 12.5 MG / OLMESARTAN MEDOXOMIL 20 MG,ORAL TABLET
847060,SBD,HYDROCHLOROTHIAZIDE 12.5 MG / OLMESARTAN MEDOXOMIL 20 MG ORAL TABLET [BENICAR HCT],BENICAR HCT,HYDROCHLOROTHIAZIDE 12.5 MG / OLMESARTAN MEDOXOMIL 20 MG,ORAL TABLET
847055,SBD,HYDROCHLOROTHIAZIDE 12.5 MG / OLMESARTAN MEDOXOMIL 40 MG ORAL TABLET [BENICAR HCT],BENICAR HCT,HYDROCHLOROTHIAZIDE 12.5 MG / OLMESARTAN MEDOXOMIL 40 MG,ORAL TABLET
403854,SCD,HYDROCHLOROTHIAZIDE 12.5 MG / OLMESARTAN MEDOXOMIL 40 MG ORAL TABLET,,HYDROCHLOROTHIAZIDE 12.5 MG / OLMESARTAN MEDOXOMIL 40 MG,ORAL TABLET
310796,SCD,HYDROCHLOROTHIAZIDE 12.5 MG / QUINAPRIL 10 MG ORAL TABLET,,HYDROCHLOROTHIAZIDE 12.5 MG / QUINAPRIL 10 MG,ORAL TABLET
310797,SCD,HYDROCHLOROTHIAZIDE 12.5 MG / QUINAPRIL 20 MG ORAL TABLET,,HYDROCHLOROTHIAZIDE 12.5 MG / QUINAPRIL 20 MG,ORAL TABLET
283316,SCD,HYDROCHLOROTHIAZIDE 12.5 MG / TELMISARTAN 40 MG ORAL TABLET,,HYDROCHLOROTHIAZIDE 12.5 MG / TELMISARTAN 40 MG,ORAL TABLET
749833,SBD,HYDROCHLOROTHIAZIDE 12.5 MG / TELMISARTAN 40 MG ORAL TABLET [MICARDIS-HCT],MICARDIS-HCT,HYDROCHLOROTHIAZIDE 12.5 MG / TELMISARTAN 40 MG,ORAL TABLET
749837,SBD,HYDROCHLOROTHIAZIDE 12.5 MG / TELMISARTAN 80 MG ORAL TABLET [MICARDIS-HCT],MICARDIS-HCT,HYDROCHLOROTHIAZIDE 12.5 MG / TELMISARTAN 80 MG,ORAL TABLET
283317,SCD,HYDROCHLOROTHIAZIDE 12.5 MG / TELMISARTAN 80 MG ORAL TABLET,,HYDROCHLOROTHIAZIDE 12.5 MG / TELMISARTAN 80 MG,ORAL TABLET
200285,SCD,HYDROCHLOROTHIAZIDE 12.5 MG / VALSARTAN 160 MG ORAL TABLET,,HYDROCHLOROTHIAZIDE 12.5 MG / VALSARTAN 160 MG,ORAL TABLET
809018,SBD,HYDROCHLOROTHIAZIDE 12.5 MG / VALSARTAN 160 MG ORAL TABLET [DIOVAN HCT],DIOVAN HCT,HYDROCHLOROTHIAZIDE 12.5 MG / VALSARTAN 160 MG,ORAL TABLET
809026,SBD,HYDROCHLOROTHIAZIDE 12.5 MG / VALSARTAN 320 MG ORAL TABLET [DIOVAN HCT],DIOVAN HCT,HYDROCHLOROTHIAZIDE 12.5 MG / VALSARTAN 320 MG,ORAL TABLET
636042,SCD,HYDROCHLOROTHIAZIDE 12.5 MG / VALSARTAN 320 MG ORAL TABLET,,HYDROCHLOROTHIAZIDE 12.5 MG / VALSARTAN 320 MG,ORAL TABLET
809014,SBD,HYDROCHLOROTHIAZIDE 12.5 MG / VALSARTAN 80 MG ORAL TABLET [DIOVAN HCT],DIOVAN HCT,HYDROCHLOROTHIAZIDE 12.5 MG / VALSARTAN 80 MG,ORAL TABLET
200284,SCD,HYDROCHLOROTHIAZIDE 12.5 MG / VALSARTAN 80 MG ORAL TABLET,,HYDROCHLOROTHIAZIDE 12.5 MG / VALSARTAN 80 MG,ORAL TABLET
310798,SCD,HYDROCHLOROTHIAZIDE 25 MG ORAL TABLET,,HYDROCHLOROTHIAZIDE 25 MG,ORAL TABLET
823971,SBD,HYDROCHLOROTHIAZIDE 25 MG / LISINOPRIL 20 MG ORAL TABLET [ZESTORETIC],ZESTORETIC,HYDROCHLOROTHIAZIDE 25 MG / LISINOPRIL 20 MG,ORAL TABLET
197887,SCD,HYDROCHLOROTHIAZIDE 25 MG / LISINOPRIL 20 MG ORAL TABLET,,HYDROCHLOROTHIAZIDE 25 MG / LISINOPRIL 20 MG,ORAL TABLET
979473,SBD,HYDROCHLOROTHIAZIDE 25 MG / LOSARTAN POTASSIUM 100 MG ORAL TABLET [HYZAAR],HYZAAR,HYDROCHLOROTHIAZIDE 25 MG / LOSARTAN POTASSIUM 100 MG,ORAL TABLET
979471,SCD,HYDROCHLOROTHIAZIDE 25 MG / LOSARTAN POTASSIUM 100 MG ORAL TABLET,,HYDROCHLOROTHIAZIDE 25 MG / LOSARTAN POTASSIUM 100 MG,ORAL TABLET
866479,SCD,HYDROCHLOROTHIAZIDE 25 MG / METOPROLOL TARTRATE 100 MG ORAL TABLET,,HYDROCHLOROTHIAZIDE 25 MG / METOPROLOL TARTRATE 100 MG,ORAL TABLET
866482,SCD,HYDROCHLOROTHIAZIDE 25 MG / METOPROLOL TARTRATE 50 MG ORAL TABLET,,HYDROCHLOROTHIAZIDE 25 MG / METOPROLOL TARTRATE 50 MG,ORAL TABLET
847042,SBD,HYDROCHLOROTHIAZIDE 25 MG / OLMESARTAN MEDOXOMIL 40 MG ORAL TABLET [BENICAR HCT],BENICAR HCT,HYDROCHLOROTHIAZIDE 25 MG / OLMESARTAN MEDOXOMIL 40 MG,ORAL TABLET
403855,SCD,HYDROCHLOROTHIAZIDE 25 MG / OLMESARTAN MEDOXOMIL 40 MG ORAL TABLET,,HYDROCHLOROTHIAZIDE 25 MG / OLMESARTAN MEDOXOMIL 40 MG,ORAL TABLET
310809,SCD,HYDROCHLOROTHIAZIDE 25 MG / QUINAPRIL 20 MG ORAL TABLET,,HYDROCHLOROTHIAZIDE 25 MG / QUINAPRIL 20 MG,ORAL TABLET
198224,SCD,HYDROCHLOROTHIAZIDE 25 MG / SPIRONOLACTONE 25 MG ORAL TABLET,,HYDROCHLOROTHIAZIDE 25 MG / SPIRONOLACTONE 25 MG,ORAL TABLET
749841,SBD,HYDROCHLOROTHIAZIDE 25 MG / TELMISARTAN 80 MG ORAL TABLET [MICARDIS-HCT],MICARDIS-HCT,HYDROCHLOROTHIAZIDE 25 MG / TELMISARTAN 80 MG,ORAL TABLET
477130,SCD,HYDROCHLOROTHIAZIDE 25 MG / TELMISARTAN 80 MG ORAL TABLET,,HYDROCHLOROTHIAZIDE 25 MG / TELMISARTAN 80 MG,ORAL TABLET
198316,SCD,HYDROCHLOROTHIAZIDE 25 MG / TRIAMTERENE 37.5 MG ORAL CAPSULE,,HYDROCHLOROTHIAZIDE 25 MG / TRIAMTERENE 37.5 MG,ORAL CAPSULE
310812,SCD,HYDROCHLOROTHIAZIDE 25 MG / TRIAMTERENE 37.5 MG ORAL TABLET,,HYDROCHLOROTHIAZIDE 25 MG / TRIAMTERENE 37.5 MG,ORAL TABLET
349353,SCD,HYDROCHLOROTHIAZIDE 25 MG / VALSARTAN 160 MG ORAL TABLET,,HYDROCHLOROTHIAZIDE 25 MG / VALSARTAN 160 MG,ORAL TABLET
809022,SBD,HYDROCHLOROTHIAZIDE 25 MG / VALSARTAN 160 MG ORAL TABLET [DIOVAN HCT],DIOVAN HCT,HYDROCHLOROTHIAZIDE 25 MG / VALSARTAN 160 MG,ORAL TABLET
809030,SBD,HYDROCHLOROTHIAZIDE 25 MG / VALSARTAN 320 MG ORAL TABLET [DIOVAN HCT],DIOVAN HCT,HYDROCHLOROTHIAZIDE 25 MG / VALSARTAN 320 MG,ORAL TABLET
636045,SCD,HYDROCHLOROTHIAZIDE 25 MG / VALSARTAN 320 MG ORAL TABLET,,HYDROCHLOROTHIAZIDE 25 MG / VALSARTAN 320 MG,ORAL TABLET
197770,SCD,HYDROCHLOROTHIAZIDE 50 MG ORAL TABLET,,HYDROCHLOROTHIAZIDE 50 MG,ORAL TABLET
866491,SCD,HYDROCHLOROTHIAZIDE 50 MG / METOPROLOL TARTRATE 100 MG ORAL TABLET,,HYDROCHLOROTHIAZIDE 50 MG / METOPROLOL TARTRATE 100 MG,ORAL TABLET
310818,SCD,HYDROCHLOROTHIAZIDE 50 MG / TRIAMTERENE 75 MG ORAL TABLET,,HYDROCHLOROTHIAZIDE 50 MG / TRIAMTERENE 75 MG,ORAL TABLET
2704018,SBD,HYDROCHLOROTHIAZIDE 800 MG POWDER FOR ORAL SUSPENSION [INZIRQO],INZIRQO,HYDROCHLOROTHIAZIDE 800 MG,POWDER FOR ORAL SUSPENSION
1860491,SCD,12 HR HYDROCODONE BITARTRATE 10 MG EXTENDED RELEASE ORAL CAPSULE,,HYDROCODONE BITARTRATE 10 MG,EXTENDED RELEASE ORAL CAPSULE
859315,SCD,HYDROCODONE BITARTRATE 10 MG / IBUPROFEN 200 MG ORAL TABLET,,HYDROCODONE BITARTRATE 10 MG / IBUPROFEN 200 MG,ORAL TABLET
1595766,SBD,ABUSE-DETERRENT 24 HR HYDROCODONE BITARTRATE 100 MG EXTENDED RELEASE ORAL TABLET [HYSINGLA],HYSINGLA,HYDROCODONE BITARTRATE 100 MG,EXTENDED RELEASE ORAL TABLET
1595764,SCD,ABUSE-DETERRENT 24 HR HYDROCODONE BITARTRATE 100 MG EXTENDED RELEASE ORAL TABLET,,HYDROCODONE BITARTRATE 100 MG,EXTENDED RELEASE ORAL TABLET
1595770,SCD,ABUSE-DETERRENT 24 HR HYDROCODONE BITARTRATE 120 MG EXTENDED RELEASE ORAL TABLET,,HYDROCODONE BITARTRATE 120 MG,EXTENDED RELEASE ORAL TABLET
1860493,SCD,12 HR HYDROCODONE BITARTRATE 15 MG EXTENDED RELEASE ORAL CAPSULE,,HYDROCODONE BITARTRATE 15 MG,EXTENDED RELEASE ORAL CAPSULE
1595736,SBD,ABUSE-DETERRENT 24 HR HYDROCODONE BITARTRATE 20 MG EXTENDED RELEASE ORAL TABLET [HYSINGLA],HYSINGLA,HYDROCODONE BITARTRATE 20 MG,EXTENDED RELEASE ORAL TABLET
1595730,SCD,ABUSE-DETERRENT 24 HR HYDROCODONE BITARTRATE 20 MG EXTENDED RELEASE ORAL TABLET,,HYDROCODONE BITARTRATE 20 MG,EXTENDED RELEASE ORAL TABLET
1860495,SCD,12 HR HYDROCODONE BITARTRATE 20 MG EXTENDED RELEASE ORAL CAPSULE,,HYDROCODONE BITARTRATE 20 MG,EXTENDED RELEASE ORAL CAPSULE
1860497,SCD,12 HR HYDROCODONE BITARTRATE 30 MG EXTENDED RELEASE ORAL CAPSULE,,HYDROCODONE BITARTRATE 30 MG,EXTENDED RELEASE ORAL CAPSULE
1595740,SCD,ABUSE-DETERRENT 24 HR HYDROCODONE BITARTRATE 30 MG EXTENDED RELEASE ORAL TABLET,,HYDROCODONE BITARTRATE 30 MG,EXTENDED RELEASE ORAL TABLET
1595742,SBD,ABUSE-DETERRENT 24 HR HYDROCODONE BITARTRATE 30 MG EXTENDED RELEASE ORAL TABLET [HYSINGLA],HYSINGLA,HYDROCODONE BITARTRATE 30 MG,EXTENDED RELEASE ORAL TABLET
1860499,SCD,12 HR HYDROCODONE BITARTRATE 40 MG EXTENDED RELEASE ORAL CAPSULE,,HYDROCODONE BITARTRATE 40 MG,EXTENDED RELEASE ORAL CAPSULE
1595748,SBD,ABUSE-DETERRENT 24 HR HYDROCODONE BITARTRATE 40 MG EXTENDED RELEASE ORAL TABLET [HYSINGLA],HYSINGLA,HYDROCODONE BITARTRATE 40 MG,EXTENDED RELEASE ORAL TABLET
1595746,SCD,ABUSE-DETERRENT 24 HR HYDROCODONE BITARTRATE 40 MG EXTENDED RELEASE ORAL TABLET,,HYDROCODONE BITARTRATE 40 MG,EXTENDED RELEASE ORAL TABLET
858778,SCD,HYDROCODONE BITARTRATE 5 MG / IBUPROFEN 200 MG ORAL TABLET,,HYDROCODONE BITARTRATE 5 MG / IBUPROFEN 200 MG,ORAL TABLET
1860501,SCD,12 HR HYDROCODONE BITARTRATE 50 MG EXTENDED RELEASE ORAL CAPSULE,,HYDROCODONE BITARTRATE 50 MG,EXTENDED RELEASE ORAL CAPSULE
1595752,SCD,ABUSE-DETERRENT 24 HR HYDROCODONE BITARTRATE 60 MG EXTENDED RELEASE ORAL TABLET,,HYDROCODONE BITARTRATE 60 MG,EXTENDED RELEASE ORAL TABLET
1595754,SBD,ABUSE-DETERRENT 24 HR HYDROCODONE BITARTRATE 60 MG EXTENDED RELEASE ORAL TABLET [HYSINGLA],HYSINGLA,HYDROCODONE BITARTRATE 60 MG,EXTENDED RELEASE ORAL TABLET
858798,SCD,HYDROCODONE BITARTRATE 7.5 MG / IBUPROFEN 200 MG ORAL TABLET,,HYDROCODONE BITARTRATE 7.5 MG / IBUPROFEN 200 MG,ORAL TABLET
1595760,SBD,ABUSE-DETERRENT 24 HR HYDROCODONE BITARTRATE 80 MG EXTENDED RELEASE ORAL TABLET [HYSINGLA],HYSINGLA,HYDROCODONE BITARTRATE 80 MG,EXTENDED RELEASE ORAL TABLET
1595758,SCD,ABUSE-DETERRENT 24 HR HYDROCODONE BITARTRATE 80 MG EXTENDED RELEASE ORAL TABLET,,HYDROCODONE BITARTRATE 80 MG,EXTENDED RELEASE ORAL TABLET
203105,SCD,HYDROCORTISONE 0.01 MG/MG TOPICAL OINTMENT,,HYDROCORTISONE 0.01 MG/MG,TOPICAL OINTMENT
103401,SCD,HYDROCORTISONE 0.025 MG/MG TOPICAL OINTMENT,,HYDROCORTISONE 0.025 MG/MG,TOPICAL OINTMENT
2399650,SBD,HYDROCORTISONE 0.5 MG ORAL GRANULES [ALKINDI],ALKINDI,HYDROCORTISONE 0.5 MG,ORAL GRANULES
2399654,SBD,HYDROCORTISONE 1 MG ORAL GRANULES [ALKINDI],ALKINDI,HYDROCORTISONE 1 MG,ORAL GRANULES
2716556,SBD,HYDROCORTISONE 1 MG/ML ORAL SOLUTION [KHINDIVI],KHINDIVI,HYDROCORTISONE 1 MG/ML,ORAL SOLUTION
310878,SCD,HYDROCORTISONE 1.67 MG/ML ENEMA,,HYDROCORTISONE 1.67 MG/ML,ENEMA
197782,SCD,HYDROCORTISONE 10 MG ORAL TABLET,,HYDROCORTISONE 10 MG,ORAL TABLET
208712,SBD,HYDROCORTISONE 10 MG ORAL TABLET [CORTEF],CORTEF,HYDROCORTISONE 10 MG,ORAL TABLET
106258,SCD,HYDROCORTISONE 10 MG/ML TOPICAL CREAM,,HYDROCORTISONE 10 MG/ML,TOPICAL CREAM
206347,SBD,HYDROCORTISONE 10 MG/ML TOPICAL CREAM [ALA-CORT],ALA-CORT,HYDROCORTISONE 10 MG/ML,TOPICAL CREAM
204874,SCD,HYDROCORTISONE 10 MG/ML / NEOMYCIN 3.5 MG/ML / POLYMYXIN B 10000 UNT/ML OPHTHALMIC SUSPENSION,,HYDROCORTISONE 10 MG/ML / NEOMYCIN 3.5 MG/ML / POLYMYXIN B 10000 UNT/ML,OPHTHALMIC SUSPENSION
204423,SCD,HYDROCORTISONE 10 MG/ML / NEOMYCIN 3.5 MG/ML / POLYMYXIN B 10000 UNT/ML OTIC SOLUTION,,HYDROCORTISONE 10 MG/ML / NEOMYCIN 3.5 MG/ML / POLYMYXIN B 10000 UNT/ML,OTIC SOLUTION
310687,SCD,HYDROCORTISONE 10 MG/ML / NEOMYCIN 3.5 MG/ML / POLYMYXIN B 10000 UNT/ML OTIC SUSPENSION,,HYDROCORTISONE 10 MG/ML / NEOMYCIN 3.5 MG/ML / POLYMYXIN B 10000 UNT/ML,OTIC SUSPENSION
2399658,SBD,HYDROCORTISONE 2 MG ORAL GRANULES [ALKINDI],ALKINDI,HYDROCORTISONE 2 MG,ORAL GRANULES
208816,SBD,HYDROCORTISONE 20 MG ORAL TABLET [CORTEF],CORTEF,HYDROCORTISONE 20 MG,ORAL TABLET
197783,SCD,HYDROCORTISONE 20 MG ORAL TABLET,,HYDROCORTISONE 20 MG,ORAL TABLET
197784,SCD,HYDROCORTISONE 20 MG/ML TOPICAL LOTION,,HYDROCORTISONE 20 MG/ML,TOPICAL LOTION
884077,SBD,HYDROCORTISONE 20 MG/ML TOPICAL LOTION [ALA-SCALP],ALA-SCALP,HYDROCORTISONE 20 MG/ML,TOPICAL LOTION
310891,SCD,HYDROCORTISONE 25 MG/ML TOPICAL CREAM,,HYDROCORTISONE 25 MG/ML,TOPICAL CREAM
1790684,SBD,HYDROCORTISONE 25 MG/ML TOPICAL CREAM [PROCTO-MED],PROCTO-MED,HYDROCORTISONE 25 MG/ML,TOPICAL CREAM
1540356,SBD,HYDROCORTISONE 25 MG/ML TOPICAL CREAM [PROCTOSOL],PROCTOSOL,HYDROCORTISONE 25 MG/ML,TOPICAL CREAM
1659445,SBD,HYDROCORTISONE 25 MG/ML TOPICAL CREAM [ANUSOL HC],ANUSOL HC,HYDROCORTISONE 25 MG/ML,TOPICAL CREAM
1440936,SBD,HYDROCORTISONE 25 MG/ML TOPICAL CREAM [PROCTOZONE HC],PROCTOZONE HC,HYDROCORTISONE 25 MG/ML,TOPICAL CREAM
206336,SBD,HYDROCORTISONE 25 MG/ML TOPICAL SOLUTION [TEXACORT],TEXACORT,HYDROCORTISONE 25 MG/ML,TOPICAL SOLUTION
197786,SCD,HYDROCORTISONE 25 MG/ML TOPICAL SOLUTION,,HYDROCORTISONE 25 MG/ML,TOPICAL SOLUTION
197785,SCD,HYDROCORTISONE 25 MG/ML TOPICAL LOTION,,HYDROCORTISONE 25 MG/ML,TOPICAL LOTION
197787,SCD,HYDROCORTISONE 5 MG ORAL TABLET,,HYDROCORTISONE 5 MG,ORAL TABLET
2399661,SBD,HYDROCORTISONE 5 MG ORAL GRANULES [ALKINDI],ALKINDI,HYDROCORTISONE 5 MG,ORAL GRANULES
208680,SBD,HYDROCORTISONE 5 MG ORAL TABLET [CORTEF],CORTEF,HYDROCORTISONE 5 MG,ORAL TABLET
1234396,SBD,HYDROCORTISONE ACETATE 10 MG/ML / PRAMOXINE HYDROCHLORIDE 10 MG/ML TOPICAL LOTION [PRAMOSONE],PRAMOSONE,HYDROCORTISONE ACETATE 10 MG/ML / PRAMOXINE HYDROCHLORIDE 10 MG/ML,TOPICAL LOTION
1234519,SBD,HYDROCORTISONE ACETATE 10 MG/ML / PRAMOXINE HYDROCHLORIDE 10 MG/ML TOPICAL CREAM [PRAMOSONE],PRAMOSONE,HYDROCORTISONE ACETATE 10 MG/ML / PRAMOXINE HYDROCHLORIDE 10 MG/ML,TOPICAL CREAM
1235049,SCD,HYDROCORTISONE ACETATE 10 MG/ML / PRAMOXINE HYDROCHLORIDE 10 MG/ML RECTAL CREAM,,HYDROCORTISONE ACETATE 10 MG/ML / PRAMOXINE HYDROCHLORIDE 10 MG/ML,RECTAL CREAM
1360954,SBD,HYDROCORTISONE ACETATE 10 MG/ML / PRAMOXINE HYDROCHLORIDE 10 MG/ML RECTAL CREAM [ANALPRAM HC],ANALPRAM HC,HYDROCORTISONE ACETATE 10 MG/ML / PRAMOXINE HYDROCHLORIDE 10 MG/ML,RECTAL CREAM
828364,SBD,HYDROCORTISONE ACETATE 10 MG/ML / PRAMOXINE HYDROCHLORIDE 10 MG/ML RECTAL FOAM [PROCTOFOAM-HC],PROCTOFOAM-HC,HYDROCORTISONE ACETATE 10 MG/ML / PRAMOXINE HYDROCHLORIDE 10 MG/ML,RECTAL FOAM
1809843,SCD,HYDROCORTISONE ACETATE 25 MG/ML TOPICAL CREAM,,HYDROCORTISONE ACETATE 25 MG/ML,TOPICAL CREAM
1362211,SBD,HYDROCORTISONE ACETATE 25 MG/ML / PRAMOXINE HYDROCHLORIDE 10 MG/ML RECTAL CREAM [ANALPRAM HC],ANALPRAM HC,HYDROCORTISONE ACETATE 25 MG/ML / PRAMOXINE HYDROCHLORIDE 10 MG/ML,RECTAL CREAM
1234514,SBD,HYDROCORTISONE ACETATE 25 MG/ML / PRAMOXINE HYDROCHLORIDE 10 MG/ML TOPICAL LOTION [PRAMOSONE],PRAMOSONE,HYDROCORTISONE ACETATE 25 MG/ML / PRAMOXINE HYDROCHLORIDE 10 MG/ML,TOPICAL LOTION
1360956,SBD,HYDROCORTISONE ACETATE 25 MG/ML / PRAMOXINE HYDROCHLORIDE 10 MG/ML TOPICAL LOTION [ANALPRAM HC],ANALPRAM HC,HYDROCORTISONE ACETATE 25 MG/ML / PRAMOXINE HYDROCHLORIDE 10 MG/ML,TOPICAL LOTION
1370758,SCD,HYDROCORTISONE BUTYRATE 0.001 MG/MG TOPICAL OINTMENT,,HYDROCORTISONE BUTYRATE 0.001 MG/MG,TOPICAL OINTMENT
1370767,SCD,HYDROCORTISONE BUTYRATE 1 MG/ML TOPICAL SOLUTION,,HYDROCORTISONE BUTYRATE 1 MG/ML,TOPICAL SOLUTION
1370770,SCD,HYDROCORTISONE BUTYRATE 1 MG/ML TOPICAL CREAM,,HYDROCORTISONE BUTYRATE 1 MG/ML,TOPICAL CREAM
1370763,SCD,HYDROCORTISONE BUTYRATE 1 MG/ML TOPICAL LOTION,,HYDROCORTISONE BUTYRATE 1 MG/ML,TOPICAL LOTION
2742561,SBD,HYDROCORTISONE BUTYRATE 1 MG/ML TOPICAL LOTION [EVESSE],EVESSE,HYDROCORTISONE BUTYRATE 1 MG/ML,TOPICAL LOTION
1370750,SCD,HYDROCORTISONE VALERATE 0.002 MG/MG TOPICAL OINTMENT,,HYDROCORTISONE VALERATE 0.002 MG/MG,TOPICAL OINTMENT
1370754,SCD,HYDROCORTISONE VALERATE 2 MG/ML TOPICAL CREAM,,HYDROCORTISONE VALERATE 2 MG/ML,TOPICAL CREAM
897658,SBD,HYDROMORPHONE HYDROCHLORIDE 1 MG/ML ORAL SOLUTION [DILAUDID],DILAUDID,HYDROMORPHONE HYDROCHLORIDE 1 MG/ML,ORAL SOLUTION
897657,SCD,HYDROMORPHONE HYDROCHLORIDE 1 MG/ML ORAL SOLUTION,,HYDROMORPHONE HYDROCHLORIDE 1 MG/ML,ORAL SOLUTION
1724338,SCD,1 ML HYDROMORPHONE HYDROCHLORIDE 10 MG/ML INJECTION,,HYDROMORPHONE HYDROCHLORIDE 10 MG/ML,INJECTION
1724340,SCD,5 ML HYDROMORPHONE HYDROCHLORIDE 10 MG/ML INJECTION,,HYDROMORPHONE HYDROCHLORIDE 10 MG/ML,INJECTION
902729,SCD,24 HR HYDROMORPHONE HYDROCHLORIDE 12 MG EXTENDED RELEASE ORAL TABLET,,HYDROMORPHONE HYDROCHLORIDE 12 MG,EXTENDED RELEASE ORAL TABLET
902736,SCD,24 HR HYDROMORPHONE HYDROCHLORIDE 16 MG EXTENDED RELEASE ORAL TABLET,,HYDROMORPHONE HYDROCHLORIDE 16 MG,EXTENDED RELEASE ORAL TABLET
897696,SCD,HYDROMORPHONE HYDROCHLORIDE 2 MG ORAL TABLET,,HYDROMORPHONE HYDROCHLORIDE 2 MG,ORAL TABLET
897698,SBD,HYDROMORPHONE HYDROCHLORIDE 2 MG ORAL TABLET [DILAUDID],DILAUDID,HYDROMORPHONE HYDROCHLORIDE 2 MG,ORAL TABLET
1306898,SCD,24 HR HYDROMORPHONE HYDROCHLORIDE 32 MG EXTENDED RELEASE ORAL TABLET,,HYDROMORPHONE HYDROCHLORIDE 32 MG,EXTENDED RELEASE ORAL TABLET
897702,SCD,HYDROMORPHONE HYDROCHLORIDE 4 MG ORAL TABLET,,HYDROMORPHONE HYDROCHLORIDE 4 MG,ORAL TABLET
897704,SBD,HYDROMORPHONE HYDROCHLORIDE 4 MG ORAL TABLET [DILAUDID],DILAUDID,HYDROMORPHONE HYDROCHLORIDE 4 MG,ORAL TABLET
902741,SCD,24 HR HYDROMORPHONE HYDROCHLORIDE 8 MG EXTENDED RELEASE ORAL TABLET,,HYDROMORPHONE HYDROCHLORIDE 8 MG,EXTENDED RELEASE ORAL TABLET
897712,SBD,HYDROMORPHONE HYDROCHLORIDE 8 MG ORAL TABLET [DILAUDID],DILAUDID,HYDROMORPHONE HYDROCHLORIDE 8 MG,ORAL TABLET
897710,SCD,HYDROMORPHONE HYDROCHLORIDE 8 MG ORAL TABLET,,HYDROMORPHONE HYDROCHLORIDE 8 MG,ORAL TABLET
2569281,SCD,HYDROXYCHLOROQUINE SULFATE 100 MG ORAL TABLET,,HYDROXYCHLOROQUINE SULFATE 100 MG,ORAL TABLET
979092,SCD,HYDROXYCHLOROQUINE SULFATE 200 MG ORAL TABLET,,HYDROXYCHLOROQUINE SULFATE 200 MG,ORAL TABLET
979094,SBD,HYDROXYCHLOROQUINE SULFATE 200 MG ORAL TABLET [PLAQUENIL],PLAQUENIL,HYDROXYCHLOROQUINE SULFATE 200 MG,ORAL TABLET
2665282,SBD,HYDROXYCHLOROQUINE SULFATE 200 MG ORAL TABLET [SOVUNA],SOVUNA,HYDROXYCHLOROQUINE SULFATE 200 MG,ORAL TABLET
2665284,SBD,HYDROXYCHLOROQUINE SULFATE 300 MG ORAL TABLET [SOVUNA],SOVUNA,HYDROXYCHLOROQUINE SULFATE 300 MG,ORAL TABLET
2569283,SCD,HYDROXYCHLOROQUINE SULFATE 300 MG ORAL TABLET,,HYDROXYCHLOROQUINE SULFATE 300 MG,ORAL TABLET
1119312,SCD,HYDROXYCHLOROQUINE SULFATE 400 MG ORAL TABLET,,HYDROXYCHLOROQUINE SULFATE 400 MG,ORAL TABLET
1999314,SBD,HYDROXYUREA 100 MG ORAL TABLET [SIKLOS],SIKLOS,HYDROXYUREA 100 MG,ORAL TABLET
2696079,SBD,HYDROXYUREA 100 MG/ML ORAL SOLUTION [XROMI],XROMI,HYDROXYUREA 100 MG/ML,ORAL SOLUTION
1999316,SBD,HYDROXYUREA 1000 MG ORAL TABLET [SIKLOS],SIKLOS,HYDROXYUREA 1000 MG,ORAL TABLET
213282,SBD,HYDROXYUREA 200 MG ORAL CAPSULE [DROXIA],DROXIA,HYDROXYUREA 200 MG,ORAL CAPSULE
213283,SBD,HYDROXYUREA 300 MG ORAL CAPSULE [DROXIA],DROXIA,HYDROXYUREA 300 MG,ORAL CAPSULE
213284,SBD,HYDROXYUREA 400 MG ORAL CAPSULE [DROXIA],DROXIA,HYDROXYUREA 400 MG,ORAL CAPSULE
197797,SCD,HYDROXYUREA 500 MG ORAL CAPSULE,,HYDROXYUREA 500 MG,ORAL CAPSULE
105602,SBD,HYDROXYUREA 500 MG ORAL CAPSULE [HYDREA],HYDREA,HYDROXYUREA 500 MG,ORAL CAPSULE
995218,SCD,HYDROXYZINE HYDROCHLORIDE 10 MG ORAL TABLET,,HYDROXYZINE HYDROCHLORIDE 10 MG,ORAL TABLET
995241,SCD,HYDROXYZINE HYDROCHLORIDE 2 MG/ML ORAL SOLUTION,,HYDROXYZINE HYDROCHLORIDE 2 MG/ML,ORAL SOLUTION
995258,SCD,HYDROXYZINE HYDROCHLORIDE 25 MG ORAL TABLET,,HYDROXYZINE HYDROCHLORIDE 25 MG,ORAL TABLET
995281,SCD,HYDROXYZINE HYDROCHLORIDE 50 MG ORAL TABLET,,HYDROXYZINE HYDROCHLORIDE 50 MG,ORAL TABLET
995232,SCD,HYDROXYZINE PAMOATE 100 MG ORAL CAPSULE,,HYDROXYZINE PAMOATE 100 MG,ORAL CAPSULE
995253,SCD,HYDROXYZINE PAMOATE 25 MG ORAL CAPSULE,,HYDROXYZINE PAMOATE 25 MG,ORAL CAPSULE
995278,SCD,HYDROXYZINE PAMOATE 50 MG ORAL CAPSULE,,HYDROXYZINE PAMOATE 50 MG,ORAL CAPSULE
904932,SCD,IBANDRONIC ACID 150 MG ORAL TABLET,,IBANDRONIC ACID 150 MG,ORAL TABLET
2000019,SBD,IBRUTINIB 140 MG ORAL TABLET [IMBRUVICA],IMBRUVICA,IBRUTINIB 140 MG,ORAL TABLET
1442992,SBD,IBRUTINIB 140 MG ORAL CAPSULE [IMBRUVICA],IMBRUVICA,IBRUTINIB 140 MG,ORAL CAPSULE
2000023,SBD,IBRUTINIB 280 MG ORAL TABLET [IMBRUVICA],IMBRUVICA,IBRUTINIB 280 MG,ORAL TABLET
2000027,SBD,IBRUTINIB 420 MG ORAL TABLET [IMBRUVICA],IMBRUVICA,IBRUTINIB 420 MG,ORAL TABLET
1994362,SBD,IBRUTINIB 70 MG ORAL CAPSULE [IMBRUVICA],IMBRUVICA,IBRUTINIB 70 MG,ORAL CAPSULE
2611540,SBD,IBRUTINIB 70 MG/ML ORAL SUSPENSION [IMBRUVICA],IMBRUVICA,IBRUTINIB 70 MG/ML,ORAL SUSPENSION
197803,SCD,IBUPROFEN 20 MG/ML ORAL SUSPENSION,,IBUPROFEN 20 MG/ML,ORAL SUSPENSION
197804,SCD,IBUPROFEN 300 MG ORAL TABLET,,IBUPROFEN 300 MG,ORAL TABLET
197805,SCD,IBUPROFEN 400 MG ORAL TABLET,,IBUPROFEN 400 MG,ORAL TABLET
206913,SBD,IBUPROFEN 600 MG ORAL TABLET [IBU],IBU,IBUPROFEN 600 MG,ORAL TABLET
197806,SCD,IBUPROFEN 600 MG ORAL TABLET,,IBUPROFEN 600 MG,ORAL TABLET
197807,SCD,IBUPROFEN 800 MG ORAL TABLET,,IBUPROFEN 800 MG,ORAL TABLET
206917,SBD,IBUPROFEN 800 MG ORAL TABLET [IBU],IBU,IBUPROFEN 800 MG,ORAL TABLET
1148145,SBD,3 ML ICATIBANT 10 MG/ML PREFILLED SYRINGE [FIRAZYR],FIRAZYR,ICATIBANT 10 MG/ML,PREFILLED SYRINGE
2569480,SBD,3 ML ICATIBANT 10 MG/ML PREFILLED SYRINGE [SAJAZIR],SAJAZIR,ICATIBANT 10 MG/ML,PREFILLED SYRINGE
1148141,SCD,3 ML ICATIBANT 10 MG/ML PREFILLED SYRINGE,,ICATIBANT 10 MG/ML,PREFILLED SYRINGE
1304985,SBD,ICOSAPENT ETHYL 1000 MG ORAL CAPSULE [VASCEPA],VASCEPA,ICOSAPENT ETHYL 1000 MG,ORAL CAPSULE
1304979,SCD,ICOSAPENT ETHYL 1000 MG ORAL CAPSULE,,ICOSAPENT ETHYL 1000 MG,ORAL CAPSULE
1811180,SCD,ICOSAPENT ETHYL 500 MG ORAL CAPSULE,,ICOSAPENT ETHYL 500 MG,ORAL CAPSULE
1811182,SBD,ICOSAPENT ETHYL 500 MG ORAL CAPSULE [VASCEPA],VASCEPA,ICOSAPENT ETHYL 500 MG,ORAL CAPSULE
2739042,SBD,ICOTROKINRA 200 MG ORAL TABLET [ICOTYDE],ICOTYDE,ICOTROKINRA 200 MG,ORAL TABLET
848726,SBD,ILOPERIDONE 1 MG ORAL TABLET [FANAPT],FANAPT,ILOPERIDONE 1 MG,ORAL TABLET
848752,BPCK,{2 (ILOPERIDONE 1 MG ORAL TABLET [FANAPT]) / 2 (ILOPERIDONE 2 MG ORAL TABLET [FANAPT]) / 2 (ILOPERIDONE 4 MG ORAL TABLET [FANAPT]) / 2 (ILOPERIDONE 6 MG ORAL TABLET [FANAPT]) } PACK [FANAPT TITRATION PACK],FANAPT TITRATION PACK,ILOPERIDONE 1 MG / ILOPERIDONE 2 MG / ILOPERIDONE 4 MG / ILOPERIDONE 6 MG,PACK
2714235,BPCK,{4 (ILOPERIDONE 1 MG ORAL TABLET [FANAPT]) / 2 (ILOPERIDONE 2 MG ORAL TABLET [FANAPT]) / 2 (ILOPERIDONE 6 MG ORAL TABLET [FANAPT]) } PACK [FANAPT TITRATION PACK C],FANAPT TITRATION PACK C,ILOPERIDONE 1 MG / ILOPERIDONE 2 MG / ILOPERIDONE 6 MG,PACK
2720357,BPCK,{6 (ILOPERIDONE 1 MG ORAL TABLET [FANAPT]) / 2 (ILOPERIDONE 2 MG ORAL TABLET [FANAPT]) / 2 (ILOPERIDONE 6 MG ORAL TABLET [FANAPT]) / 2 (ILOPERIDONE 8 MG ORAL TABLET [FANAPT]) } PACK [FANAPT TITRATION PACK B],FANAPT TITRATION PACK B,ILOPERIDONE 1 MG / ILOPERIDONE 2 MG / ILOPERIDONE 6 MG / ILOPERIDONE 8 MG,PACK
848730,SBD,ILOPERIDONE 10 MG ORAL TABLET [FANAPT],FANAPT,ILOPERIDONE 10 MG,ORAL TABLET
848734,SBD,ILOPERIDONE 12 MG ORAL TABLET [FANAPT],FANAPT,ILOPERIDONE 12 MG,ORAL TABLET
848738,SBD,ILOPERIDONE 2 MG ORAL TABLET [FANAPT],FANAPT,ILOPERIDONE 2 MG,ORAL TABLET
848742,SBD,ILOPERIDONE 4 MG ORAL TABLET [FANAPT],FANAPT,ILOPERIDONE 4 MG,ORAL TABLET
848746,SBD,ILOPERIDONE 6 MG ORAL TABLET [FANAPT],FANAPT,ILOPERIDONE 6 MG,ORAL TABLET
848750,SBD,ILOPERIDONE 8 MG ORAL TABLET [FANAPT],FANAPT,ILOPERIDONE 8 MG,ORAL TABLET
403878,SCD,IMATINIB 100 MG ORAL TABLET,,IMATINIB 100 MG,ORAL TABLET
404588,SBD,IMATINIB 100 MG ORAL TABLET [GLEEVEC],GLEEVEC,IMATINIB 100 MG,ORAL TABLET
403879,SCD,IMATINIB 400 MG ORAL TABLET,,IMATINIB 400 MG,ORAL TABLET
404589,SBD,IMATINIB 400 MG ORAL TABLET [GLEEVEC],GLEEVEC,IMATINIB 400 MG,ORAL TABLET
2699837,SBD,IMATINIB 80 MG/ML ORAL SOLUTION [IMKELDI],IMKELDI,IMATINIB 80 MG/ML,ORAL SOLUTION
835593,SCD,IMIPRAMINE HYDROCHLORIDE 10 MG ORAL TABLET,,IMIPRAMINE HYDROCHLORIDE 10 MG,ORAL TABLET
835564,SCD,IMIPRAMINE HYDROCHLORIDE 25 MG ORAL TABLET,,IMIPRAMINE HYDROCHLORIDE 25 MG,ORAL TABLET
835568,SCD,IMIPRAMINE HYDROCHLORIDE 50 MG ORAL TABLET,,IMIPRAMINE HYDROCHLORIDE 50 MG,ORAL TABLET
835591,SCD,IMIPRAMINE PAMOATE 100 MG ORAL CAPSULE,,IMIPRAMINE PAMOATE 100 MG,ORAL CAPSULE
835589,SCD,IMIPRAMINE PAMOATE 125 MG ORAL CAPSULE,,IMIPRAMINE PAMOATE 125 MG,ORAL CAPSULE
835577,SCD,IMIPRAMINE PAMOATE 150 MG ORAL CAPSULE,,IMIPRAMINE PAMOATE 150 MG,ORAL CAPSULE
835572,SCD,IMIPRAMINE PAMOATE 75 MG ORAL CAPSULE,,IMIPRAMINE PAMOATE 75 MG,ORAL CAPSULE
967017,SCD,IMIQUIMOD 37.5 MG/ML TOPICAL CREAM,,IMIQUIMOD 37.5 MG/ML,TOPICAL CREAM
967021,SBD,IMIQUIMOD 37.5 MG/ML TOPICAL CREAM [ZYCLARA],ZYCLARA,IMIQUIMOD 37.5 MG/ML,TOPICAL CREAM
310982,SCD,IMIQUIMOD 50 MG/ML TOPICAL CREAM,,IMIQUIMOD 50 MG/ML,TOPICAL CREAM
2725923,SBD,IMLUNESTRANT 200 MG ORAL TABLET [INLURIYO],INLURIYO,IMLUNESTRANT 200 MG,ORAL TABLET
2706398,SBD,200 ML IMMUNE GLOBULIN INTRAVENOUS (HUMAN) - DIRA 100 MG/ML INJECTION [YIMMUGO],YIMMUGO,IMMUNE GLOBULIN INTRAVENOUS (HUMAN) - DIRA 100 MG/ML,INJECTION
2706396,SBD,100 ML IMMUNE GLOBULIN INTRAVENOUS (HUMAN) - DIRA 100 MG/ML INJECTION [YIMMUGO],YIMMUGO,IMMUNE GLOBULIN INTRAVENOUS (HUMAN) - DIRA 100 MG/ML,INJECTION
2706393,SBD,50 ML IMMUNE GLOBULIN INTRAVENOUS (HUMAN) - DIRA 100 MG/ML INJECTION [YIMMUGO],YIMMUGO,IMMUNE GLOBULIN INTRAVENOUS (HUMAN) - DIRA 100 MG/ML,INJECTION
2102460,SBD,50 ML IMMUNE GLOBULIN INTRAVENOUS (HUMAN) - IFAS 100 MG/ML INJECTION [PANZYGA],PANZYGA,IMMUNE GLOBULIN INTRAVENOUS (HUMAN) - IFAS 100 MG/ML,INJECTION
2102456,SBD,25 ML IMMUNE GLOBULIN INTRAVENOUS (HUMAN) - IFAS 100 MG/ML INJECTION [PANZYGA],PANZYGA,IMMUNE GLOBULIN INTRAVENOUS (HUMAN) - IFAS 100 MG/ML,INJECTION
2102440,SBD,10 ML IMMUNE GLOBULIN INTRAVENOUS (HUMAN) - IFAS 100 MG/ML INJECTION [PANZYGA],PANZYGA,IMMUNE GLOBULIN INTRAVENOUS (HUMAN) - IFAS 100 MG/ML,INJECTION
2102464,SBD,100 ML IMMUNE GLOBULIN INTRAVENOUS (HUMAN) - IFAS 100 MG/ML INJECTION [PANZYGA],PANZYGA,IMMUNE GLOBULIN INTRAVENOUS (HUMAN) - IFAS 100 MG/ML,INJECTION
2102472,SBD,300 ML IMMUNE GLOBULIN INTRAVENOUS (HUMAN) - IFAS 100 MG/ML INJECTION [PANZYGA],PANZYGA,IMMUNE GLOBULIN INTRAVENOUS (HUMAN) - IFAS 100 MG/ML,INJECTION
2102470,SBD,200 ML IMMUNE GLOBULIN INTRAVENOUS (HUMAN) - IFAS 100 MG/ML INJECTION [PANZYGA],PANZYGA,IMMUNE GLOBULIN INTRAVENOUS (HUMAN) - IFAS 100 MG/ML,INJECTION
2726026,SBD,100 ML IMMUNE GLOBULIN INTRAVENOUS (HUMAN) - KTHM 100 MG/ML INJECTION [QIVIGY],QIVIGY,IMMUNE GLOBULIN INTRAVENOUS (HUMAN) - KTHM 100 MG/ML,INJECTION
2726023,SBD,50 ML IMMUNE GLOBULIN INTRAVENOUS (HUMAN) - KTHM 100 MG/ML INJECTION [QIVIGY],QIVIGY,IMMUNE GLOBULIN INTRAVENOUS (HUMAN) - KTHM 100 MG/ML,INJECTION
1876674,SBD,"200 ML IMMUNOGLOBULIN G, HUMAN 100 MG/ML INJECTION [GAMMAPLEX]",GAMMAPLEX,"IMMUNOGLOBULIN G, HUMAN 100 MG/ML",INJECTION
1876673,SBD,"100 ML IMMUNOGLOBULIN G, HUMAN 100 MG/ML INJECTION [GAMMAPLEX]",GAMMAPLEX,"IMMUNOGLOBULIN G, HUMAN 100 MG/ML",INJECTION
1809436,SBD,"10 ML IMMUNOGLOBULIN G, HUMAN 100 MG/ML INJECTION [GAMMAKED]",GAMMAKED,"IMMUNOGLOBULIN G, HUMAN 100 MG/ML",INJECTION
1809499,SBD,"20 ML IMMUNOGLOBULIN G, HUMAN 100 MG/ML INJECTION [OCTAGAM]",OCTAGAM,"IMMUNOGLOBULIN G, HUMAN 100 MG/ML",INJECTION
1809520,SBD,"200 ML IMMUNOGLOBULIN G, HUMAN 100 MG/ML INJECTION [PRIVIGEN]",PRIVIGEN,"IMMUNOGLOBULIN G, HUMAN 100 MG/ML",INJECTION
1809580,SBD,"10 ML IMMUNOGLOBULIN G, HUMAN 100 MG/ML INJECTION [GAMUNEX]",GAMUNEX,"IMMUNOGLOBULIN G, HUMAN 100 MG/ML",INJECTION
1809667,SBD,"25 ML IMMUNOGLOBULIN G, HUMAN 100 MG/ML INJECTION [GAMMAGARD]",GAMMAGARD,"IMMUNOGLOBULIN G, HUMAN 100 MG/ML",INJECTION
1809668,SBD,"50 ML IMMUNOGLOBULIN G, HUMAN 100 MG/ML INJECTION [GAMMAGARD]",GAMMAGARD,"IMMUNOGLOBULIN G, HUMAN 100 MG/ML",INJECTION
1809670,SBD,"100 ML IMMUNOGLOBULIN G, HUMAN 100 MG/ML INJECTION [GAMMAGARD]",GAMMAGARD,"IMMUNOGLOBULIN G, HUMAN 100 MG/ML",INJECTION
2733847,SBD,"100 ML IMMUNOGLOBULIN G, HUMAN 100 MG/ML INJECTION [GAMMAGARD ERC]",GAMMAGARD ERC,"IMMUNOGLOBULIN G, HUMAN 100 MG/ML",INJECTION
1809416,SBD,"50 ML IMMUNOGLOBULIN G, HUMAN 100 MG/ML INJECTION [BIVIGAM]",BIVIGAM,"IMMUNOGLOBULIN G, HUMAN 100 MG/ML",INJECTION
2733845,SBD,"50 ML IMMUNOGLOBULIN G, HUMAN 100 MG/ML INJECTION [GAMMAGARD ERC]",GAMMAGARD ERC,"IMMUNOGLOBULIN G, HUMAN 100 MG/ML",INJECTION
1876671,SBD,"50 ML IMMUNOGLOBULIN G, HUMAN 100 MG/ML INJECTION [GAMMAPLEX]",GAMMAPLEX,"IMMUNOGLOBULIN G, HUMAN 100 MG/ML",INJECTION
1809738,SBD,"IMMUNOGLOBULIN G, HUMAN 10000 MG INJECTION [GAMMAGARD]",GAMMAGARD,"IMMUNOGLOBULIN G, HUMAN 10000 MG",INJECTION
1809643,SBD,"20 ML IMMUNOGLOBULIN G, HUMAN 50 MG/ML INJECTION [OCTAGAM]",OCTAGAM,"IMMUNOGLOBULIN G, HUMAN 50 MG/ML",INJECTION
1809513,SBD,"200 ML IMMUNOGLOBULIN G, HUMAN 50 MG/ML INJECTION [GAMMAPLEX]",GAMMAPLEX,"IMMUNOGLOBULIN G, HUMAN 50 MG/ML",INJECTION
1809730,SBD,"IMMUNOGLOBULIN G, HUMAN 5000 MG INJECTION [GAMMAGARD]",GAMMAGARD,"IMMUNOGLOBULIN G, HUMAN 5000 MG",INJECTION
2695433,SBD,INAVOLISIB 3 MG ORAL TABLET [ITOVEBI],ITOVEBI,INAVOLISIB 3 MG,ORAL TABLET
2695437,SBD,INAVOLISIB 9 MG ORAL TABLET [ITOVEBI],ITOVEBI,INAVOLISIB 9 MG,ORAL TABLET
197815,SCD,INDAPAMIDE 1.25 MG ORAL TABLET,,INDAPAMIDE 1.25 MG,ORAL TABLET
197816,SCD,INDAPAMIDE 2.5 MG ORAL TABLET,,INDAPAMIDE 2.5 MG,ORAL TABLET
197817,SCD,INDOMETHACIN 25 MG ORAL CAPSULE,,INDOMETHACIN 25 MG,ORAL CAPSULE
206971,SBD,INDOMETHACIN 5 MG/ML ORAL SUSPENSION [INDOCIN],INDOCIN,INDOMETHACIN 5 MG/ML,ORAL SUSPENSION
310991,SCD,INDOMETHACIN 5 MG/ML ORAL SUSPENSION,,INDOMETHACIN 5 MG/ML,ORAL SUSPENSION
197818,SCD,INDOMETHACIN 50 MG ORAL CAPSULE,,INDOMETHACIN 50 MG,ORAL CAPSULE
197819,SCD,INDOMETHACIN 50 MG RECTAL SUPPOSITORY,,INDOMETHACIN 50 MG,RECTAL SUPPOSITORY
206969,SBD,INDOMETHACIN 50 MG RECTAL SUPPOSITORY [INDOCIN],INDOCIN,INDOMETHACIN 50 MG,RECTAL SUPPOSITORY
310992,SCD,INDOMETHACIN 75 MG EXTENDED RELEASE ORAL CAPSULE,,INDOMETHACIN 75 MG,EXTENDED RELEASE ORAL CAPSULE
2675749,SBD,1 ML INFLIXIMAB-DYYB 120 MG/ML PEN INJECTOR [ZYMFENTRA],ZYMFENTRA,INFLIXIMAB-DYYB 120 MG/ML,PEN INJECTOR
2675757,SBD,1 ML INFLIXIMAB-DYYB 120 MG/ML PREFILLED SYRINGE [ZYMFENTRA],ZYMFENTRA,INFLIXIMAB-DYYB 120 MG/ML,PREFILLED SYRINGE
977840,SBD,"3 ML INSULIN ASPART PROTAMINE, HUMAN 70 UNT/ML / INSULIN ASPART, HUMAN 30 UNT/ML PEN INJECTOR [NOVOLOG MIX]",NOVOLOG MIX,"INSULIN ASPART PROTAMINE, HUMAN 70 UNT/ML / INSULIN ASPART, HUMAN 30 UNT/ML",PEN INJECTOR
977842,SBD,"INSULIN ASPART PROTAMINE, HUMAN 70 UNT/ML / INSULIN ASPART, HUMAN 30 UNT/ML INJECTABLE SUSPENSION [NOVOLOG MIX]",NOVOLOG MIX,"INSULIN ASPART PROTAMINE, HUMAN 70 UNT/ML / INSULIN ASPART, HUMAN 30 UNT/ML",INJECTABLE SUSPENSION
2205454,SBD,"3 ML INSULIN ASPART, HUMAN 100 UNT/ML CARTRIDGE [FIASP]",FIASP,"INSULIN ASPART, HUMAN 100 UNT/ML",CARTRIDGE
1986354,SBD,"INSULIN ASPART, HUMAN 100 UNT/ML INJECTABLE SOLUTION [FIASP]",FIASP,"INSULIN ASPART, HUMAN 100 UNT/ML",INJECTABLE SOLUTION
1986356,SBD,"3 ML INSULIN ASPART, HUMAN 100 UNT/ML PEN INJECTOR [FIASP]",FIASP,"INSULIN ASPART, HUMAN 100 UNT/ML",PEN INJECTOR
351926,SBD,"INSULIN ASPART, HUMAN 100 UNT/ML INJECTABLE SOLUTION [NOVOLOG]",NOVOLOG,"INSULIN ASPART, HUMAN 100 UNT/ML",INJECTABLE SOLUTION
1653204,SBD,"3 ML INSULIN ASPART, HUMAN 100 UNT/ML PEN INJECTOR [NOVOLOG]",NOVOLOG,"INSULIN ASPART, HUMAN 100 UNT/ML",PEN INJECTOR
1653198,SBD,"3 ML INSULIN ASPART, HUMAN 100 UNT/ML CARTRIDGE [NOVOLOG]",NOVOLOG,"INSULIN ASPART, HUMAN 100 UNT/ML",CARTRIDGE
2705739,SBD,INSULIN ASPART-SZJJ 100 UNT/ML INJECTABLE SOLUTION [MERILOG],MERILOG,INSULIN ASPART-SZJJ 100 UNT/ML,INJECTABLE SOLUTION
2705745,SBD,3 ML INSULIN ASPART-SZJJ 100 UNT/ML PEN INJECTOR [MERILOG],MERILOG,INSULIN ASPART-SZJJ 100 UNT/ML,PEN INJECTOR
2720529,SBD,INSULIN ASPART-XJHZ 100 UNT/ML INJECTABLE SOLUTION [KIRSTY],KIRSTY,INSULIN ASPART-XJHZ 100 UNT/ML,INJECTABLE SOLUTION
2720541,SBD,3 ML INSULIN ASPART-XJHZ 100 UNT/ML PEN INJECTOR [KIRSTY],KIRSTY,INSULIN ASPART-XJHZ 100 UNT/ML,PEN INJECTOR
1670016,SBD,3 ML INSULIN DEGLUDEC 100 UNT/ML PEN INJECTOR [TRESIBA],TRESIBA,INSULIN DEGLUDEC 100 UNT/ML,PEN INJECTOR
2107522,SBD,INSULIN DEGLUDEC 100 UNT/ML INJECTABLE SOLUTION [TRESIBA],TRESIBA,INSULIN DEGLUDEC 100 UNT/ML,INJECTABLE SOLUTION
1860172,SBD,3 ML INSULIN DEGLUDEC 100 UNT/ML / LIRAGLUTIDE 3.6 MG/ML PEN INJECTOR [XULTOPHY],XULTOPHY,INSULIN DEGLUDEC 100 UNT/ML / LIRAGLUTIDE 3.6 MG/ML,PEN INJECTOR
1670023,SBD,3 ML INSULIN DEGLUDEC 200 UNT/ML PEN INJECTOR [TRESIBA],TRESIBA,INSULIN DEGLUDEC 200 UNT/ML,PEN INJECTOR
285018,SBD,INSULIN GLARGINE 100 UNT/ML INJECTABLE SOLUTION [LANTUS],LANTUS,INSULIN GLARGINE 100 UNT/ML,INJECTABLE SOLUTION
1736863,SBD,3 ML INSULIN GLARGINE 100 UNT/ML PEN INJECTOR [BASAGLAR],BASAGLAR,INSULIN GLARGINE 100 UNT/ML,PEN INJECTOR
847232,SBD,3 ML INSULIN GLARGINE 100 UNT/ML PEN INJECTOR [LANTUS],LANTUS,INSULIN GLARGINE 100 UNT/ML,PEN INJECTOR
1859000,SBD,3 ML INSULIN GLARGINE 100 UNT/ML / LIXISENATIDE 0.033 MG/ML PEN INJECTOR [SOLIQUA],SOLIQUA,INSULIN GLARGINE 100 UNT/ML / LIXISENATIDE 0.033 MG/ML,PEN INJECTOR
1604544,SBD,1.5 ML INSULIN GLARGINE 300 UNT/ML PEN INJECTOR [TOUJEO],TOUJEO,INSULIN GLARGINE 300 UNT/ML,PEN INJECTOR
2002419,SCD,3 ML INSULIN GLARGINE 300 UNT/ML PEN INJECTOR,,INSULIN GLARGINE 300 UNT/ML,PEN INJECTOR
2002420,SBD,3 ML INSULIN GLARGINE 300 UNT/ML PEN INJECTOR [TOUJEO],TOUJEO,INSULIN GLARGINE 300 UNT/ML,PEN INJECTOR
1604539,SCD,1.5 ML INSULIN GLARGINE 300 UNT/ML PEN INJECTOR,,INSULIN GLARGINE 300 UNT/ML,PEN INJECTOR
2589014,SBD,3 ML INSULIN GLARGINE-AGLR 100 UNT/ML PEN INJECTOR [REZVOGLAR],REZVOGLAR,INSULIN GLARGINE-AGLR 100 UNT/ML,PEN INJECTOR
2563977,SBD,INSULIN GLARGINE-YFGN 100 UNT/ML INJECTABLE SOLUTION [SEMGLEE],SEMGLEE,INSULIN GLARGINE-YFGN 100 UNT/ML,INJECTABLE SOLUTION
2563976,SCD,INSULIN GLARGINE-YFGN 100 UNT/ML INJECTABLE SOLUTION,,INSULIN GLARGINE-YFGN 100 UNT/ML,INJECTABLE SOLUTION
2563971,SCD,3 ML INSULIN GLARGINE-YFGN 100 UNT/ML PEN INJECTOR,,INSULIN GLARGINE-YFGN 100 UNT/ML,PEN INJECTOR
2563973,SBD,3 ML INSULIN GLARGINE-YFGN 100 UNT/ML PEN INJECTOR [SEMGLEE],SEMGLEE,INSULIN GLARGINE-YFGN 100 UNT/ML,PEN INJECTOR
847261,SBD,"3 ML INSULIN GLULISINE, HUMAN 100 UNT/ML PEN INJECTOR [APIDRA]",APIDRA,"INSULIN GLULISINE, HUMAN 100 UNT/ML",PEN INJECTOR
803194,SBD,"INSULIN GLULISINE, HUMAN 100 UNT/ML INJECTABLE SOLUTION [APIDRA]",APIDRA,"INSULIN GLULISINE, HUMAN 100 UNT/ML",INJECTABLE SOLUTION
2206099,SBD,"3 ML INSULIN ISOPHANE, HUMAN 100 UNT/ML PEN INJECTOR [NOVOLIN N]",NOVOLIN N,"INSULIN ISOPHANE, HUMAN 100 UNT/ML",PEN INJECTOR
311026,SBD,"INSULIN ISOPHANE, HUMAN 100 UNT/ML INJECTABLE SUSPENSION [HUMULIN N]",HUMULIN N,"INSULIN ISOPHANE, HUMAN 100 UNT/ML",INJECTABLE SUSPENSION
311027,SBD,"INSULIN ISOPHANE, HUMAN 100 UNT/ML INJECTABLE SUSPENSION [NOVOLIN N]",NOVOLIN N,"INSULIN ISOPHANE, HUMAN 100 UNT/ML",INJECTABLE SUSPENSION
847199,SBD,"3 ML INSULIN ISOPHANE, HUMAN 100 UNT/ML PEN INJECTOR [HUMULIN N]",HUMULIN N,"INSULIN ISOPHANE, HUMAN 100 UNT/ML",PEN INJECTOR
213442,SBD,"INSULIN ISOPHANE, HUMAN 70 UNT/ML / INSULIN, REGULAR, HUMAN 30 UNT/ML INJECTABLE SUSPENSION [NOVOLIN]",NOVOLIN,"INSULIN ISOPHANE, HUMAN 70 UNT/ML / INSULIN, REGULAR, HUMAN 30 UNT/ML",INJECTABLE SUSPENSION
847189,SBD,"3 ML INSULIN ISOPHANE, HUMAN 70 UNT/ML / INSULIN, REGULAR, HUMAN 30 UNT/ML PEN INJECTOR [HUMULIN]",HUMULIN,"INSULIN ISOPHANE, HUMAN 70 UNT/ML / INSULIN, REGULAR, HUMAN 30 UNT/ML",PEN INJECTOR
2049380,SBD,"3 ML INSULIN ISOPHANE, HUMAN 70 UNT/ML / INSULIN, REGULAR, HUMAN 30 UNT/ML PEN INJECTOR [NOVOLIN]",NOVOLIN,"INSULIN ISOPHANE, HUMAN 70 UNT/ML / INSULIN, REGULAR, HUMAN 30 UNT/ML",PEN INJECTOR
106892,SBD,"INSULIN ISOPHANE, HUMAN 70 UNT/ML / INSULIN, REGULAR, HUMAN 30 UNT/ML INJECTABLE SUSPENSION [HUMULIN]",HUMULIN,"INSULIN ISOPHANE, HUMAN 70 UNT/ML / INSULIN, REGULAR, HUMAN 30 UNT/ML",INJECTABLE SUSPENSION
1652646,SBD,3 ML INSULIN LISPRO 100 UNT/ML CARTRIDGE [HUMALOG],HUMALOG,INSULIN LISPRO 100 UNT/ML,CARTRIDGE
1652640,SBD,3 ML INSULIN LISPRO 100 UNT/ML PEN INJECTOR [HUMALOG],HUMALOG,INSULIN LISPRO 100 UNT/ML,PEN INJECTOR
1652639,SCD,3 ML INSULIN LISPRO 100 UNT/ML PEN INJECTOR,,INSULIN LISPRO 100 UNT/ML,PEN INJECTOR
1926332,SBD,0.5 UNT DOSES 3 ML INSULIN LISPRO 100 UNT/ML PEN INJECTOR [HUMALOG],HUMALOG,INSULIN LISPRO 100 UNT/ML,PEN INJECTOR
1926331,SCD,0.5 UNT DOSES 3 ML INSULIN LISPRO 100 UNT/ML PEN INJECTOR,,INSULIN LISPRO 100 UNT/ML,PEN INJECTOR
1992171,SBD,3 ML INSULIN LISPRO 100 UNT/ML PEN INJECTOR [ADMELOG],ADMELOG,INSULIN LISPRO 100 UNT/ML,PEN INJECTOR
1992169,SBD,INSULIN LISPRO 100 UNT/ML INJECTABLE SOLUTION [ADMELOG],ADMELOG,INSULIN LISPRO 100 UNT/ML,INJECTABLE SOLUTION
242120,SCD,INSULIN LISPRO 100 UNT/ML INJECTABLE SOLUTION,,INSULIN LISPRO 100 UNT/ML,INJECTABLE SOLUTION
865098,SBD,INSULIN LISPRO 100 UNT/ML INJECTABLE SOLUTION [HUMALOG],HUMALOG,INSULIN LISPRO 100 UNT/ML,INJECTABLE SOLUTION
1652242,SBD,3 ML INSULIN LISPRO 200 UNT/ML PEN INJECTOR [HUMALOG],HUMALOG,INSULIN LISPRO 200 UNT/ML,PEN INJECTOR
847254,SBD,"3 ML INSULIN LISPRO 25 UNT/ML / INSULIN LISPRO PROTAMINE, HUMAN 75 UNT/ML PEN INJECTOR [HUMALOG MIX]",HUMALOG MIX,"INSULIN LISPRO 25 UNT/ML / INSULIN LISPRO PROTAMINE, HUMAN 75 UNT/ML",PEN INJECTOR
847252,SCD,"3 ML INSULIN LISPRO 25 UNT/ML / INSULIN LISPRO PROTAMINE, HUMAN 75 UNT/ML PEN INJECTOR",,"INSULIN LISPRO 25 UNT/ML / INSULIN LISPRO PROTAMINE, HUMAN 75 UNT/ML",PEN INJECTOR
752388,SBD,"INSULIN LISPRO 25 UNT/ML / INSULIN LISPRO PROTAMINE, HUMAN 75 UNT/ML INJECTABLE SUSPENSION [HUMALOG MIX]",HUMALOG MIX,"INSULIN LISPRO 25 UNT/ML / INSULIN LISPRO PROTAMINE, HUMAN 75 UNT/ML",INJECTABLE SUSPENSION
847213,SBD,"3 ML INSULIN LISPRO 50 UNT/ML / INSULIN LISPRO PROTAMINE, HUMAN 50 UNT/ML PEN INJECTOR [HUMALOG MIX]",HUMALOG MIX,"INSULIN LISPRO 50 UNT/ML / INSULIN LISPRO PROTAMINE, HUMAN 50 UNT/ML",PEN INJECTOR
2380260,SBD,3 ML INSULIN LISPRO-AABC 100 UNT/ML PEN INJECTOR [LYUMJEV],LYUMJEV,INSULIN LISPRO-AABC 100 UNT/ML,PEN INJECTOR
2380236,SBD,INSULIN LISPRO-AABC 100 UNT/ML INJECTABLE SOLUTION [LYUMJEV],LYUMJEV,INSULIN LISPRO-AABC 100 UNT/ML,INJECTABLE SOLUTION
2380256,SBD,3 ML INSULIN LISPRO-AABC 200 UNT/ML PEN INJECTOR [LYUMJEV],LYUMJEV,INSULIN LISPRO-AABC 200 UNT/ML,PEN INJECTOR
637093,SY,INSULIN PEN NEEDLE,NA,INSULIN PEN NEEDLE,NA
248458,SY,INSULIN SYRINGE (DISP) U-100 0.3 ML,NA,INSULIN SYRINGE (DISP) U-100 0.3 ML,NA
244823,SY,INSULIN SYRINGE (DISP) U-100 1 ML,NA,INSULIN SYRINGE (DISP) U-100 1 ML,NA
244822,SY,INSULIN SYRINGE (DISP) U-100 1/2 ML,NA,INSULIN SYRINGE (DISP) U-100 1/2 ML,NA
311033,SBD,"INSULIN, REGULAR, HUMAN 100 UNT/ML INJECTABLE SOLUTION [NOVOLIN R]",NOVOLIN R,"INSULIN, REGULAR, HUMAN 100 UNT/ML",INJECTABLE SOLUTION
311036,SBD,"INSULIN, REGULAR, HUMAN 100 UNT/ML INJECTABLE SOLUTION [HUMULIN R]",HUMULIN R,"INSULIN, REGULAR, HUMAN 100 UNT/ML",INJECTABLE SOLUTION
2206092,SBD,"3 ML INSULIN, REGULAR, HUMAN 100 UNT/ML PEN INJECTOR [NOVOLIN R]",NOVOLIN R,"INSULIN, REGULAR, HUMAN 100 UNT/ML",PEN INJECTOR
1654912,SBD,"INSULIN, REGULAR, HUMAN 12 UNT INHALATION POWDER [AFREZZA]",AFREZZA,"INSULIN, REGULAR, HUMAN 12 UNT",INHALATION POWDER
1862102,BPCK,"{60 (INSULIN, REGULAR, HUMAN 12 UNT INHALATION POWDER [AFREZZA]) / 60 (INSULIN, REGULAR, HUMAN 4 UNT INHALATION POWDER [AFREZZA]) / 60 (INSULIN, REGULAR, HUMAN 8 UNT INHALATION POWDER [AFREZZA]) } PACK [AFREZZA 180 TITRATION PACK- 60 (4 UNT), 60 (8 UNT), 60 (12 UNT)]","AFREZZA 180 TITRATION PACK- 60 (4 UNT), 60 (8 UNT), 60 (12 UNT)","INSULIN, REGULAR, HUMAN 12 UNT / INSULIN, REGULAR, HUMAN 4 UNT / INSULIN, REGULAR, HUMAN 8 UNT",PACK
2100029,BPCK,"{90 (INSULIN, REGULAR, HUMAN 12 UNT INHALATION POWDER [AFREZZA]) / 90 (INSULIN, REGULAR, HUMAN 8 UNT INHALATION POWDER [AFREZZA]) } PACK [AFREZZA 180 - 90 (8 UNT), 90 (12 UNT)]","AFREZZA 180 - 90 (8 UNT), 90 (12 UNT)","INSULIN, REGULAR, HUMAN 12 UNT / INSULIN, REGULAR, HUMAN 8 UNT",PACK
1543207,SBD,"INSULIN, REGULAR, HUMAN 4 UNT INHALATION POWDER [AFREZZA]",AFREZZA,"INSULIN, REGULAR, HUMAN 4 UNT",INHALATION POWDER
1798388,BPCK,"{90 (INSULIN, REGULAR, HUMAN 4 UNT INHALATION POWDER [AFREZZA]) / 90 (INSULIN, REGULAR, HUMAN 8 UNT INHALATION POWDER [AFREZZA]) } PACK [AFREZZA TITRATION PACK]",AFREZZA TITRATION PACK,"INSULIN, REGULAR, HUMAN 4 UNT / INSULIN, REGULAR, HUMAN 8 UNT",PACK
1731317,SBD,"3 ML INSULIN, REGULAR, HUMAN 500 UNT/ML PEN INJECTOR [HUMULIN R]",HUMULIN R,"INSULIN, REGULAR, HUMAN 500 UNT/ML",PEN INJECTOR
351859,SBD,"INSULIN, REGULAR, HUMAN 500 UNT/ML INJECTABLE SOLUTION [HUMULIN R]",HUMULIN R,"INSULIN, REGULAR, HUMAN 500 UNT/ML",INJECTABLE SOLUTION
1544490,SBD,"INSULIN, REGULAR, HUMAN 8 UNT INHALATION POWDER [AFREZZA]",AFREZZA,"INSULIN, REGULAR, HUMAN 8 UNT",INHALATION POWDER
1649996,SBD,0.5 ML INTERFERON BETA-1A 0.044 MG/ML AUTO-INJECTOR [REBIF],REBIF,INTERFERON BETA-1A 0.044 MG/ML,AUTO-INJECTOR
1650282,BPCK,{6 (0.2 ML INTERFERON BETA-1A 0.044 MG/ML AUTO-INJECTOR [REBIF]) / 6 (0.5 ML INTERFERON BETA-1A 0.044 MG/ML AUTO-INJECTOR [REBIF]) } PACK [REBIF REBIDOSE],REBIF REBIDOSE,INTERFERON BETA-1A 0.044 MG/ML,PACK
758032,SBD,0.5 ML INTERFERON BETA-1A 0.044 MG/ML PREFILLED SYRINGE [REBIF],REBIF,INTERFERON BETA-1A 0.044 MG/ML,PREFILLED SYRINGE
795749,BPCK,{6 (0.2 ML INTERFERON BETA-1A 0.044 MG/ML PREFILLED SYRINGE [REBIF]) / 6 (0.5 ML INTERFERON BETA-1A 0.044 MG/ML PREFILLED SYRINGE [REBIF]) } PACK [REBIF TITRATION],REBIF TITRATION,INTERFERON BETA-1A 0.044 MG/ML,PACK
1650901,SBD,0.5 ML INTERFERON BETA-1A 0.06 MG/ML AUTO-INJECTOR [AVONEX],AVONEX,INTERFERON BETA-1A 0.06 MG/ML,AUTO-INJECTOR
727816,SBD,0.5 ML INTERFERON BETA-1A 0.06 MG/ML PREFILLED SYRINGE [AVONEX],AVONEX,INTERFERON BETA-1A 0.06 MG/ML,PREFILLED SYRINGE
1650004,SBD,0.5 ML INTERFERON BETA-1A 0.088 MG/ML AUTO-INJECTOR [REBIF],REBIF,INTERFERON BETA-1A 0.088 MG/ML,AUTO-INJECTOR
758027,SBD,0.5 ML INTERFERON BETA-1A 0.088 MG/ML PREFILLED SYRINGE [REBIF],REBIF,INTERFERON BETA-1A 0.088 MG/ML,PREFILLED SYRINGE
207059,SBD,INTERFERON BETA-1B 0.3 MG INJECTION [BETASERON],BETASERON,INTERFERON BETA-1B 0.3 MG,INJECTION
751970,SBD,0.5 ML INTERFERON GAMMA-1B 0.2 MG/ML INJECTION [ACTIMMUNE],ACTIMMUNE,INTERFERON GAMMA-1B 0.2 MG/ML,INJECTION
836343,SCD,200 ACTUAT IPRATROPIUM BROMIDE 0.017 MG/ACTUAT METERED DOSE INHALER,,IPRATROPIUM BROMIDE 0.017 MG/ACTUAT,METERED DOSE INHALER
836368,SBD,200 ACTUAT IPRATROPIUM BROMIDE 0.017 MG/ACTUAT METERED DOSE INHALER [ATROVENT],ATROVENT,IPRATROPIUM BROMIDE 0.017 MG/ACTUAT,METERED DOSE INHALER
1797833,SCD,IPRATROPIUM BROMIDE 0.021 MG/ACTUAT METERED DOSE NASAL SPRAY,,IPRATROPIUM BROMIDE 0.021 MG/ACTUAT,METERED DOSE NASAL SPRAY
1797844,SCD,IPRATROPIUM BROMIDE 0.042 MG/ACTUAT METERED DOSE NASAL SPRAY,,IPRATROPIUM BROMIDE 0.042 MG/ACTUAT,METERED DOSE NASAL SPRAY
836358,SCD,IPRATROPIUM BROMIDE 0.2 MG/ML INHALATION SOLUTION,,IPRATROPIUM BROMIDE 0.2 MG/ML,INHALATION SOLUTION
2671080,SBD,IPTACOPAN 200 MG ORAL CAPSULE [FABHALTA],FABHALTA,IPTACOPAN 200 MG,ORAL CAPSULE
200095,SCD,IRBESARTAN 150 MG ORAL TABLET,,IRBESARTAN 150 MG,ORAL TABLET
153666,SBD,IRBESARTAN 150 MG ORAL TABLET [AVAPRO],AVAPRO,IRBESARTAN 150 MG,ORAL TABLET
153667,SBD,IRBESARTAN 300 MG ORAL TABLET [AVAPRO],AVAPRO,IRBESARTAN 300 MG,ORAL TABLET
200096,SCD,IRBESARTAN 300 MG ORAL TABLET,,IRBESARTAN 300 MG,ORAL TABLET
200094,SCD,IRBESARTAN 75 MG ORAL TABLET,,IRBESARTAN 75 MG,ORAL TABLET
1608333,SBD,ISAVUCONAZONIUM SULFATE 186 MG ORAL CAPSULE [CRESEMBA],CRESEMBA,ISAVUCONAZONIUM SULFATE 186 MG,ORAL CAPSULE
2623472,SBD,ISAVUCONAZONIUM SULFATE 74.5 MG ORAL CAPSULE [CRESEMBA],CRESEMBA,ISAVUCONAZONIUM SULFATE 74.5 MG,ORAL CAPSULE
201708,SBD,ISOCARBOXAZID 10 MG ORAL TABLET [MARPLAN],MARPLAN,ISOCARBOXAZID 10 MG,ORAL TABLET
105292,SCD,ISONIAZID 10 MG/ML ORAL SOLUTION,,ISONIAZID 10 MG/ML,ORAL SOLUTION
311166,SCD,ISONIAZID 100 MG ORAL TABLET,,ISONIAZID 100 MG,ORAL TABLET
197832,SCD,ISONIAZID 300 MG ORAL TABLET,,ISONIAZID 300 MG,ORAL TABLET
797544,SCD,ISOPROPYL ALCOHOL 0.7 ML/ML MEDICATED PAD,,ISOPROPYL ALCOHOL 0.7 ML/ML,MEDICATED PAD
381056,SCD,ISOSORBIDE DINITRATE 10 MG ORAL TABLET,,ISOSORBIDE DINITRATE 10 MG,ORAL TABLET
206842,SCD,ISOSORBIDE DINITRATE 20 MG ORAL TABLET,,ISOSORBIDE DINITRATE 20 MG,ORAL TABLET
197839,SCD,ISOSORBIDE DINITRATE 30 MG ORAL TABLET,,ISOSORBIDE DINITRATE 30 MG,ORAL TABLET
197840,SCD,ISOSORBIDE DINITRATE 40 MG ORAL TABLET,,ISOSORBIDE DINITRATE 40 MG,ORAL TABLET
314055,SCD,ISOSORBIDE DINITRATE 5 MG ORAL TABLET,,ISOSORBIDE DINITRATE 5 MG,ORAL TABLET
311192,SCD,ISOSORBIDE MONONITRATE 10 MG ORAL TABLET,,ISOSORBIDE MONONITRATE 10 MG,ORAL TABLET
311196,SCD,24 HR ISOSORBIDE MONONITRATE 120 MG EXTENDED RELEASE ORAL TABLET,,ISOSORBIDE MONONITRATE 120 MG,EXTENDED RELEASE ORAL TABLET
311197,SCD,ISOSORBIDE MONONITRATE 20 MG ORAL TABLET,,ISOSORBIDE MONONITRATE 20 MG,ORAL TABLET
317110,SCD,24 HR ISOSORBIDE MONONITRATE 30 MG EXTENDED RELEASE ORAL TABLET,,ISOSORBIDE MONONITRATE 30 MG,EXTENDED RELEASE ORAL TABLET
353538,SCD,24 HR ISOSORBIDE MONONITRATE 60 MG EXTENDED RELEASE ORAL TABLET,,ISOSORBIDE MONONITRATE 60 MG,EXTENDED RELEASE ORAL TABLET
206880,SBD,ISOTRETINOIN 10 MG ORAL CAPSULE [ACCUTANE],ACCUTANE,ISOTRETINOIN 10 MG,ORAL CAPSULE
1373333,SBD,ISOTRETINOIN 10 MG ORAL CAPSULE [ZENATANE],ZENATANE,ISOTRETINOIN 10 MG,ORAL CAPSULE
197843,SCD,ISOTRETINOIN 10 MG ORAL CAPSULE,,ISOTRETINOIN 10 MG,ORAL CAPSULE
404059,SBD,ISOTRETINOIN 10 MG ORAL CAPSULE [CLARAVIS],CLARAVIS,ISOTRETINOIN 10 MG,ORAL CAPSULE
404058,SBD,ISOTRETINOIN 10 MG ORAL CAPSULE [AMNESTEEM],AMNESTEEM,ISOTRETINOIN 10 MG,ORAL CAPSULE
1299203,SBD,ISOTRETINOIN 10 MG ORAL CAPSULE [ABSORICA],ABSORICA,ISOTRETINOIN 10 MG,ORAL CAPSULE
2262713,SBD,MICRONIZED ISOTRETINOIN 16 MG ORAL CAPSULE [ABSORICA],ABSORICA,ISOTRETINOIN 16 MG,ORAL CAPSULE
206883,SBD,ISOTRETINOIN 20 MG ORAL CAPSULE [ACCUTANE],ACCUTANE,ISOTRETINOIN 20 MG,ORAL CAPSULE
197844,SCD,ISOTRETINOIN 20 MG ORAL CAPSULE,,ISOTRETINOIN 20 MG,ORAL CAPSULE
1373335,SBD,ISOTRETINOIN 20 MG ORAL CAPSULE [ZENATANE],ZENATANE,ISOTRETINOIN 20 MG,ORAL CAPSULE
404061,SBD,ISOTRETINOIN 20 MG ORAL CAPSULE [AMNESTEEM],AMNESTEEM,ISOTRETINOIN 20 MG,ORAL CAPSULE
404062,SBD,ISOTRETINOIN 20 MG ORAL CAPSULE [CLARAVIS],CLARAVIS,ISOTRETINOIN 20 MG,ORAL CAPSULE
1300006,SBD,ISOTRETINOIN 20 MG ORAL CAPSULE [ABSORICA],ABSORICA,ISOTRETINOIN 20 MG,ORAL CAPSULE
2262719,SBD,MICRONIZED ISOTRETINOIN 24 MG ORAL CAPSULE [ABSORICA],ABSORICA,ISOTRETINOIN 24 MG,ORAL CAPSULE
1547563,SBD,ISOTRETINOIN 25 MG ORAL CAPSULE [ABSORICA],ABSORICA,ISOTRETINOIN 25 MG,ORAL CAPSULE
1547561,SCD,ISOTRETINOIN 25 MG ORAL CAPSULE,,ISOTRETINOIN 25 MG,ORAL CAPSULE
2711694,SBD,ISOTRETINOIN 30 MG ORAL CAPSULE [AMNESTEEM],AMNESTEEM,ISOTRETINOIN 30 MG,ORAL CAPSULE
1605088,SBD,ISOTRETINOIN 30 MG ORAL CAPSULE [ZENATANE],ZENATANE,ISOTRETINOIN 30 MG,ORAL CAPSULE
1300014,SBD,ISOTRETINOIN 30 MG ORAL CAPSULE [ABSORICA],ABSORICA,ISOTRETINOIN 30 MG,ORAL CAPSULE
643488,SBD,ISOTRETINOIN 30 MG ORAL CAPSULE [CLARAVIS],CLARAVIS,ISOTRETINOIN 30 MG,ORAL CAPSULE
403930,SCD,ISOTRETINOIN 30 MG ORAL CAPSULE,,ISOTRETINOIN 30 MG,ORAL CAPSULE
2262727,SBD,MICRONIZED ISOTRETINOIN 32 MG ORAL CAPSULE [ABSORICA],ABSORICA,ISOTRETINOIN 32 MG,ORAL CAPSULE
1547565,SCD,ISOTRETINOIN 35 MG ORAL CAPSULE,,ISOTRETINOIN 35 MG,ORAL CAPSULE
1547567,SBD,ISOTRETINOIN 35 MG ORAL CAPSULE [ABSORICA],ABSORICA,ISOTRETINOIN 35 MG,ORAL CAPSULE
206902,SBD,ISOTRETINOIN 40 MG ORAL CAPSULE [ACCUTANE],ACCUTANE,ISOTRETINOIN 40 MG,ORAL CAPSULE
197845,SCD,ISOTRETINOIN 40 MG ORAL CAPSULE,,ISOTRETINOIN 40 MG,ORAL CAPSULE
404064,SBD,ISOTRETINOIN 40 MG ORAL CAPSULE [AMNESTEEM],AMNESTEEM,ISOTRETINOIN 40 MG,ORAL CAPSULE
1373337,SBD,ISOTRETINOIN 40 MG ORAL CAPSULE [ZENATANE],ZENATANE,ISOTRETINOIN 40 MG,ORAL CAPSULE
1300016,SBD,ISOTRETINOIN 40 MG ORAL CAPSULE [ABSORICA],ABSORICA,ISOTRETINOIN 40 MG,ORAL CAPSULE
404065,SBD,ISOTRETINOIN 40 MG ORAL CAPSULE [CLARAVIS],CLARAVIS,ISOTRETINOIN 40 MG,ORAL CAPSULE
2262731,SBD,MICRONIZED ISOTRETINOIN 8 MG ORAL CAPSULE [ABSORICA],ABSORICA,ISOTRETINOIN 8 MG,ORAL CAPSULE
197848,SCD,ISRADIPINE 2.5 MG ORAL CAPSULE,,ISRADIPINE 2.5 MG,ORAL CAPSULE
197849,SCD,ISRADIPINE 5 MG ORAL CAPSULE,,ISRADIPINE 5 MG,ORAL CAPSULE
2199026,SBD,ISTRADEFYLLINE 20 MG ORAL TABLET [NOURIANZ],NOURIANZ,ISTRADEFYLLINE 20 MG,ORAL TABLET
2199030,SBD,ISTRADEFYLLINE 40 MG ORAL TABLET [NOURIANZ],NOURIANZ,ISTRADEFYLLINE 40 MG,ORAL TABLET
348506,SCD,ITRACONAZOLE 10 MG/ML ORAL SOLUTION,,ITRACONAZOLE 10 MG/ML,ORAL SOLUTION
311204,SCD,ITRACONAZOLE 100 MG ORAL CAPSULE,,ITRACONAZOLE 100 MG,ORAL CAPSULE
2106648,SBD,ITRACONAZOLE 65 MG ORAL CAPSULE [TOLSURA],TOLSURA,ITRACONAZOLE 65 MG,ORAL CAPSULE
1649485,SCD,IVABRADINE 5 MG ORAL TABLET,,IVABRADINE 5 MG,ORAL TABLET
1649493,SCD,IVABRADINE 7.5 MG ORAL TABLET,,IVABRADINE 7.5 MG,ORAL TABLET
2053512,SBD,IVACAFTOR 125 MG / LUMACAFTOR 100 MG ORAL GRANULES [ORKAMBI],ORKAMBI,IVACAFTOR 125 MG / LUMACAFTOR 100 MG,ORAL GRANULES
1812470,SBD,IVACAFTOR 125 MG / LUMACAFTOR 100 MG ORAL TABLET [ORKAMBI],ORKAMBI,IVACAFTOR 125 MG / LUMACAFTOR 100 MG,ORAL TABLET
1655934,SBD,IVACAFTOR 125 MG / LUMACAFTOR 200 MG ORAL TABLET [ORKAMBI],ORKAMBI,IVACAFTOR 125 MG / LUMACAFTOR 200 MG,ORAL TABLET
2636789,SBD,IVACAFTOR 13.4 MG ORAL GRANULES [KALYDECO],KALYDECO,IVACAFTOR 13.4 MG,ORAL GRANULES
1243052,SBD,IVACAFTOR 150 MG ORAL TABLET [KALYDECO],KALYDECO,IVACAFTOR 150 MG,ORAL TABLET
1999389,BPCK,{28 (IVACAFTOR 150 MG / TEZACAFTOR 100 MG ORAL TABLET) / 28 (IVACAFTOR 150 MG ORAL TABLET) } PACK [SYMDEKO (100 MG / 150 MG; 150 MG)],SYMDEKO (100 MG / 150 MG; 150 MG),IVACAFTOR 150 MG / TEZACAFTOR 100 MG,PACK
2053519,SBD,IVACAFTOR 188 MG / LUMACAFTOR 150 MG ORAL GRANULES [ORKAMBI],ORKAMBI,IVACAFTOR 188 MG / LUMACAFTOR 150 MG,ORAL GRANULES
2166401,SBD,IVACAFTOR 25 MG ORAL GRANULES [KALYDECO],KALYDECO,IVACAFTOR 25 MG,ORAL GRANULES
2636793,SBD,IVACAFTOR 5.8 MG ORAL GRANULES [KALYDECO],KALYDECO,IVACAFTOR 5.8 MG,ORAL GRANULES
1606866,SBD,IVACAFTOR 50 MG ORAL GRANULES [KALYDECO],KALYDECO,IVACAFTOR 50 MG,ORAL GRANULES
1606870,SBD,IVACAFTOR 75 MG ORAL GRANULES [KALYDECO],KALYDECO,IVACAFTOR 75 MG,ORAL GRANULES
2174390,BPCK,{28 (IVACAFTOR 75 MG / TEZACAFTOR 50 MG ORAL TABLET) / 28 (IVACAFTOR 75 MG ORAL TABLET) } PACK [SYMDEKO (50 MG / 75 MG; 75 MG)],SYMDEKO (50 MG / 75 MG; 75 MG),IVACAFTOR 75 MG / TEZACAFTOR 50 MG,PACK
2611460,SBD,IVACAFTOR 94 MG / LUMACAFTOR 75 MG ORAL GRANULES [ORKAMBI],ORKAMBI,IVACAFTOR 94 MG / LUMACAFTOR 75 MG,ORAL GRANULES
1598073,SBD,IVERMECTIN 10 MG/ML TOPICAL CREAM [SOOLANTRA],SOOLANTRA,IVERMECTIN 10 MG/ML,TOPICAL CREAM
1598068,SCD,IVERMECTIN 10 MG/ML TOPICAL CREAM,,IVERMECTIN 10 MG/ML,TOPICAL CREAM
261314,SBD,IVERMECTIN 3 MG ORAL TABLET [STROMECTOL],STROMECTOL,IVERMECTIN 3 MG,ORAL TABLET
311207,SCD,IVERMECTIN 3 MG ORAL TABLET,,IVERMECTIN 3 MG,ORAL TABLET
199998,SCD,IVERMECTIN 6 MG ORAL TABLET,,IVERMECTIN 6 MG,ORAL TABLET
2049884,SBD,IVOSIDENIB 250 MG ORAL TABLET [TIBSOVO],TIBSOVO,IVOSIDENIB 250 MG,ORAL TABLET
1723763,SBD,IXAZOMIB 2.3 MG ORAL CAPSULE [NINLARO],NINLARO,IXAZOMIB 2.3 MG,ORAL CAPSULE
1723767,SBD,IXAZOMIB 3 MG ORAL CAPSULE [NINLARO],NINLARO,IXAZOMIB 3 MG,ORAL CAPSULE
1723772,SBD,IXAZOMIB 4 MG ORAL CAPSULE [NINLARO],NINLARO,IXAZOMIB 4 MG,ORAL CAPSULE
1745114,SBD,1 ML IXEKIZUMAB 80 MG/ML PREFILLED SYRINGE [TALTZ],TALTZ,IXEKIZUMAB 80 MG/ML,PREFILLED SYRINGE
2674934,SBD,0.5 ML IXEKIZUMAB 80 MG/ML PREFILLED SYRINGE [TALTZ],TALTZ,IXEKIZUMAB 80 MG/ML,PREFILLED SYRINGE
2674932,SBD,0.25 ML IXEKIZUMAB 80 MG/ML PREFILLED SYRINGE [TALTZ],TALTZ,IXEKIZUMAB 80 MG/ML,PREFILLED SYRINGE
1745108,SBD,1 ML IXEKIZUMAB 80 MG/ML AUTO-INJECTOR [TALTZ],TALTZ,IXEKIZUMAB 80 MG/ML,AUTO-INJECTOR
1300783,SBD,"0.5 ML JAPANESE ENCEPHALITIS VIRUS VACCINE NAKAYAMA-NIH STRAIN, INACTIVATED 0.012 MG/ML PREFILLED SYRINGE [IXIARO]",IXIARO,"JAPANESE ENCEPHALITIS VIRUS VACCINE NAKAYAMA-NIH STRAIN, INACTIVATED 0.012 MG/ML",PREFILLED SYRINGE
106336,SCD,KETOCONAZOLE 20 MG/ML MEDICATED SHAMPOO,,KETOCONAZOLE 20 MG/ML,MEDICATED SHAMPOO
1300272,SBD,KETOCONAZOLE 20 MG/ML TOPICAL FOAM [KETODAN],KETODAN,KETOCONAZOLE 20 MG/ML,TOPICAL FOAM
728550,SCD,KETOCONAZOLE 20 MG/ML TOPICAL FOAM,,KETOCONAZOLE 20 MG/ML,TOPICAL FOAM
203088,SCD,KETOCONAZOLE 20 MG/ML TOPICAL CREAM,,KETOCONAZOLE 20 MG/ML,TOPICAL CREAM
197853,SCD,KETOCONAZOLE 200 MG ORAL TABLET,,KETOCONAZOLE 200 MG,ORAL TABLET
359697,SCD,24 HR KETOPROFEN 200 MG EXTENDED RELEASE ORAL CAPSULE,,KETOPROFEN 200 MG,EXTENDED RELEASE ORAL CAPSULE
197854,SCD,KETOPROFEN 25 MG ORAL CAPSULE,,KETOPROFEN 25 MG,ORAL CAPSULE
197855,SCD,KETOPROFEN 50 MG ORAL CAPSULE,,KETOPROFEN 50 MG,ORAL CAPSULE
197856,SCD,KETOPROFEN 75 MG ORAL CAPSULE,,KETOPROFEN 75 MG,ORAL CAPSULE
206992,SBD,KETOPROFEN 75 MG ORAL CAPSULE [ORUDIS],ORUDIS,KETOPROFEN 75 MG,ORAL CAPSULE
834022,SCD,KETOROLAC TROMETHAMINE 10 MG ORAL TABLET,,KETOROLAC TROMETHAMINE 10 MG,ORAL TABLET
1797857,SBD,KETOROLAC TROMETHAMINE 15.8 MG/ACTUAT METERED DOSE NASAL SPRAY [SPRIX],SPRIX,KETOROLAC TROMETHAMINE 15.8 MG/ACTUAT,METERED DOSE NASAL SPRAY
860103,SCD,KETOROLAC TROMETHAMINE 4 MG/ML OPHTHALMIC SOLUTION,,KETOROLAC TROMETHAMINE 4 MG/ML,OPHTHALMIC SOLUTION
860105,SBD,KETOROLAC TROMETHAMINE 4 MG/ML OPHTHALMIC SOLUTION [ACULAR],ACULAR,KETOROLAC TROMETHAMINE 4 MG/ML,OPHTHALMIC SOLUTION
858366,SBD,KETOROLAC TROMETHAMINE 4.5 MG/ML OPHTHALMIC SOLUTION [ACUVAIL],ACUVAIL,KETOROLAC TROMETHAMINE 4.5 MG/ML,OPHTHALMIC SOLUTION
860107,SCD,KETOROLAC TROMETHAMINE 5 MG/ML OPHTHALMIC SOLUTION,,KETOROLAC TROMETHAMINE 5 MG/ML,OPHTHALMIC SOLUTION
860109,SBD,KETOROLAC TROMETHAMINE 5 MG/ML OPHTHALMIC SOLUTION [ACULAR],ACULAR,KETOROLAC TROMETHAMINE 5 MG/ML,OPHTHALMIC SOLUTION
1597103,SBD,"0.5 ML L1 PROTEIN, HUMAN PAPILLOMAVIRUS TYPE 11 VACCINE 0.08 MG/ML / L1 PROTEIN, HUMAN PAPILLOMAVIRUS TYPE 16 VACCINE 0.12 MG/ML / L1 PROTEIN, HUMAN PAPILLOMAVIRUS TYPE 18 VACCINE 0.08 MG/ML / L1 PROTEIN, HUMAN PAPILLOMAVIRUS TYPE 31 VACCINE 0.04 MG/ML / L1 PROTEIN, HUMAN PAPILLOMAVIRUS TYPE 33 VACCINE 0.04 MG/ML / L1 PROTEIN, HUMAN PAPILLOMAVIRUS TYPE 45 VACCINE 0.04 MG/ML / L1 PROTEIN, HUMAN PAPILLOMAVIRUS TYPE 52 VACCINE 0.04 MG/ML / L1 PROTEIN, HUMAN PAPILLOMAVIRUS TYPE 58 VACCINE 0.04 MG/ML / L1 PROTEIN, HUMAN PAPILLOMAVIRUS TYPE 6 VACCINE 0.06 MG/ML PREFILLED SYRINGE [GARDASIL 9]",GARDASIL 9,"L1 PROTEIN, HUMAN PAPILLOMAVIRUS TYPE 11 VACCINE 0.08 MG/ML / L1 PROTEIN, HUMAN PAPILLOMAVIRUS TYPE 16 VACCINE 0.12 MG/ML / L1 PROTEIN, HUMAN PAPILLOMAVIRUS TYPE 18 VACCINE 0.08 MG/ML / L1 PROTEIN, HUMAN PAPILLOMAVIRUS TYPE 31 VACCINE 0.04 MG/ML / L1",PREFILLED SYRINGE
1597099,SBD,"0.5 ML L1 PROTEIN, HUMAN PAPILLOMAVIRUS TYPE 11 VACCINE 0.08 MG/ML / L1 PROTEIN, HUMAN PAPILLOMAVIRUS TYPE 16 VACCINE 0.12 MG/ML / L1 PROTEIN, HUMAN PAPILLOMAVIRUS TYPE 18 VACCINE 0.08 MG/ML / L1 PROTEIN, HUMAN PAPILLOMAVIRUS TYPE 31 VACCINE 0.04 MG/ML / L1 PROTEIN, HUMAN PAPILLOMAVIRUS TYPE 33 VACCINE 0.04 MG/ML / L1 PROTEIN, HUMAN PAPILLOMAVIRUS TYPE 45 VACCINE 0.04 MG/ML / L1 PROTEIN, HUMAN PAPILLOMAVIRUS TYPE 52 VACCINE 0.04 MG/ML / L1 PROTEIN, HUMAN PAPILLOMAVIRUS TYPE 58 VACCINE 0.04 MG/ML / L1 PROTEIN, HUMAN PAPILLOMAVIRUS TYPE 6 VACCINE 0.06 MG/ML INJECTION [GARDASIL 9]",GARDASIL 9,"L1 PROTEIN, HUMAN PAPILLOMAVIRUS TYPE 11 VACCINE 0.08 MG/ML / L1 PROTEIN, HUMAN PAPILLOMAVIRUS TYPE 16 VACCINE 0.12 MG/ML / L1 PROTEIN, HUMAN PAPILLOMAVIRUS TYPE 18 VACCINE 0.08 MG/ML / L1 PROTEIN, HUMAN PAPILLOMAVIRUS TYPE 31 VACCINE 0.04 MG/ML / L1",INJECTION
896758,SCD,LABETALOL HYDROCHLORIDE 100 MG ORAL TABLET,,LABETALOL HYDROCHLORIDE 100 MG,ORAL TABLET
896762,SCD,LABETALOL HYDROCHLORIDE 200 MG ORAL TABLET,,LABETALOL HYDROCHLORIDE 200 MG,ORAL TABLET
896766,SCD,LABETALOL HYDROCHLORIDE 300 MG ORAL TABLET,,LABETALOL HYDROCHLORIDE 300 MG,ORAL TABLET
896983,SCD,LABETALOL HYDROCHLORIDE 400 MG ORAL TABLET,,LABETALOL HYDROCHLORIDE 400 MG,ORAL TABLET
995156,SBD,LACOSAMIDE 10 MG/ML ORAL SOLUTION [VIMPAT],VIMPAT,LACOSAMIDE 10 MG/ML,ORAL SOLUTION
993856,SCD,LACOSAMIDE 10 MG/ML ORAL SOLUTION,,LACOSAMIDE 10 MG/ML,ORAL SOLUTION
2637025,SBD,24 HR LACOSAMIDE 100 MG EXTENDED RELEASE ORAL CAPSULE [MOTPOLY],MOTPOLY,LACOSAMIDE 100 MG,EXTENDED RELEASE ORAL CAPSULE
809990,SBD,LACOSAMIDE 100 MG ORAL TABLET [VIMPAT],VIMPAT,LACOSAMIDE 100 MG,ORAL TABLET
809987,SCD,LACOSAMIDE 100 MG ORAL TABLET,,LACOSAMIDE 100 MG,ORAL TABLET
2637030,SBD,24 HR LACOSAMIDE 150 MG EXTENDED RELEASE ORAL CAPSULE [MOTPOLY],MOTPOLY,LACOSAMIDE 150 MG,EXTENDED RELEASE ORAL CAPSULE
809994,SBD,LACOSAMIDE 150 MG ORAL TABLET [VIMPAT],VIMPAT,LACOSAMIDE 150 MG,ORAL TABLET
809992,SCD,LACOSAMIDE 150 MG ORAL TABLET,,LACOSAMIDE 150 MG,ORAL TABLET
2637035,SBD,24 HR LACOSAMIDE 200 MG EXTENDED RELEASE ORAL CAPSULE [MOTPOLY],MOTPOLY,LACOSAMIDE 200 MG,EXTENDED RELEASE ORAL CAPSULE
809996,SCD,LACOSAMIDE 200 MG ORAL TABLET,,LACOSAMIDE 200 MG,ORAL TABLET
809998,SBD,LACOSAMIDE 200 MG ORAL TABLET [VIMPAT],VIMPAT,LACOSAMIDE 200 MG,ORAL TABLET
810002,SBD,LACOSAMIDE 50 MG ORAL TABLET [VIMPAT],VIMPAT,LACOSAMIDE 50 MG,ORAL TABLET
810000,SCD,LACOSAMIDE 50 MG ORAL TABLET,,LACOSAMIDE 50 MG,ORAL TABLET
1251192,SBD,LACTULOSE 10000 MG POWDER FOR ORAL SOLUTION [KRISTALOSE],KRISTALOSE,LACTULOSE 10000 MG,POWDER FOR ORAL SOLUTION
1251190,SCD,LACTULOSE 10000 MG POWDER FOR ORAL SOLUTION,,LACTULOSE 10000 MG,POWDER FOR ORAL SOLUTION
1251194,SCD,LACTULOSE 20000 MG POWDER FOR ORAL SOLUTION,,LACTULOSE 20000 MG,POWDER FOR ORAL SOLUTION
1251196,SBD,LACTULOSE 20000 MG POWDER FOR ORAL SOLUTION [KRISTALOSE],KRISTALOSE,LACTULOSE 20000 MG,POWDER FOR ORAL SOLUTION
755470,SBD,LACTULOSE 667 MG/ML ORAL SOLUTION [ENULOSE],ENULOSE,LACTULOSE 667 MG/ML,ORAL SOLUTION
544455,SBD,LACTULOSE 667 MG/ML ORAL SOLUTION [GENERLAC],GENERLAC,LACTULOSE 667 MG/ML,ORAL SOLUTION
544452,SBD,LACTULOSE 667 MG/ML ORAL SOLUTION [CONSTULOSE],CONSTULOSE,LACTULOSE 667 MG/ML,ORAL SOLUTION
391937,SCD,LACTULOSE 667 MG/ML ORAL SOLUTION,,LACTULOSE 667 MG/ML,ORAL SOLUTION
199148,SCD,LAMIVUDINE 10 MG/ML ORAL SOLUTION,,LAMIVUDINE 10 MG/ML,ORAL SOLUTION
152932,SBD,LAMIVUDINE 10 MG/ML ORAL SOLUTION [EPIVIR],EPIVIR,LAMIVUDINE 10 MG/ML,ORAL SOLUTION
205328,SCD,LAMIVUDINE 100 MG ORAL TABLET,,LAMIVUDINE 100 MG,ORAL TABLET
199147,SCD,LAMIVUDINE 150 MG ORAL TABLET,,LAMIVUDINE 150 MG,ORAL TABLET
152931,SBD,LAMIVUDINE 150 MG ORAL TABLET [EPIVIR],EPIVIR,LAMIVUDINE 150 MG,ORAL TABLET
200082,SCD,LAMIVUDINE 150 MG / ZIDOVUDINE 300 MG ORAL TABLET,,LAMIVUDINE 150 MG / ZIDOVUDINE 300 MG,ORAL TABLET
352230,SBD,LAMIVUDINE 300 MG ORAL TABLET [EPIVIR],EPIVIR,LAMIVUDINE 300 MG,ORAL TABLET
349491,SCD,LAMIVUDINE 300 MG ORAL TABLET,,LAMIVUDINE 300 MG,ORAL TABLET
2003255,SBD,LAMIVUDINE 300 MG / TENOFOVIR DISOPROXIL FUMARATE 300 MG ORAL TABLET [CIMDUO],CIMDUO,LAMIVUDINE 300 MG / TENOFOVIR DISOPROXIL FUMARATE 300 MG,ORAL TABLET
2724466,SBD,LAMOTRIGINE 10 MG/ML ORAL SUSPENSION [SUBVENITE],SUBVENITE,LAMOTRIGINE 10 MG/ML,ORAL SUSPENSION
849049,SBD,LAMOTRIGINE 100 MG DISINTEGRATING ORAL TABLET [LAMICTAL],LAMICTAL,LAMOTRIGINE 100 MG,DISINTEGRATING ORAL TABLET
900145,SBD,24 HR LAMOTRIGINE 100 MG EXTENDED RELEASE ORAL TABLET [LAMICTAL],LAMICTAL,LAMOTRIGINE 100 MG,EXTENDED RELEASE ORAL TABLET
850087,SCD,24 HR LAMOTRIGINE 100 MG EXTENDED RELEASE ORAL TABLET,,LAMOTRIGINE 100 MG,EXTENDED RELEASE ORAL TABLET
198427,SCD,LAMOTRIGINE 100 MG ORAL TABLET,,LAMOTRIGINE 100 MG,ORAL TABLET
103968,SCD,LAMOTRIGINE 100 MG DISINTEGRATING ORAL TABLET,,LAMOTRIGINE 100 MG,DISINTEGRATING ORAL TABLET
105018,SBD,LAMOTRIGINE 100 MG ORAL TABLET [LAMICTAL],LAMICTAL,LAMOTRIGINE 100 MG,ORAL TABLET
2003796,SBD,LAMOTRIGINE 100 MG ORAL TABLET [SUBVENITE],SUBVENITE,LAMOTRIGINE 100 MG,ORAL TABLET
900866,BPCK,"{14 (24 HR LAMOTRIGINE 100 MG EXTENDED RELEASE ORAL TABLET [LAMICTAL]) / 7 (24 HR LAMOTRIGINE 200 MG EXTENDED RELEASE ORAL TABLET [LAMICTAL]) / 14 (24 HR LAMOTRIGINE 50 MG EXTENDED RELEASE ORAL TABLET [LAMICTAL]) } PACK [LAMICTAL XR GREEN PATIENT TITRATION KIT (FOR PATIENTS TAKING CARBAMAZEPINE, PHENYTOIN, PHENOBARBITAL, OR PRIMIDONE, AND NOT TAKING VALPROATE)]","LAMICTAL XR GREEN PATIENT TITRATION KIT (FOR PATIENTS TAKING CARBAMAZEPINE, PHENYTOIN, PHENOBARBITAL, OR PRIMIDONE, AND NOT TAKING VALPROATE)",LAMOTRIGINE 100 MG / LAMOTRIGINE 200 MG / LAMOTRIGINE 50 MG,PACK
753451,GPCK,{14 (LAMOTRIGINE 100 MG ORAL TABLET) / 84 (LAMOTRIGINE 25 MG ORAL TABLET) } PACK,,LAMOTRIGINE 100 MG / LAMOTRIGINE 25 MG,PACK
2003797,BPCK,"{14 (LAMOTRIGINE 100 MG ORAL TABLET [SUBVENITE]) / 84 (LAMOTRIGINE 25 MG ORAL TABLET [SUBVENITE]) } PACK [SUBVENITE GREEN (FOR PATIENTS TAKING CARBAMAZEPINE, PHENYTOIN, PHENOBARBITAL, OR PRIMIDONE AND NOT TAKING VALPROATE)]","SUBVENITE GREEN (FOR PATIENTS TAKING CARBAMAZEPINE, PHENYTOIN, PHENOBARBITAL, OR PRIMIDONE AND NOT TAKING VALPROATE)",LAMOTRIGINE 100 MG / LAMOTRIGINE 25 MG,PACK
2003798,BPCK,"{7 (LAMOTRIGINE 100 MG ORAL TABLET [SUBVENITE]) / 42 (LAMOTRIGINE 25 MG ORAL TABLET [SUBVENITE]) } PACK [SUBVENITE ORANGE (FOR PATIENTS NOT TAKING CARBAMAZEPINE, PHENYTOIN, PHENOBARBITAL, PRIMIDONE, OR VALPROATE)]","SUBVENITE ORANGE (FOR PATIENTS NOT TAKING CARBAMAZEPINE, PHENYTOIN, PHENOBARBITAL, PRIMIDONE, OR VALPROATE)",LAMOTRIGINE 100 MG / LAMOTRIGINE 25 MG,PACK
795778,BPCK,"{14 (LAMOTRIGINE 100 MG ORAL TABLET [LAMICTAL]) / 84 (LAMOTRIGINE 25 MG ORAL TABLET [LAMICTAL]) } PACK [LAMICTAL GREEN (FOR PATIENTS TAKING CARBAMAZEPINE, PHENYTOIN, PHENOBARBITAL, PRIMIDONE, OR RIFAMPIN AND NOT TAKING VALPROATE)]","LAMICTAL GREEN (FOR PATIENTS TAKING CARBAMAZEPINE, PHENYTOIN, PHENOBARBITAL, PRIMIDONE, OR RIFAMPIN AND NOT TAKING VALPROATE)",LAMOTRIGINE 100 MG / LAMOTRIGINE 25 MG,PACK
751563,GPCK,{7 (LAMOTRIGINE 100 MG ORAL TABLET) / 42 (LAMOTRIGINE 25 MG ORAL TABLET) } PACK,,LAMOTRIGINE 100 MG / LAMOTRIGINE 25 MG,PACK
795774,BPCK,"{7 (LAMOTRIGINE 100 MG ORAL TABLET [LAMICTAL]) / 42 (LAMOTRIGINE 25 MG ORAL TABLET [LAMICTAL]) } PACK [LAMICTAL ORANGE (FOR PATIENTS NOT TAKING CARBAMAZEPINE, PHENYTOIN, PHENOBARBITAL, PRIMIDONE, OR RIFAMPIN AND NOT TAKING VALPROATE)]","LAMICTAL ORANGE (FOR PATIENTS NOT TAKING CARBAMAZEPINE, PHENYTOIN, PHENOBARBITAL, PRIMIDONE, OR RIFAMPIN AND NOT TAKING VALPROATE)",LAMOTRIGINE 100 MG / LAMOTRIGINE 25 MG,PACK
851750,GPCK,{7 (LAMOTRIGINE 100 MG DISINTEGRATING ORAL TABLET) / 14 (LAMOTRIGINE 25 MG DISINTEGRATING ORAL TABLET) / 14 (LAMOTRIGINE 50 MG DISINTEGRATING ORAL TABLET) } PACK,,LAMOTRIGINE 100 MG / LAMOTRIGINE 25 MG / LAMOTRIGINE 50 MG,PACK
900891,BPCK,"{7 (24 HR LAMOTRIGINE 100 MG EXTENDED RELEASE ORAL TABLET [LAMICTAL]) / 14 (24 HR LAMOTRIGINE 25 MG EXTENDED RELEASE ORAL TABLET [LAMICTAL]) / 14 (24 HR LAMOTRIGINE 50 MG EXTENDED RELEASE ORAL TABLET [LAMICTAL]) } PACK [LAMICTAL XR ORANGE PATIENT TITRATION KIT (FOR PATIENTS NOT TAKING CARBAMAZEPINE, PHENYTOIN, PHENOBARBITAL, PRIMIDONE, OR VALPROATE)]","LAMICTAL XR ORANGE PATIENT TITRATION KIT (FOR PATIENTS NOT TAKING CARBAMAZEPINE, PHENYTOIN, PHENOBARBITAL, PRIMIDONE, OR VALPROATE)",LAMOTRIGINE 100 MG / LAMOTRIGINE 25 MG / LAMOTRIGINE 50 MG,PACK
851752,GPCK,{14 (LAMOTRIGINE 100 MG DISINTEGRATING ORAL TABLET) / 42 (LAMOTRIGINE 50 MG DISINTEGRATING ORAL TABLET) } PACK,,LAMOTRIGINE 100 MG / LAMOTRIGINE 50 MG,PACK
206201,SBD,LAMOTRIGINE 150 MG ORAL TABLET [LAMICTAL],LAMICTAL,LAMOTRIGINE 150 MG,ORAL TABLET
198428,SCD,LAMOTRIGINE 150 MG ORAL TABLET,,LAMOTRIGINE 150 MG,ORAL TABLET
2001506,SBD,LAMOTRIGINE 150 MG ORAL TABLET [SUBVENITE],SUBVENITE,LAMOTRIGINE 150 MG,ORAL TABLET
198429,SCD,LAMOTRIGINE 200 MG ORAL TABLET,,LAMOTRIGINE 200 MG,ORAL TABLET
2003801,SBD,LAMOTRIGINE 200 MG ORAL TABLET [SUBVENITE],SUBVENITE,LAMOTRIGINE 200 MG,ORAL TABLET
900156,SCD,24 HR LAMOTRIGINE 200 MG EXTENDED RELEASE ORAL TABLET,,LAMOTRIGINE 200 MG,EXTENDED RELEASE ORAL TABLET
900157,SBD,24 HR LAMOTRIGINE 200 MG EXTENDED RELEASE ORAL TABLET [LAMICTAL],LAMICTAL,LAMOTRIGINE 200 MG,EXTENDED RELEASE ORAL TABLET
108782,SBD,LAMOTRIGINE 200 MG ORAL TABLET [LAMICTAL],LAMICTAL,LAMOTRIGINE 200 MG,ORAL TABLET
849050,SBD,LAMOTRIGINE 200 MG DISINTEGRATING ORAL TABLET [LAMICTAL],LAMICTAL,LAMOTRIGINE 200 MG,DISINTEGRATING ORAL TABLET
252479,SCD,LAMOTRIGINE 200 MG DISINTEGRATING ORAL TABLET,,LAMOTRIGINE 200 MG,DISINTEGRATING ORAL TABLET
849051,SBD,LAMOTRIGINE 25 MG DISINTEGRATING ORAL TABLET [LAMICTAL],LAMICTAL,LAMOTRIGINE 25 MG,DISINTEGRATING ORAL TABLET
105019,SBD,LAMOTRIGINE 25 MG ORAL TABLET [LAMICTAL],LAMICTAL,LAMOTRIGINE 25 MG,ORAL TABLET
198430,SCD,LAMOTRIGINE 25 MG DISINTEGRATING ORAL TABLET,,LAMOTRIGINE 25 MG,DISINTEGRATING ORAL TABLET
795772,BPCK,{35 (LAMOTRIGINE 25 MG ORAL TABLET [LAMICTAL]) } PACK [LAMICTAL BLUE (FOR PATIENTS TAKING VALPROATE)],LAMICTAL BLUE (FOR PATIENTS TAKING VALPROATE),LAMOTRIGINE 25 MG,PACK
311264,SCD,LAMOTRIGINE 25 MG TABLET FOR ORAL SUSPENSION,,LAMOTRIGINE 25 MG,TABLET FOR ORAL SUSPENSION
751139,GPCK,{35 (LAMOTRIGINE 25 MG ORAL TABLET) } PACK,,LAMOTRIGINE 25 MG,PACK
201240,SBD,LAMOTRIGINE 25 MG TABLET FOR ORAL SUSPENSION [LAMICTAL],LAMICTAL,LAMOTRIGINE 25 MG,TABLET FOR ORAL SUSPENSION
2003799,BPCK,{35 (LAMOTRIGINE 25 MG ORAL TABLET [SUBVENITE]) } PACK [SUBVENITE BLUE (FOR PATIENTS TAKING VALPROATE)],SUBVENITE BLUE (FOR PATIENTS TAKING VALPROATE),LAMOTRIGINE 25 MG,PACK
2001508,SBD,LAMOTRIGINE 25 MG ORAL TABLET [SUBVENITE],SUBVENITE,LAMOTRIGINE 25 MG,ORAL TABLET
282401,SCD,LAMOTRIGINE 25 MG ORAL TABLET,,LAMOTRIGINE 25 MG,ORAL TABLET
900165,SBD,24 HR LAMOTRIGINE 25 MG EXTENDED RELEASE ORAL TABLET [LAMICTAL],LAMICTAL,LAMOTRIGINE 25 MG,EXTENDED RELEASE ORAL TABLET
900164,SCD,24 HR LAMOTRIGINE 25 MG EXTENDED RELEASE ORAL TABLET,,LAMOTRIGINE 25 MG,EXTENDED RELEASE ORAL TABLET
900984,BPCK,{21 (24 HR LAMOTRIGINE 25 MG EXTENDED RELEASE ORAL TABLET [LAMICTAL]) / 7 (24 HR LAMOTRIGINE 50 MG EXTENDED RELEASE ORAL TABLET [LAMICTAL]) } PACK [LAMICTAL XR BLUE PATIENT TITRATION KIT (FOR PATIENTS TAKING VALPROATE)],LAMICTAL XR BLUE PATIENT TITRATION KIT (FOR PATIENTS TAKING VALPROATE),LAMOTRIGINE 25 MG / LAMOTRIGINE 50 MG,PACK
851748,GPCK,{21 (LAMOTRIGINE 25 MG DISINTEGRATING ORAL TABLET) / 7 (LAMOTRIGINE 50 MG DISINTEGRATING ORAL TABLET) } PACK,,LAMOTRIGINE 25 MG / LAMOTRIGINE 50 MG,PACK
1146690,SCD,24 HR LAMOTRIGINE 250 MG EXTENDED RELEASE ORAL TABLET,,LAMOTRIGINE 250 MG,EXTENDED RELEASE ORAL TABLET
1146692,SBD,24 HR LAMOTRIGINE 250 MG EXTENDED RELEASE ORAL TABLET [LAMICTAL],LAMICTAL,LAMOTRIGINE 250 MG,EXTENDED RELEASE ORAL TABLET
1098610,SBD,24 HR LAMOTRIGINE 300 MG EXTENDED RELEASE ORAL TABLET [LAMICTAL],LAMICTAL,LAMOTRIGINE 300 MG,EXTENDED RELEASE ORAL TABLET
1098608,SCD,24 HR LAMOTRIGINE 300 MG EXTENDED RELEASE ORAL TABLET,,LAMOTRIGINE 300 MG,EXTENDED RELEASE ORAL TABLET
201239,SBD,LAMOTRIGINE 5 MG TABLET FOR ORAL SUSPENSION [LAMICTAL],LAMICTAL,LAMOTRIGINE 5 MG,TABLET FOR ORAL SUSPENSION
311265,SCD,LAMOTRIGINE 5 MG TABLET FOR ORAL SUSPENSION,,LAMOTRIGINE 5 MG,TABLET FOR ORAL SUSPENSION
252478,SCD,LAMOTRIGINE 50 MG DISINTEGRATING ORAL TABLET,,LAMOTRIGINE 50 MG,DISINTEGRATING ORAL TABLET
849052,SBD,LAMOTRIGINE 50 MG DISINTEGRATING ORAL TABLET [LAMICTAL],LAMICTAL,LAMOTRIGINE 50 MG,DISINTEGRATING ORAL TABLET
850091,SCD,24 HR LAMOTRIGINE 50 MG EXTENDED RELEASE ORAL TABLET,,LAMOTRIGINE 50 MG,EXTENDED RELEASE ORAL TABLET
900169,SBD,24 HR LAMOTRIGINE 50 MG EXTENDED RELEASE ORAL TABLET [LAMICTAL],LAMICTAL,LAMOTRIGINE 50 MG,EXTENDED RELEASE ORAL TABLET
2593419,SBD,2 ML LANADELUMAB-FLYO 150 MG/ML PREFILLED SYRINGE [TAKHZYRO],TAKHZYRO,LANADELUMAB-FLYO 150 MG/ML,PREFILLED SYRINGE
2629981,SBD,1 ML LANADELUMAB-FLYO 150 MG/ML PREFILLED SYRINGE [TAKHZYRO],TAKHZYRO,LANADELUMAB-FLYO 150 MG/ML,PREFILLED SYRINGE
596843,SCD,LANSOPRAZOLE 15 MG DELAYED RELEASE ORAL CAPSULE,,LANSOPRAZOLE 15 MG,DELAYED RELEASE ORAL CAPSULE
206205,SBD,LANSOPRAZOLE 15 MG DISINTEGRATING ORAL TABLET [PREVACID],PREVACID,LANSOPRAZOLE 15 MG,DISINTEGRATING ORAL TABLET
351261,SCD,LANSOPRAZOLE 15 MG DISINTEGRATING ORAL TABLET,,LANSOPRAZOLE 15 MG,DISINTEGRATING ORAL TABLET
351260,SCD,LANSOPRAZOLE 30 MG DISINTEGRATING ORAL TABLET,,LANSOPRAZOLE 30 MG,DISINTEGRATING ORAL TABLET
206206,SBD,LANSOPRAZOLE 30 MG DELAYED RELEASE ORAL CAPSULE [PREVACID],PREVACID,LANSOPRAZOLE 30 MG,DELAYED RELEASE ORAL CAPSULE
866152,SBD,LANSOPRAZOLE 30 MG DISINTEGRATING ORAL TABLET [PREVACID],PREVACID,LANSOPRAZOLE 30 MG,DISINTEGRATING ORAL TABLET
311277,SCD,LANSOPRAZOLE 30 MG DELAYED RELEASE ORAL CAPSULE,,LANSOPRAZOLE 30 MG,DELAYED RELEASE ORAL CAPSULE
1551884,SBD,LANTHANUM CARBONATE 1000 MG ORAL POWDER [FOSRENOL],FOSRENOL,LANTHANUM CARBONATE 1000 MG,ORAL POWDER
603112,SBD,LANTHANUM CARBONATE 1000 MG CHEWABLE TABLET [FOSRENOL],FOSRENOL,LANTHANUM CARBONATE 1000 MG,CHEWABLE TABLET
602635,SCD,LANTHANUM CARBONATE 1000 MG CHEWABLE TABLET,,LANTHANUM CARBONATE 1000 MG,CHEWABLE TABLET
477347,SCD,LANTHANUM CARBONATE 500 MG CHEWABLE TABLET,,LANTHANUM CARBONATE 500 MG,CHEWABLE TABLET
542465,SBD,LANTHANUM CARBONATE 500 MG CHEWABLE TABLET [FOSRENOL],FOSRENOL,LANTHANUM CARBONATE 500 MG,CHEWABLE TABLET
603122,SBD,LANTHANUM CARBONATE 750 MG CHEWABLE TABLET [FOSRENOL],FOSRENOL,LANTHANUM CARBONATE 750 MG,CHEWABLE TABLET
642452,SCD,LANTHANUM CARBONATE 750 MG CHEWABLE TABLET,,LANTHANUM CARBONATE 750 MG,CHEWABLE TABLET
1551886,SBD,LANTHANUM CARBONATE 750 MG ORAL POWDER [FOSRENOL],FOSRENOL,LANTHANUM CARBONATE 750 MG,ORAL POWDER
672152,SBD,LAPATINIB 250 MG ORAL TABLET [TYKERB],TYKERB,LAPATINIB 250 MG,ORAL TABLET
672149,SCD,LAPATINIB 250 MG ORAL TABLET,,LAPATINIB 250 MG,ORAL TABLET
2105645,SBD,LAROTRECTINIB 100 MG ORAL CAPSULE [VITRAKVI],VITRAKVI,LAROTRECTINIB 100 MG,ORAL CAPSULE
2105653,SBD,LAROTRECTINIB 20 MG/ML ORAL SOLUTION [VITRAKVI],VITRAKVI,LAROTRECTINIB 20 MG/ML,ORAL SOLUTION
2105657,SBD,LAROTRECTINIB 25 MG ORAL CAPSULE [VITRAKVI],VITRAKVI,LAROTRECTINIB 25 MG,ORAL CAPSULE
542527,SBD,LATANOPROST 0.05 MG/ML OPHTHALMIC SOLUTION [XALATAN],XALATAN,LATANOPROST 0.05 MG/ML,OPHTHALMIC SOLUTION
2642284,SBD,LATANOPROST 0.05 MG/ML OPHTHALMIC SOLUTION [IYUZEH],IYUZEH,LATANOPROST 0.05 MG/ML,OPHTHALMIC SOLUTION
314072,SCD,LATANOPROST 0.05 MG/ML OPHTHALMIC SOLUTION,,LATANOPROST 0.05 MG/ML,OPHTHALMIC SOLUTION
2119706,SBD,LATANOPROST 0.05 MG/ML / NETARSUDIL 0.2 MG/ML OPHTHALMIC SOLUTION [ROCKLATAN],ROCKLATAN,LATANOPROST 0.05 MG/ML / NETARSUDIL 0.2 MG/ML,OPHTHALMIC SOLUTION
1988399,SBD,LATANOPROSTENE BUNOD 0.24 MG/ML OPHTHALMIC SOLUTION [VYZULTA],VYZULTA,LATANOPROSTENE BUNOD 0.24 MG/ML,OPHTHALMIC SOLUTION
2691166,SBD,LAZERTINIB 240 MG ORAL TABLET [LAZCLUZE],LAZCLUZE,LAZERTINIB 240 MG,ORAL TABLET
2691162,SBD,LAZERTINIB 80 MG ORAL TABLET [LAZCLUZE],LAZCLUZE,LAZERTINIB 80 MG,ORAL TABLET
2693791,SBD,2 ML LEBRIKIZUMAB-LBKZ 125 MG/ML PREFILLED SYRINGE [EBGLYSS],EBGLYSS,LEBRIKIZUMAB-LBKZ 125 MG/ML,PREFILLED SYRINGE
2693907,SBD,2 ML LEBRIKIZUMAB-LBKZ 125 MG/ML PEN INJECTOR [EBGLYSS],EBGLYSS,LEBRIKIZUMAB-LBKZ 125 MG/ML,PEN INJECTOR
2723411,SBD,1.8 ML LECANEMAB-IRMB 200 MG/ML AUTO-INJECTOR [LEQEMBI],LEQEMBI,LECANEMAB-IRMB 200 MG/ML,AUTO-INJECTOR
2204102,SBD,LEDIPASVIR 33.75 MG / SOFOSBUVIR 150 MG ORAL PELLET [HARVONI],HARVONI,LEDIPASVIR 33.75 MG / SOFOSBUVIR 150 MG,ORAL PELLET
2203897,SBD,LEDIPASVIR 45 MG / SOFOSBUVIR 200 MG ORAL TABLET [HARVONI],HARVONI,LEDIPASVIR 45 MG / SOFOSBUVIR 200 MG,ORAL TABLET
2204104,SBD,LEDIPASVIR 45 MG / SOFOSBUVIR 200 MG ORAL PELLET [HARVONI],HARVONI,LEDIPASVIR 45 MG / SOFOSBUVIR 200 MG,ORAL PELLET
1591949,SBD,LEDIPASVIR 90 MG / SOFOSBUVIR 400 MG ORAL TABLET [HARVONI],HARVONI,LEDIPASVIR 90 MG / SOFOSBUVIR 400 MG,ORAL TABLET
1591943,SCD,LEDIPASVIR 90 MG / SOFOSBUVIR 400 MG ORAL TABLET,,LEDIPASVIR 90 MG / SOFOSBUVIR 400 MG,ORAL TABLET
205284,SCD,LEFLUNOMIDE 10 MG ORAL TABLET,,LEFLUNOMIDE 10 MG,ORAL TABLET
205285,SCD,LEFLUNOMIDE 20 MG ORAL TABLET,,LEFLUNOMIDE 20 MG,ORAL TABLET
2288427,SBD,LEMBOREXANT 10 MG ORAL TABLET [DAYVIGO],DAYVIGO,LEMBOREXANT 10 MG,ORAL TABLET
2272414,SBD,LEMBOREXANT 5 MG ORAL TABLET [DAYVIGO],DAYVIGO,LEMBOREXANT 5 MG,ORAL TABLET
2625896,SBD,LENACAPAVIR 300 MG ORAL TABLET [SUNLENCA],SUNLENCA,LENACAPAVIR 300 MG,ORAL TABLET
2625898,BPCK,{4 (LENACAPAVIR 300 MG ORAL TABLET [SUNLENCA]) } PACK [SUNLENCA 4-TABLET PACK],SUNLENCA 4-TABLET PACK,LENACAPAVIR 300 MG,PACK
2625900,BPCK,{5 (LENACAPAVIR 300 MG ORAL TABLET [SUNLENCA]) } PACK [SUNLENCA 5-TABLET PACK],SUNLENCA 5-TABLET PACK,LENACAPAVIR 300 MG,PACK
616114,SBD,LENALIDOMIDE 10 MG ORAL CAPSULE [REVLIMID],REVLIMID,LENALIDOMIDE 10 MG,ORAL CAPSULE
602910,SCD,LENALIDOMIDE 10 MG ORAL CAPSULE,,LENALIDOMIDE 10 MG,ORAL CAPSULE
643714,SBD,LENALIDOMIDE 15 MG ORAL CAPSULE [REVLIMID],REVLIMID,LENALIDOMIDE 15 MG,ORAL CAPSULE
643712,SCD,LENALIDOMIDE 15 MG ORAL CAPSULE,,LENALIDOMIDE 15 MG,ORAL CAPSULE
1242231,SCD,LENALIDOMIDE 2.5 MG ORAL CAPSULE,,LENALIDOMIDE 2.5 MG,ORAL CAPSULE
1242233,SBD,LENALIDOMIDE 2.5 MG ORAL CAPSULE [REVLIMID],REVLIMID,LENALIDOMIDE 2.5 MG,ORAL CAPSULE
1428947,SCD,LENALIDOMIDE 20 MG ORAL CAPSULE,,LENALIDOMIDE 20 MG,ORAL CAPSULE
1429367,SBD,LENALIDOMIDE 20 MG ORAL CAPSULE [REVLIMID],REVLIMID,LENALIDOMIDE 20 MG,ORAL CAPSULE
643722,SBD,LENALIDOMIDE 25 MG ORAL CAPSULE [REVLIMID],REVLIMID,LENALIDOMIDE 25 MG,ORAL CAPSULE
643720,SCD,LENALIDOMIDE 25 MG ORAL CAPSULE,,LENALIDOMIDE 25 MG,ORAL CAPSULE
616116,SBD,LENALIDOMIDE 5 MG ORAL CAPSULE [REVLIMID],REVLIMID,LENALIDOMIDE 5 MG,ORAL CAPSULE
602912,SCD,LENALIDOMIDE 5 MG ORAL CAPSULE,,LENALIDOMIDE 5 MG,ORAL CAPSULE
2633021,SBD,LENIOLISIB 70 MG ORAL TABLET [JOENJA],JOENJA,LENIOLISIB 70 MG,ORAL TABLET
1604395,BPCK,{60 (LENVATINIB 10 MG ORAL CAPSULE [LENVIMA]) } PACK [LENVIMA 20],LENVIMA 20,LENVATINIB 10 MG,PACK
1604384,BPCK,{30 (LENVATINIB 10 MG ORAL CAPSULE [LENVIMA]) } PACK [LENVIMA 10],LENVIMA 10,LENVATINIB 10 MG,PACK
1792393,BPCK,{30 (LENVATINIB 10 MG ORAL CAPSULE [LENVIMA]) / 60 (LENVATINIB 4 MG ORAL CAPSULE [LENVIMA]) } PACK [LENVIMA 18],LENVIMA 18,LENVATINIB 10 MG / LENVATINIB 4 MG,PACK
1604352,BPCK,{60 (LENVATINIB 10 MG ORAL CAPSULE [LENVIMA]) / 30 (LENVATINIB 4 MG ORAL CAPSULE [LENVIMA]) } PACK [LENVIMA 24],LENVIMA 24,LENVATINIB 10 MG / LENVATINIB 4 MG,PACK
1604350,BPCK,{30 (LENVATINIB 10 MG ORAL CAPSULE [LENVIMA]) / 30 (LENVATINIB 4 MG ORAL CAPSULE [LENVIMA]) } PACK [LENVIMA 14],LENVIMA 14,LENVATINIB 10 MG / LENVATINIB 4 MG,PACK
2054159,BPCK,{90 (LENVATINIB 4 MG ORAL CAPSULE [LENVIMA]) } PACK [LENVIMA 12],LENVIMA 12,LENVATINIB 4 MG,PACK
1796665,BPCK,{60 (LENVATINIB 4 MG ORAL CAPSULE [LENVIMA]) } PACK [LENVIMA 8],LENVIMA 8,LENVATINIB 4 MG,PACK
2054157,BPCK,{30 (LENVATINIB 4 MG ORAL CAPSULE [LENVIMA]) } PACK [LENVIMA 4],LENVIMA 4,LENVATINIB 4 MG,PACK
2729474,SBD,1.2 ML LERODALCIBEP-LIGA 250 MG/ML PREFILLED SYRINGE [LEROCHOL],LEROCHOL,LERODALCIBEP-LIGA 250 MG/ML,PREFILLED SYRINGE
2693193,SBD,LETERMOVIR 120 MG ORAL PELLET [PREVYMIS],PREVYMIS,LETERMOVIR 120 MG,ORAL PELLET
2693189,SBD,LETERMOVIR 20 MG ORAL PELLET [PREVYMIS],PREVYMIS,LETERMOVIR 20 MG,ORAL PELLET
1988671,SBD,LETERMOVIR 240 MG ORAL TABLET [PREVYMIS],PREVYMIS,LETERMOVIR 240 MG,ORAL TABLET
1988675,SBD,LETERMOVIR 480 MG ORAL TABLET [PREVYMIS],PREVYMIS,LETERMOVIR 480 MG,ORAL TABLET
200064,SCD,LETROZOLE 2.5 MG ORAL TABLET,,LETROZOLE 2.5 MG,ORAL TABLET
153124,SBD,LETROZOLE 2.5 MG ORAL TABLET [FEMARA],FEMARA,LETROZOLE 2.5 MG,ORAL TABLET
197860,SCD,LEUCOVORIN 10 MG ORAL TABLET,,LEUCOVORIN 10 MG,ORAL TABLET
197861,SCD,LEUCOVORIN 15 MG ORAL TABLET,,LEUCOVORIN 15 MG,ORAL TABLET
197862,SCD,LEUCOVORIN 25 MG ORAL TABLET,,LEUCOVORIN 25 MG,ORAL TABLET
197863,SCD,LEUCOVORIN 5 MG ORAL TABLET,,LEUCOVORIN 5 MG,ORAL TABLET
825325,SBD,0.375 ML LEUPROLIDE ACETATE 120 MG/ML PREFILLED SYRINGE [ELIGARD],ELIGARD,LEUPROLIDE ACETATE 120 MG/ML,PREFILLED SYRINGE
2720348,SBD,0.375 ML LEUPROLIDE ACETATE 120 MG/ML PREFILLED SYRINGE [VABRINTY],VABRINTY,LEUPROLIDE ACETATE 120 MG/ML,PREFILLED SYRINGE
1115468,SBD,1.5 ML LEUPROLIDE ACETATE 15 MG/ML PREFILLED SYRINGE [LUPRON],LUPRON,LEUPROLIDE ACETATE 15 MG/ML,PREFILLED SYRINGE
1946522,SBD,4-MONTH 1.5 ML LEUPROLIDE ACETATE 20 MG/ML PREFILLED SYRINGE [LUPRON],LUPRON,LEUPROLIDE ACETATE 20 MG/ML,PREFILLED SYRINGE
2709448,SBD,LEUPROLIDE ACETATE 22.5 MG INJECTION [LUTRATE],LUTRATE,LEUPROLIDE ACETATE 22.5 MG,INJECTION
1115459,SBD,1 ML LEUPROLIDE ACETATE 3.75 MG/ML PREFILLED SYRINGE [LUPRON],LUPRON,LEUPROLIDE ACETATE 3.75 MG/ML,PREFILLED SYRINGE
2728996,SBD,0.25 ML LEUPROLIDE ACETATE 30 MG/ML PREFILLED SYRINGE [VABRINTY],VABRINTY,LEUPROLIDE ACETATE 30 MG/ML,PREFILLED SYRINGE
825334,SBD,0.25 ML LEUPROLIDE ACETATE 30 MG/ML PREFILLED SYRINGE [ELIGARD],ELIGARD,LEUPROLIDE ACETATE 30 MG/ML,PREFILLED SYRINGE
2639669,SBD,PEDIATRIC 1.5 ML LEUPROLIDE ACETATE 30 MG/ML PREFILLED SYRINGE [LUPRON],LUPRON,LEUPROLIDE ACETATE 30 MG/ML,PREFILLED SYRINGE
1115259,SBD,1.5 ML LEUPROLIDE ACETATE 30 MG/ML PREFILLED SYRINGE [LUPRON],LUPRON,LEUPROLIDE ACETATE 30 MG/ML,PREFILLED SYRINGE
545835,SCD,LEUPROLIDE ACETATE 5 MG/ML INJECTABLE SOLUTION,,LEUPROLIDE ACETATE 5 MG/ML,INJECTABLE SOLUTION
825333,SBD,0.5 ML LEUPROLIDE ACETATE 60 MG/ML PREFILLED SYRINGE [ELIGARD],ELIGARD,LEUPROLIDE ACETATE 60 MG/ML,PREFILLED SYRINGE
2720345,SBD,0.375 ML LEUPROLIDE ACETATE 60 MG/ML PREFILLED SYRINGE [VABRINTY],VABRINTY,LEUPROLIDE ACETATE 60 MG/ML,PREFILLED SYRINGE
825335,SBD,0.375 ML LEUPROLIDE ACETATE 60 MG/ML PREFILLED SYRINGE [ELIGARD],ELIGARD,LEUPROLIDE ACETATE 60 MG/ML,PREFILLED SYRINGE
2723399,SBD,0.5 ML LEUPROLIDE ACETATE 60 MG/ML PREFILLED SYRINGE [VABRINTY],VABRINTY,LEUPROLIDE ACETATE 60 MG/ML,PREFILLED SYRINGE
1115473,SBD,1.5 ML LEUPROLIDE ACETATE 7.5 MG/ML PREFILLED SYRINGE [LUPRON],LUPRON,LEUPROLIDE ACETATE 7.5 MG/ML,PREFILLED SYRINGE
1115464,SBD,1 ML LEUPROLIDE ACETATE 7.5 MG/ML PREFILLED SYRINGE [LUPRON],LUPRON,LEUPROLIDE ACETATE 7.5 MG/ML,PREFILLED SYRINGE
2639750,SBD,PEDIATRIC 1.5 ML LEUPROLIDE ACETATE 7.5 MG/ML PREFILLED SYRINGE [LUPRON],LUPRON,LEUPROLIDE ACETATE 7.5 MG/ML,PREFILLED SYRINGE
2639743,SBD,PEDIATRIC 1 ML LEUPROLIDE ACETATE 7.5 MG/ML PREFILLED SYRINGE [LUPRON],LUPRON,LEUPROLIDE ACETATE 7.5 MG/ML,PREFILLED SYRINGE
2693623,SBD,LEVACETYLLEUCINE 1000 MG GRANULES FOR ORAL SUSPENSION [AQNEURSA],AQNEURSA,LEVACETYLLEUCINE 1000 MG,GRANULES FOR ORAL SUSPENSION
746466,SBD,200 ACTUAT LEVALBUTEROL 0.045 MG/ACTUAT METERED DOSE INHALER [XOPENEX],XOPENEX,LEVALBUTEROL 0.045 MG/ACTUAT,METERED DOSE INHALER
745791,SCD,200 ACTUAT LEVALBUTEROL 0.045 MG/ACTUAT METERED DOSE INHALER,,LEVALBUTEROL 0.045 MG/ACTUAT,METERED DOSE INHALER
349590,SCD,LEVALBUTEROL 0.103 MG/ML INHALATION SOLUTION,,LEVALBUTEROL 0.103 MG/ML,INHALATION SOLUTION
311286,SCD,LEVALBUTEROL 0.21 MG/ML INHALATION SOLUTION,,LEVALBUTEROL 0.21 MG/ML,INHALATION SOLUTION
242754,SCD,LEVALBUTEROL 0.417 MG/ML INHALATION SOLUTION,,LEVALBUTEROL 0.417 MG/ML,INHALATION SOLUTION
1855389,SCD,LEVALBUTEROL 2.5 MG/ML INHALATION SOLUTION,,LEVALBUTEROL 2.5 MG/ML,INHALATION SOLUTION
404595,SBD,LEVETIRACETAM 100 MG/ML ORAL SOLUTION [KEPPRA],KEPPRA,LEVETIRACETAM 100 MG/ML,ORAL SOLUTION
403884,SCD,LEVETIRACETAM 100 MG/ML ORAL SOLUTION,,LEVETIRACETAM 100 MG/ML,ORAL SOLUTION
387003,SCD,LEVETIRACETAM 1000 MG ORAL TABLET,,LEVETIRACETAM 1000 MG,ORAL TABLET
630807,SBD,LEVETIRACETAM 1000 MG ORAL TABLET [KEPPRA],KEPPRA,LEVETIRACETAM 1000 MG,ORAL TABLET
1736047,SBD,LEVETIRACETAM 250 MG TABLET FOR ORAL SUSPENSION [SPRITAM],SPRITAM,LEVETIRACETAM 250 MG,TABLET FOR ORAL SUSPENSION
261335,SBD,LEVETIRACETAM 250 MG ORAL TABLET [KEPPRA],KEPPRA,LEVETIRACETAM 250 MG,ORAL TABLET
311288,SCD,LEVETIRACETAM 250 MG ORAL TABLET,,LEVETIRACETAM 250 MG,ORAL TABLET
1736045,SCD,LEVETIRACETAM 250 MG TABLET FOR ORAL SUSPENSION,,LEVETIRACETAM 250 MG,TABLET FOR ORAL SUSPENSION
1736048,SCD,LEVETIRACETAM 500 MG TABLET FOR ORAL SUSPENSION,,LEVETIRACETAM 500 MG,TABLET FOR ORAL SUSPENSION
1736050,SBD,LEVETIRACETAM 500 MG TABLET FOR ORAL SUSPENSION [SPRITAM],SPRITAM,LEVETIRACETAM 500 MG,TABLET FOR ORAL SUSPENSION
807834,SBD,24 HR LEVETIRACETAM 500 MG EXTENDED RELEASE ORAL TABLET [KEPPRA],KEPPRA,LEVETIRACETAM 500 MG,EXTENDED RELEASE ORAL TABLET
261336,SBD,LEVETIRACETAM 500 MG ORAL TABLET [KEPPRA],KEPPRA,LEVETIRACETAM 500 MG,ORAL TABLET
1731020,SBD,LEVETIRACETAM 500 MG ORAL TABLET [ROWEEPRA],ROWEEPRA,LEVETIRACETAM 500 MG,ORAL TABLET
807832,SCD,24 HR LEVETIRACETAM 500 MG EXTENDED RELEASE ORAL TABLET,,LEVETIRACETAM 500 MG,EXTENDED RELEASE ORAL TABLET
311289,SCD,LEVETIRACETAM 500 MG ORAL TABLET,,LEVETIRACETAM 500 MG,ORAL TABLET
311290,SCD,LEVETIRACETAM 750 MG ORAL TABLET,,LEVETIRACETAM 750 MG,ORAL TABLET
847673,SBD,24 HR LEVETIRACETAM 750 MG EXTENDED RELEASE ORAL TABLET [KEPPRA],KEPPRA,LEVETIRACETAM 750 MG,EXTENDED RELEASE ORAL TABLET
284391,SBD,LEVETIRACETAM 750 MG ORAL TABLET [KEPPRA],KEPPRA,LEVETIRACETAM 750 MG,ORAL TABLET
846378,SCD,24 HR LEVETIRACETAM 750 MG EXTENDED RELEASE ORAL TABLET,,LEVETIRACETAM 750 MG,EXTENDED RELEASE ORAL TABLET
1150836,SCD,LEVOBUNOLOL HYDROCHLORIDE 5 MG/ML OPHTHALMIC SOLUTION,,LEVOBUNOLOL HYDROCHLORIDE 5 MG/ML,OPHTHALMIC SOLUTION
315134,SCD,LEVOCARNITINE 100 MG/ML ORAL SOLUTION,,LEVOCARNITINE 100 MG/ML,ORAL SOLUTION
206343,SBD,LEVOCARNITINE 100 MG/ML ORAL SOLUTION [CARNITOR],CARNITOR,LEVOCARNITINE 100 MG/ML,ORAL SOLUTION
206346,SBD,LEVOCARNITINE 330 MG ORAL TABLET [CARNITOR],CARNITOR,LEVOCARNITINE 330 MG,ORAL TABLET
197448,SCD,LEVOCARNITINE 330 MG ORAL TABLET,,LEVOCARNITINE 330 MG,ORAL TABLET
855168,SCD,LEVOCETIRIZINE DIHYDROCHLORIDE 0.5 MG/ML ORAL SOLUTION,,LEVOCETIRIZINE DIHYDROCHLORIDE 0.5 MG/ML,ORAL SOLUTION
855172,SCD,LEVOCETIRIZINE DIHYDROCHLORIDE 5 MG ORAL TABLET,,LEVOCETIRIZINE DIHYDROCHLORIDE 5 MG,ORAL TABLET
2107621,SBD,LEVODOPA 42 MG INHALATION POWDER [INBRIJA],INBRIJA,LEVODOPA 42 MG,INHALATION POWDER
477391,SCD,LEVOFLOXACIN 25 MG/ML ORAL SOLUTION,,LEVOFLOXACIN 25 MG/ML,ORAL SOLUTION
199884,SCD,LEVOFLOXACIN 250 MG ORAL TABLET,,LEVOFLOXACIN 250 MG,ORAL TABLET
1665515,SCD,150 ML LEVOFLOXACIN 5 MG/ML INJECTION,,LEVOFLOXACIN 5 MG/ML,INJECTION
1665507,SCD,100 ML LEVOFLOXACIN 5 MG/ML INJECTION,,LEVOFLOXACIN 5 MG/ML,INJECTION
314080,SCD,LEVOFLOXACIN 5 MG/ML OPHTHALMIC SOLUTION,,LEVOFLOXACIN 5 MG/ML,OPHTHALMIC SOLUTION
199885,SCD,LEVOFLOXACIN 500 MG ORAL TABLET,,LEVOFLOXACIN 500 MG,ORAL TABLET
311296,SCD,LEVOFLOXACIN 750 MG ORAL TABLET,,LEVOFLOXACIN 750 MG,ORAL TABLET
2588854,SBD,LEVOKETOCONAZOLE 150 MG ORAL TABLET [RECORLEV],RECORLEV,LEVOKETOCONAZOLE 150 MG,ORAL TABLET
1433223,SBD,24 HR LEVOMILNACIPRAN 120 MG EXTENDED RELEASE ORAL CAPSULE [FETZIMA],FETZIMA,LEVOMILNACIPRAN 120 MG,EXTENDED RELEASE ORAL CAPSULE
1433229,SBD,24 HR LEVOMILNACIPRAN 20 MG EXTENDED RELEASE ORAL CAPSULE [FETZIMA],FETZIMA,LEVOMILNACIPRAN 20 MG,EXTENDED RELEASE ORAL CAPSULE
1433250,BPCK,{2 (24 HR LEVOMILNACIPRAN 20 MG EXTENDED RELEASE ORAL CAPSULE [FETZIMA]) / 26 (24 HR LEVOMILNACIPRAN 40 MG EXTENDED RELEASE ORAL CAPSULE [FETZIMA]) } PACK [FETZIMA PACK],FETZIMA PACK,LEVOMILNACIPRAN 20 MG / LEVOMILNACIPRAN 40 MG,PACK
1433235,SBD,24 HR LEVOMILNACIPRAN 40 MG EXTENDED RELEASE ORAL CAPSULE [FETZIMA],FETZIMA,LEVOMILNACIPRAN 40 MG,EXTENDED RELEASE ORAL CAPSULE
1433241,SBD,24 HR LEVOMILNACIPRAN 80 MG EXTENDED RELEASE ORAL CAPSULE [FETZIMA],FETZIMA,LEVOMILNACIPRAN 80 MG,EXTENDED RELEASE ORAL CAPSULE
1366339,SBD,LEVONORGESTREL 0.000583 MG/HR INTRAUTERINE SYSTEM [SKYLA],SKYLA,LEVONORGESTREL 0.000583 MG/HR,INTRAUTERINE SYSTEM
1856546,SBD,LEVONORGESTREL 0.000729 MG/HR INTRAUTERINE SYSTEM [KYLEENA],KYLEENA,LEVONORGESTREL 0.000729 MG/HR,INTRAUTERINE SYSTEM
1605257,SBD,LEVONORGESTREL 0.000813 MG/HR INTRAUTERINE SYSTEM [LILETTA],LILETTA,LEVONORGESTREL 0.000813 MG/HR,INTRAUTERINE SYSTEM
807283,SBD,LEVONORGESTREL 0.000833 MG/HR INTRAUTERINE SYSTEM [MIRENA],MIRENA,LEVONORGESTREL 0.000833 MG/HR,INTRAUTERINE SYSTEM
197873,SCD,LEVORPHANOL TARTRATE 2 MG ORAL TABLET,,LEVORPHANOL TARTRATE 2 MG,ORAL TABLET
2058845,SCD,LEVORPHANOL TARTRATE 3 MG ORAL TABLET,,LEVORPHANOL TARTRATE 3 MG,ORAL TABLET
966434,SBD,LEVOTHYROXINE SODIUM 0.013 MG ORAL CAPSULE [TIROSINT],TIROSINT,LEVOTHYROXINE SODIUM 0.013 MG,ORAL CAPSULE
966412,SCD,LEVOTHYROXINE SODIUM 0.013 MG ORAL CAPSULE,,LEVOTHYROXINE SODIUM 0.013 MG,ORAL CAPSULE
2056494,SBD,LEVOTHYROXINE SODIUM 0.013 MG/ML ORAL SOLUTION [TIROSINT],TIROSINT,LEVOTHYROXINE SODIUM 0.013 MG/ML,ORAL SOLUTION
2473282,SBD,LEVOTHYROXINE SODIUM 0.02 MG/ML ORAL SOLUTION [THYQUIDITY],THYQUIDITY,LEVOTHYROXINE SODIUM 0.02 MG/ML,ORAL SOLUTION
966423,SBD,LEVOTHYROXINE SODIUM 0.025 MG ORAL CAPSULE [TIROSINT],TIROSINT,LEVOTHYROXINE SODIUM 0.025 MG,ORAL CAPSULE
966220,SCD,LEVOTHYROXINE SODIUM 0.025 MG ORAL TABLET,,LEVOTHYROXINE SODIUM 0.025 MG,ORAL TABLET
966158,SBD,LEVOTHYROXINE SODIUM 0.025 MG ORAL TABLET [SYNTHROID],SYNTHROID,LEVOTHYROXINE SODIUM 0.025 MG,ORAL TABLET
966228,SBD,LEVOTHYROXINE SODIUM 0.025 MG ORAL TABLET [UNITHROID],UNITHROID,LEVOTHYROXINE SODIUM 0.025 MG,ORAL TABLET
966406,SCD,LEVOTHYROXINE SODIUM 0.025 MG ORAL CAPSULE,,LEVOTHYROXINE SODIUM 0.025 MG,ORAL CAPSULE
966157,SBD,LEVOTHYROXINE SODIUM 0.025 MG ORAL TABLET [LEVOXYL],LEVOXYL,LEVOTHYROXINE SODIUM 0.025 MG,ORAL TABLET
2056466,SBD,LEVOTHYROXINE SODIUM 0.025 MG/ML ORAL SOLUTION [TIROSINT],TIROSINT,LEVOTHYROXINE SODIUM 0.025 MG/ML,ORAL SOLUTION
2630740,SBD,LEVOTHYROXINE SODIUM 0.0375 MG ORAL CAPSULE [TIROSINT],TIROSINT,LEVOTHYROXINE SODIUM 0.0375 MG,ORAL CAPSULE
2566615,SBD,LEVOTHYROXINE SODIUM 0.0375 MG/ML ORAL SOLUTION [TIROSINT],TIROSINT,LEVOTHYROXINE SODIUM 0.0375 MG/ML,ORAL SOLUTION
2630744,SBD,LEVOTHYROXINE SODIUM 0.044 MG ORAL CAPSULE [TIROSINT],TIROSINT,LEVOTHYROXINE SODIUM 0.044 MG,ORAL CAPSULE
2566619,SBD,LEVOTHYROXINE SODIUM 0.044 MG/ML ORAL SOLUTION [TIROSINT],TIROSINT,LEVOTHYROXINE SODIUM 0.044 MG/ML,ORAL SOLUTION
966247,SBD,LEVOTHYROXINE SODIUM 0.05 MG ORAL TABLET [SYNTHROID],SYNTHROID,LEVOTHYROXINE SODIUM 0.05 MG,ORAL TABLET
966244,SBD,LEVOTHYROXINE SODIUM 0.05 MG ORAL TABLET [UNITHROID],UNITHROID,LEVOTHYROXINE SODIUM 0.05 MG,ORAL TABLET
966407,SCD,LEVOTHYROXINE SODIUM 0.05 MG ORAL CAPSULE,,LEVOTHYROXINE SODIUM 0.05 MG,ORAL CAPSULE
966221,SCD,LEVOTHYROXINE SODIUM 0.05 MG ORAL TABLET,,LEVOTHYROXINE SODIUM 0.05 MG,ORAL TABLET
966164,SBD,LEVOTHYROXINE SODIUM 0.05 MG ORAL TABLET [LEVOXYL],LEVOXYL,LEVOTHYROXINE SODIUM 0.05 MG,ORAL TABLET
966426,SBD,LEVOTHYROXINE SODIUM 0.05 MG ORAL CAPSULE [TIROSINT],TIROSINT,LEVOTHYROXINE SODIUM 0.05 MG,ORAL CAPSULE
2056470,SBD,LEVOTHYROXINE SODIUM 0.05 MG/ML ORAL SOLUTION [TIROSINT],TIROSINT,LEVOTHYROXINE SODIUM 0.05 MG/ML,ORAL SOLUTION
2630748,SBD,LEVOTHYROXINE SODIUM 0.0625 MG ORAL CAPSULE [TIROSINT],TIROSINT,LEVOTHYROXINE SODIUM 0.0625 MG,ORAL CAPSULE
2566610,SBD,LEVOTHYROXINE SODIUM 0.0625 MG/ML ORAL SOLUTION [TIROSINT],TIROSINT,LEVOTHYROXINE SODIUM 0.0625 MG/ML,ORAL SOLUTION
966222,SCD,LEVOTHYROXINE SODIUM 0.075 MG ORAL TABLET,,LEVOTHYROXINE SODIUM 0.075 MG,ORAL TABLET
905458,SCD,LEVOTHYROXINE SODIUM 0.075 MG ORAL CAPSULE,,LEVOTHYROXINE SODIUM 0.075 MG,ORAL CAPSULE
966170,SBD,LEVOTHYROXINE SODIUM 0.075 MG ORAL TABLET [LEVOXYL],LEVOXYL,LEVOTHYROXINE SODIUM 0.075 MG,ORAL TABLET
966171,SBD,LEVOTHYROXINE SODIUM 0.075 MG ORAL TABLET [SYNTHROID],SYNTHROID,LEVOTHYROXINE SODIUM 0.075 MG,ORAL TABLET
966286,SBD,LEVOTHYROXINE SODIUM 0.075 MG ORAL TABLET [UNITHROID],UNITHROID,LEVOTHYROXINE SODIUM 0.075 MG,ORAL TABLET
905460,SBD,LEVOTHYROXINE SODIUM 0.075 MG ORAL CAPSULE [TIROSINT],TIROSINT,LEVOTHYROXINE SODIUM 0.075 MG,ORAL CAPSULE
2056474,SBD,LEVOTHYROXINE SODIUM 0.075 MG/ML ORAL SOLUTION [TIROSINT],TIROSINT,LEVOTHYROXINE SODIUM 0.075 MG/ML,ORAL SOLUTION
966232,SBD,LEVOTHYROXINE SODIUM 0.088 MG ORAL TABLET [UNITHROID],UNITHROID,LEVOTHYROXINE SODIUM 0.088 MG,ORAL TABLET
966253,SCD,LEVOTHYROXINE SODIUM 0.088 MG ORAL TABLET,,LEVOTHYROXINE SODIUM 0.088 MG,ORAL TABLET
966282,SBD,LEVOTHYROXINE SODIUM 0.088 MG ORAL TABLET [SYNTHROID],SYNTHROID,LEVOTHYROXINE SODIUM 0.088 MG,ORAL TABLET
905462,SCD,LEVOTHYROXINE SODIUM 0.088 MG ORAL CAPSULE,,LEVOTHYROXINE SODIUM 0.088 MG,ORAL CAPSULE
905464,SBD,LEVOTHYROXINE SODIUM 0.088 MG ORAL CAPSULE [TIROSINT],TIROSINT,LEVOTHYROXINE SODIUM 0.088 MG,ORAL CAPSULE
966175,SBD,LEVOTHYROXINE SODIUM 0.088 MG ORAL TABLET [LEVOXYL],LEVOXYL,LEVOTHYROXINE SODIUM 0.088 MG,ORAL TABLET
2056478,SBD,LEVOTHYROXINE SODIUM 0.088 MG/ML ORAL SOLUTION [TIROSINT],TIROSINT,LEVOTHYROXINE SODIUM 0.088 MG/ML,ORAL SOLUTION
966404,SCD,LEVOTHYROXINE SODIUM 0.1 MG ORAL CAPSULE,,LEVOTHYROXINE SODIUM 0.1 MG,ORAL CAPSULE
966250,SBD,LEVOTHYROXINE SODIUM 0.1 MG ORAL TABLET [SYNTHROID],SYNTHROID,LEVOTHYROXINE SODIUM 0.1 MG,ORAL TABLET
966283,SBD,LEVOTHYROXINE SODIUM 0.1 MG ORAL TABLET [LEVOXYL],LEVOXYL,LEVOTHYROXINE SODIUM 0.1 MG,ORAL TABLET
966415,SBD,LEVOTHYROXINE SODIUM 0.1 MG ORAL CAPSULE [TIROSINT],TIROSINT,LEVOTHYROXINE SODIUM 0.1 MG,ORAL CAPSULE
966233,SBD,LEVOTHYROXINE SODIUM 0.1 MG ORAL TABLET [UNITHROID],UNITHROID,LEVOTHYROXINE SODIUM 0.1 MG,ORAL TABLET
892246,SCD,LEVOTHYROXINE SODIUM 0.1 MG ORAL TABLET,,LEVOTHYROXINE SODIUM 0.1 MG,ORAL TABLET
2056482,SBD,LEVOTHYROXINE SODIUM 0.1 MG/ML ORAL SOLUTION [TIROSINT],TIROSINT,LEVOTHYROXINE SODIUM 0.1 MG/ML,ORAL SOLUTION
966235,SBD,LEVOTHYROXINE SODIUM 0.112 MG ORAL TABLET [UNITHROID],UNITHROID,LEVOTHYROXINE SODIUM 0.112 MG,ORAL TABLET
966184,SBD,LEVOTHYROXINE SODIUM 0.112 MG ORAL TABLET [LEVOXYL],LEVOXYL,LEVOTHYROXINE SODIUM 0.112 MG,ORAL TABLET
966185,SBD,LEVOTHYROXINE SODIUM 0.112 MG ORAL TABLET [SYNTHROID],SYNTHROID,LEVOTHYROXINE SODIUM 0.112 MG,ORAL TABLET
905453,SBD,LEVOTHYROXINE SODIUM 0.112 MG ORAL CAPSULE [TIROSINT],TIROSINT,LEVOTHYROXINE SODIUM 0.112 MG,ORAL CAPSULE
905451,SCD,LEVOTHYROXINE SODIUM 0.112 MG ORAL CAPSULE,,LEVOTHYROXINE SODIUM 0.112 MG,ORAL CAPSULE
966248,SCD,LEVOTHYROXINE SODIUM 0.112 MG ORAL TABLET,,LEVOTHYROXINE SODIUM 0.112 MG,ORAL TABLET
2056486,SBD,LEVOTHYROXINE SODIUM 0.112 MG/ML ORAL SOLUTION [TIROSINT],TIROSINT,LEVOTHYROXINE SODIUM 0.112 MG/ML,ORAL SOLUTION
966405,SCD,LEVOTHYROXINE SODIUM 0.125 MG ORAL CAPSULE,,LEVOTHYROXINE SODIUM 0.125 MG,ORAL CAPSULE
966191,SBD,LEVOTHYROXINE SODIUM 0.125 MG ORAL TABLET [SYNTHROID],SYNTHROID,LEVOTHYROXINE SODIUM 0.125 MG,ORAL TABLET
966417,SBD,LEVOTHYROXINE SODIUM 0.125 MG ORAL CAPSULE [TIROSINT],TIROSINT,LEVOTHYROXINE SODIUM 0.125 MG,ORAL CAPSULE
966190,SBD,LEVOTHYROXINE SODIUM 0.125 MG ORAL TABLET [LEVOXYL],LEVOXYL,LEVOTHYROXINE SODIUM 0.125 MG,ORAL TABLET
966224,SCD,LEVOTHYROXINE SODIUM 0.125 MG ORAL TABLET,,LEVOTHYROXINE SODIUM 0.125 MG,ORAL TABLET
966237,SBD,LEVOTHYROXINE SODIUM 0.125 MG ORAL TABLET [UNITHROID],UNITHROID,LEVOTHYROXINE SODIUM 0.125 MG,ORAL TABLET
2056490,SBD,LEVOTHYROXINE SODIUM 0.125 MG/ML ORAL SOLUTION [TIROSINT],TIROSINT,LEVOTHYROXINE SODIUM 0.125 MG/ML,ORAL SOLUTION
966194,SBD,LEVOTHYROXINE SODIUM 0.137 MG ORAL TABLET [LEVOXYL],LEVOXYL,LEVOTHYROXINE SODIUM 0.137 MG,ORAL TABLET
905455,SCD,LEVOTHYROXINE SODIUM 0.137 MG ORAL CAPSULE,,LEVOTHYROXINE SODIUM 0.137 MG,ORAL CAPSULE
905457,SBD,LEVOTHYROXINE SODIUM 0.137 MG ORAL CAPSULE [TIROSINT],TIROSINT,LEVOTHYROXINE SODIUM 0.137 MG,ORAL CAPSULE
966436,SBD,LEVOTHYROXINE SODIUM 0.137 MG ORAL TABLET [UNITHROID],UNITHROID,LEVOTHYROXINE SODIUM 0.137 MG,ORAL TABLET
966271,SBD,LEVOTHYROXINE SODIUM 0.137 MG ORAL TABLET [SYNTHROID],SYNTHROID,LEVOTHYROXINE SODIUM 0.137 MG,ORAL TABLET
966270,SCD,LEVOTHYROXINE SODIUM 0.137 MG ORAL TABLET,,LEVOTHYROXINE SODIUM 0.137 MG,ORAL TABLET
2056498,SBD,LEVOTHYROXINE SODIUM 0.137 MG/ML ORAL SOLUTION [TIROSINT],TIROSINT,LEVOTHYROXINE SODIUM 0.137 MG/ML,ORAL SOLUTION
966420,SBD,LEVOTHYROXINE SODIUM 0.15 MG ORAL CAPSULE [TIROSINT],TIROSINT,LEVOTHYROXINE SODIUM 0.15 MG,ORAL CAPSULE
966238,SBD,LEVOTHYROXINE SODIUM 0.15 MG ORAL TABLET [UNITHROID],UNITHROID,LEVOTHYROXINE SODIUM 0.15 MG,ORAL TABLET
966225,SCD,LEVOTHYROXINE SODIUM 0.15 MG ORAL TABLET,,LEVOTHYROXINE SODIUM 0.15 MG,ORAL TABLET
966200,SBD,LEVOTHYROXINE SODIUM 0.15 MG ORAL TABLET [LEVOXYL],LEVOXYL,LEVOTHYROXINE SODIUM 0.15 MG,ORAL TABLET
966413,SCD,LEVOTHYROXINE SODIUM 0.15 MG ORAL CAPSULE,,LEVOTHYROXINE SODIUM 0.15 MG,ORAL CAPSULE
966201,SBD,LEVOTHYROXINE SODIUM 0.15 MG ORAL TABLET [SYNTHROID],SYNTHROID,LEVOTHYROXINE SODIUM 0.15 MG,ORAL TABLET
2056502,SBD,LEVOTHYROXINE SODIUM 0.15 MG/ML ORAL SOLUTION [TIROSINT],TIROSINT,LEVOTHYROXINE SODIUM 0.15 MG/ML,ORAL SOLUTION
966246,SBD,LEVOTHYROXINE SODIUM 0.175 MG ORAL TABLET [UNITHROID],UNITHROID,LEVOTHYROXINE SODIUM 0.175 MG,ORAL TABLET
966249,SCD,LEVOTHYROXINE SODIUM 0.175 MG ORAL TABLET,,LEVOTHYROXINE SODIUM 0.175 MG,ORAL TABLET
966205,SBD,LEVOTHYROXINE SODIUM 0.175 MG ORAL TABLET [SYNTHROID],SYNTHROID,LEVOTHYROXINE SODIUM 0.175 MG,ORAL TABLET
966204,SBD,LEVOTHYROXINE SODIUM 0.175 MG ORAL TABLET [LEVOXYL],LEVOXYL,LEVOTHYROXINE SODIUM 0.175 MG,ORAL TABLET
1923047,SCD,LEVOTHYROXINE SODIUM 0.175 MG ORAL CAPSULE,,LEVOTHYROXINE SODIUM 0.175 MG,ORAL CAPSULE
1923049,SBD,LEVOTHYROXINE SODIUM 0.175 MG ORAL CAPSULE [TIROSINT],TIROSINT,LEVOTHYROXINE SODIUM 0.175 MG,ORAL CAPSULE
2056506,SBD,LEVOTHYROXINE SODIUM 0.175 MG/ML ORAL SOLUTION [TIROSINT],TIROSINT,LEVOTHYROXINE SODIUM 0.175 MG/ML,ORAL SOLUTION
1923052,SBD,LEVOTHYROXINE SODIUM 0.2 MG ORAL CAPSULE [TIROSINT],TIROSINT,LEVOTHYROXINE SODIUM 0.2 MG,ORAL CAPSULE
1923050,SCD,LEVOTHYROXINE SODIUM 0.2 MG ORAL CAPSULE,,LEVOTHYROXINE SODIUM 0.2 MG,ORAL CAPSULE
966241,SBD,LEVOTHYROXINE SODIUM 0.2 MG ORAL TABLET [UNITHROID],UNITHROID,LEVOTHYROXINE SODIUM 0.2 MG,ORAL TABLET
892251,SCD,LEVOTHYROXINE SODIUM 0.2 MG ORAL TABLET,,LEVOTHYROXINE SODIUM 0.2 MG,ORAL TABLET
966211,SBD,LEVOTHYROXINE SODIUM 0.2 MG ORAL TABLET [LEVOXYL],LEVOXYL,LEVOTHYROXINE SODIUM 0.2 MG,ORAL TABLET
966251,SBD,LEVOTHYROXINE SODIUM 0.2 MG ORAL TABLET [SYNTHROID],SYNTHROID,LEVOTHYROXINE SODIUM 0.2 MG,ORAL TABLET
2056510,SBD,LEVOTHYROXINE SODIUM 0.2 MG/ML ORAL SOLUTION [TIROSINT],TIROSINT,LEVOTHYROXINE SODIUM 0.2 MG/ML,ORAL SOLUTION
892255,SCD,LEVOTHYROXINE SODIUM 0.3 MG ORAL TABLET,,LEVOTHYROXINE SODIUM 0.3 MG,ORAL TABLET
966218,SBD,LEVOTHYROXINE SODIUM 0.3 MG ORAL TABLET [SYNTHROID],SYNTHROID,LEVOTHYROXINE SODIUM 0.3 MG,ORAL TABLET
966243,SBD,LEVOTHYROXINE SODIUM 0.3 MG ORAL TABLET [UNITHROID],UNITHROID,LEVOTHYROXINE SODIUM 0.3 MG,ORAL TABLET
2001439,SBD,LIDOCAINE 0.018 MG/MG MEDICATED PATCH [ZTLIDO],ZTLIDO,LIDOCAINE 0.018 MG/MG,MEDICATED PATCH
2642344,SBD,LIDOCAINE 0.05 MG/MG MEDICATED PATCH [LIDOCAN],LIDOCAN,LIDOCAINE 0.05 MG/MG,MEDICATED PATCH
1745091,SCD,LIDOCAINE 0.05 MG/MG MEDICATED PATCH,,LIDOCAINE 0.05 MG/MG,MEDICATED PATCH
1543069,SCD,LIDOCAINE 0.05 MG/MG TOPICAL OINTMENT,,LIDOCAINE 0.05 MG/MG,TOPICAL OINTMENT
197877,SCD,LIDOCAINE 25 MG/ML / PRILOCAINE 25 MG/ML TOPICAL CREAM,,LIDOCAINE 25 MG/ML / PRILOCAINE 25 MG/ML,TOPICAL CREAM
1010739,SCD,LIDOCAINE HYDROCHLORIDE 20 MG/ML MUCOUS MEMBRANE TOPICAL SOLUTION,,LIDOCAINE HYDROCHLORIDE 20 MG/ML,MUCOUS MEMBRANE TOPICAL SOLUTION
1010878,SCD,LIDOCAINE HYDROCHLORIDE 40 MG/ML MUCOUS MEMBRANE TOPICAL SOLUTION,,LIDOCAINE HYDROCHLORIDE 40 MG/ML,MUCOUS MEMBRANE TOPICAL SOLUTION
1801840,SBD,LIFITEGRAST 50 MG/ML OPHTHALMIC SOLUTION [XIIDRA],XIIDRA,LIFITEGRAST 50 MG/ML,OPHTHALMIC SOLUTION
1869699,SBD,LINACLOTIDE 0.072 MG ORAL CAPSULE [LINZESS],LINZESS,LINACLOTIDE 0.072 MG,ORAL CAPSULE
1307415,SBD,LINACLOTIDE 0.145 MG ORAL CAPSULE [LINZESS],LINZESS,LINACLOTIDE 0.145 MG,ORAL CAPSULE
1307421,SBD,LINACLOTIDE 0.29 MG ORAL CAPSULE [LINZESS],LINZESS,LINACLOTIDE 0.29 MG,ORAL CAPSULE
1796091,SBD,24 HR LINAGLIPTIN 2.5 MG / METFORMIN HYDROCHLORIDE 1000 MG EXTENDED RELEASE ORAL TABLET [JENTADUETO],JENTADUETO,LINAGLIPTIN 2.5 MG / METFORMIN HYDROCHLORIDE 1000 MG,EXTENDED RELEASE ORAL TABLET
1243026,SBD,LINAGLIPTIN 2.5 MG / METFORMIN HYDROCHLORIDE 1000 MG ORAL TABLET [JENTADUETO],JENTADUETO,LINAGLIPTIN 2.5 MG / METFORMIN HYDROCHLORIDE 1000 MG,ORAL TABLET
1243033,SBD,LINAGLIPTIN 2.5 MG / METFORMIN HYDROCHLORIDE 500 MG ORAL TABLET [JENTADUETO],JENTADUETO,LINAGLIPTIN 2.5 MG / METFORMIN HYDROCHLORIDE 500 MG,ORAL TABLET
1100706,SBD,LINAGLIPTIN 5 MG ORAL TABLET [TRADJENTA],TRADJENTA,LINAGLIPTIN 5 MG,ORAL TABLET
1796096,SBD,24 HR LINAGLIPTIN 5 MG / METFORMIN HYDROCHLORIDE 1000 MG EXTENDED RELEASE ORAL TABLET [JENTADUETO],JENTADUETO,LINAGLIPTIN 5 MG / METFORMIN HYDROCHLORIDE 1000 MG,EXTENDED RELEASE ORAL TABLET
1662285,SCD,300 ML LINEZOLID 2 MG/ML INJECTION,,LINEZOLID 2 MG/ML,INJECTION
1662286,SBD,300 ML LINEZOLID 2 MG/ML INJECTION [ZYVOX],ZYVOX,LINEZOLID 2 MG/ML,INJECTION
311345,SCD,LINEZOLID 20 MG/ML ORAL SUSPENSION,,LINEZOLID 20 MG/ML,ORAL SUSPENSION
581614,SBD,LINEZOLID 20 MG/ML ORAL SUSPENSION [ZYVOX],ZYVOX,LINEZOLID 20 MG/ML,ORAL SUSPENSION
311347,SCD,LINEZOLID 600 MG ORAL TABLET,,LINEZOLID 600 MG,ORAL TABLET
2723585,SBD,LIOTHYRONINE SODIUM 0.005 MG ORAL TABLET [LIOMNY],LIOMNY,LIOTHYRONINE SODIUM 0.005 MG,ORAL TABLET
903456,SCD,LIOTHYRONINE SODIUM 0.005 MG ORAL TABLET,,LIOTHYRONINE SODIUM 0.005 MG,ORAL TABLET
903458,SBD,LIOTHYRONINE SODIUM 0.005 MG ORAL TABLET [CYTOMEL],CYTOMEL,LIOTHYRONINE SODIUM 0.005 MG,ORAL TABLET
903697,SCD,LIOTHYRONINE SODIUM 0.025 MG ORAL TABLET,,LIOTHYRONINE SODIUM 0.025 MG,ORAL TABLET
2723581,SBD,LIOTHYRONINE SODIUM 0.025 MG ORAL TABLET [LIOMNY],LIOMNY,LIOTHYRONINE SODIUM 0.025 MG,ORAL TABLET
903699,SBD,LIOTHYRONINE SODIUM 0.025 MG ORAL TABLET [CYTOMEL],CYTOMEL,LIOTHYRONINE SODIUM 0.025 MG,ORAL TABLET
903705,SBD,LIOTHYRONINE SODIUM 0.05 MG ORAL TABLET [CYTOMEL],CYTOMEL,LIOTHYRONINE SODIUM 0.05 MG,ORAL TABLET
2723583,SBD,LIOTHYRONINE SODIUM 0.05 MG ORAL TABLET [LIOMNY],LIOMNY,LIOTHYRONINE SODIUM 0.05 MG,ORAL TABLET
903703,SCD,LIOTHYRONINE SODIUM 0.05 MG ORAL TABLET,,LIOTHYRONINE SODIUM 0.05 MG,ORAL TABLET
897126,SBD,3 ML LIRAGLUTIDE 6 MG/ML PEN INJECTOR [VICTOZA],VICTOZA,LIRAGLUTIDE 6 MG/ML,PEN INJECTOR
897122,SCD,3 ML LIRAGLUTIDE 6 MG/ML PEN INJECTOR,,LIRAGLUTIDE 6 MG/ML,PEN INJECTOR
1593856,SCD,LISDEXAMFETAMINE DIMESYLATE 10 MG ORAL CAPSULE,,LISDEXAMFETAMINE DIMESYLATE 10 MG,ORAL CAPSULE
1871464,SCD,LISDEXAMFETAMINE DIMESYLATE 10 MG CHEWABLE TABLET,,LISDEXAMFETAMINE DIMESYLATE 10 MG,CHEWABLE TABLET
1871465,SBD,LISDEXAMFETAMINE DIMESYLATE 10 MG CHEWABLE TABLET [VYVANSE],VYVANSE,LISDEXAMFETAMINE DIMESYLATE 10 MG,CHEWABLE TABLET
1593858,SBD,LISDEXAMFETAMINE DIMESYLATE 10 MG ORAL CAPSULE [VYVANSE],VYVANSE,LISDEXAMFETAMINE DIMESYLATE 10 MG,ORAL CAPSULE
2726055,SBD,LISDEXAMFETAMINE DIMESYLATE 10 MG/ML ORAL SOLUTION [ARYNTA],ARYNTA,LISDEXAMFETAMINE DIMESYLATE 10 MG/ML,ORAL SOLUTION
1871462,SCD,LISDEXAMFETAMINE DIMESYLATE 20 MG CHEWABLE TABLET,,LISDEXAMFETAMINE DIMESYLATE 20 MG,CHEWABLE TABLET
1871463,SBD,LISDEXAMFETAMINE DIMESYLATE 20 MG CHEWABLE TABLET [VYVANSE],VYVANSE,LISDEXAMFETAMINE DIMESYLATE 20 MG,CHEWABLE TABLET
854832,SBD,LISDEXAMFETAMINE DIMESYLATE 20 MG ORAL CAPSULE [VYVANSE],VYVANSE,LISDEXAMFETAMINE DIMESYLATE 20 MG,ORAL CAPSULE
854830,SCD,LISDEXAMFETAMINE DIMESYLATE 20 MG ORAL CAPSULE,,LISDEXAMFETAMINE DIMESYLATE 20 MG,ORAL CAPSULE
1871461,SBD,LISDEXAMFETAMINE DIMESYLATE 30 MG CHEWABLE TABLET [VYVANSE],VYVANSE,LISDEXAMFETAMINE DIMESYLATE 30 MG,CHEWABLE TABLET
1871460,SCD,LISDEXAMFETAMINE DIMESYLATE 30 MG CHEWABLE TABLET,,LISDEXAMFETAMINE DIMESYLATE 30 MG,CHEWABLE TABLET
854836,SBD,LISDEXAMFETAMINE DIMESYLATE 30 MG ORAL CAPSULE [VYVANSE],VYVANSE,LISDEXAMFETAMINE DIMESYLATE 30 MG,ORAL CAPSULE
854834,SCD,LISDEXAMFETAMINE DIMESYLATE 30 MG ORAL CAPSULE,,LISDEXAMFETAMINE DIMESYLATE 30 MG,ORAL CAPSULE
1871456,SCD,LISDEXAMFETAMINE DIMESYLATE 40 MG CHEWABLE TABLET,,LISDEXAMFETAMINE DIMESYLATE 40 MG,CHEWABLE TABLET
854840,SBD,LISDEXAMFETAMINE DIMESYLATE 40 MG ORAL CAPSULE [VYVANSE],VYVANSE,LISDEXAMFETAMINE DIMESYLATE 40 MG,ORAL CAPSULE
854838,SCD,LISDEXAMFETAMINE DIMESYLATE 40 MG ORAL CAPSULE,,LISDEXAMFETAMINE DIMESYLATE 40 MG,ORAL CAPSULE
1871459,SBD,LISDEXAMFETAMINE DIMESYLATE 40 MG CHEWABLE TABLET [VYVANSE],VYVANSE,LISDEXAMFETAMINE DIMESYLATE 40 MG,CHEWABLE TABLET
1871468,SCD,LISDEXAMFETAMINE DIMESYLATE 50 MG CHEWABLE TABLET,,LISDEXAMFETAMINE DIMESYLATE 50 MG,CHEWABLE TABLET
1871469,SBD,LISDEXAMFETAMINE DIMESYLATE 50 MG CHEWABLE TABLET [VYVANSE],VYVANSE,LISDEXAMFETAMINE DIMESYLATE 50 MG,CHEWABLE TABLET
854852,SBD,LISDEXAMFETAMINE DIMESYLATE 50 MG ORAL CAPSULE [VYVANSE],VYVANSE,LISDEXAMFETAMINE DIMESYLATE 50 MG,ORAL CAPSULE
854850,SCD,LISDEXAMFETAMINE DIMESYLATE 50 MG ORAL CAPSULE,,LISDEXAMFETAMINE DIMESYLATE 50 MG,ORAL CAPSULE
854848,SBD,LISDEXAMFETAMINE DIMESYLATE 60 MG ORAL CAPSULE [VYVANSE],VYVANSE,LISDEXAMFETAMINE DIMESYLATE 60 MG,ORAL CAPSULE
1871466,SCD,LISDEXAMFETAMINE DIMESYLATE 60 MG CHEWABLE TABLET,,LISDEXAMFETAMINE DIMESYLATE 60 MG,CHEWABLE TABLET
1871467,SBD,LISDEXAMFETAMINE DIMESYLATE 60 MG CHEWABLE TABLET [VYVANSE],VYVANSE,LISDEXAMFETAMINE DIMESYLATE 60 MG,CHEWABLE TABLET
854846,SCD,LISDEXAMFETAMINE DIMESYLATE 60 MG ORAL CAPSULE,,LISDEXAMFETAMINE DIMESYLATE 60 MG,ORAL CAPSULE
854842,SCD,LISDEXAMFETAMINE DIMESYLATE 70 MG ORAL CAPSULE,,LISDEXAMFETAMINE DIMESYLATE 70 MG,ORAL CAPSULE
854844,SBD,LISDEXAMFETAMINE DIMESYLATE 70 MG ORAL CAPSULE [VYVANSE],VYVANSE,LISDEXAMFETAMINE DIMESYLATE 70 MG,ORAL CAPSULE
1806890,SBD,LISINOPRIL 1 MG/ML ORAL SOLUTION [QBRELIS],QBRELIS,LISINOPRIL 1 MG/ML,ORAL SOLUTION
314076,SCD,LISINOPRIL 10 MG ORAL TABLET,,LISINOPRIL 10 MG,ORAL TABLET
104377,SBD,LISINOPRIL 10 MG ORAL TABLET [ZESTRIL],ZESTRIL,LISINOPRIL 10 MG,ORAL TABLET
104375,SBD,LISINOPRIL 2.5 MG ORAL TABLET [ZESTRIL],ZESTRIL,LISINOPRIL 2.5 MG,ORAL TABLET
311353,SCD,LISINOPRIL 2.5 MG ORAL TABLET,,LISINOPRIL 2.5 MG,ORAL TABLET
104378,SBD,LISINOPRIL 20 MG ORAL TABLET [ZESTRIL],ZESTRIL,LISINOPRIL 20 MG,ORAL TABLET
314077,SCD,LISINOPRIL 20 MG ORAL TABLET,,LISINOPRIL 20 MG,ORAL TABLET
205326,SCD,LISINOPRIL 30 MG ORAL TABLET,,LISINOPRIL 30 MG,ORAL TABLET
213482,SBD,LISINOPRIL 30 MG ORAL TABLET [ZESTRIL],ZESTRIL,LISINOPRIL 30 MG,ORAL TABLET
206771,SBD,LISINOPRIL 40 MG ORAL TABLET [ZESTRIL],ZESTRIL,LISINOPRIL 40 MG,ORAL TABLET
197884,SCD,LISINOPRIL 40 MG ORAL TABLET,,LISINOPRIL 40 MG,ORAL TABLET
104376,SBD,LISINOPRIL 5 MG ORAL TABLET [ZESTRIL],ZESTRIL,LISINOPRIL 5 MG,ORAL TABLET
311354,SCD,LISINOPRIL 5 MG ORAL TABLET,,LISINOPRIL 5 MG,ORAL TABLET
311355,SCD,LITHIUM CARBONATE 150 MG ORAL CAPSULE,,LITHIUM CARBONATE 150 MG,ORAL CAPSULE
197889,SCD,LITHIUM CARBONATE 300 MG ORAL CAPSULE,,LITHIUM CARBONATE 300 MG,ORAL CAPSULE
197891,SCD,LITHIUM CARBONATE 300 MG EXTENDED RELEASE ORAL TABLET,,LITHIUM CARBONATE 300 MG,EXTENDED RELEASE ORAL TABLET
197890,SCD,LITHIUM CARBONATE 300 MG ORAL TABLET,,LITHIUM CARBONATE 300 MG,ORAL TABLET
206786,SBD,LITHIUM CARBONATE 300 MG EXTENDED RELEASE ORAL TABLET [LITHOBID],LITHOBID,LITHIUM CARBONATE 300 MG,EXTENDED RELEASE ORAL TABLET
197892,SCD,LITHIUM CARBONATE 450 MG EXTENDED RELEASE ORAL TABLET,,LITHIUM CARBONATE 450 MG,EXTENDED RELEASE ORAL TABLET
197893,SCD,LITHIUM CARBONATE 600 MG ORAL CAPSULE,,LITHIUM CARBONATE 600 MG,ORAL CAPSULE
756059,SCD,LITHIUM CITRATE 60 MG/ML ORAL SOLUTION,,LITHIUM CITRATE 60 MG/ML,ORAL SOLUTION
2046591,SCD,LOFEXIDINE 0.18 MG ORAL TABLET,,LOFEXIDINE 0.18 MG,ORAL TABLET
1364490,SBD,LOMITAPIDE 10 MG ORAL CAPSULE [JUXTAPID],JUXTAPID,LOMITAPIDE 10 MG,ORAL CAPSULE
2738811,SBD,LOMITAPIDE 2 MG ORAL CAPSULE [JUXTAPID],JUXTAPID,LOMITAPIDE 2 MG,ORAL CAPSULE
1364494,SBD,LOMITAPIDE 20 MG ORAL CAPSULE [JUXTAPID],JUXTAPID,LOMITAPIDE 20 MG,ORAL CAPSULE
1648772,SBD,LOMITAPIDE 30 MG ORAL CAPSULE [JUXTAPID],JUXTAPID,LOMITAPIDE 30 MG,ORAL CAPSULE
1364498,SBD,LOMITAPIDE 5 MG ORAL CAPSULE [JUXTAPID],JUXTAPID,LOMITAPIDE 5 MG,ORAL CAPSULE
1545776,SBD,LOMUSTINE 10 MG ORAL CAPSULE [GLEOSTINE],GLEOSTINE,LOMUSTINE 10 MG,ORAL CAPSULE
197894,SCD,LOMUSTINE 10 MG ORAL CAPSULE,,LOMUSTINE 10 MG,ORAL CAPSULE
1545778,SBD,LOMUSTINE 100 MG ORAL CAPSULE [GLEOSTINE],GLEOSTINE,LOMUSTINE 100 MG,ORAL CAPSULE
197895,SCD,LOMUSTINE 100 MG ORAL CAPSULE,,LOMUSTINE 100 MG,ORAL CAPSULE
197896,SCD,LOMUSTINE 40 MG ORAL CAPSULE,,LOMUSTINE 40 MG,ORAL CAPSULE
1545780,SBD,LOMUSTINE 40 MG ORAL CAPSULE [GLEOSTINE],GLEOSTINE,LOMUSTINE 40 MG,ORAL CAPSULE
2467588,SBD,LONAFARNIB 50 MG ORAL CAPSULE [ZOKINVY],ZOKINVY,LONAFARNIB 50 MG,ORAL CAPSULE
2467592,SBD,LONAFARNIB 75 MG ORAL CAPSULE [ZOKINVY],ZOKINVY,LONAFARNIB 75 MG,ORAL CAPSULE
2721803,SBD,LONAPEGSOMATROPIN-TCGD 0.7 MG CARTRIDGE [SKYTROFA],SKYTROFA,LONAPEGSOMATROPIN-TCGD 0.7 MG,CARTRIDGE
2721799,SBD,LONAPEGSOMATROPIN-TCGD 1.4 MG CARTRIDGE [SKYTROFA],SKYTROFA,LONAPEGSOMATROPIN-TCGD 1.4 MG,CARTRIDGE
2721795,SBD,LONAPEGSOMATROPIN-TCGD 1.8 MG CARTRIDGE [SKYTROFA],SKYTROFA,LONAPEGSOMATROPIN-TCGD 1.8 MG,CARTRIDGE
2569605,SBD,LONAPEGSOMATROPIN-TCGD 11 MG CARTRIDGE [SKYTROFA],SKYTROFA,LONAPEGSOMATROPIN-TCGD 11 MG,CARTRIDGE
2569609,SBD,LONAPEGSOMATROPIN-TCGD 13.3 MG CARTRIDGE [SKYTROFA],SKYTROFA,LONAPEGSOMATROPIN-TCGD 13.3 MG,CARTRIDGE
2721791,SBD,LONAPEGSOMATROPIN-TCGD 2.1 MG CARTRIDGE [SKYTROFA],SKYTROFA,LONAPEGSOMATROPIN-TCGD 2.1 MG,CARTRIDGE
2721787,SBD,LONAPEGSOMATROPIN-TCGD 2.5 MG CARTRIDGE [SKYTROFA],SKYTROFA,LONAPEGSOMATROPIN-TCGD 2.5 MG,CARTRIDGE
2569613,SBD,LONAPEGSOMATROPIN-TCGD 3 MG CARTRIDGE [SKYTROFA],SKYTROFA,LONAPEGSOMATROPIN-TCGD 3 MG,CARTRIDGE
2569617,SBD,LONAPEGSOMATROPIN-TCGD 3.6 MG CARTRIDGE [SKYTROFA],SKYTROFA,LONAPEGSOMATROPIN-TCGD 3.6 MG,CARTRIDGE
2569621,SBD,LONAPEGSOMATROPIN-TCGD 4.3 MG CARTRIDGE [SKYTROFA],SKYTROFA,LONAPEGSOMATROPIN-TCGD 4.3 MG,CARTRIDGE
2569625,SBD,LONAPEGSOMATROPIN-TCGD 5.2 MG CARTRIDGE [SKYTROFA],SKYTROFA,LONAPEGSOMATROPIN-TCGD 5.2 MG,CARTRIDGE
2569629,SBD,LONAPEGSOMATROPIN-TCGD 6.3 MG CARTRIDGE [SKYTROFA],SKYTROFA,LONAPEGSOMATROPIN-TCGD 6.3 MG,CARTRIDGE
2569633,SBD,LONAPEGSOMATROPIN-TCGD 7.6 MG CARTRIDGE [SKYTROFA],SKYTROFA,LONAPEGSOMATROPIN-TCGD 7.6 MG,CARTRIDGE
2569637,SBD,LONAPEGSOMATROPIN-TCGD 9.1 MG CARTRIDGE [SKYTROFA],SKYTROFA,LONAPEGSOMATROPIN-TCGD 9.1 MG,CARTRIDGE
978006,SCD,LOPERAMIDE HYDROCHLORIDE 2 MG ORAL CAPSULE,,LOPERAMIDE HYDROCHLORIDE 2 MG,ORAL CAPSULE
746645,SCD,LOPINAVIR 100 MG / RITONAVIR 25 MG ORAL TABLET,,LOPINAVIR 100 MG / RITONAVIR 25 MG,ORAL TABLET
597730,SCD,LOPINAVIR 200 MG / RITONAVIR 50 MG ORAL TABLET,,LOPINAVIR 200 MG / RITONAVIR 50 MG,ORAL TABLET
197900,SCD,LORAZEPAM 0.5 MG ORAL TABLET,,LORAZEPAM 0.5 MG,ORAL TABLET
206821,SBD,LORAZEPAM 0.5 MG ORAL TABLET [ATIVAN],ATIVAN,LORAZEPAM 0.5 MG,ORAL TABLET
197901,SCD,LORAZEPAM 1 MG ORAL TABLET,,LORAZEPAM 1 MG,ORAL TABLET
2569571,SBD,24 HR LORAZEPAM 1 MG EXTENDED RELEASE ORAL CAPSULE [LOREEV],LOREEV,LORAZEPAM 1 MG,EXTENDED RELEASE ORAL CAPSULE
104719,SBD,LORAZEPAM 1 MG ORAL TABLET [ATIVAN],ATIVAN,LORAZEPAM 1 MG,ORAL TABLET
2594603,SBD,24 HR LORAZEPAM 1.5 MG EXTENDED RELEASE ORAL CAPSULE [LOREEV],LOREEV,LORAZEPAM 1.5 MG,EXTENDED RELEASE ORAL CAPSULE
2569575,SBD,24 HR LORAZEPAM 2 MG EXTENDED RELEASE ORAL CAPSULE [LOREEV],LOREEV,LORAZEPAM 2 MG,EXTENDED RELEASE ORAL CAPSULE
206828,SBD,LORAZEPAM 2 MG ORAL TABLET [ATIVAN],ATIVAN,LORAZEPAM 2 MG,ORAL TABLET
197902,SCD,LORAZEPAM 2 MG ORAL TABLET,,LORAZEPAM 2 MG,ORAL TABLET
311376,SCD,LORAZEPAM 2 MG/ML ORAL SOLUTION,,LORAZEPAM 2 MG/ML,ORAL SOLUTION
2569580,SBD,24 HR LORAZEPAM 3 MG EXTENDED RELEASE ORAL CAPSULE [LOREEV],LOREEV,LORAZEPAM 3 MG,EXTENDED RELEASE ORAL CAPSULE
2103179,SBD,LORLATINIB 100 MG ORAL TABLET [LORBRENA],LORBRENA,LORLATINIB 100 MG,ORAL TABLET
2103175,SBD,LORLATINIB 25 MG ORAL TABLET [LORBRENA],LORBRENA,LORLATINIB 25 MG,ORAL TABLET
2709046,SBD,LOSARTAN POTASSIUM 10 MG/ML ORAL SUSPENSION [ARBLI],ARBLI,LOSARTAN POTASSIUM 10 MG/ML,ORAL SUSPENSION
979480,SCD,LOSARTAN POTASSIUM 100 MG ORAL TABLET,,LOSARTAN POTASSIUM 100 MG,ORAL TABLET
979482,SBD,LOSARTAN POTASSIUM 100 MG ORAL TABLET [COZAAR],COZAAR,LOSARTAN POTASSIUM 100 MG,ORAL TABLET
979487,SBD,LOSARTAN POTASSIUM 25 MG ORAL TABLET [COZAAR],COZAAR,LOSARTAN POTASSIUM 25 MG,ORAL TABLET
979485,SCD,LOSARTAN POTASSIUM 25 MG ORAL TABLET,,LOSARTAN POTASSIUM 25 MG,ORAL TABLET
979492,SCD,LOSARTAN POTASSIUM 50 MG ORAL TABLET,,LOSARTAN POTASSIUM 50 MG,ORAL TABLET
979494,SBD,LOSARTAN POTASSIUM 50 MG ORAL TABLET [COZAAR],COZAAR,LOSARTAN POTASSIUM 50 MG,ORAL TABLET
2118539,SBD,LOTEPREDNOL ETABONATE 0.0038 MG/MG OPHTHALMIC GEL [LOTEMAX],LOTEMAX,LOTEPREDNOL ETABONATE 0.0038 MG/MG,OPHTHALMIC GEL
1312625,SCD,LOTEPREDNOL ETABONATE 0.005 MG/MG OPHTHALMIC GEL,,LOTEPREDNOL ETABONATE 0.005 MG/MG,OPHTHALMIC GEL
1312627,SBD,LOTEPREDNOL ETABONATE 0.005 MG/MG OPHTHALMIC GEL [LOTEMAX],LOTEMAX,LOTEPREDNOL ETABONATE 0.005 MG/MG,OPHTHALMIC GEL
1099503,SBD,LOTEPREDNOL ETABONATE 0.005 MG/MG OPHTHALMIC OINTMENT [LOTEMAX],LOTEMAX,LOTEPREDNOL ETABONATE 0.005 MG/MG,OPHTHALMIC OINTMENT
311381,SCD,LOTEPREDNOL ETABONATE 2 MG/ML OPHTHALMIC SUSPENSION,,LOTEPREDNOL ETABONATE 2 MG/ML,OPHTHALMIC SUSPENSION
213262,SBD,LOTEPREDNOL ETABONATE 2 MG/ML OPHTHALMIC SUSPENSION [ALREX],ALREX,LOTEPREDNOL ETABONATE 2 MG/ML,OPHTHALMIC SUSPENSION
2464843,SBD,LOTEPREDNOL ETABONATE 2.5 MG/ML OPHTHALMIC SUSPENSION [EYSUVIS],EYSUVIS,LOTEPREDNOL ETABONATE 2.5 MG/ML,OPHTHALMIC SUSPENSION
213263,SBD,LOTEPREDNOL ETABONATE 5 MG/ML OPHTHALMIC SUSPENSION [LOTEMAX],LOTEMAX,LOTEPREDNOL ETABONATE 5 MG/ML,OPHTHALMIC SUSPENSION
311382,SCD,LOTEPREDNOL ETABONATE 5 MG/ML OPHTHALMIC SUSPENSION,,LOTEPREDNOL ETABONATE 5 MG/ML,OPHTHALMIC SUSPENSION
545255,SCD,LOTEPREDNOL ETABONATE 5 MG/ML / TOBRAMYCIN 3 MG/ML OPHTHALMIC SUSPENSION,,LOTEPREDNOL ETABONATE 5 MG/ML / TOBRAMYCIN 3 MG/ML,OPHTHALMIC SUSPENSION
545259,SBD,LOTEPREDNOL ETABONATE 5 MG/ML / TOBRAMYCIN 3 MG/ML OPHTHALMIC SUSPENSION [ZYLET],ZYLET,LOTEPREDNOL ETABONATE 5 MG/ML / TOBRAMYCIN 3 MG/ML,OPHTHALMIC SUSPENSION
2644512,SBD,LOTILANER 2.5 MG/ML OPHTHALMIC SOLUTION [XDEMVY],XDEMVY,LOTILANER 2.5 MG/ML,OPHTHALMIC SOLUTION
197903,SCD,LOVASTATIN 10 MG ORAL TABLET,,LOVASTATIN 10 MG,ORAL TABLET
197904,SCD,LOVASTATIN 20 MG ORAL TABLET,,LOVASTATIN 20 MG,ORAL TABLET
197905,SCD,LOVASTATIN 40 MG ORAL TABLET,,LOVASTATIN 40 MG,ORAL TABLET
314078,SCD,LOXAPINE 10 MG ORAL CAPSULE,,LOXAPINE 10 MG,ORAL CAPSULE
311385,SCD,LOXAPINE 25 MG ORAL CAPSULE,,LOXAPINE 25 MG,ORAL CAPSULE
311386,SCD,LOXAPINE 5 MG ORAL CAPSULE,,LOXAPINE 5 MG,ORAL CAPSULE
314075,SCD,LOXAPINE 50 MG ORAL CAPSULE,,LOXAPINE 50 MG,ORAL CAPSULE
794639,SCD,LUBIPROSTONE 0.008 MG ORAL CAPSULE,,LUBIPROSTONE 0.008 MG,ORAL CAPSULE
794641,SBD,LUBIPROSTONE 0.008 MG ORAL CAPSULE [AMITIZA],AMITIZA,LUBIPROSTONE 0.008 MG,ORAL CAPSULE
617768,SBD,LUBIPROSTONE 0.024 MG ORAL CAPSULE [AMITIZA],AMITIZA,LUBIPROSTONE 0.024 MG,ORAL CAPSULE
616578,SCD,LUBIPROSTONE 0.024 MG ORAL CAPSULE,,LUBIPROSTONE 0.024 MG,ORAL CAPSULE
1482684,SCD,LULICONAZOLE 10 MG/ML TOPICAL CREAM,,LULICONAZOLE 10 MG/ML,TOPICAL CREAM
1482689,SBD,LULICONAZOLE 10 MG/ML TOPICAL CREAM [LUZU],LUZU,LULICONAZOLE 10 MG/ML,TOPICAL CREAM
2607531,SBD,LUMATEPERONE 10.5 MG ORAL CAPSULE [CAPLYTA],CAPLYTA,LUMATEPERONE 10.5 MG,ORAL CAPSULE
2607535,SBD,LUMATEPERONE 21 MG ORAL CAPSULE [CAPLYTA],CAPLYTA,LUMATEPERONE 21 MG,ORAL CAPSULE
2275613,SBD,LUMATEPERONE 42 MG ORAL CAPSULE [CAPLYTA],CAPLYTA,LUMATEPERONE 42 MG,ORAL CAPSULE
1297357,SBD,LURASIDONE HYDROCHLORIDE 120 MG ORAL TABLET [LATUDA],LATUDA,LURASIDONE HYDROCHLORIDE 120 MG,ORAL TABLET
1297278,SCD,LURASIDONE HYDROCHLORIDE 120 MG ORAL TABLET,,LURASIDONE HYDROCHLORIDE 120 MG,ORAL TABLET
1235247,SCD,LURASIDONE HYDROCHLORIDE 20 MG ORAL TABLET,,LURASIDONE HYDROCHLORIDE 20 MG,ORAL TABLET
1235249,SBD,LURASIDONE HYDROCHLORIDE 20 MG ORAL TABLET [LATUDA],LATUDA,LURASIDONE HYDROCHLORIDE 20 MG,ORAL TABLET
1040031,SCD,LURASIDONE HYDROCHLORIDE 40 MG ORAL TABLET,,LURASIDONE HYDROCHLORIDE 40 MG,ORAL TABLET
1040036,SBD,LURASIDONE HYDROCHLORIDE 40 MG ORAL TABLET [LATUDA],LATUDA,LURASIDONE HYDROCHLORIDE 40 MG,ORAL TABLET
1431237,SBD,LURASIDONE HYDROCHLORIDE 60 MG ORAL TABLET [LATUDA],LATUDA,LURASIDONE HYDROCHLORIDE 60 MG,ORAL TABLET
1431235,SCD,LURASIDONE HYDROCHLORIDE 60 MG ORAL TABLET,,LURASIDONE HYDROCHLORIDE 60 MG,ORAL TABLET
1040041,SCD,LURASIDONE HYDROCHLORIDE 80 MG ORAL TABLET,,LURASIDONE HYDROCHLORIDE 80 MG,ORAL TABLET
1040043,SBD,LURASIDONE HYDROCHLORIDE 80 MG ORAL TABLET [LATUDA],LATUDA,LURASIDONE HYDROCHLORIDE 80 MG,ORAL TABLET
2054995,SBD,LUSUTROMBOPAG 3 MG ORAL TABLET [MULPLETA],MULPLETA,LUSUTROMBOPAG 3 MG,ORAL TABLET
1442137,SCD,MACITENTAN 10 MG ORAL TABLET,,MACITENTAN 10 MG,ORAL TABLET
1442143,SBD,MACITENTAN 10 MG ORAL TABLET [OPSUMIT],OPSUMIT,MACITENTAN 10 MG,ORAL TABLET
2677771,SBD,MACITENTAN 10 MG / TADALAFIL 20 MG ORAL TABLET [OPSYNVI],OPSYNVI,MACITENTAN 10 MG / TADALAFIL 20 MG,ORAL TABLET
2677775,SBD,MACITENTAN 10 MG / TADALAFIL 40 MG ORAL TABLET [OPSYNVI],OPSYNVI,MACITENTAN 10 MG / TADALAFIL 40 MG,ORAL TABLET
201185,SBD,MAFENIDE 85 MG/ML TOPICAL CREAM [SULFAMYLON],SULFAMYLON,MAFENIDE 85 MG/ML,TOPICAL CREAM
800928,SBD,"MAGNESIUM CHLORIDE 0.00148 MEQ/ML / MONOBASIC POTASSIUM PHOSPHATE 0.0082 MG/ML / POTASSIUM CHLORIDE 0.00497 MEQ/ML / SODIUM ACETATE 0.0272 MEQ/ML / SODIUM CHLORIDE 0.0906 MEQ/ML / SODIUM GLUCONATE 5 MG/ML / SODIUM PHOSPHATE, DIBASIC 0.12 MG/ML INJECTABLE SOLUTION [ISOLYTE S]",ISOLYTE S,MAGNESIUM CHLORIDE 0.00148 MEQ/ML / MONOBASIC POTASSIUM PHOSPHATE 0.0082 MG/ML / POTASSIUM CHLORIDE 0.00497 MEQ/ML / SODIUM ACETATE 0.0272 MEQ/ML / SODIUM CHLORIDE 0.0906 MEQ/ML,INJECTABLE SOLUTION
801109,SCD,MAGNESIUM CHLORIDE 0.00148 MEQ/ML / POTASSIUM CHLORIDE 0.00497 MEQ/ML / SODIUM ACETATE 0.027 MEQ/ML / SODIUM CHLORIDE 0.0899 MEQ/ML / SODIUM GLUCONATE 5.02 MG/ML INJECTABLE SOLUTION,,MAGNESIUM CHLORIDE 0.00148 MEQ/ML / POTASSIUM CHLORIDE 0.00497 MEQ/ML / SODIUM ACETATE 0.027 MEQ/ML / SODIUM CHLORIDE 0.0899 MEQ/ML / SODIUM GLUCONATE 5.02 MG/ML,INJECTABLE SOLUTION
801112,SBD,MAGNESIUM CHLORIDE 0.00148 MEQ/ML / POTASSIUM CHLORIDE 0.00497 MEQ/ML / SODIUM ACETATE 0.027 MEQ/ML / SODIUM CHLORIDE 0.0899 MEQ/ML / SODIUM GLUCONATE 5.02 MG/ML INJECTABLE SOLUTION [PLASMALYTE A],PLASMALYTE A,MAGNESIUM CHLORIDE 0.00148 MEQ/ML / POTASSIUM CHLORIDE 0.00497 MEQ/ML / SODIUM ACETATE 0.027 MEQ/ML / SODIUM CHLORIDE 0.0899 MEQ/ML / SODIUM GLUCONATE 5.02 MG/ML,INJECTABLE SOLUTION
1001690,BPCK,{2 (480 ML) (MAGNESIUM SULFATE 0.0277 MEQ/ML / POTASSIUM SULFATE 0.0374 MEQ/ML / SODIUM SULFATE 0.257 MEQ/ML ORAL SOLUTION) } PACK [SUPREP BOWEL PREP KIT],SUPREP BOWEL PREP KIT,MAGNESIUM SULFATE 0.0277 MEQ/ML / POTASSIUM SULFATE 0.0374 MEQ/ML / SODIUM SULFATE 0.257 MEQ/ML,PACK
1001689,GPCK,{2 (480 ML) (MAGNESIUM SULFATE 0.0277 MEQ/ML / POTASSIUM SULFATE 0.0374 MEQ/ML / SODIUM SULFATE 0.257 MEQ/ML ORAL SOLUTION) } PACK,,MAGNESIUM SULFATE 0.0277 MEQ/ML / POTASSIUM SULFATE 0.0374 MEQ/ML / SODIUM SULFATE 0.257 MEQ/ML,PACK
1120068,SCD,MAGNESIUM SULFATE 0.0277 MEQ/ML / POTASSIUM SULFATE 0.0374 MEQ/ML / SODIUM SULFATE 0.257 MEQ/ML ORAL SOLUTION,,MAGNESIUM SULFATE 0.0277 MEQ/ML / POTASSIUM SULFATE 0.0374 MEQ/ML / SODIUM SULFATE 0.257 MEQ/ML,ORAL SOLUTION
2465556,SBD,MAGNESIUM SULFATE 225 MG / POTASSIUM CHLORIDE 188 MG / SODIUM SULFATE 1479 MG ORAL TABLET [SUTAB],SUTAB,MAGNESIUM SULFATE 225 MG / POTASSIUM CHLORIDE 188 MG / SODIUM SULFATE 1479 MG,ORAL TABLET
1658221,SCD,2 ML MAGNESIUM SULFATE 500 MG/ML INJECTION,,MAGNESIUM SULFATE 500 MG/ML,INJECTION
829762,SCD,10 ML MAGNESIUM SULFATE 500 MG/ML PREFILLED SYRINGE,,MAGNESIUM SULFATE 500 MG/ML,PREFILLED SYRINGE
2641144,BPCK,{2 (MAGNESIUM SULFATE 900 MG / POLYETHYLENE GLYCOL 3350 179000 MG / POTASSIUM CHLORIDE 1120 MG / SODIUM CHLORIDE 500 MG / SODIUM SULFATE 7300 MG POWDER FOR ORAL SOLUTION) } PACK [SUFLAVE],SUFLAVE,MAGNESIUM SULFATE 900 MG / POLYETHYLENE GLYCOL 3350 179000 MG / POTASSIUM CHLORIDE 1120 MG / SODIUM CHLORIDE 500 MG / SODIUM SULFATE 7300 MG,PACK
204119,SCD,MALATHION 5 MG/ML TOPICAL LOTION,,MALATHION 5 MG/ML,TOPICAL LOTION
261249,SBD,MALATHION 5 MG/ML TOPICAL LOTION [OVIDE],OVIDE,MALATHION 5 MG/ML,TOPICAL LOTION
2712467,SBD,MARALIXIBAT 10 MG ORAL TABLET [LIVMARLI],LIVMARLI,MARALIXIBAT 10 MG,ORAL TABLET
2712479,SBD,MARALIXIBAT 15 MG ORAL TABLET [LIVMARLI],LIVMARLI,MARALIXIBAT 15 MG,ORAL TABLET
2690992,SBD,MARALIXIBAT 19 MG/ML ORAL SOLUTION [LIVMARLI],LIVMARLI,MARALIXIBAT 19 MG/ML,ORAL SOLUTION
2712471,SBD,MARALIXIBAT 20 MG ORAL TABLET [LIVMARLI],LIVMARLI,MARALIXIBAT 20 MG,ORAL TABLET
2712475,SBD,MARALIXIBAT 30 MG ORAL TABLET [LIVMARLI],LIVMARLI,MARALIXIBAT 30 MG,ORAL TABLET
2571085,SBD,MARALIXIBAT 9.5 MG/ML ORAL SOLUTION [LIVMARLI],LIVMARLI,MARALIXIBAT 9.5 MG/ML,ORAL SOLUTION
729201,SBD,MARAVIROC 150 MG ORAL TABLET [SELZENTRY],SELZENTRY,MARAVIROC 150 MG,ORAL TABLET
728223,SCD,MARAVIROC 150 MG ORAL TABLET,,MARAVIROC 150 MG,ORAL TABLET
1857925,SBD,MARAVIROC 20 MG/ML ORAL SOLUTION [SELZENTRY],SELZENTRY,MARAVIROC 20 MG/ML,ORAL SOLUTION
729203,SBD,MARAVIROC 300 MG ORAL TABLET [SELZENTRY],SELZENTRY,MARAVIROC 300 MG,ORAL TABLET
728225,SCD,MARAVIROC 300 MG ORAL TABLET,,MARAVIROC 300 MG,ORAL TABLET
2586079,SBD,MARIBAVIR 200 MG ORAL TABLET [LIVTENCITY],LIVTENCITY,MARIBAVIR 200 MG,ORAL TABLET
2600878,SBD,MAVACAMTEN 10 MG ORAL CAPSULE [CAMZYOS],CAMZYOS,MAVACAMTEN 10 MG,ORAL CAPSULE
2600882,SBD,MAVACAMTEN 15 MG ORAL CAPSULE [CAMZYOS],CAMZYOS,MAVACAMTEN 15 MG,ORAL CAPSULE
2600886,SBD,MAVACAMTEN 2.5 MG ORAL CAPSULE [CAMZYOS],CAMZYOS,MAVACAMTEN 2.5 MG,ORAL CAPSULE
2600890,SBD,MAVACAMTEN 5 MG ORAL CAPSULE [CAMZYOS],CAMZYOS,MAVACAMTEN 5 MG,ORAL CAPSULE
2684032,SBD,MAVORIXAFOR 100 MG ORAL CAPSULE [XOLREMDI],XOLREMDI,MAVORIXAFOR 100 MG,ORAL CAPSULE
2603514,SBD,"0.5 ML MEASLES VIRUS VACCINE LIVE, ATTENUATED SCHWARZ STRAIN 5024 UNT/ML / MUMPS VIRUS VACCINE LIVE, RIT-4385 STRAIN 31684 UNT/ML / RUBELLA VIRUS VACCINE LIVE (WISTAR RA 27-3 STRAIN) 3990 UNT/ML INJECTION [PRIORIX]",PRIORIX,"MEASLES VIRUS VACCINE LIVE, ATTENUATED SCHWARZ STRAIN 5024 UNT/ML / MUMPS VIRUS VACCINE LIVE, RIT-4385 STRAIN 31684 UNT/ML / RUBELLA VIRUS VACCINE LIVE (WISTAR RA 27-3 STRAIN) 3990 UNT/ML",INJECTION
804186,SBD,"0.5 ML MEASLES VIRUS VACCINE LIVE, ENDERS' ATTENUATED EDMONSTON STRAIN 2000 UNT/ML / MUMPS VIRUS VACCINE LIVE, JERYL LYNN STRAIN 25000 UNT/ML / RUBELLA VIRUS VACCINE LIVE (WISTAR RA 27-3 STRAIN) 2000 UNT/ML INJECTION [M-M-R II]",M-M-R II,"MEASLES VIRUS VACCINE LIVE, ENDERS' ATTENUATED EDMONSTON STRAIN 2000 UNT/ML / MUMPS VIRUS VACCINE LIVE, JERYL LYNN STRAIN 25000 UNT/ML / RUBELLA VIRUS VACCINE LIVE (WISTAR RA 27-3 STRAIN) 2000 UNT/ML",INJECTION
1292443,SBD,"0.5 ML MEASLES VIRUS VACCINE LIVE, ENDERS' ATTENUATED EDMONSTON STRAIN 2000 UNT/ML / MUMPS VIRUS VACCINE LIVE, JERYL LYNN STRAIN 40000 UNT/ML / RUBELLA VIRUS VACCINE LIVE (WISTAR RA 27-3 STRAIN) 2000 UNT/ML / VARICELLA-ZOSTER VIRUS VACCINE LIVE (OKA-MERCK) STRAIN 20000 UNT/ML INJECTION [PROQUAD]",PROQUAD,"MEASLES VIRUS VACCINE LIVE, ENDERS' ATTENUATED EDMONSTON STRAIN 2000 UNT/ML / MUMPS VIRUS VACCINE LIVE, JERYL LYNN STRAIN 40000 UNT/ML / RUBELLA VIRUS VACCINE LIVE (WISTAR RA 27-3 STRAIN) 2000 UNT/ML / VARICELLA-ZOSTER VIRUS VACCINE LIVE (OKA-MERCK)",INJECTION
1737789,SBD,MEBENDAZOLE 100 MG CHEWABLE TABLET [EMVERM],EMVERM,MEBENDAZOLE 100 MG,CHEWABLE TABLET
1373008,SBD,MECAMYLAMINE HYDROCHLORIDE 2.5 MG ORAL TABLET [VECAMYL],VECAMYL,MECAMYLAMINE HYDROCHLORIDE 2.5 MG,ORAL TABLET
615882,SBD,MECASERMIN 10 MG/ML INJECTABLE SOLUTION [INCRELEX],INCRELEX,MECASERMIN 10 MG/ML,INJECTABLE SOLUTION
1437713,SBD,MECHLORETHAMINE 0.00016 MG/MG TOPICAL GEL [VALCHLOR],VALCHLOR,MECHLORETHAMINE 0.00016 MG/MG,TOPICAL GEL
995624,SCD,MECLIZINE HYDROCHLORIDE 12.5 MG ORAL TABLET,,MECLIZINE HYDROCHLORIDE 12.5 MG,ORAL TABLET
995666,SCD,MECLIZINE HYDROCHLORIDE 25 MG ORAL TABLET,,MECLIZINE HYDROCHLORIDE 25 MG,ORAL TABLET
995686,SCD,MECLIZINE HYDROCHLORIDE 50 MG ORAL TABLET,,MECLIZINE HYDROCHLORIDE 50 MG,ORAL TABLET
618552,SCD,MECLOFENAMATE 100 MG ORAL CAPSULE,,MECLOFENAMATE 100 MG,ORAL CAPSULE
618557,SCD,MECLOFENAMATE 50 MG ORAL CAPSULE,,MECLOFENAMATE 50 MG,ORAL CAPSULE
1000124,SBD,MEDROXYPROGESTERONE ACETATE 10 MG ORAL TABLET [PROVERA],PROVERA,MEDROXYPROGESTERONE ACETATE 10 MG,ORAL TABLET
1000114,SCD,MEDROXYPROGESTERONE ACETATE 10 MG ORAL TABLET,,MEDROXYPROGESTERONE ACETATE 10 MG,ORAL TABLET
1000153,SCD,1 ML MEDROXYPROGESTERONE ACETATE 150 MG/ML PREFILLED SYRINGE,,MEDROXYPROGESTERONE ACETATE 150 MG/ML,PREFILLED SYRINGE
1000126,SCD,1 ML MEDROXYPROGESTERONE ACETATE 150 MG/ML INJECTION,,MEDROXYPROGESTERONE ACETATE 150 MG/ML,INJECTION
1000128,SBD,1 ML MEDROXYPROGESTERONE ACETATE 150 MG/ML INJECTION [DEPO-PROVERA],DEPO-PROVERA,MEDROXYPROGESTERONE ACETATE 150 MG/ML,INJECTION
1000154,SBD,1 ML MEDROXYPROGESTERONE ACETATE 150 MG/ML PREFILLED SYRINGE [DEPO-PROVERA],DEPO-PROVERA,MEDROXYPROGESTERONE ACETATE 150 MG/ML,PREFILLED SYRINGE
1000158,SBD,0.65 ML MEDROXYPROGESTERONE ACETATE 160 MG/ML PREFILLED SYRINGE [DEPO-SUBQ PROVERA],DEPO-SUBQ PROVERA,MEDROXYPROGESTERONE ACETATE 160 MG/ML,PREFILLED SYRINGE
1000135,SCD,MEDROXYPROGESTERONE ACETATE 2.5 MG ORAL TABLET,,MEDROXYPROGESTERONE ACETATE 2.5 MG,ORAL TABLET
1000139,SBD,MEDROXYPROGESTERONE ACETATE 2.5 MG ORAL TABLET [PROVERA],PROVERA,MEDROXYPROGESTERONE ACETATE 2.5 MG,ORAL TABLET
1000141,SCD,MEDROXYPROGESTERONE ACETATE 5 MG ORAL TABLET,,MEDROXYPROGESTERONE ACETATE 5 MG,ORAL TABLET
1000145,SBD,MEDROXYPROGESTERONE ACETATE 5 MG ORAL TABLET [PROVERA],PROVERA,MEDROXYPROGESTERONE ACETATE 5 MG,ORAL TABLET
829500,SCD,MEFENAMIC ACID 250 MG ORAL CAPSULE,,MEFENAMIC ACID 250 MG,ORAL CAPSULE
835913,SCD,MEFLOQUINE HYDROCHLORIDE 250 MG ORAL TABLET,,MEFLOQUINE HYDROCHLORIDE 250 MG,ORAL TABLET
577154,SCD,MEGESTROL ACETATE 125 MG/ML ORAL SUSPENSION,,MEGESTROL ACETATE 125 MG/ML,ORAL SUSPENSION
860215,SCD,MEGESTROL ACETATE 20 MG ORAL TABLET,,MEGESTROL ACETATE 20 MG,ORAL TABLET
860221,SCD,MEGESTROL ACETATE 40 MG ORAL TABLET,,MEGESTROL ACETATE 40 MG,ORAL TABLET
860225,SCD,MEGESTROL ACETATE 40 MG/ML ORAL SUSPENSION,,MEGESTROL ACETATE 40 MG/ML,ORAL SUSPENSION
2730296,SBD,MELOXICAM 1.5 MG/ML ORAL SUSPENSION [ZYBIC],ZYBIC,MELOXICAM 1.5 MG/ML,ORAL SUSPENSION
597406,SCD,MELOXICAM 1.5 MG/ML ORAL SUSPENSION,,MELOXICAM 1.5 MG/ML,ORAL SUSPENSION
1722357,SCD,MELOXICAM 10 MG ORAL CAPSULE,,MELOXICAM 10 MG,ORAL CAPSULE
152695,SCD,MELOXICAM 15 MG ORAL TABLET,,MELOXICAM 15 MG,ORAL TABLET
2711795,SBD,MELOXICAM 20 MG / RIZATRIPTAN 10 MG ORAL TABLET [SYMBRAVO],SYMBRAVO,MELOXICAM 20 MG / RIZATRIPTAN 10 MG,ORAL TABLET
1722349,SCD,MELOXICAM 5 MG ORAL CAPSULE,,MELOXICAM 5 MG,ORAL CAPSULE
311486,SCD,MELOXICAM 7.5 MG ORAL TABLET,,MELOXICAM 7.5 MG,ORAL TABLET
996561,SCD,MEMANTINE HYDROCHLORIDE 10 MG ORAL TABLET,,MEMANTINE HYDROCHLORIDE 10 MG,ORAL TABLET
996594,SCD,24 HR MEMANTINE HYDROCHLORIDE 14 MG EXTENDED RELEASE ORAL CAPSULE,,MEMANTINE HYDROCHLORIDE 14 MG,EXTENDED RELEASE ORAL CAPSULE
996740,SCD,MEMANTINE HYDROCHLORIDE 2 MG/ML ORAL SOLUTION,,MEMANTINE HYDROCHLORIDE 2 MG/ML,ORAL SOLUTION
996603,SCD,24 HR MEMANTINE HYDROCHLORIDE 21 MG EXTENDED RELEASE ORAL CAPSULE,,MEMANTINE HYDROCHLORIDE 21 MG,EXTENDED RELEASE ORAL CAPSULE
996609,SCD,24 HR MEMANTINE HYDROCHLORIDE 28 MG EXTENDED RELEASE ORAL CAPSULE,,MEMANTINE HYDROCHLORIDE 28 MG,EXTENDED RELEASE ORAL CAPSULE
996571,SCD,MEMANTINE HYDROCHLORIDE 5 MG ORAL TABLET,,MEMANTINE HYDROCHLORIDE 5 MG,ORAL TABLET
996615,SCD,24 HR MEMANTINE HYDROCHLORIDE 7 MG EXTENDED RELEASE ORAL CAPSULE,,MEMANTINE HYDROCHLORIDE 7 MG,EXTENDED RELEASE ORAL CAPSULE
1601407,SBD,0.5 ML MENINGOCOCCAL GROUP B VACCINE 0.1 MG/ML / NEISSERIA MENINGITIDIS SEROGROUP B RECOMBINANT FHBP FUSION PROTEIN ANTIGEN 0.1 MG/ML / NEISSERIA MENINGITIDIS SEROGROUP B RECOMBINANT NHBA FUSION PROTEIN ANTIGEN 0.1 MG/ML / NEISSERIA MENINGITIDIS SEROGROUP B STRAIN NZ98/254 OUTER MEMBRANE VESICLE 0.05 MG/ML PREFILLED SYRINGE [BEXSERO],BEXSERO,MENINGOCOCCAL GROUP B VACCINE 0.1 MG/ML / NEISSERIA MENINGITIDIS SEROGROUP B RECOMBINANT FHBP FUSION PROTEIN ANTIGEN 0.1 MG/ML / NEISSERIA MENINGITIDIS SEROGROUP B RECOMBINANT NHBA FUSION PROTEIN ANTIGEN 0.1 MG/ML / NEISSERIA MENINGITIDIS SEROGROUP B,PREFILLED SYRINGE
861479,SCD,MEPERIDINE HYDROCHLORIDE 10 MG/ML ORAL SOLUTION,,MEPERIDINE HYDROCHLORIDE 10 MG/ML,ORAL SOLUTION
1665685,SCD,1 ML MEPERIDINE HYDROCHLORIDE 100 MG/ML INJECTION,,MEPERIDINE HYDROCHLORIDE 100 MG/ML,INJECTION
1242503,SBD,1 ML MEPERIDINE HYDROCHLORIDE 25 MG/ML CARTRIDGE [DEMEROL],DEMEROL,MEPERIDINE HYDROCHLORIDE 25 MG/ML,CARTRIDGE
861476,SCD,1 ML MEPERIDINE HYDROCHLORIDE 25 MG/ML INJECTION,,MEPERIDINE HYDROCHLORIDE 25 MG/ML,INJECTION
861467,SCD,MEPERIDINE HYDROCHLORIDE 50 MG ORAL TABLET,,MEPERIDINE HYDROCHLORIDE 50 MG,ORAL TABLET
861522,SBD,MEPERIDINE HYDROCHLORIDE 50 MG/ML INJECTABLE SOLUTION [DEMEROL],DEMEROL,MEPERIDINE HYDROCHLORIDE 50 MG/ML,INJECTABLE SOLUTION
1665697,SCD,1 ML MEPERIDINE HYDROCHLORIDE 50 MG/ML INJECTION,,MEPERIDINE HYDROCHLORIDE 50 MG/ML,INJECTION
1720606,SBD,MEPOLIZUMAB 100 MG INJECTION [NUCALA],NUCALA,MEPOLIZUMAB 100 MG,INJECTION
2170993,SBD,1 ML MEPOLIZUMAB 100 MG/ML AUTO-INJECTOR [NUCALA],NUCALA,MEPOLIZUMAB 100 MG/ML,AUTO-INJECTOR
2596445,SBD,0.4 ML MEPOLIZUMAB 100 MG/ML PREFILLED SYRINGE [NUCALA],NUCALA,MEPOLIZUMAB 100 MG/ML,PREFILLED SYRINGE
2173822,SBD,1 ML MEPOLIZUMAB 100 MG/ML PREFILLED SYRINGE [NUCALA],NUCALA,MEPOLIZUMAB 100 MG/ML,PREFILLED SYRINGE
197928,SCD,MEPROBAMATE 200 MG ORAL TABLET,,MEPROBAMATE 200 MG,ORAL TABLET
197929,SCD,MEPROBAMATE 400 MG ORAL TABLET,,MEPROBAMATE 400 MG,ORAL TABLET
1536490,SBD,MERCAPTOPURINE 20 MG/ML ORAL SUSPENSION [PURIXAN],PURIXAN,MERCAPTOPURINE 20 MG/ML,ORAL SUSPENSION
1536484,SCD,MERCAPTOPURINE 20 MG/ML ORAL SUSPENSION,,MERCAPTOPURINE 20 MG/ML,ORAL SUSPENSION
197931,SCD,MERCAPTOPURINE 50 MG ORAL TABLET,,MERCAPTOPURINE 50 MG,ORAL TABLET
1722939,SCD,MEROPENEM 1000 MG INJECTION,,MEROPENEM 1000 MG,INJECTION
1946651,SBD,MEROPENEM 1000 MG / VABORBACTAM 1000 MG INJECTION [VABOMERE],VABOMERE,MEROPENEM 1000 MG / VABORBACTAM 1000 MG,INJECTION
1722934,SCD,MEROPENEM 500 MG INJECTION,,MEROPENEM 500 MG,INJECTION
248420,SCD,MESALAMINE 1000 MG RECTAL SUPPOSITORY,,MESALAMINE 1000 MG,RECTAL SUPPOSITORY
583257,SBD,MESALAMINE 1000 MG RECTAL SUPPOSITORY [CANASA],CANASA,MESALAMINE 1000 MG,RECTAL SUPPOSITORY
686429,SCD,MESALAMINE 1200 MG DELAYED RELEASE ORAL TABLET,,MESALAMINE 1200 MG,DELAYED RELEASE ORAL TABLET
686433,SBD,MESALAMINE 1200 MG DELAYED RELEASE ORAL TABLET [LIALDA],LIALDA,MESALAMINE 1200 MG,DELAYED RELEASE ORAL TABLET
206791,SBD,MESALAMINE 250 MG EXTENDED RELEASE ORAL CAPSULE [PENTASA],PENTASA,MESALAMINE 250 MG,EXTENDED RELEASE ORAL CAPSULE
825130,SCD,24 HR MESALAMINE 375 MG EXTENDED RELEASE ORAL CAPSULE,,MESALAMINE 375 MG,EXTENDED RELEASE ORAL CAPSULE
825134,SBD,24 HR MESALAMINE 375 MG EXTENDED RELEASE ORAL CAPSULE [APRISO],APRISO,MESALAMINE 375 MG,EXTENDED RELEASE ORAL CAPSULE
1368954,SCD,MESALAMINE 400 MG DELAYED RELEASE ORAL CAPSULE,,MESALAMINE 400 MG,DELAYED RELEASE ORAL CAPSULE
580286,SBD,MESALAMINE 500 MG EXTENDED RELEASE ORAL CAPSULE [PENTASA],PENTASA,MESALAMINE 500 MG,EXTENDED RELEASE ORAL CAPSULE
476362,SCD,MESALAMINE 500 MG EXTENDED RELEASE ORAL CAPSULE,,MESALAMINE 500 MG,EXTENDED RELEASE ORAL CAPSULE
206798,SBD,MESALAMINE 66.7 MG/ML ENEMA [ROWASA],ROWASA,MESALAMINE 66.7 MG/ML,ENEMA
238151,SCD,MESALAMINE 66.7 MG/ML ENEMA,,MESALAMINE 66.7 MG/ML,ENEMA
833234,SCD,MESALAMINE 800 MG DELAYED RELEASE ORAL TABLET,,MESALAMINE 800 MG,DELAYED RELEASE ORAL TABLET
142113,SCD,MESNA 400 MG ORAL TABLET,,MESNA 400 MG,ORAL TABLET
352210,SBD,MESNA 400 MG ORAL TABLET [MESNEX],MESNEX,MESNA 400 MG,ORAL TABLET
197935,SCD,METAXALONE 400 MG ORAL TABLET,,METAXALONE 400 MG,ORAL TABLET
2627781,SCD,METAXALONE 640 MG ORAL TABLET,,METAXALONE 640 MG,ORAL TABLET
351254,SCD,METAXALONE 800 MG ORAL TABLET,,METAXALONE 800 MG,ORAL TABLET
861025,SCD,METFORMIN HYDROCHLORIDE 100 MG/ML ORAL SOLUTION,,METFORMIN HYDROCHLORIDE 100 MG/ML,ORAL SOLUTION
1807894,SCD,OSMOTIC 24 HR METFORMIN HYDROCHLORIDE 1000 MG EXTENDED RELEASE ORAL TABLET,,METFORMIN HYDROCHLORIDE 1000 MG,EXTENDED RELEASE ORAL TABLET
1807888,SCD,MODIFIED 24 HR METFORMIN HYDROCHLORIDE 1000 MG EXTENDED RELEASE ORAL TABLET,,METFORMIN HYDROCHLORIDE 1000 MG,EXTENDED RELEASE ORAL TABLET
861004,SCD,METFORMIN HYDROCHLORIDE 1000 MG ORAL TABLET,,METFORMIN HYDROCHLORIDE 1000 MG,ORAL TABLET
1043563,SCD,24 HR METFORMIN HYDROCHLORIDE 1000 MG / SAXAGLIPTIN 2.5 MG EXTENDED RELEASE ORAL TABLET,,METFORMIN HYDROCHLORIDE 1000 MG / SAXAGLIPTIN 2.5 MG,EXTENDED RELEASE ORAL TABLET
1043570,SCD,24 HR METFORMIN HYDROCHLORIDE 1000 MG / SAXAGLIPTIN 5 MG EXTENDED RELEASE ORAL TABLET,,METFORMIN HYDROCHLORIDE 1000 MG / SAXAGLIPTIN 5 MG,EXTENDED RELEASE ORAL TABLET
2696287,SBD,24 HR METFORMIN HYDROCHLORIDE 1000 MG / SITAGLIPTIN 100 MG EXTENDED RELEASE ORAL TABLET [ZITUVIMET],ZITUVIMET,METFORMIN HYDROCHLORIDE 1000 MG / SITAGLIPTIN 100 MG,EXTENDED RELEASE ORAL TABLET
1243833,SBD,24 HR METFORMIN HYDROCHLORIDE 1000 MG / SITAGLIPTIN 100 MG EXTENDED RELEASE ORAL TABLET [JANUMET],JANUMET,METFORMIN HYDROCHLORIDE 1000 MG / SITAGLIPTIN 100 MG,EXTENDED RELEASE ORAL TABLET
1243827,SCD,24 HR METFORMIN HYDROCHLORIDE 1000 MG / SITAGLIPTIN 100 MG EXTENDED RELEASE ORAL TABLET,,METFORMIN HYDROCHLORIDE 1000 MG / SITAGLIPTIN 100 MG,EXTENDED RELEASE ORAL TABLET
1243842,SCD,24 HR METFORMIN HYDROCHLORIDE 1000 MG / SITAGLIPTIN 50 MG EXTENDED RELEASE ORAL TABLET,,METFORMIN HYDROCHLORIDE 1000 MG / SITAGLIPTIN 50 MG,EXTENDED RELEASE ORAL TABLET
1243843,SBD,24 HR METFORMIN HYDROCHLORIDE 1000 MG / SITAGLIPTIN 50 MG EXTENDED RELEASE ORAL TABLET [JANUMET],JANUMET,METFORMIN HYDROCHLORIDE 1000 MG / SITAGLIPTIN 50 MG,EXTENDED RELEASE ORAL TABLET
2677162,SBD,METFORMIN HYDROCHLORIDE 1000 MG / SITAGLIPTIN 50 MG ORAL TABLET [ZITUVIMET],ZITUVIMET,METFORMIN HYDROCHLORIDE 1000 MG / SITAGLIPTIN 50 MG,ORAL TABLET
861769,SCD,METFORMIN HYDROCHLORIDE 1000 MG / SITAGLIPTIN 50 MG ORAL TABLET,,METFORMIN HYDROCHLORIDE 1000 MG / SITAGLIPTIN 50 MG,ORAL TABLET
2696282,SBD,24 HR METFORMIN HYDROCHLORIDE 1000 MG / SITAGLIPTIN 50 MG EXTENDED RELEASE ORAL TABLET [ZITUVIMET],ZITUVIMET,METFORMIN HYDROCHLORIDE 1000 MG / SITAGLIPTIN 50 MG,EXTENDED RELEASE ORAL TABLET
861771,SBD,METFORMIN HYDROCHLORIDE 1000 MG / SITAGLIPTIN 50 MG ORAL TABLET [JANUMET],JANUMET,METFORMIN HYDROCHLORIDE 1000 MG / SITAGLIPTIN 50 MG,ORAL TABLET
2709488,SCD,METFORMIN HYDROCHLORIDE 1000 MG / SITAGLIPTIN PHOSPHATE 50 MG ORAL TABLET,,METFORMIN HYDROCHLORIDE 1000 MG / SITAGLIPTIN PHOSPHATE 50 MG,ORAL TABLET
1807915,SCD,MODIFIED 24 HR METFORMIN HYDROCHLORIDE 500 MG EXTENDED RELEASE ORAL TABLET,,METFORMIN HYDROCHLORIDE 500 MG,EXTENDED RELEASE ORAL TABLET
861007,SCD,METFORMIN HYDROCHLORIDE 500 MG ORAL TABLET,,METFORMIN HYDROCHLORIDE 500 MG,ORAL TABLET
860975,SCD,24 HR METFORMIN HYDROCHLORIDE 500 MG EXTENDED RELEASE ORAL TABLET,,METFORMIN HYDROCHLORIDE 500 MG,EXTENDED RELEASE ORAL TABLET
1807917,SCD,OSMOTIC 24 HR METFORMIN HYDROCHLORIDE 500 MG EXTENDED RELEASE ORAL TABLET,,METFORMIN HYDROCHLORIDE 500 MG,EXTENDED RELEASE ORAL TABLET
861783,SCD,METFORMIN HYDROCHLORIDE 500 MG / PIOGLITAZONE 15 MG ORAL TABLET,,METFORMIN HYDROCHLORIDE 500 MG / PIOGLITAZONE 15 MG,ORAL TABLET
1043578,SCD,24 HR METFORMIN HYDROCHLORIDE 500 MG / SAXAGLIPTIN 5 MG EXTENDED RELEASE ORAL TABLET,,METFORMIN HYDROCHLORIDE 500 MG / SAXAGLIPTIN 5 MG,EXTENDED RELEASE ORAL TABLET
2677164,SBD,METFORMIN HYDROCHLORIDE 500 MG / SITAGLIPTIN 50 MG ORAL TABLET [ZITUVIMET],ZITUVIMET,METFORMIN HYDROCHLORIDE 500 MG / SITAGLIPTIN 50 MG,ORAL TABLET
2696284,SBD,24 HR METFORMIN HYDROCHLORIDE 500 MG / SITAGLIPTIN 50 MG EXTENDED RELEASE ORAL TABLET [ZITUVIMET],ZITUVIMET,METFORMIN HYDROCHLORIDE 500 MG / SITAGLIPTIN 50 MG,EXTENDED RELEASE ORAL TABLET
1243846,SCD,24 HR METFORMIN HYDROCHLORIDE 500 MG / SITAGLIPTIN 50 MG EXTENDED RELEASE ORAL TABLET,,METFORMIN HYDROCHLORIDE 500 MG / SITAGLIPTIN 50 MG,EXTENDED RELEASE ORAL TABLET
1243848,SBD,24 HR METFORMIN HYDROCHLORIDE 500 MG / SITAGLIPTIN 50 MG EXTENDED RELEASE ORAL TABLET [JANUMET],JANUMET,METFORMIN HYDROCHLORIDE 500 MG / SITAGLIPTIN 50 MG,EXTENDED RELEASE ORAL TABLET
861819,SCD,METFORMIN HYDROCHLORIDE 500 MG / SITAGLIPTIN 50 MG ORAL TABLET,,METFORMIN HYDROCHLORIDE 500 MG / SITAGLIPTIN 50 MG,ORAL TABLET
861821,SBD,METFORMIN HYDROCHLORIDE 500 MG / SITAGLIPTIN 50 MG ORAL TABLET [JANUMET],JANUMET,METFORMIN HYDROCHLORIDE 500 MG / SITAGLIPTIN 50 MG,ORAL TABLET
2709491,SCD,METFORMIN HYDROCHLORIDE 500 MG / SITAGLIPTIN PHOSPHATE 50 MG ORAL TABLET,,METFORMIN HYDROCHLORIDE 500 MG / SITAGLIPTIN PHOSPHATE 50 MG,ORAL TABLET
861021,SCD,METFORMIN HYDROCHLORIDE 625 MG ORAL TABLET,,METFORMIN HYDROCHLORIDE 625 MG,ORAL TABLET
2703582,SCD,METFORMIN HYDROCHLORIDE 750 MG ORAL TABLET,,METFORMIN HYDROCHLORIDE 750 MG,ORAL TABLET
860981,SCD,24 HR METFORMIN HYDROCHLORIDE 750 MG EXTENDED RELEASE ORAL TABLET,,METFORMIN HYDROCHLORIDE 750 MG,EXTENDED RELEASE ORAL TABLET
861010,SCD,METFORMIN HYDROCHLORIDE 850 MG ORAL TABLET,,METFORMIN HYDROCHLORIDE 850 MG,ORAL TABLET
861822,SCD,METFORMIN HYDROCHLORIDE 850 MG / PIOGLITAZONE 15 MG ORAL TABLET,,METFORMIN HYDROCHLORIDE 850 MG / PIOGLITAZONE 15 MG,ORAL TABLET
861824,SBD,METFORMIN HYDROCHLORIDE 850 MG / PIOGLITAZONE 15 MG ORAL TABLET [ACTOPLUS MET],ACTOPLUS MET,METFORMIN HYDROCHLORIDE 850 MG / PIOGLITAZONE 15 MG,ORAL TABLET
864761,SCD,METHADONE HYDROCHLORIDE 1 MG/ML ORAL SOLUTION,,METHADONE HYDROCHLORIDE 1 MG/ML,ORAL SOLUTION
864706,SCD,METHADONE HYDROCHLORIDE 10 MG ORAL TABLET,,METHADONE HYDROCHLORIDE 10 MG,ORAL TABLET
864769,SCD,METHADONE HYDROCHLORIDE 2 MG/ML ORAL SOLUTION,,METHADONE HYDROCHLORIDE 2 MG/ML,ORAL SOLUTION
864718,SCD,METHADONE HYDROCHLORIDE 5 MG ORAL TABLET,,METHADONE HYDROCHLORIDE 5 MG,ORAL TABLET
977860,SCD,METHAMPHETAMINE HYDROCHLORIDE 5 MG ORAL TABLET,,METHAMPHETAMINE HYDROCHLORIDE 5 MG,ORAL TABLET
197939,SCD,METHAZOLAMIDE 25 MG ORAL TABLET,,METHAZOLAMIDE 25 MG,ORAL TABLET
197940,SCD,METHAZOLAMIDE 50 MG ORAL TABLET,,METHAZOLAMIDE 50 MG,ORAL TABLET
992150,SCD,METHENAMINE HIPPURATE 1000 MG ORAL TABLET,,METHENAMINE HIPPURATE 1000 MG,ORAL TABLET
197941,SCD,METHIMAZOLE 10 MG ORAL TABLET,,METHIMAZOLE 10 MG,ORAL TABLET
197942,SCD,METHIMAZOLE 5 MG ORAL TABLET,,METHIMAZOLE 5 MG,ORAL TABLET
2611794,SCD,METHOCARBAMOL 1000 MG ORAL TABLET,,METHOCARBAMOL 1000 MG,ORAL TABLET
2691000,SBD,METHOCARBAMOL 1000 MG ORAL TABLET [TANLOR],TANLOR,METHOCARBAMOL 1000 MG,ORAL TABLET
197943,SCD,METHOCARBAMOL 500 MG ORAL TABLET,,METHOCARBAMOL 500 MG,ORAL TABLET
197944,SCD,METHOCARBAMOL 750 MG ORAL TABLET,,METHOCARBAMOL 750 MG,ORAL TABLET
284593,SBD,METHOTREXATE 10 MG ORAL TABLET [TREXALL],TREXALL,METHOTREXATE 10 MG,ORAL TABLET
284595,SBD,METHOTREXATE 15 MG ORAL TABLET [TREXALL],TREXALL,METHOTREXATE 15 MG,ORAL TABLET
2671462,SBD,METHOTREXATE 2 MG/ML ORAL SOLUTION [JYLAMVO],JYLAMVO,METHOTREXATE 2 MG/ML,ORAL SOLUTION
105585,SCD,METHOTREXATE 2.5 MG ORAL TABLET,,METHOTREXATE 2.5 MG,ORAL TABLET
1921598,SBD,METHOTREXATE 2.5 MG/ML ORAL SOLUTION [XATMEP],XATMEP,METHOTREXATE 2.5 MG/ML,ORAL SOLUTION
1946772,SCD,METHOTREXATE 25 MG/ML INJECTABLE SOLUTION,,METHOTREXATE 25 MG/ML,INJECTABLE SOLUTION
1655960,SCD,2 ML METHOTREXATE 25 MG/ML INJECTION,,METHOTREXATE 25 MG/ML,INJECTION
284592,SBD,METHOTREXATE 5 MG ORAL TABLET [TREXALL],TREXALL,METHOTREXATE 5 MG,ORAL TABLET
1544388,SBD,0.3 ML METHOTREXATE 50 MG/ML AUTO-INJECTOR [RASUVO],RASUVO,METHOTREXATE 50 MG/ML,AUTO-INJECTOR
1544390,SBD,0.35 ML METHOTREXATE 50 MG/ML AUTO-INJECTOR [RASUVO],RASUVO,METHOTREXATE 50 MG/ML,AUTO-INJECTOR
1544394,SBD,0.4 ML METHOTREXATE 50 MG/ML AUTO-INJECTOR [RASUVO],RASUVO,METHOTREXATE 50 MG/ML,AUTO-INJECTOR
1544396,SBD,0.45 ML METHOTREXATE 50 MG/ML AUTO-INJECTOR [RASUVO],RASUVO,METHOTREXATE 50 MG/ML,AUTO-INJECTOR
1544398,SBD,0.5 ML METHOTREXATE 50 MG/ML AUTO-INJECTOR [RASUVO],RASUVO,METHOTREXATE 50 MG/ML,AUTO-INJECTOR
1544402,SBD,0.6 ML METHOTREXATE 50 MG/ML AUTO-INJECTOR [RASUVO],RASUVO,METHOTREXATE 50 MG/ML,AUTO-INJECTOR
1544404,SBD,0.15 ML METHOTREXATE 50 MG/ML AUTO-INJECTOR [RASUVO],RASUVO,METHOTREXATE 50 MG/ML,AUTO-INJECTOR
1544383,SBD,0.2 ML METHOTREXATE 50 MG/ML AUTO-INJECTOR [RASUVO],RASUVO,METHOTREXATE 50 MG/ML,AUTO-INJECTOR
1544386,SBD,0.25 ML METHOTREXATE 50 MG/ML AUTO-INJECTOR [RASUVO],RASUVO,METHOTREXATE 50 MG/ML,AUTO-INJECTOR
284594,SBD,METHOTREXATE 7.5 MG ORAL TABLET [TREXALL],TREXALL,METHOTREXATE 7.5 MG,ORAL TABLET
1812434,SCD,SOFT GELATIN METHOXSALEN 10 MG ORAL CAPSULE,,METHOXSALEN 10 MG,ORAL CAPSULE
1792485,SBD,0.3 ML METHOXY POLYETHYLENE GLYCOL-EPOETIN BETA 0.1 MG/ML PREFILLED SYRINGE [MIRCERA],MIRCERA,METHOXY POLYETHYLENE GLYCOL-EPOETIN BETA 0.1 MG/ML,PREFILLED SYRINGE
1591961,SBD,0.3 ML METHOXY POLYETHYLENE GLYCOL-EPOETIN BETA 0.167 MG/ML PREFILLED SYRINGE [MIRCERA],MIRCERA,METHOXY POLYETHYLENE GLYCOL-EPOETIN BETA 0.167 MG/ML,PREFILLED SYRINGE
1591964,SBD,0.3 ML METHOXY POLYETHYLENE GLYCOL-EPOETIN BETA 0.25 MG/ML PREFILLED SYRINGE [MIRCERA],MIRCERA,METHOXY POLYETHYLENE GLYCOL-EPOETIN BETA 0.25 MG/ML,PREFILLED SYRINGE
1591967,SBD,0.3 ML METHOXY POLYETHYLENE GLYCOL-EPOETIN BETA 0.333 MG/ML PREFILLED SYRINGE [MIRCERA],MIRCERA,METHOXY POLYETHYLENE GLYCOL-EPOETIN BETA 0.333 MG/ML,PREFILLED SYRINGE
1792490,SBD,0.3 ML METHOXY POLYETHYLENE GLYCOL-EPOETIN BETA 0.4 MG/ML PREFILLED SYRINGE [MIRCERA],MIRCERA,METHOXY POLYETHYLENE GLYCOL-EPOETIN BETA 0.4 MG/ML,PREFILLED SYRINGE
1591970,SBD,0.3 ML METHOXY POLYETHYLENE GLYCOL-EPOETIN BETA 0.5 MG/ML PREFILLED SYRINGE [MIRCERA],MIRCERA,METHOXY POLYETHYLENE GLYCOL-EPOETIN BETA 0.5 MG/ML,PREFILLED SYRINGE
1591973,SBD,0.3 ML METHOXY POLYETHYLENE GLYCOL-EPOETIN BETA 0.667 MG/ML PREFILLED SYRINGE [MIRCERA],MIRCERA,METHOXY POLYETHYLENE GLYCOL-EPOETIN BETA 0.667 MG/ML,PREFILLED SYRINGE
314088,SCD,METHSCOPOLAMINE BROMIDE 2.5 MG ORAL TABLET,,METHSCOPOLAMINE BROMIDE 2.5 MG,ORAL TABLET
403914,SCD,METHSCOPOLAMINE BROMIDE 5 MG ORAL TABLET,,METHSCOPOLAMINE BROMIDE 5 MG,ORAL TABLET
197949,SCD,METHSUXIMIDE 300 MG ORAL CAPSULE,,METHSUXIMIDE 300 MG,ORAL CAPSULE
207088,SBD,METHSUXIMIDE 300 MG ORAL CAPSULE [CELONTIN],CELONTIN,METHSUXIMIDE 300 MG,ORAL CAPSULE
197956,SCD,METHYLDOPA 250 MG ORAL TABLET,,METHYLDOPA 250 MG,ORAL TABLET
197958,SCD,METHYLDOPA 500 MG ORAL TABLET,,METHYLDOPA 500 MG,ORAL TABLET
1801519,SBD,METHYLNALTREXONE BROMIDE 150 MG ORAL TABLET [RELISTOR],RELISTOR,METHYLNALTREXONE BROMIDE 150 MG,ORAL TABLET
979115,SBD,0.6 ML METHYLNALTREXONE BROMIDE 20 MG/ML INJECTION [RELISTOR],RELISTOR,METHYLNALTREXONE BROMIDE 20 MG/ML,INJECTION
1244062,SBD,0.6 ML METHYLNALTREXONE BROMIDE 20 MG/ML PREFILLED SYRINGE [RELISTOR],RELISTOR,METHYLNALTREXONE BROMIDE 20 MG/ML,PREFILLED SYRINGE
1244064,SBD,0.4 ML METHYLNALTREXONE BROMIDE 20 MG/ML PREFILLED SYRINGE [RELISTOR],RELISTOR,METHYLNALTREXONE BROMIDE 20 MG/ML,PREFILLED SYRINGE
753437,SBD,9 HR METHYLPHENIDATE 1.11 MG/HR TRANSDERMAL SYSTEM [DAYTRANA],DAYTRANA,METHYLPHENIDATE 1.11 MG/HR,TRANSDERMAL SYSTEM
753436,SCD,9 HR METHYLPHENIDATE 1.11 MG/HR TRANSDERMAL SYSTEM,,METHYLPHENIDATE 1.11 MG/HR,TRANSDERMAL SYSTEM
753438,SCD,9 HR METHYLPHENIDATE 1.67 MG/HR TRANSDERMAL SYSTEM,,METHYLPHENIDATE 1.67 MG/HR,TRANSDERMAL SYSTEM
753439,SBD,9 HR METHYLPHENIDATE 1.67 MG/HR TRANSDERMAL SYSTEM [DAYTRANA],DAYTRANA,METHYLPHENIDATE 1.67 MG/HR,TRANSDERMAL SYSTEM
1926840,SCD,METHYLPHENIDATE 17.3 MG DISINTEGRATING ORAL TABLET,,METHYLPHENIDATE 17.3 MG,DISINTEGRATING ORAL TABLET
1926847,SBD,METHYLPHENIDATE 17.3 MG DISINTEGRATING ORAL TABLET [COTEMPLA],COTEMPLA,METHYLPHENIDATE 17.3 MG,DISINTEGRATING ORAL TABLET
753440,SCD,9 HR METHYLPHENIDATE 2.22 MG/HR TRANSDERMAL SYSTEM,,METHYLPHENIDATE 2.22 MG/HR,TRANSDERMAL SYSTEM
753442,SBD,9 HR METHYLPHENIDATE 2.22 MG/HR TRANSDERMAL SYSTEM [DAYTRANA],DAYTRANA,METHYLPHENIDATE 2.22 MG/HR,TRANSDERMAL SYSTEM
1926849,SCD,METHYLPHENIDATE 25.9 MG DISINTEGRATING ORAL TABLET,,METHYLPHENIDATE 25.9 MG,DISINTEGRATING ORAL TABLET
1926851,SBD,METHYLPHENIDATE 25.9 MG DISINTEGRATING ORAL TABLET [COTEMPLA],COTEMPLA,METHYLPHENIDATE 25.9 MG,DISINTEGRATING ORAL TABLET
753441,SCD,9 HR METHYLPHENIDATE 3.33 MG/HR TRANSDERMAL SYSTEM,,METHYLPHENIDATE 3.33 MG/HR,TRANSDERMAL SYSTEM
753443,SBD,9 HR METHYLPHENIDATE 3.33 MG/HR TRANSDERMAL SYSTEM [DAYTRANA],DAYTRANA,METHYLPHENIDATE 3.33 MG/HR,TRANSDERMAL SYSTEM
1926855,SBD,METHYLPHENIDATE 8.6 MG DISINTEGRATING ORAL TABLET [COTEMPLA],COTEMPLA,METHYLPHENIDATE 8.6 MG,DISINTEGRATING ORAL TABLET
1926853,SCD,METHYLPHENIDATE 8.6 MG DISINTEGRATING ORAL TABLET,,METHYLPHENIDATE 8.6 MG,DISINTEGRATING ORAL TABLET
1091343,SBD,METHYLPHENIDATE HYDROCHLORIDE 1 MG/ML ORAL SOLUTION [METHYLIN],METHYLIN,METHYLPHENIDATE HYDROCHLORIDE 1 MG/ML,ORAL SOLUTION
1091341,SCD,METHYLPHENIDATE HYDROCHLORIDE 1 MG/ML ORAL SOLUTION,,METHYLPHENIDATE HYDROCHLORIDE 1 MG/ML,ORAL SOLUTION
1806181,SCD,30/70 RELEASE 24 HR METHYLPHENIDATE HYDROCHLORIDE 10 MG EXTENDED RELEASE ORAL CAPSULE,,METHYLPHENIDATE HYDROCHLORIDE 10 MG,EXTENDED RELEASE ORAL CAPSULE
1091379,SBD,METHYLPHENIDATE HYDROCHLORIDE 10 MG ORAL TABLET [RITALIN],RITALIN,METHYLPHENIDATE HYDROCHLORIDE 10 MG,ORAL TABLET
1806195,SCD,50/50 RELEASE 24 HR METHYLPHENIDATE HYDROCHLORIDE 10 MG EXTENDED RELEASE ORAL CAPSULE,,METHYLPHENIDATE HYDROCHLORIDE 10 MG,EXTENDED RELEASE ORAL CAPSULE
1091152,SCD,METHYLPHENIDATE HYDROCHLORIDE 10 MG CHEWABLE TABLET,,METHYLPHENIDATE HYDROCHLORIDE 10 MG,CHEWABLE TABLET
1091150,SCD,METHYLPHENIDATE HYDROCHLORIDE 10 MG ORAL TABLET,,METHYLPHENIDATE HYDROCHLORIDE 10 MG,ORAL TABLET
1091145,SCD,8 HR METHYLPHENIDATE HYDROCHLORIDE 10 MG EXTENDED RELEASE ORAL TABLET,,METHYLPHENIDATE HYDROCHLORIDE 10 MG,EXTENDED RELEASE ORAL TABLET
1091139,SBD,30/70 RELEASE 24 HR METHYLPHENIDATE HYDROCHLORIDE 10 MG EXTENDED RELEASE ORAL CAPSULE [METADATE],METADATE,METHYLPHENIDATE HYDROCHLORIDE 10 MG,EXTENDED RELEASE ORAL CAPSULE
1806200,SCD,40/60 RELEASE 24 HR METHYLPHENIDATE HYDROCHLORIDE 10 MG EXTENDED RELEASE ORAL CAPSULE,,METHYLPHENIDATE HYDROCHLORIDE 10 MG,EXTENDED RELEASE ORAL CAPSULE
2168865,SBD,EVENING DOSING 24 HR METHYLPHENIDATE HYDROCHLORIDE 100 MG EXTENDED RELEASE ORAL CAPSULE [JORNAY],JORNAY,METHYLPHENIDATE HYDROCHLORIDE 100 MG,EXTENDED RELEASE ORAL CAPSULE
1648183,SCD,40/60 RELEASE 24 HR METHYLPHENIDATE HYDROCHLORIDE 15 MG EXTENDED RELEASE ORAL CAPSULE,,METHYLPHENIDATE HYDROCHLORIDE 15 MG,EXTENDED RELEASE ORAL CAPSULE
1091157,SBD,24 HR METHYLPHENIDATE HYDROCHLORIDE 18 MG EXTENDED RELEASE ORAL TABLET [CONCERTA],CONCERTA,METHYLPHENIDATE HYDROCHLORIDE 18 MG,EXTENDED RELEASE ORAL TABLET
2668496,SBD,24 HR METHYLPHENIDATE HYDROCHLORIDE 18 MG EXTENDED RELEASE ORAL TABLET [RELEXXII],RELEXXII,METHYLPHENIDATE HYDROCHLORIDE 18 MG,EXTENDED RELEASE ORAL TABLET
1091155,SCD,24 HR METHYLPHENIDATE HYDROCHLORIDE 18 MG EXTENDED RELEASE ORAL TABLET,,METHYLPHENIDATE HYDROCHLORIDE 18 MG,EXTENDED RELEASE ORAL TABLET
2001564,SCD,BX RATING 24 HR METHYLPHENIDATE HYDROCHLORIDE 18 MG EXTENDED RELEASE ORAL TABLET,,METHYLPHENIDATE HYDROCHLORIDE 18 MG,EXTENDED RELEASE ORAL TABLET
1091135,SBD,METHYLPHENIDATE HYDROCHLORIDE 2 MG/ML ORAL SOLUTION [METHYLIN],METHYLIN,METHYLPHENIDATE HYDROCHLORIDE 2 MG/ML,ORAL SOLUTION
1091133,SCD,METHYLPHENIDATE HYDROCHLORIDE 2 MG/ML ORAL SOLUTION,,METHYLPHENIDATE HYDROCHLORIDE 2 MG/ML,ORAL SOLUTION
1091389,SCD,METHYLPHENIDATE HYDROCHLORIDE 2.5 MG CHEWABLE TABLET,,METHYLPHENIDATE HYDROCHLORIDE 2.5 MG,CHEWABLE TABLET
2168867,SBD,EVENING DOSING 24 HR METHYLPHENIDATE HYDROCHLORIDE 20 MG EXTENDED RELEASE ORAL CAPSULE [JORNAY],JORNAY,METHYLPHENIDATE HYDROCHLORIDE 20 MG,EXTENDED RELEASE ORAL CAPSULE
1091163,SBD,30/70 RELEASE 24 HR METHYLPHENIDATE HYDROCHLORIDE 20 MG EXTENDED RELEASE ORAL CAPSULE [METADATE],METADATE,METHYLPHENIDATE HYDROCHLORIDE 20 MG,EXTENDED RELEASE ORAL CAPSULE
1091392,SCD,METHYLPHENIDATE HYDROCHLORIDE 20 MG ORAL TABLET,,METHYLPHENIDATE HYDROCHLORIDE 20 MG,ORAL TABLET
1806187,SCD,30/70 RELEASE 24 HR METHYLPHENIDATE HYDROCHLORIDE 20 MG EXTENDED RELEASE ORAL CAPSULE,,METHYLPHENIDATE HYDROCHLORIDE 20 MG,EXTENDED RELEASE ORAL CAPSULE
1091395,SBD,METHYLPHENIDATE HYDROCHLORIDE 20 MG ORAL TABLET [RITALIN],RITALIN,METHYLPHENIDATE HYDROCHLORIDE 20 MG,ORAL TABLET
1806202,SCD,40/60 RELEASE 24 HR METHYLPHENIDATE HYDROCHLORIDE 20 MG EXTENDED RELEASE ORAL CAPSULE,,METHYLPHENIDATE HYDROCHLORIDE 20 MG,EXTENDED RELEASE ORAL CAPSULE
1806177,SCD,50/50 RELEASE 24 HR METHYLPHENIDATE HYDROCHLORIDE 20 MG EXTENDED RELEASE ORAL CAPSULE,,METHYLPHENIDATE HYDROCHLORIDE 20 MG,EXTENDED RELEASE ORAL CAPSULE
1727450,SBD,24 HR METHYLPHENIDATE HYDROCHLORIDE 20 MG CHEWABLE EXTENDED RELEASE ORAL TABLET [QUILLICHEW],QUILLICHEW,METHYLPHENIDATE HYDROCHLORIDE 20 MG,CHEWABLE EXTENDED RELEASE ORAL TABLET
1091225,SCD,8 HR METHYLPHENIDATE HYDROCHLORIDE 20 MG EXTENDED RELEASE ORAL TABLET,,METHYLPHENIDATE HYDROCHLORIDE 20 MG,EXTENDED RELEASE ORAL TABLET
2668499,SBD,24 HR METHYLPHENIDATE HYDROCHLORIDE 27 MG EXTENDED RELEASE ORAL TABLET [RELEXXII],RELEXXII,METHYLPHENIDATE HYDROCHLORIDE 27 MG,EXTENDED RELEASE ORAL TABLET
1091170,SCD,24 HR METHYLPHENIDATE HYDROCHLORIDE 27 MG EXTENDED RELEASE ORAL TABLET,,METHYLPHENIDATE HYDROCHLORIDE 27 MG,EXTENDED RELEASE ORAL TABLET
1091172,SBD,24 HR METHYLPHENIDATE HYDROCHLORIDE 27 MG EXTENDED RELEASE ORAL TABLET [CONCERTA],CONCERTA,METHYLPHENIDATE HYDROCHLORIDE 27 MG,EXTENDED RELEASE ORAL TABLET
1734930,SBD,24 HR METHYLPHENIDATE HYDROCHLORIDE 30 MG CHEWABLE EXTENDED RELEASE ORAL TABLET [QUILLICHEW],QUILLICHEW,METHYLPHENIDATE HYDROCHLORIDE 30 MG,CHEWABLE EXTENDED RELEASE ORAL TABLET
1091178,SBD,30/70 RELEASE 24 HR METHYLPHENIDATE HYDROCHLORIDE 30 MG EXTENDED RELEASE ORAL CAPSULE [METADATE],METADATE,METHYLPHENIDATE HYDROCHLORIDE 30 MG,EXTENDED RELEASE ORAL CAPSULE
1806206,SCD,40/60 RELEASE 24 HR METHYLPHENIDATE HYDROCHLORIDE 30 MG EXTENDED RELEASE ORAL CAPSULE,,METHYLPHENIDATE HYDROCHLORIDE 30 MG,EXTENDED RELEASE ORAL CAPSULE
1806189,SCD,30/70 RELEASE 24 HR METHYLPHENIDATE HYDROCHLORIDE 30 MG EXTENDED RELEASE ORAL CAPSULE,,METHYLPHENIDATE HYDROCHLORIDE 30 MG,EXTENDED RELEASE ORAL CAPSULE
1806179,SCD,50/50 RELEASE 24 HR METHYLPHENIDATE HYDROCHLORIDE 30 MG EXTENDED RELEASE ORAL CAPSULE,,METHYLPHENIDATE HYDROCHLORIDE 30 MG,EXTENDED RELEASE ORAL CAPSULE
2668502,SBD,24 HR METHYLPHENIDATE HYDROCHLORIDE 36 MG EXTENDED RELEASE ORAL TABLET [RELEXXII],RELEXXII,METHYLPHENIDATE HYDROCHLORIDE 36 MG,EXTENDED RELEASE ORAL TABLET
1091185,SCD,24 HR METHYLPHENIDATE HYDROCHLORIDE 36 MG EXTENDED RELEASE ORAL TABLET,,METHYLPHENIDATE HYDROCHLORIDE 36 MG,EXTENDED RELEASE ORAL TABLET
1091187,SBD,24 HR METHYLPHENIDATE HYDROCHLORIDE 36 MG EXTENDED RELEASE ORAL TABLET [CONCERTA],CONCERTA,METHYLPHENIDATE HYDROCHLORIDE 36 MG,EXTENDED RELEASE ORAL TABLET
1806183,SCD,50/50 RELEASE 24 HR METHYLPHENIDATE HYDROCHLORIDE 40 MG EXTENDED RELEASE ORAL CAPSULE,,METHYLPHENIDATE HYDROCHLORIDE 40 MG,EXTENDED RELEASE ORAL CAPSULE
1806191,SCD,30/70 RELEASE 24 HR METHYLPHENIDATE HYDROCHLORIDE 40 MG EXTENDED RELEASE ORAL CAPSULE,,METHYLPHENIDATE HYDROCHLORIDE 40 MG,EXTENDED RELEASE ORAL CAPSULE
1091193,SBD,30/70 RELEASE 24 HR METHYLPHENIDATE HYDROCHLORIDE 40 MG EXTENDED RELEASE ORAL CAPSULE [METADATE],METADATE,METHYLPHENIDATE HYDROCHLORIDE 40 MG,EXTENDED RELEASE ORAL CAPSULE
2168869,SBD,EVENING DOSING 24 HR METHYLPHENIDATE HYDROCHLORIDE 40 MG EXTENDED RELEASE ORAL CAPSULE [JORNAY],JORNAY,METHYLPHENIDATE HYDROCHLORIDE 40 MG,EXTENDED RELEASE ORAL CAPSULE
1734953,SBD,24 HR METHYLPHENIDATE HYDROCHLORIDE 40 MG CHEWABLE EXTENDED RELEASE ORAL TABLET [QUILLICHEW],QUILLICHEW,METHYLPHENIDATE HYDROCHLORIDE 40 MG,CHEWABLE EXTENDED RELEASE ORAL TABLET
1806210,SCD,40/60 RELEASE 24 HR METHYLPHENIDATE HYDROCHLORIDE 40 MG EXTENDED RELEASE ORAL CAPSULE,,METHYLPHENIDATE HYDROCHLORIDE 40 MG,EXTENDED RELEASE ORAL CAPSULE
2605798,SCD,24 HR METHYLPHENIDATE HYDROCHLORIDE 45 MG EXTENDED RELEASE ORAL TABLET,,METHYLPHENIDATE HYDROCHLORIDE 45 MG,EXTENDED RELEASE ORAL TABLET
2605943,SBD,24 HR METHYLPHENIDATE HYDROCHLORIDE 45 MG EXTENDED RELEASE ORAL TABLET [RELEXXII],RELEXXII,METHYLPHENIDATE HYDROCHLORIDE 45 MG,EXTENDED RELEASE ORAL TABLET
1091500,SBD,METHYLPHENIDATE HYDROCHLORIDE 5 MG ORAL TABLET [RITALIN],RITALIN,METHYLPHENIDATE HYDROCHLORIDE 5 MG,ORAL TABLET
1091497,SCD,METHYLPHENIDATE HYDROCHLORIDE 5 MG ORAL TABLET,,METHYLPHENIDATE HYDROCHLORIDE 5 MG,ORAL TABLET
1091322,SCD,METHYLPHENIDATE HYDROCHLORIDE 5 MG CHEWABLE TABLET,,METHYLPHENIDATE HYDROCHLORIDE 5 MG,CHEWABLE TABLET
1312589,SBD,24 HR METHYLPHENIDATE HYDROCHLORIDE 5 MG/ML EXTENDED RELEASE SUSPENSION [QUILLIVANT],QUILLIVANT,METHYLPHENIDATE HYDROCHLORIDE 5 MG/ML,EXTENDED RELEASE SUSPENSION
1806204,SCD,40/60 RELEASE 24 HR METHYLPHENIDATE HYDROCHLORIDE 50 MG EXTENDED RELEASE ORAL CAPSULE,,METHYLPHENIDATE HYDROCHLORIDE 50 MG,EXTENDED RELEASE ORAL CAPSULE
1091204,SBD,30/70 RELEASE 24 HR METHYLPHENIDATE HYDROCHLORIDE 50 MG EXTENDED RELEASE ORAL CAPSULE [METADATE],METADATE,METHYLPHENIDATE HYDROCHLORIDE 50 MG,EXTENDED RELEASE ORAL CAPSULE
1806193,SCD,30/70 RELEASE 24 HR METHYLPHENIDATE HYDROCHLORIDE 50 MG EXTENDED RELEASE ORAL CAPSULE,,METHYLPHENIDATE HYDROCHLORIDE 50 MG,EXTENDED RELEASE ORAL CAPSULE
1091212,SBD,24 HR METHYLPHENIDATE HYDROCHLORIDE 54 MG EXTENDED RELEASE ORAL TABLET [CONCERTA],CONCERTA,METHYLPHENIDATE HYDROCHLORIDE 54 MG,EXTENDED RELEASE ORAL TABLET
2668505,SBD,24 HR METHYLPHENIDATE HYDROCHLORIDE 54 MG EXTENDED RELEASE ORAL TABLET [RELEXXII],RELEXXII,METHYLPHENIDATE HYDROCHLORIDE 54 MG,EXTENDED RELEASE ORAL TABLET
1091210,SCD,24 HR METHYLPHENIDATE HYDROCHLORIDE 54 MG EXTENDED RELEASE ORAL TABLET,,METHYLPHENIDATE HYDROCHLORIDE 54 MG,EXTENDED RELEASE ORAL TABLET
1806185,SCD,50/50 RELEASE 24 HR METHYLPHENIDATE HYDROCHLORIDE 60 MG EXTENDED RELEASE ORAL CAPSULE,,METHYLPHENIDATE HYDROCHLORIDE 60 MG,EXTENDED RELEASE ORAL CAPSULE
1806197,SCD,30/70 RELEASE 24 HR METHYLPHENIDATE HYDROCHLORIDE 60 MG EXTENDED RELEASE ORAL CAPSULE,,METHYLPHENIDATE HYDROCHLORIDE 60 MG,EXTENDED RELEASE ORAL CAPSULE
1806208,SCD,40/60 RELEASE 24 HR METHYLPHENIDATE HYDROCHLORIDE 60 MG EXTENDED RELEASE ORAL CAPSULE,,METHYLPHENIDATE HYDROCHLORIDE 60 MG,EXTENDED RELEASE ORAL CAPSULE
1091220,SBD,30/70 RELEASE 24 HR METHYLPHENIDATE HYDROCHLORIDE 60 MG EXTENDED RELEASE ORAL CAPSULE [METADATE],METADATE,METHYLPHENIDATE HYDROCHLORIDE 60 MG,EXTENDED RELEASE ORAL CAPSULE
2168859,SBD,EVENING DOSING 24 HR METHYLPHENIDATE HYDROCHLORIDE 60 MG EXTENDED RELEASE ORAL CAPSULE [JORNAY],JORNAY,METHYLPHENIDATE HYDROCHLORIDE 60 MG,EXTENDED RELEASE ORAL CAPSULE
2605946,SBD,24 HR METHYLPHENIDATE HYDROCHLORIDE 63 MG EXTENDED RELEASE ORAL TABLET [RELEXXII],RELEXXII,METHYLPHENIDATE HYDROCHLORIDE 63 MG,EXTENDED RELEASE ORAL TABLET
2605796,SCD,24 HR METHYLPHENIDATE HYDROCHLORIDE 63 MG EXTENDED RELEASE ORAL TABLET,,METHYLPHENIDATE HYDROCHLORIDE 63 MG,EXTENDED RELEASE ORAL TABLET
2052826,SBD,24 HR METHYLPHENIDATE HYDROCHLORIDE 72 MG EXTENDED RELEASE ORAL TABLET [RELEXXII],RELEXXII,METHYLPHENIDATE HYDROCHLORIDE 72 MG,EXTENDED RELEASE ORAL TABLET
1995461,SCD,24 HR METHYLPHENIDATE HYDROCHLORIDE 72 MG EXTENDED RELEASE ORAL TABLET,,METHYLPHENIDATE HYDROCHLORIDE 72 MG,EXTENDED RELEASE ORAL TABLET
2168863,SBD,EVENING DOSING 24 HR METHYLPHENIDATE HYDROCHLORIDE 80 MG EXTENDED RELEASE ORAL CAPSULE [JORNAY],JORNAY,METHYLPHENIDATE HYDROCHLORIDE 80 MG,EXTENDED RELEASE ORAL CAPSULE
207138,SBD,METHYLPREDNISOLONE 16 MG ORAL TABLET [MEDROL],MEDROL,METHYLPREDNISOLONE 16 MG,ORAL TABLET
328161,SCD,METHYLPREDNISOLONE 16 MG ORAL TABLET,,METHYLPREDNISOLONE 16 MG,ORAL TABLET
207136,SBD,METHYLPREDNISOLONE 2 MG ORAL TABLET [MEDROL],MEDROL,METHYLPREDNISOLONE 2 MG,ORAL TABLET
197971,SCD,METHYLPREDNISOLONE 32 MG ORAL TABLET,,METHYLPREDNISOLONE 32 MG,ORAL TABLET
260330,SBD,METHYLPREDNISOLONE 4 MG ORAL TABLET [MEDROL],MEDROL,METHYLPREDNISOLONE 4 MG,ORAL TABLET
762675,GPCK,{21 (METHYLPREDNISOLONE 4 MG ORAL TABLET) } PACK,,METHYLPREDNISOLONE 4 MG,PACK
834023,BPCK,{21 (METHYLPREDNISOLONE 4 MG ORAL TABLET [MEDROL]) } PACK [MEDROL DOSEPAK],MEDROL DOSEPAK,METHYLPREDNISOLONE 4 MG,PACK
259966,SCD,METHYLPREDNISOLONE 4 MG ORAL TABLET,,METHYLPREDNISOLONE 4 MG,ORAL TABLET
207137,SBD,METHYLPREDNISOLONE 8 MG ORAL TABLET [MEDROL],MEDROL,METHYLPREDNISOLONE 8 MG,ORAL TABLET
197973,SCD,METHYLPREDNISOLONE 8 MG ORAL TABLET,,METHYLPREDNISOLONE 8 MG,ORAL TABLET
197975,SCD,METHYLTESTOSTERONE 10 MG ORAL CAPSULE,,METHYLTESTOSTERONE 10 MG,ORAL CAPSULE
541524,SBD,METHYLTESTOSTERONE 10 MG ORAL TABLET [METHITEST],METHITEST,METHYLTESTOSTERONE 10 MG,ORAL TABLET
104884,SCD,METOCLOPRAMIDE 1 MG/ML ORAL SOLUTION,,METOCLOPRAMIDE 1 MG/ML,ORAL SOLUTION
207266,SBD,METOCLOPRAMIDE 10 MG ORAL TABLET [REGLAN],REGLAN,METOCLOPRAMIDE 10 MG,ORAL TABLET
311666,SCD,METOCLOPRAMIDE 10 MG ORAL TABLET,,METOCLOPRAMIDE 10 MG,ORAL TABLET
2380570,SBD,METOCLOPRAMIDE 15 MG/ACTUAT NASAL SPRAY [GIMOTI],GIMOTI,METOCLOPRAMIDE 15 MG/ACTUAT,NASAL SPRAY
311668,SCD,METOCLOPRAMIDE 5 MG ORAL TABLET,,METOCLOPRAMIDE 5 MG,ORAL TABLET
207265,SBD,METOCLOPRAMIDE 5 MG ORAL TABLET [REGLAN],REGLAN,METOCLOPRAMIDE 5 MG,ORAL TABLET
197978,SCD,METOLAZONE 10 MG ORAL TABLET,,METOLAZONE 10 MG,ORAL TABLET
197979,SCD,METOLAZONE 2.5 MG ORAL TABLET,,METOLAZONE 2.5 MG,ORAL TABLET
311671,SCD,METOLAZONE 5 MG ORAL TABLET,,METOLAZONE 5 MG,ORAL TABLET
866414,SBD,24 HR METOPROLOL SUCCINATE 100 MG EXTENDED RELEASE ORAL TABLET [TOPROL],TOPROL,METOPROLOL SUCCINATE 100 MG,EXTENDED RELEASE ORAL TABLET
866412,SCD,24 HR METOPROLOL SUCCINATE 100 MG EXTENDED RELEASE ORAL TABLET,,METOPROLOL SUCCINATE 100 MG,EXTENDED RELEASE ORAL TABLET
866421,SBD,24 HR METOPROLOL SUCCINATE 200 MG EXTENDED RELEASE ORAL TABLET [TOPROL],TOPROL,METOPROLOL SUCCINATE 200 MG,EXTENDED RELEASE ORAL TABLET
866419,SCD,24 HR METOPROLOL SUCCINATE 200 MG EXTENDED RELEASE ORAL TABLET,,METOPROLOL SUCCINATE 200 MG,EXTENDED RELEASE ORAL TABLET
866427,SCD,24 HR METOPROLOL SUCCINATE 25 MG EXTENDED RELEASE ORAL TABLET,,METOPROLOL SUCCINATE 25 MG,EXTENDED RELEASE ORAL TABLET
866429,SBD,24 HR METOPROLOL SUCCINATE 25 MG EXTENDED RELEASE ORAL TABLET [TOPROL],TOPROL,METOPROLOL SUCCINATE 25 MG,EXTENDED RELEASE ORAL TABLET
866438,SBD,24 HR METOPROLOL SUCCINATE 50 MG EXTENDED RELEASE ORAL TABLET [TOPROL],TOPROL,METOPROLOL SUCCINATE 50 MG,EXTENDED RELEASE ORAL TABLET
866436,SCD,24 HR METOPROLOL SUCCINATE 50 MG EXTENDED RELEASE ORAL TABLET,,METOPROLOL SUCCINATE 50 MG,EXTENDED RELEASE ORAL TABLET
2712152,SBD,METOPROLOL TARTRATE 10 MG/ML ORAL SOLUTION [LOPRESSOR],LOPRESSOR,METOPROLOL TARTRATE 10 MG/ML,ORAL SOLUTION
866513,SBD,METOPROLOL TARTRATE 100 MG ORAL TABLET [LOPRESSOR],LOPRESSOR,METOPROLOL TARTRATE 100 MG,ORAL TABLET
866511,SCD,METOPROLOL TARTRATE 100 MG ORAL TABLET,,METOPROLOL TARTRATE 100 MG,ORAL TABLET
2723025,SCD,METOPROLOL TARTRATE 12.5 MG ORAL TABLET,,METOPROLOL TARTRATE 12.5 MG,ORAL TABLET
2723027,SBD,METOPROLOL TARTRATE 12.5 MG ORAL TABLET [LOPRESSOR],LOPRESSOR,METOPROLOL TARTRATE 12.5 MG,ORAL TABLET
866924,SCD,METOPROLOL TARTRATE 25 MG ORAL TABLET,,METOPROLOL TARTRATE 25 MG,ORAL TABLET
1606347,SCD,METOPROLOL TARTRATE 37.5 MG ORAL TABLET,,METOPROLOL TARTRATE 37.5 MG,ORAL TABLET
866514,SCD,METOPROLOL TARTRATE 50 MG ORAL TABLET,,METOPROLOL TARTRATE 50 MG,ORAL TABLET
866516,SBD,METOPROLOL TARTRATE 50 MG ORAL TABLET [LOPRESSOR],LOPRESSOR,METOPROLOL TARTRATE 50 MG,ORAL TABLET
1606349,SCD,METOPROLOL TARTRATE 75 MG ORAL TABLET,,METOPROLOL TARTRATE 75 MG,ORAL TABLET
1491634,SBD,METRELEPTIN 5 MG/ML INJECTABLE SOLUTION [MYALEPT],MYALEPT,METRELEPTIN 5 MG/ML,INJECTABLE SOLUTION
142046,SCD,METRONIDAZOLE 0.0075 MG/MG VAGINAL GEL,,METRONIDAZOLE 0.0075 MG/MG,VAGINAL GEL
311679,SCD,METRONIDAZOLE 0.0075 MG/MG TOPICAL GEL,,METRONIDAZOLE 0.0075 MG/MG,TOPICAL GEL
608934,SBD,METRONIDAZOLE 0.0075 MG/MG VAGINAL GEL [VANDAZOLE],VANDAZOLE,METRONIDAZOLE 0.0075 MG/MG,VAGINAL GEL
577237,SCD,METRONIDAZOLE 0.01 MG/MG TOPICAL GEL,,METRONIDAZOLE 0.01 MG/MG,TOPICAL GEL
1604336,SBD,METRONIDAZOLE 0.013 MG/MG VAGINAL GEL [NUVESSA],NUVESSA,METRONIDAZOLE 0.013 MG/MG,VAGINAL GEL
213120,SBD,METRONIDAZOLE 10 MG/ML TOPICAL CREAM [NORITATE],NORITATE,METRONIDAZOLE 10 MG/ML,TOPICAL CREAM
2702348,SCD,METRONIDAZOLE 125 MG ORAL TABLET,,METRONIDAZOLE 125 MG,ORAL TABLET
314106,SCD,METRONIDAZOLE 250 MG ORAL TABLET,,METRONIDAZOLE 250 MG,ORAL TABLET
199055,SCD,METRONIDAZOLE 375 MG ORAL CAPSULE,,METRONIDAZOLE 375 MG,ORAL CAPSULE
311683,SCD,100 ML METRONIDAZOLE 5 MG/ML INJECTION,,METRONIDAZOLE 5 MG/ML,INJECTION
311681,SCD,METRONIDAZOLE 500 MG ORAL TABLET,,METRONIDAZOLE 500 MG,ORAL TABLET
242736,SCD,METRONIDAZOLE 7.5 MG/ML TOPICAL LOTION,,METRONIDAZOLE 7.5 MG/ML,TOPICAL LOTION
311678,SCD,METRONIDAZOLE 7.5 MG/ML TOPICAL CREAM,,METRONIDAZOLE 7.5 MG/ML,TOPICAL CREAM
197980,SCD,METYROSINE 250 MG ORAL CAPSULE,,METYROSINE 250 MG,ORAL CAPSULE
1362706,SCD,MEXILETINE HYDROCHLORIDE 150 MG ORAL CAPSULE,,MEXILETINE HYDROCHLORIDE 150 MG,ORAL CAPSULE
1362712,SCD,MEXILETINE HYDROCHLORIDE 200 MG ORAL CAPSULE,,MEXILETINE HYDROCHLORIDE 200 MG,ORAL CAPSULE
1362720,SCD,MEXILETINE HYDROCHLORIDE 250 MG ORAL CAPSULE,,MEXILETINE HYDROCHLORIDE 250 MG,ORAL CAPSULE
861383,SCD,MICAFUNGIN 100 MG INJECTION,,MICAFUNGIN 100 MG,INJECTION
861379,SCD,MICAFUNGIN 50 MG INJECTION,,MICAFUNGIN 50 MG,INJECTION
992765,SCD,MICONAZOLE NITRATE 200 MG VAGINAL INSERT,,MICONAZOLE NITRATE 200 MG,VAGINAL INSERT
2173500,SBD,MIDAZOLAM 50 MG/ML NASAL SPRAY [NAYZILAM],NAYZILAM,MIDAZOLAM 50 MG/ML,NASAL SPRAY
993462,SCD,MIDODRINE HYDROCHLORIDE 10 MG ORAL TABLET,,MIDODRINE HYDROCHLORIDE 10 MG,ORAL TABLET
993466,SCD,MIDODRINE HYDROCHLORIDE 2.5 MG ORAL TABLET,,MIDODRINE HYDROCHLORIDE 2.5 MG,ORAL TABLET
993470,SCD,MIDODRINE HYDROCHLORIDE 5 MG ORAL TABLET,,MIDODRINE HYDROCHLORIDE 5 MG,ORAL TABLET
1919094,SBD,MIDOSTAURIN 25 MG ORAL CAPSULE [RYDAPT],RYDAPT,MIDOSTAURIN 25 MG,ORAL CAPSULE
1245268,SBD,MIFEPRISTONE 300 MG ORAL TABLET [KORLYM],KORLYM,MIFEPRISTONE 300 MG,ORAL TABLET
1245262,SCD,MIFEPRISTONE 300 MG ORAL TABLET,,MIFEPRISTONE 300 MG,ORAL TABLET
2054275,BPCK,{14 (MIGALASTAT 123 MG ORAL CAPSULE [GALAFOLD]) } PACK [GALAFOLD 28 DAY WALLET],GALAFOLD 28 DAY WALLET,MIGALASTAT 123 MG,PACK
205331,SCD,MIGLITOL 100 MG ORAL TABLET,,MIGLITOL 100 MG,ORAL TABLET
205329,SCD,MIGLITOL 25 MG ORAL TABLET,,MIGLITOL 25 MG,ORAL TABLET
205330,SCD,MIGLITOL 50 MG ORAL TABLET,,MIGLITOL 50 MG,ORAL TABLET
2642350,SBD,MIGLUSTAT 100 MG ORAL CAPSULE [YARGESA],YARGESA,MIGLUSTAT 100 MG,ORAL CAPSULE
401938,SCD,MIGLUSTAT 100 MG ORAL CAPSULE,,MIGLUSTAT 100 MG,ORAL CAPSULE
541070,SBD,MIGLUSTAT 100 MG ORAL CAPSULE [ZAVESCA],ZAVESCA,MIGLUSTAT 100 MG,ORAL CAPSULE
833139,SBD,MILNACIPRAN HYDROCHLORIDE 100 MG ORAL TABLET [SAVELLA],SAVELLA,MILNACIPRAN HYDROCHLORIDE 100 MG,ORAL TABLET
833135,SCD,MILNACIPRAN HYDROCHLORIDE 100 MG ORAL TABLET,,MILNACIPRAN HYDROCHLORIDE 100 MG,ORAL TABLET
833141,SCD,MILNACIPRAN HYDROCHLORIDE 12.5 MG ORAL TABLET,,MILNACIPRAN HYDROCHLORIDE 12.5 MG,ORAL TABLET
833143,SBD,MILNACIPRAN HYDROCHLORIDE 12.5 MG ORAL TABLET [SAVELLA],SAVELLA,MILNACIPRAN HYDROCHLORIDE 12.5 MG,ORAL TABLET
833151,BPCK,{5 (MILNACIPRAN HYDROCHLORIDE 12.5 MG ORAL TABLET [SAVELLA]) / 8 (MILNACIPRAN HYDROCHLORIDE 25 MG ORAL TABLET [SAVELLA]) / 42 (MILNACIPRAN HYDROCHLORIDE 50 MG ORAL TABLET [SAVELLA]) } PACK [SAVELLA 4-WEEK TITRATION],SAVELLA 4-WEEK TITRATION,MILNACIPRAN HYDROCHLORIDE 12.5 MG / MILNACIPRAN HYDROCHLORIDE 25 MG / MILNACIPRAN HYDROCHLORIDE 50 MG,PACK
833149,SBD,MILNACIPRAN HYDROCHLORIDE 25 MG ORAL TABLET [SAVELLA],SAVELLA,MILNACIPRAN HYDROCHLORIDE 25 MG,ORAL TABLET
833147,SCD,MILNACIPRAN HYDROCHLORIDE 25 MG ORAL TABLET,,MILNACIPRAN HYDROCHLORIDE 25 MG,ORAL TABLET
833146,SBD,MILNACIPRAN HYDROCHLORIDE 50 MG ORAL TABLET [SAVELLA],SAVELLA,MILNACIPRAN HYDROCHLORIDE 50 MG,ORAL TABLET
833144,SCD,MILNACIPRAN HYDROCHLORIDE 50 MG ORAL TABLET,,MILNACIPRAN HYDROCHLORIDE 50 MG,ORAL TABLET
197984,SCD,MINOCYCLINE 100 MG ORAL CAPSULE,,MINOCYCLINE 100 MG,ORAL CAPSULE
207364,SCD,MINOCYCLINE 100 MG ORAL TABLET,,MINOCYCLINE 100 MG,ORAL TABLET
1013659,SCD,24 HR MINOCYCLINE 105 MG EXTENDED RELEASE ORAL TABLET,,MINOCYCLINE 105 MG,EXTENDED RELEASE ORAL TABLET
858062,SCD,24 HR MINOCYCLINE 115 MG EXTENDED RELEASE ORAL TABLET,,MINOCYCLINE 115 MG,EXTENDED RELEASE ORAL TABLET
629695,SCD,24 HR MINOCYCLINE 135 MG EXTENDED RELEASE ORAL TABLET,,MINOCYCLINE 135 MG,EXTENDED RELEASE ORAL TABLET
2375338,SBD,MINOCYCLINE 15 MG/ML TOPICAL FOAM [ZILXI],ZILXI,MINOCYCLINE 15 MG/ML,TOPICAL FOAM
2706378,SBD,24 HR MINOCYCLINE 40 MG EXTENDED RELEASE ORAL CAPSULE [EMROSI],EMROSI,MINOCYCLINE 40 MG,EXTENDED RELEASE ORAL CAPSULE
2257678,SBD,MINOCYCLINE 40 MG/ML TOPICAL FOAM [AMZEEQ],AMZEEQ,MINOCYCLINE 40 MG/ML,TOPICAL FOAM
629697,SCD,24 HR MINOCYCLINE 45 MG EXTENDED RELEASE ORAL TABLET,,MINOCYCLINE 45 MG,EXTENDED RELEASE ORAL TABLET
197985,SCD,MINOCYCLINE 50 MG ORAL CAPSULE,,MINOCYCLINE 50 MG,ORAL CAPSULE
207362,SCD,MINOCYCLINE 50 MG ORAL TABLET,,MINOCYCLINE 50 MG,ORAL TABLET
1013662,SCD,24 HR MINOCYCLINE 55 MG EXTENDED RELEASE ORAL TABLET,,MINOCYCLINE 55 MG,EXTENDED RELEASE ORAL TABLET
858372,SCD,24 HR MINOCYCLINE 65 MG EXTENDED RELEASE ORAL TABLET,,MINOCYCLINE 65 MG,EXTENDED RELEASE ORAL TABLET
403840,SCD,MINOCYCLINE 75 MG ORAL TABLET,,MINOCYCLINE 75 MG,ORAL TABLET
314108,SCD,MINOCYCLINE 75 MG ORAL CAPSULE,,MINOCYCLINE 75 MG,ORAL CAPSULE
1013665,SCD,24 HR MINOCYCLINE 80 MG EXTENDED RELEASE ORAL TABLET,,MINOCYCLINE 80 MG,EXTENDED RELEASE ORAL TABLET
629699,SCD,24 HR MINOCYCLINE 90 MG EXTENDED RELEASE ORAL TABLET,,MINOCYCLINE 90 MG,EXTENDED RELEASE ORAL TABLET
197986,SCD,MINOXIDIL 10 MG ORAL TABLET,,MINOXIDIL 10 MG,ORAL TABLET
197987,SCD,MINOXIDIL 2.5 MG ORAL TABLET,,MINOXIDIL 2.5 MG,ORAL TABLET
1300791,SCD,24 HR MIRABEGRON 25 MG EXTENDED RELEASE ORAL TABLET,,MIRABEGRON 25 MG,EXTENDED RELEASE ORAL TABLET
1300797,SBD,24 HR MIRABEGRON 25 MG EXTENDED RELEASE ORAL TABLET [MYRBETRIQ],MYRBETRIQ,MIRABEGRON 25 MG,EXTENDED RELEASE ORAL TABLET
1300803,SBD,24 HR MIRABEGRON 50 MG EXTENDED RELEASE ORAL TABLET [MYRBETRIQ],MYRBETRIQ,MIRABEGRON 50 MG,EXTENDED RELEASE ORAL TABLET
1300801,SCD,24 HR MIRABEGRON 50 MG EXTENDED RELEASE ORAL TABLET,,MIRABEGRON 50 MG,EXTENDED RELEASE ORAL TABLET
2541233,SCD,24 HR MIRABEGRON 8 MG/ML EXTENDED RELEASE SUSPENSION,,MIRABEGRON 8 MG/ML,EXTENDED RELEASE SUSPENSION
2541237,SBD,24 HR MIRABEGRON 8 MG/ML EXTENDED RELEASE SUSPENSION [MYRBETRIQ],MYRBETRIQ,MIRABEGRON 8 MG/ML,EXTENDED RELEASE SUSPENSION
2705635,SBD,MIRDAMETINIB 1 MG TABLET FOR ORAL SUSPENSION [GOMEKLI],GOMEKLI,MIRDAMETINIB 1 MG,TABLET FOR ORAL SUSPENSION
2705623,SBD,MIRDAMETINIB 1 MG ORAL CAPSULE [GOMEKLI],GOMEKLI,MIRDAMETINIB 1 MG,ORAL CAPSULE
2705628,SBD,MIRDAMETINIB 2 MG ORAL CAPSULE [GOMEKLI],GOMEKLI,MIRDAMETINIB 2 MG,ORAL CAPSULE
2703050,SBD,2 ML MIRIKIZUMAB-MRKZ 100 MG/ML AUTO-INJECTOR [OMVOH],OMVOH,MIRIKIZUMAB-MRKZ 100 MG/ML,AUTO-INJECTOR
2703054,BPCK,{1 (1 ML MIRIKIZUMAB-MRKZ 100 MG/ML PREFILLED SYRINGE [OMVOH]) / 1 (2 ML MIRIKIZUMAB-MRKZ 100 MG/ML PREFILLED SYRINGE [OMVOH]) } PACK [OMVOH PREFILLED SYRINGE 300 MG DOSE CARTON],OMVOH PREFILLED SYRINGE 300 MG DOSE CARTON,MIRIKIZUMAB-MRKZ 100 MG/ML,PACK
2703052,BPCK,{1 (1 ML MIRIKIZUMAB-MRKZ 100 MG/ML AUTO-INJECTOR [OMVOH]) / 1 (2 ML MIRIKIZUMAB-MRKZ 100 MG/ML AUTO-INJECTOR [OMVOH]) } PACK [OMVOH PREFILLED PEN 300 MG DOSE CARTON],OMVOH PREFILLED PEN 300 MG DOSE CARTON,MIRIKIZUMAB-MRKZ 100 MG/ML,PACK
2703048,SBD,2 ML MIRIKIZUMAB-MRKZ 100 MG/ML PREFILLED SYRINGE [OMVOH],OMVOH,MIRIKIZUMAB-MRKZ 100 MG/ML,PREFILLED SYRINGE
311725,SCD,MIRTAZAPINE 15 MG ORAL TABLET,,MIRTAZAPINE 15 MG,ORAL TABLET
283406,SCD,MIRTAZAPINE 15 MG DISINTEGRATING ORAL TABLET,,MIRTAZAPINE 15 MG,DISINTEGRATING ORAL TABLET
752869,SBD,MIRTAZAPINE 15 MG DISINTEGRATING ORAL TABLET [REMERON],REMERON,MIRTAZAPINE 15 MG,DISINTEGRATING ORAL TABLET
211322,SBD,MIRTAZAPINE 15 MG ORAL TABLET [REMERON],REMERON,MIRTAZAPINE 15 MG,ORAL TABLET
283407,SCD,MIRTAZAPINE 30 MG DISINTEGRATING ORAL TABLET,,MIRTAZAPINE 30 MG,DISINTEGRATING ORAL TABLET
314111,SCD,MIRTAZAPINE 30 MG ORAL TABLET,,MIRTAZAPINE 30 MG,ORAL TABLET
752870,SBD,MIRTAZAPINE 30 MG DISINTEGRATING ORAL TABLET [REMERON],REMERON,MIRTAZAPINE 30 MG,DISINTEGRATING ORAL TABLET
211323,SBD,MIRTAZAPINE 30 MG ORAL TABLET [REMERON],REMERON,MIRTAZAPINE 30 MG,ORAL TABLET
752871,SBD,MIRTAZAPINE 45 MG DISINTEGRATING ORAL TABLET [REMERON],REMERON,MIRTAZAPINE 45 MG,DISINTEGRATING ORAL TABLET
311726,SCD,MIRTAZAPINE 45 MG ORAL TABLET,,MIRTAZAPINE 45 MG,ORAL TABLET
283485,SCD,MIRTAZAPINE 45 MG DISINTEGRATING ORAL TABLET,,MIRTAZAPINE 45 MG,DISINTEGRATING ORAL TABLET
476809,SCD,MIRTAZAPINE 7.5 MG ORAL TABLET,,MIRTAZAPINE 7.5 MG,ORAL TABLET
311727,SCD,MISOPROSTOL 0.1 MG ORAL TABLET,,MISOPROSTOL 0.1 MG,ORAL TABLET
209177,SBD,MISOPROSTOL 0.1 MG ORAL TABLET [CYTOTEC],CYTOTEC,MISOPROSTOL 0.1 MG,ORAL TABLET
317128,SCD,MISOPROSTOL 0.2 MG ORAL TABLET,,MISOPROSTOL 0.2 MG,ORAL TABLET
104098,SBD,MISOPROSTOL 0.2 MG ORAL TABLET [CYTOTEC],CYTOTEC,MISOPROSTOL 0.2 MG,ORAL TABLET
2730666,SBD,MITAPIVAT 100 MG ORAL TABLET [AQVESME],AQVESME,MITAPIVAT 100 MG,ORAL TABLET
2594742,BPCK,{56 (MITAPIVAT 20 MG ORAL TABLET [PYRUKYND]) } PACK [PYRUKYND 20 MG 4-WEEK],PYRUKYND 20 MG 4-WEEK,MITAPIVAT 20 MG,PACK
2594748,BPCK,{7 (MITAPIVAT 20 MG ORAL TABLET [PYRUKYND]) / 7 (MITAPIVAT 5 MG ORAL TABLET [PYRUKYND]) } PACK [PYRUKYND 5 MG / 20 MG TAPER],PYRUKYND 5 MG / 20 MG TAPER,MITAPIVAT 20 MG / MITAPIVAT 5 MG,PACK
2594750,BPCK,{7 (MITAPIVAT 20 MG ORAL TABLET [PYRUKYND]) / 7 (MITAPIVAT 50 MG ORAL TABLET [PYRUKYND]) } PACK [PYRUKYND 20 MG / 50 MG TAPER],PYRUKYND 20 MG / 50 MG TAPER,MITAPIVAT 20 MG / MITAPIVAT 50 MG,PACK
2594746,BPCK,{7 (MITAPIVAT 5 MG ORAL TABLET [PYRUKYND]) } PACK [PYRUKYND 5 MG TAPER],PYRUKYND 5 MG TAPER,MITAPIVAT 5 MG,PACK
2594744,BPCK,{56 (MITAPIVAT 5 MG ORAL TABLET [PYRUKYND]) } PACK [PYRUKYND 5 MG 4-WEEK],PYRUKYND 5 MG 4-WEEK,MITAPIVAT 5 MG,PACK
2594795,BPCK,{56 (MITAPIVAT 50 MG ORAL TABLET [PYRUKYND]) } PACK [PYRUKYND 50 MG 4-WEEK],PYRUKYND 50 MG 4-WEEK,MITAPIVAT 50 MG,PACK
207373,SBD,MITOTANE 500 MG ORAL TABLET [LYSODREN],LYSODREN,MITOTANE 500 MG,ORAL TABLET
260218,SCD,MODAFINIL 100 MG ORAL TABLET,,MODAFINIL 100 MG,ORAL TABLET
226426,SBD,MODAFINIL 100 MG ORAL TABLET [PROVIGIL],PROVIGIL,MODAFINIL 100 MG,ORAL TABLET
213471,SBD,MODAFINIL 200 MG ORAL TABLET [PROVIGIL],PROVIGIL,MODAFINIL 200 MG,ORAL TABLET
205324,SCD,MODAFINIL 200 MG ORAL TABLET,,MODAFINIL 200 MG,ORAL TABLET
2464832,SBD,0.5 ML MODIFIED VACCINIA ANKARA-BAVARIAN NORDIC 198000000 UNT/ML INJECTION [JYNNEOS],JYNNEOS,MODIFIED VACCINIA ANKARA-BAVARIAN NORDIC 198000000 UNT/ML,INJECTION
1299896,SCD,MOEXIPRIL HYDROCHLORIDE 15 MG ORAL TABLET,,MOEXIPRIL HYDROCHLORIDE 15 MG,ORAL TABLET
1299897,SCD,MOEXIPRIL HYDROCHLORIDE 7.5 MG ORAL TABLET,,MOEXIPRIL HYDROCHLORIDE 7.5 MG,ORAL TABLET
1298816,SCD,MOLINDONE HYDROCHLORIDE 10 MG ORAL TABLET,,MOLINDONE HYDROCHLORIDE 10 MG,ORAL TABLET
1298906,SCD,MOLINDONE HYDROCHLORIDE 25 MG ORAL TABLET,,MOLINDONE HYDROCHLORIDE 25 MG,ORAL TABLET
1298910,SCD,MOLINDONE HYDROCHLORIDE 5 MG ORAL TABLET,,MOLINDONE HYDROCHLORIDE 5 MG,ORAL TABLET
2603740,SBD,MOLNUPIRAVIR 200 MG ORAL CAPSULE [LAGEVRIO],LAGEVRIO,MOLNUPIRAVIR 200 MG,ORAL CAPSULE
2665216,SBD,MOMELOTINIB 100 MG ORAL TABLET [OJJAARA],OJJAARA,MOMELOTINIB 100 MG,ORAL TABLET
2665220,SBD,MOMELOTINIB 150 MG ORAL TABLET [OJJAARA],OJJAARA,MOMELOTINIB 150 MG,ORAL TABLET
2665224,SBD,MOMELOTINIB 200 MG ORAL TABLET [OJJAARA],OJJAARA,MOMELOTINIB 200 MG,ORAL TABLET
151029,SCD,MOMETASONE FUROATE 0.001 MG/MG TOPICAL OINTMENT,,MOMETASONE FUROATE 0.001 MG/MG,TOPICAL OINTMENT
2591812,SBD,MOMETASONE FUROATE 0.025 MG/ACTUAT / OLOPATADINE HYDROCHLORIDE 0.665 MG/ACTUAT METERED DOSE NASAL SPRAY [RYALTRIS],RYALTRIS,MOMETASONE FUROATE 0.025 MG/ACTUAT / OLOPATADINE HYDROCHLORIDE 0.665 MG/ACTUAT,METERED DOSE NASAL SPRAY
2196792,SBD,120 ACTUAT MOMETASONE FUROATE 0.05 MG/ACTUAT METERED DOSE INHALER [ASMANEX],ASMANEX,MOMETASONE FUROATE 0.05 MG/ACTUAT,METERED DOSE INHALER
1797865,SCD,MOMETASONE FUROATE 0.05 MG/ACTUAT METERED DOSE NASAL SPRAY,,MOMETASONE FUROATE 0.05 MG/ACTUAT,METERED DOSE NASAL SPRAY
1536144,SBD,120 ACTUAT MOMETASONE FUROATE 0.1 MG/ACTUAT METERED DOSE INHALER [ASMANEX],ASMANEX,MOMETASONE FUROATE 0.1 MG/ACTUAT,METERED DOSE INHALER
790284,SBD,30 ACTUAT MOMETASONE FUROATE 0.11 MG/ACTUAT DRY POWDER INHALER [ASMANEX],ASMANEX,MOMETASONE FUROATE 0.11 MG/ACTUAT,DRY POWDER INHALER
1536148,SBD,120 ACTUAT MOMETASONE FUROATE 0.2 MG/ACTUAT METERED DOSE INHALER [ASMANEX],ASMANEX,MOMETASONE FUROATE 0.2 MG/ACTUAT,METERED DOSE INHALER
746804,SBD,120 ACTUAT MOMETASONE FUROATE 0.22 MG/ACTUAT DRY POWDER INHALER [ASMANEX],ASMANEX,MOMETASONE FUROATE 0.22 MG/ACTUAT,DRY POWDER INHALER
746815,SBD,60 ACTUAT MOMETASONE FUROATE 0.22 MG/ACTUAT DRY POWDER INHALER [ASMANEX],ASMANEX,MOMETASONE FUROATE 0.22 MG/ACTUAT,DRY POWDER INHALER
746813,SBD,30 ACTUAT MOMETASONE FUROATE 0.22 MG/ACTUAT DRY POWDER INHALER [ASMANEX],ASMANEX,MOMETASONE FUROATE 0.22 MG/ACTUAT,DRY POWDER INHALER
311753,SCD,MOMETASONE FUROATE 1 MG/ML TOPICAL CREAM,,MOMETASONE FUROATE 1 MG/ML,TOPICAL CREAM
151030,SCD,MOMETASONE FUROATE 1 MG/ML TOPICAL LOTION,,MOMETASONE FUROATE 1 MG/ML,TOPICAL LOTION
2393593,SBD,MONOMETHYL FUMARATE 95 MG DELAYED RELEASE ORAL CAPSULE [BAFIERTAM],BAFIERTAM,MONOMETHYL FUMARATE 95 MG,DELAYED RELEASE ORAL CAPSULE
200224,SCD,MONTELUKAST 10 MG ORAL TABLET,,MONTELUKAST 10 MG,ORAL TABLET
153892,SBD,MONTELUKAST 10 MG ORAL TABLET [SINGULAIR],SINGULAIR,MONTELUKAST 10 MG,ORAL TABLET
261367,SBD,MONTELUKAST 4 MG CHEWABLE TABLET [SINGULAIR],SINGULAIR,MONTELUKAST 4 MG,CHEWABLE TABLET
311759,SCD,MONTELUKAST 4 MG CHEWABLE TABLET,,MONTELUKAST 4 MG,CHEWABLE TABLET
351246,SCD,MONTELUKAST 4 MG ORAL GRANULES,,MONTELUKAST 4 MG,ORAL GRANULES
242438,SCD,MONTELUKAST 5 MG CHEWABLE TABLET,,MONTELUKAST 5 MG,CHEWABLE TABLET
153893,SBD,MONTELUKAST 5 MG CHEWABLE TABLET [SINGULAIR],SINGULAIR,MONTELUKAST 5 MG,CHEWABLE TABLET
892494,SCD,MORPHINE SULFATE 10 MG EXTENDED RELEASE ORAL CAPSULE,,MORPHINE SULFATE 10 MG,EXTENDED RELEASE ORAL CAPSULE
891874,SCD,MORPHINE SULFATE 100 MG EXTENDED RELEASE ORAL TABLET,,MORPHINE SULFATE 100 MG,EXTENDED RELEASE ORAL TABLET
892554,SCD,MORPHINE SULFATE 100 MG EXTENDED RELEASE ORAL CAPSULE,,MORPHINE SULFATE 100 MG,EXTENDED RELEASE ORAL CAPSULE
892297,SCD,24 HR MORPHINE SULFATE 120 MG EXTENDED RELEASE ORAL CAPSULE,,MORPHINE SULFATE 120 MG,EXTENDED RELEASE ORAL CAPSULE
892574,SBD,MORPHINE SULFATE 15 MG EXTENDED RELEASE ORAL TABLET [MS CONTIN],MS CONTIN,MORPHINE SULFATE 15 MG,EXTENDED RELEASE ORAL TABLET
892582,SCD,MORPHINE SULFATE 15 MG ORAL TABLET,,MORPHINE SULFATE 15 MG,ORAL TABLET
891881,SCD,MORPHINE SULFATE 15 MG EXTENDED RELEASE ORAL TABLET,,MORPHINE SULFATE 15 MG,EXTENDED RELEASE ORAL TABLET
892589,SCD,MORPHINE SULFATE 2 MG/ML ORAL SOLUTION,,MORPHINE SULFATE 2 MG/ML,ORAL SOLUTION
892596,SCD,MORPHINE SULFATE 20 MG EXTENDED RELEASE ORAL CAPSULE,,MORPHINE SULFATE 20 MG,EXTENDED RELEASE ORAL CAPSULE
892625,SCD,MORPHINE SULFATE 20 MG/ML ORAL SOLUTION,,MORPHINE SULFATE 20 MG/ML,ORAL SOLUTION
892646,SCD,MORPHINE SULFATE 200 MG EXTENDED RELEASE ORAL TABLET,,MORPHINE SULFATE 200 MG,EXTENDED RELEASE ORAL TABLET
892342,SCD,24 HR MORPHINE SULFATE 30 MG EXTENDED RELEASE ORAL CAPSULE,,MORPHINE SULFATE 30 MG,EXTENDED RELEASE ORAL CAPSULE
892660,SBD,MORPHINE SULFATE 30 MG EXTENDED RELEASE ORAL TABLET [MS CONTIN],MS CONTIN,MORPHINE SULFATE 30 MG,EXTENDED RELEASE ORAL TABLET
892672,SCD,MORPHINE SULFATE 30 MG ORAL TABLET,,MORPHINE SULFATE 30 MG,ORAL TABLET
891888,SCD,MORPHINE SULFATE 30 MG EXTENDED RELEASE ORAL TABLET,,MORPHINE SULFATE 30 MG,EXTENDED RELEASE ORAL TABLET
894780,SCD,MORPHINE SULFATE 4 MG/ML ORAL SOLUTION,,MORPHINE SULFATE 4 MG/ML,ORAL SOLUTION
894942,SCD,24 HR MORPHINE SULFATE 45 MG EXTENDED RELEASE ORAL CAPSULE,,MORPHINE SULFATE 45 MG,EXTENDED RELEASE ORAL CAPSULE
894801,SCD,MORPHINE SULFATE 50 MG EXTENDED RELEASE ORAL CAPSULE,,MORPHINE SULFATE 50 MG,EXTENDED RELEASE ORAL CAPSULE
891893,SCD,MORPHINE SULFATE 60 MG EXTENDED RELEASE ORAL TABLET,,MORPHINE SULFATE 60 MG,EXTENDED RELEASE ORAL TABLET
892349,SCD,24 HR MORPHINE SULFATE 60 MG EXTENDED RELEASE ORAL CAPSULE,,MORPHINE SULFATE 60 MG,EXTENDED RELEASE ORAL CAPSULE
892352,SCD,MORPHINE SULFATE 60 MG EXTENDED RELEASE ORAL CAPSULE,,MORPHINE SULFATE 60 MG,EXTENDED RELEASE ORAL CAPSULE
894813,SBD,MORPHINE SULFATE 60 MG EXTENDED RELEASE ORAL TABLET [MS CONTIN],MS CONTIN,MORPHINE SULFATE 60 MG,EXTENDED RELEASE ORAL TABLET
894970,SCD,24 HR MORPHINE SULFATE 75 MG EXTENDED RELEASE ORAL CAPSULE,,MORPHINE SULFATE 75 MG,EXTENDED RELEASE ORAL CAPSULE
894814,SCD,MORPHINE SULFATE 80 MG EXTENDED RELEASE ORAL CAPSULE,,MORPHINE SULFATE 80 MG,EXTENDED RELEASE ORAL CAPSULE
892355,SCD,24 HR MORPHINE SULFATE 90 MG EXTENDED RELEASE ORAL CAPSULE,,MORPHINE SULFATE 90 MG,EXTENDED RELEASE ORAL CAPSULE
351156,SCD,250 ML MOXIFLOXACIN 1.6 MG/ML INJECTION,,MOXIFLOXACIN 1.6 MG/ML,INJECTION
311787,SCD,MOXIFLOXACIN 400 MG ORAL TABLET,,MOXIFLOXACIN 400 MG,ORAL TABLET
403818,SCD,MOXIFLOXACIN 5 MG/ML OPHTHALMIC SOLUTION,,MOXIFLOXACIN 5 MG/ML,OPHTHALMIC SOLUTION
404473,SBD,MOXIFLOXACIN 5 MG/ML OPHTHALMIC SOLUTION [VIGAMOX],VIGAMOX,MOXIFLOXACIN 5 MG/ML,OPHTHALMIC SOLUTION
106346,SCD,MUPIROCIN 0.02 MG/MG TOPICAL OINTMENT,,MUPIROCIN 0.02 MG/MG,TOPICAL OINTMENT
311877,SCD,MUPIROCIN 20 MG/ML TOPICAL CREAM,,MUPIROCIN 20 MG/ML,TOPICAL CREAM
311880,SCD,MYCOPHENOLATE MOFETIL 200 MG/ML ORAL SUSPENSION,,MYCOPHENOLATE MOFETIL 200 MG/ML,ORAL SUSPENSION
616444,SBD,MYCOPHENOLATE MOFETIL 200 MG/ML ORAL SUSPENSION [CELLCEPT],CELLCEPT,MYCOPHENOLATE MOFETIL 200 MG/ML,ORAL SUSPENSION
2684851,SBD,MYCOPHENOLATE MOFETIL 200 MG/ML ORAL SUSPENSION [MYHIBBIN],MYHIBBIN,MYCOPHENOLATE MOFETIL 200 MG/ML,ORAL SUSPENSION
616447,SBD,MYCOPHENOLATE MOFETIL 250 MG ORAL CAPSULE [CELLCEPT],CELLCEPT,MYCOPHENOLATE MOFETIL 250 MG,ORAL CAPSULE
199058,SCD,MYCOPHENOLATE MOFETIL 250 MG ORAL CAPSULE,,MYCOPHENOLATE MOFETIL 250 MG,ORAL CAPSULE
616435,SBD,MYCOPHENOLATE MOFETIL 500 MG ORAL TABLET [CELLCEPT],CELLCEPT,MYCOPHENOLATE MOFETIL 500 MG,ORAL TABLET
200060,SCD,MYCOPHENOLATE MOFETIL 500 MG ORAL TABLET,,MYCOPHENOLATE MOFETIL 500 MG,ORAL TABLET
485020,SCD,MYCOPHENOLIC ACID 180 MG DELAYED RELEASE ORAL TABLET,,MYCOPHENOLIC ACID 180 MG,DELAYED RELEASE ORAL TABLET
616450,SBD,MYCOPHENOLIC ACID 180 MG DELAYED RELEASE ORAL TABLET [MYFORTIC],MYFORTIC,MYCOPHENOLIC ACID 180 MG,DELAYED RELEASE ORAL TABLET
616449,SBD,MYCOPHENOLIC ACID 360 MG DELAYED RELEASE ORAL TABLET [MYFORTIC],MYFORTIC,MYCOPHENOLIC ACID 360 MG,DELAYED RELEASE ORAL TABLET
485023,SCD,MYCOPHENOLIC ACID 360 MG DELAYED RELEASE ORAL TABLET,,MYCOPHENOLIC ACID 360 MG,DELAYED RELEASE ORAL TABLET
2200291,SBD,NABUMETONE 1000 MG ORAL TABLET [RELAFEN],RELAFEN,NABUMETONE 1000 MG,ORAL TABLET
311892,SCD,NABUMETONE 500 MG ORAL TABLET,,NABUMETONE 500 MG,ORAL TABLET
311893,SCD,NABUMETONE 750 MG ORAL TABLET,,NABUMETONE 750 MG,ORAL TABLET
198006,SCD,NADOLOL 20 MG ORAL TABLET,,NADOLOL 20 MG,ORAL TABLET
198007,SCD,NADOLOL 40 MG ORAL TABLET,,NADOLOL 40 MG,ORAL TABLET
198008,SCD,NADOLOL 80 MG ORAL TABLET,,NADOLOL 80 MG,ORAL TABLET
1797880,SBD,NAFARELIN 0.2 MG/ACTUAT METERED DOSE NASAL SPRAY [SYNAREL],SYNAREL,NAFARELIN 0.2 MG/ACTUAT,METERED DOSE NASAL SPRAY
239189,SCD,NAFCILLIN 100 MG/ML INJECTABLE SOLUTION,,NAFCILLIN 100 MG/ML,INJECTABLE SOLUTION
1721458,SCD,NAFCILLIN 1000 MG INJECTION,,NAFCILLIN 1000 MG,INJECTION
1721460,SCD,NAFCILLIN 2000 MG INJECTION,,NAFCILLIN 2000 MG,INJECTION
1433734,SCD,NAFTIFINE HYDROCHLORIDE 0.02 MG/MG TOPICAL GEL,,NAFTIFINE HYDROCHLORIDE 0.02 MG/MG,TOPICAL GEL
1433736,SBD,NAFTIFINE HYDROCHLORIDE 0.02 MG/MG TOPICAL GEL [NAFTIN],NAFTIN,NAFTIFINE HYDROCHLORIDE 0.02 MG/MG,TOPICAL GEL
896110,SCD,NAFTIFINE HYDROCHLORIDE 10 MG/ML TOPICAL CREAM,,NAFTIFINE HYDROCHLORIDE 10 MG/ML,TOPICAL CREAM
1246096,SCD,NAFTIFINE HYDROCHLORIDE 20 MG/ML TOPICAL CREAM,,NAFTIFINE HYDROCHLORIDE 20 MG/ML,TOPICAL CREAM
1876609,SBD,NALDEMEDINE 0.2 MG ORAL TABLET [SYMPROIC],SYMPROIC,NALDEMEDINE 0.2 MG,ORAL TABLET
2639727,SBD,NALMEFENE 27 MG/ML NASAL SPRAY [OPVEE],OPVEE,NALMEFENE 27 MG/ML,NASAL SPRAY
2720812,SBD,0.5 ML NALMEFENE 3 MG/ML AUTO-INJECTOR [ZURNAI],ZURNAI,NALMEFENE 3 MG/ML,AUTO-INJECTOR
1551923,SBD,NALOXEGOL 12.5 MG ORAL TABLET [MOVANTIK],MOVANTIK,NALOXEGOL 12.5 MG,ORAL TABLET
1601373,SBD,NALOXEGOL 25 MG ORAL TABLET [MOVANTIK],MOVANTIK,NALOXEGOL 25 MG,ORAL TABLET
312289,SCD,NALOXONE 0.5 MG / PENTAZOCINE 50 MG ORAL TABLET,,NALOXONE 0.5 MG / PENTAZOCINE 50 MG,ORAL TABLET
2679504,SCD,1 ML NALOXONE HYDROCHLORIDE 0.4 MG/ML PREFILLED SYRINGE,,NALOXONE HYDROCHLORIDE 0.4 MG/ML,PREFILLED SYRINGE
1191234,SCD,1 ML NALOXONE HYDROCHLORIDE 0.4 MG/ML CARTRIDGE,,NALOXONE HYDROCHLORIDE 0.4 MG/ML,CARTRIDGE
1659929,SCD,1 ML NALOXONE HYDROCHLORIDE 0.4 MG/ML INJECTION,,NALOXONE HYDROCHLORIDE 0.4 MG/ML,INJECTION
1191250,SCD,2 ML NALOXONE HYDROCHLORIDE 1 MG/ML PREFILLED SYRINGE,,NALOXONE HYDROCHLORIDE 1 MG/ML,PREFILLED SYRINGE
2540709,SBD,NALOXONE HYDROCHLORIDE 80 MG/ML NASAL SPRAY [KLOXXADO],KLOXXADO,NALOXONE HYDROCHLORIDE 80 MG/ML,NASAL SPRAY
2704898,SBD,NALOXONE HYDROCHLORIDE 90.9 MG/ML NASAL SPRAY [REZENOPY],REZENOPY,NALOXONE HYDROCHLORIDE 90.9 MG/ML,NASAL SPRAY
637216,SBD,NALTREXONE 380 MG INJECTION [VIVITROL],VIVITROL,NALTREXONE 380 MG,INJECTION
1483744,SCD,NALTREXONE HYDROCHLORIDE 50 MG ORAL TABLET,,NALTREXONE HYDROCHLORIDE 50 MG,ORAL TABLET
311913,SCD,NAPROXEN 25 MG/ML ORAL SUSPENSION,,NAPROXEN 25 MG/ML,ORAL SUSPENSION
198013,SCD,NAPROXEN 250 MG ORAL TABLET,,NAPROXEN 250 MG,ORAL TABLET
1116320,SCD,24 HR NAPROXEN 375 MG EXTENDED RELEASE ORAL TABLET,,NAPROXEN 375 MG,EXTENDED RELEASE ORAL TABLET
1116331,SBD,24 HR NAPROXEN 375 MG EXTENDED RELEASE ORAL TABLET [NAPRELAN],NAPRELAN,NAPROXEN 375 MG,EXTENDED RELEASE ORAL TABLET
603103,SCD,NAPROXEN 375 MG DELAYED RELEASE ORAL TABLET,,NAPROXEN 375 MG,DELAYED RELEASE ORAL TABLET
198012,SCD,NAPROXEN 375 MG ORAL TABLET,,NAPROXEN 375 MG,ORAL TABLET
311915,SCD,NAPROXEN 500 MG DELAYED RELEASE ORAL TABLET,,NAPROXEN 500 MG,DELAYED RELEASE ORAL TABLET
1116339,SCD,24 HR NAPROXEN 500 MG EXTENDED RELEASE ORAL TABLET,,NAPROXEN 500 MG,EXTENDED RELEASE ORAL TABLET
1116341,SBD,24 HR NAPROXEN 500 MG EXTENDED RELEASE ORAL TABLET [NAPRELAN],NAPRELAN,NAPROXEN 500 MG,EXTENDED RELEASE ORAL TABLET
198014,SCD,NAPROXEN 500 MG ORAL TABLET,,NAPROXEN 500 MG,ORAL TABLET
1116349,SCD,24 HR NAPROXEN 750 MG EXTENDED RELEASE ORAL TABLET,,NAPROXEN 750 MG,EXTENDED RELEASE ORAL TABLET
849398,SCD,NAPROXEN SODIUM 275 MG ORAL TABLET,,NAPROXEN SODIUM 275 MG,ORAL TABLET
849450,SCD,NAPROXEN SODIUM 500 MG / SUMATRIPTAN 85 MG ORAL TABLET,,NAPROXEN SODIUM 500 MG / SUMATRIPTAN 85 MG,ORAL TABLET
849452,SBD,NAPROXEN SODIUM 500 MG / SUMATRIPTAN 85 MG ORAL TABLET [TREXIMET],TREXIMET,NAPROXEN SODIUM 500 MG / SUMATRIPTAN 85 MG,ORAL TABLET
849431,SCD,NAPROXEN SODIUM 550 MG ORAL TABLET,,NAPROXEN SODIUM 550 MG,ORAL TABLET
311918,SCD,NARATRIPTAN 1 MG ORAL TABLET,,NARATRIPTAN 1 MG,ORAL TABLET
314135,SCD,NARATRIPTAN 2.5 MG ORAL TABLET,,NARATRIPTAN 2.5 MG,ORAL TABLET
207100,SBD,NATAMYCIN 50 MG/ML OPHTHALMIC SUSPENSION [NATACYN],NATACYN,NATAMYCIN 50 MG/ML,OPHTHALMIC SUSPENSION
311919,SCD,NATEGLINIDE 120 MG ORAL TABLET,,NATEGLINIDE 120 MG,ORAL TABLET
314142,SCD,NATEGLINIDE 60 MG ORAL TABLET,,NATEGLINIDE 60 MG,ORAL TABLET
2739529,SBD,NAVEPEGRITIDE 1.3 MG INJECTION [YUVIWEL],YUVIWEL,NAVEPEGRITIDE 1.3 MG,INJECTION
2739533,SBD,NAVEPEGRITIDE 2.8 MG INJECTION [YUVIWEL],YUVIWEL,NAVEPEGRITIDE 2.8 MG,INJECTION
2739537,SBD,NAVEPEGRITIDE 5.5 MG INJECTION [YUVIWEL],YUVIWEL,NAVEPEGRITIDE 5.5 MG,INJECTION
751616,SBD,NEBIVOLOL 10 MG ORAL TABLET [BYSTOLIC],BYSTOLIC,NEBIVOLOL 10 MG,ORAL TABLET
751612,SCD,NEBIVOLOL 10 MG ORAL TABLET,,NEBIVOLOL 10 MG,ORAL TABLET
751620,SBD,NEBIVOLOL 2.5 MG ORAL TABLET [BYSTOLIC],BYSTOLIC,NEBIVOLOL 2.5 MG,ORAL TABLET
751618,SCD,NEBIVOLOL 2.5 MG ORAL TABLET,,NEBIVOLOL 2.5 MG,ORAL TABLET
827073,SCD,NEBIVOLOL 20 MG ORAL TABLET,,NEBIVOLOL 20 MG,ORAL TABLET
827075,SBD,NEBIVOLOL 20 MG ORAL TABLET [BYSTOLIC],BYSTOLIC,NEBIVOLOL 20 MG,ORAL TABLET
387013,SCD,NEBIVOLOL 5 MG ORAL TABLET,,NEBIVOLOL 5 MG,ORAL TABLET
751623,SBD,NEBIVOLOL 5 MG ORAL TABLET [BYSTOLIC],BYSTOLIC,NEBIVOLOL 5 MG,ORAL TABLET
2675318,SBD,1 ML NEDOSIRAN 160 MG/ML PREFILLED SYRINGE [RIVFLOZA],RIVFLOZA,NEDOSIRAN 160 MG/ML,PREFILLED SYRINGE
2675315,SBD,0.8 ML NEDOSIRAN 160 MG/ML PREFILLED SYRINGE [RIVFLOZA],RIVFLOZA,NEDOSIRAN 160 MG/ML,PREFILLED SYRINGE
2675309,SBD,0.5 ML NEDOSIRAN 160 MG/ML INJECTION [RIVFLOZA],RIVFLOZA,NEDOSIRAN 160 MG/ML,INJECTION
724217,SY,"NEEDLES, INSULIN DISP., SAFETY",NA,"NEEDLES, INSULIN DISP., SAFETY",NA
1098649,SCD,NEFAZODONE HYDROCHLORIDE 100 MG ORAL TABLET,,NEFAZODONE HYDROCHLORIDE 100 MG,ORAL TABLET
1098666,SCD,NEFAZODONE HYDROCHLORIDE 150 MG ORAL TABLET,,NEFAZODONE HYDROCHLORIDE 150 MG,ORAL TABLET
1098670,SCD,NEFAZODONE HYDROCHLORIDE 200 MG ORAL TABLET,,NEFAZODONE HYDROCHLORIDE 200 MG,ORAL TABLET
1098674,SCD,NEFAZODONE HYDROCHLORIDE 250 MG ORAL TABLET,,NEFAZODONE HYDROCHLORIDE 250 MG,ORAL TABLET
1098678,SCD,NEFAZODONE HYDROCHLORIDE 50 MG ORAL TABLET,,NEFAZODONE HYDROCHLORIDE 50 MG,ORAL TABLET
2670566,SBD,0.5 ML NEISSERIA MENINGITIDIS SEROGROUP A CAPSULAR POLYSACCHARIDE TETANUS TOXOID PROTEIN CONJUGATE VACCINE 0.01 MG/ML / NEISSERIA MENINGITIDIS SEROGROUP B RECOMBINANT LP2086 A05 PROTEIN VARIANT ANTIGEN 0.12 MG/ML / NEISSERIA MENINGITIDIS SEROGROUP B RECOMBINANT LP2086 B01 PROTEIN VARIANT ANTIGEN 0.12 MG/ML / NEISSERIA MENINGITIDIS SEROGROUP C CAPSULAR POLYSACCHARIDE TETANUS TOXOID PROTEIN CONJUGATE VACCINE 0.01 MG/ML / NEISSERIA MENINGITIDIS SEROGROUP W-135 CAPSULAR POLYSACCHARIDE TETANUS TOXOID PROTEIN CONJUGATE VACCINE 0.01 MG/ML / NEISSERIA MENINGITIDIS SEROGROUP Y CAPSULAR POLYSACCHARIDE TETANUS TOXOID PROTEIN CONJUGATE VACCINE 0.01 MG/ML INJECTION [PENBRAYA],PENBRAYA,NEISSERIA MENINGITIDIS SEROGROUP A CAPSULAR POLYSACCHARIDE TETANUS TOXOID PROTEIN CONJUGATE VACCINE 0.01 MG/ML / NEISSERIA MENINGITIDIS SEROGROUP B RECOMBINANT LP2086 A05 PROTEIN VARIANT ANTIGEN 0.12 MG/ML / NEISSERIA MENINGITIDIS SEROGROUP B RECOMBI,INJECTION
2360588,SBD,0.5 ML NEISSERIA MENINGITIDIS SEROGROUP A CAPSULAR POLYSACCHARIDE TETANUS TOXOID PROTEIN CONJUGATE VACCINE 0.02 MG/ML / NEISSERIA MENINGITIDIS SEROGROUP C CAPSULAR POLYSACCHARIDE TETANUS TOXOID PROTEIN CONJUGATE VACCINE 0.02 MG/ML / NEISSERIA MENINGITIDIS SEROGROUP W-135 CAPSULAR POLYSACCHARIDE TETANUS TOXOID PROTEIN CONJUGATE VACCINE 0.02 MG/ML / NEISSERIA MENINGITIDIS SEROGROUP Y CAPSULAR POLYSACCHARIDE TETANUS TOXOID PROTEIN CONJUGATE VACCINE 0.02 MG/ML INJECTION [MENQUADFI],MENQUADFI,NEISSERIA MENINGITIDIS SEROGROUP A CAPSULAR POLYSACCHARIDE TETANUS TOXOID PROTEIN CONJUGATE VACCINE 0.02 MG/ML / NEISSERIA MENINGITIDIS SEROGROUP C CAPSULAR POLYSACCHARIDE TETANUS TOXOID PROTEIN CONJUGATE VACCINE 0.02 MG/ML / NEISSERIA MENINGITIDIS S,INJECTION
2705467,SBD,0.5 ML NEISSERIA MENINGITIDIS SEROGROUP A OLIGOSACCHARIDE DIPHTHERIA CRM197 PROTEIN CONJUGATE VACCINE 0.02 MG/ML / NEISSERIA MENINGITIDIS SEROGROUP B RECOMBINANT FHBP FUSION PROTEIN ANTIGEN 0.1 MG/ML / NEISSERIA MENINGITIDIS SEROGROUP B RECOMBINANT NADA FUSION PROTEIN ANTIGEN 0.1 MG/ML / NEISSERIA MENINGITIDIS SEROGROUP B RECOMBINANT NHBA FUSION PROTEIN ANTIGEN 0.1 MG/ML / NEISSERIA MENINGITIDIS SEROGROUP B STRAIN NZ98/254 OUTER MEMBRANE VESICLE 0.05 MG/ML / NEISSERIA MENINGITIDIS SEROGROUP C OLIGOSACCHARIDE DIPHTHERIA CRM197 PROTEIN CONJUGATE VACCINE 0.01 MG/ML / NEISSERIA MENINGITIDIS SEROGROUP W-135 OLIGOSACCHARIDE DIPHTHERIA CRM197 PROTEIN CONJUGATE VACCINE 0.01 MG/ML / NEISSERIA MENINGITIDIS SEROGROUP Y OLIGOSACCHARIDE DIPHTHERIA CRM197 PROTEIN CONJUGATE VACCINE 0.01 MG/ML INJECTION [PENMENVY],PENMENVY,NEISSERIA MENINGITIDIS SEROGROUP A OLIGOSACCHARIDE DIPHTHERIA CRM197 PROTEIN CONJUGATE VACCINE 0.02 MG/ML / NEISSERIA MENINGITIDIS SEROGROUP B RECOMBINANT FHBP FUSION PROTEIN ANTIGEN 0.1 MG/ML / NEISSERIA MENINGITIDIS SEROGROUP B RECOMBINANT NADA FUS,INJECTION
901518,SBD,0.5 ML NEISSERIA MENINGITIDIS SEROGROUP A OLIGOSACCHARIDE DIPHTHERIA CRM197 PROTEIN CONJUGATE VACCINE 0.02 MG/ML / NEISSERIA MENINGITIDIS SEROGROUP C OLIGOSACCHARIDE DIPHTHERIA CRM197 PROTEIN CONJUGATE VACCINE 0.01 MG/ML / NEISSERIA MENINGITIDIS SEROGROUP W-135 OLIGOSACCHARIDE DIPHTHERIA CRM197 PROTEIN CONJUGATE VACCINE 0.01 MG/ML / NEISSERIA MENINGITIDIS SEROGROUP Y OLIGOSACCHARIDE DIPHTHERIA CRM197 PROTEIN CONJUGATE VACCINE 0.01 MG/ML INJECTION [MENVEO],MENVEO,NEISSERIA MENINGITIDIS SEROGROUP A OLIGOSACCHARIDE DIPHTHERIA CRM197 PROTEIN CONJUGATE VACCINE 0.02 MG/ML / NEISSERIA MENINGITIDIS SEROGROUP C OLIGOSACCHARIDE DIPHTHERIA CRM197 PROTEIN CONJUGATE VACCINE 0.01 MG/ML / NEISSERIA MENINGITIDIS SEROGROUP W,INJECTION
1593140,SBD,0.5 ML NEISSERIA MENINGITIDIS SEROGROUP B RECOMBINANT LP2086 A05 PROTEIN VARIANT ANTIGEN 0.12 MG/ML / NEISSERIA MENINGITIDIS SEROGROUP B RECOMBINANT LP2086 B01 PROTEIN VARIANT ANTIGEN 0.12 MG/ML PREFILLED SYRINGE [TRUMENBA],TRUMENBA,NEISSERIA MENINGITIDIS SEROGROUP B RECOMBINANT LP2086 A05 PROTEIN VARIANT ANTIGEN 0.12 MG/ML / NEISSERIA MENINGITIDIS SEROGROUP B RECOMBINANT LP2086 B01 PROTEIN VARIANT ANTIGEN 0.12 MG/ML,PREFILLED SYRINGE
212118,SBD,NELFINAVIR 250 MG ORAL TABLET [VIRACEPT],VIRACEPT,NELFINAVIR 250 MG,ORAL TABLET
542370,SBD,NELFINAVIR 625 MG ORAL TABLET [VIRACEPT],VIRACEPT,NELFINAVIR 625 MG,ORAL TABLET
2691328,SBD,NEMOLIZUMAB-ILTO 30 MG AUTO-INJECTOR [NEMLUVIO],NEMLUVIO,NEMOLIZUMAB-ILTO 30 MG,AUTO-INJECTOR
866042,SCD,NEOMYCIN SULFATE 500 MG ORAL TABLET,,NEOMYCIN SULFATE 500 MG,ORAL TABLET
603978,SBD,NEPAFENAC 1 MG/ML OPHTHALMIC SUSPENSION [NEVANAC],NEVANAC,NEPAFENAC 1 MG/ML,OPHTHALMIC SUSPENSION
1365866,SBD,NEPAFENAC 3 MG/ML OPHTHALMIC SUSPENSION [ILEVRO],ILEVRO,NEPAFENAC 3 MG/ML,OPHTHALMIC SUSPENSION
2725539,SBD,NERANDOMILAST 18 MG ORAL TABLET [JASCAYD],JASCAYD,NERANDOMILAST 18 MG,ORAL TABLET
2725534,SBD,NERANDOMILAST 9 MG ORAL TABLET [JASCAYD],JASCAYD,NERANDOMILAST 9 MG,ORAL TABLET
1940654,SBD,NERATINIB 40 MG ORAL TABLET [NERLYNX],NERLYNX,NERATINIB 40 MG,ORAL TABLET
1992873,SBD,NETARSUDIL 0.2 MG/ML OPHTHALMIC SOLUTION [RHOPRESSA],RHOPRESSA,NETARSUDIL 0.2 MG/ML,OPHTHALMIC SOLUTION
311943,SCD,NEVIRAPINE 10 MG/ML ORAL SUSPENSION,,NEVIRAPINE 10 MG/ML,ORAL SUSPENSION
199422,SCD,NEVIRAPINE 200 MG ORAL TABLET,,NEVIRAPINE 200 MG,ORAL TABLET
1095712,SCD,24 HR NEVIRAPINE 400 MG EXTENDED RELEASE ORAL TABLET,,NEVIRAPINE 400 MG,EXTENDED RELEASE ORAL TABLET
1098134,SCD,24 HR NIACIN 1000 MG EXTENDED RELEASE ORAL TABLET,,NIACIN 1000 MG,EXTENDED RELEASE ORAL TABLET
198024,SCD,NIACIN 500 MG ORAL TABLET,,NIACIN 500 MG,ORAL TABLET
1098141,SCD,24 HR NIACIN 500 MG EXTENDED RELEASE ORAL TABLET,,NIACIN 500 MG,EXTENDED RELEASE ORAL TABLET
311944,SBD,NIACIN 500 MG ORAL TABLET [NIACOR],NIACOR,NIACIN 500 MG,ORAL TABLET
1098143,SCD,24 HR NIACIN 750 MG EXTENDED RELEASE ORAL TABLET,,NIACIN 750 MG,EXTENDED RELEASE ORAL TABLET
858613,SCD,NICARDIPINE HYDROCHLORIDE 20 MG ORAL CAPSULE,,NICARDIPINE HYDROCHLORIDE 20 MG,ORAL CAPSULE
858616,SCD,NICARDIPINE HYDROCHLORIDE 30 MG ORAL CAPSULE,,NICARDIPINE HYDROCHLORIDE 30 MG,ORAL CAPSULE
1797888,SBD,NICOTINE 0.5 MG/ACTUAT METERED DOSE NASAL SPRAY [NICOTROL],NICOTROL,NICOTINE 0.5 MG/ACTUAT,METERED DOSE NASAL SPRAY
198032,SCD,NIFEDIPINE 10 MG ORAL CAPSULE,,NIFEDIPINE 10 MG,ORAL CAPSULE
198033,SCD,NIFEDIPINE 20 MG ORAL CAPSULE,,NIFEDIPINE 20 MG,ORAL CAPSULE
1812011,SCD,OSMOTIC 24 HR NIFEDIPINE 30 MG EXTENDED RELEASE ORAL TABLET,,NIFEDIPINE 30 MG,EXTENDED RELEASE ORAL TABLET
207772,SBD,OSMOTIC 24 HR NIFEDIPINE 30 MG EXTENDED RELEASE ORAL TABLET [PROCARDIA],PROCARDIA,NIFEDIPINE 30 MG,EXTENDED RELEASE ORAL TABLET
198034,SCD,24 HR NIFEDIPINE 30 MG EXTENDED RELEASE ORAL TABLET,,NIFEDIPINE 30 MG,EXTENDED RELEASE ORAL TABLET
207773,SBD,OSMOTIC 24 HR NIFEDIPINE 60 MG EXTENDED RELEASE ORAL TABLET [PROCARDIA],PROCARDIA,NIFEDIPINE 60 MG,EXTENDED RELEASE ORAL TABLET
198035,SCD,24 HR NIFEDIPINE 60 MG EXTENDED RELEASE ORAL TABLET,,NIFEDIPINE 60 MG,EXTENDED RELEASE ORAL TABLET
1812013,SCD,OSMOTIC 24 HR NIFEDIPINE 60 MG EXTENDED RELEASE ORAL TABLET,,NIFEDIPINE 60 MG,EXTENDED RELEASE ORAL TABLET
198036,SCD,24 HR NIFEDIPINE 90 MG EXTENDED RELEASE ORAL TABLET,,NIFEDIPINE 90 MG,EXTENDED RELEASE ORAL TABLET
1812015,SCD,OSMOTIC 24 HR NIFEDIPINE 90 MG EXTENDED RELEASE ORAL TABLET,,NIFEDIPINE 90 MG,EXTENDED RELEASE ORAL TABLET
2397994,SBD,NIFURTIMOX 120 MG ORAL TABLET [LAMPIT],LAMPIT,NIFURTIMOX 120 MG,ORAL TABLET
2397991,SBD,NIFURTIMOX 30 MG ORAL TABLET [LAMPIT],LAMPIT,NIFURTIMOX 30 MG,ORAL TABLET
1002300,SBD,NILOTINIB 150 MG ORAL CAPSULE [TASIGNA],TASIGNA,NILOTINIB 150 MG,ORAL CAPSULE
997653,SCD,NILOTINIB 150 MG ORAL CAPSULE,,NILOTINIB 150 MG,ORAL CAPSULE
746609,SBD,NILOTINIB 200 MG ORAL CAPSULE [TASIGNA],TASIGNA,NILOTINIB 200 MG,ORAL CAPSULE
746606,SCD,NILOTINIB 200 MG ORAL CAPSULE,,NILOTINIB 200 MG,ORAL CAPSULE
2002719,SBD,NILOTINIB 50 MG ORAL CAPSULE [TASIGNA],TASIGNA,NILOTINIB 50 MG,ORAL CAPSULE
2002717,SCD,NILOTINIB 50 MG ORAL CAPSULE,,NILOTINIB 50 MG,ORAL CAPSULE
2698570,SBD,NILOTINIB 71 MG ORAL TABLET [DANZITEN],DANZITEN,NILOTINIB 71 MG,ORAL TABLET
2698574,SBD,NILOTINIB 95 MG ORAL TABLET [DANZITEN],DANZITEN,NILOTINIB 95 MG,ORAL TABLET
2715469,SCD,NILOTINIB D-TARTRATE 150 MG ORAL CAPSULE,,NILOTINIB D-TARTRATE 150 MG,ORAL CAPSULE
2715473,SCD,NILOTINIB D-TARTRATE 200 MG ORAL CAPSULE,,NILOTINIB D-TARTRATE 200 MG,ORAL CAPSULE
2715459,SCD,NILOTINIB D-TARTRATE 50 MG ORAL CAPSULE,,NILOTINIB D-TARTRATE 50 MG,ORAL CAPSULE
311982,SCD,NILUTAMIDE 150 MG ORAL TABLET,,NILUTAMIDE 150 MG,ORAL TABLET
1423767,SCD,NIMODIPINE 3 MG/ML ORAL SOLUTION,,NIMODIPINE 3 MG/ML,ORAL SOLUTION
198037,SCD,NIMODIPINE 30 MG ORAL CAPSULE,,NIMODIPINE 30 MG,ORAL CAPSULE
2361313,SBD,NIMODIPINE 6 MG/ML ORAL SOLUTION [NYMALIZE],NYMALIZE,NIMODIPINE 6 MG/ML,ORAL SOLUTION
1592742,SCD,NINTEDANIB 100 MG ORAL CAPSULE,,NINTEDANIB 100 MG,ORAL CAPSULE
1592748,SBD,NINTEDANIB 100 MG ORAL CAPSULE [OFEV],OFEV,NINTEDANIB 100 MG,ORAL CAPSULE
1592750,SCD,NINTEDANIB 150 MG ORAL CAPSULE,,NINTEDANIB 150 MG,ORAL CAPSULE
1592752,SBD,NINTEDANIB 150 MG ORAL CAPSULE [OFEV],OFEV,NINTEDANIB 150 MG,ORAL CAPSULE
2640210,SBD,NIRAPARIB 100 MG ORAL TABLET [ZEJULA],ZEJULA,NIRAPARIB 100 MG,ORAL TABLET
2640212,SBD,NIRAPARIB 200 MG ORAL TABLET [ZEJULA],ZEJULA,NIRAPARIB 200 MG,ORAL TABLET
2640214,SBD,NIRAPARIB 300 MG ORAL TABLET [ZEJULA],ZEJULA,NIRAPARIB 300 MG,ORAL TABLET
2587899,BPCK,{20 (NIRMATRELVIR 150 MG ORAL TABLET) / 10 (RITONAVIR 100 MG ORAL TABLET) } PACK [PAXLOVID 5-DAY],PAXLOVID 5-DAY,NIRMATRELVIR 150 MG / RITONAVIR 100 MG,PACK
2599543,BPCK,{10 (NIRMATRELVIR 150 MG ORAL TABLET) / 10 (RITONAVIR 100 MG ORAL TABLET) } PACK [PAXLOVID 150 MG /100 MG DOSE PACK],PAXLOVID 150 MG /100 MG DOSE PACK,NIRMATRELVIR 150 MG / RITONAVIR 100 MG,PACK
2704987,BPCK,{6 (NIRMATRELVIR 150 MG ORAL TABLET) / 5 (RITONAVIR 100 MG ORAL TABLET) } PACK [PAXLOVID 300 MG /100 MG ; 150 MG / 100 MG DOSE PACK],PAXLOVID 300 MG /100 MG ; 150 MG / 100 MG DOSE PACK,NIRMATRELVIR 150 MG / RITONAVIR 100 MG,PACK
2680364,BPCK,{14 (NIROGACESTAT 100 MG ORAL TABLET [OGSIVEO]) } PACK [OGSIVEO 100 MG 7-DAY],OGSIVEO 100 MG 7-DAY,NIROGACESTAT 100 MG,PACK
2680370,BPCK,{14 (NIROGACESTAT 150 MG ORAL TABLET [OGSIVEO]) } PACK [OGSIVEO 150 MG 7-DAY],OGSIVEO 150 MG 7-DAY,NIROGACESTAT 150 MG,PACK
763519,SCD,24 HR NISOLDIPINE 17 MG EXTENDED RELEASE ORAL TABLET,,NISOLDIPINE 17 MG,EXTENDED RELEASE ORAL TABLET
763521,SBD,24 HR NISOLDIPINE 17 MG EXTENDED RELEASE ORAL TABLET [SULAR],SULAR,NISOLDIPINE 17 MG,EXTENDED RELEASE ORAL TABLET
763591,SBD,24 HR NISOLDIPINE 34 MG EXTENDED RELEASE ORAL TABLET [SULAR],SULAR,NISOLDIPINE 34 MG,EXTENDED RELEASE ORAL TABLET
763589,SCD,24 HR NISOLDIPINE 34 MG EXTENDED RELEASE ORAL TABLET,,NISOLDIPINE 34 MG,EXTENDED RELEASE ORAL TABLET
790840,SBD,24 HR NISOLDIPINE 8.5 MG EXTENDED RELEASE ORAL TABLET [SULAR],SULAR,NISOLDIPINE 8.5 MG,EXTENDED RELEASE ORAL TABLET
790489,SCD,24 HR NISOLDIPINE 8.5 MG EXTENDED RELEASE ORAL TABLET,,NISOLDIPINE 8.5 MG,EXTENDED RELEASE ORAL TABLET
427163,SCD,NITAZOXANIDE 500 MG ORAL TABLET,,NITAZOXANIDE 500 MG,ORAL TABLET
352121,SBD,NITISINONE 10 MG ORAL CAPSULE [ORFADIN],ORFADIN,NITISINONE 10 MG,ORAL CAPSULE
351175,SCD,NITISINONE 10 MG ORAL CAPSULE,,NITISINONE 10 MG,ORAL CAPSULE
1941470,SBD,NITISINONE 10 MG ORAL TABLET [NITYR],NITYR,NITISINONE 10 MG,ORAL TABLET
352119,SBD,NITISINONE 2 MG ORAL CAPSULE [ORFADIN],ORFADIN,NITISINONE 2 MG,ORAL CAPSULE
1941476,SBD,NITISINONE 2 MG ORAL TABLET [NITYR],NITYR,NITISINONE 2 MG,ORAL TABLET
2719722,SBD,NITISINONE 2 MG ORAL TABLET [HARLIKU],HARLIKU,NITISINONE 2 MG,ORAL TABLET
351173,SCD,NITISINONE 2 MG ORAL CAPSULE,,NITISINONE 2 MG,ORAL CAPSULE
1798999,SCD,NITISINONE 20 MG ORAL CAPSULE,,NITISINONE 20 MG,ORAL CAPSULE
1799001,SBD,NITISINONE 20 MG ORAL CAPSULE [ORFADIN],ORFADIN,NITISINONE 20 MG,ORAL CAPSULE
1790317,SBD,NITISINONE 4 MG/ML ORAL SUSPENSION [ORFADIN],ORFADIN,NITISINONE 4 MG/ML,ORAL SUSPENSION
1941473,SBD,NITISINONE 5 MG ORAL TABLET [NITYR],NITYR,NITISINONE 5 MG,ORAL TABLET
351174,SCD,NITISINONE 5 MG ORAL CAPSULE,,NITISINONE 5 MG,ORAL CAPSULE
352120,SBD,NITISINONE 5 MG ORAL CAPSULE [ORFADIN],ORFADIN,NITISINONE 5 MG,ORAL CAPSULE
422434,SCD,NITROFURANTOIN 10 MG/ML ORAL SUSPENSION,,NITROFURANTOIN 10 MG/ML,ORAL SUSPENSION
311989,SCD,NITROFURANTOIN 5 MG/ML ORAL SUSPENSION,,NITROFURANTOIN 5 MG/ML,ORAL SUSPENSION
1648759,SCD,"NITROFURANTOIN, MACROCRYSTALS 100 MG ORAL CAPSULE",,"NITROFURANTOIN, MACROCRYSTALS 100 MG",ORAL CAPSULE
311994,SCD,"NITROFURANTOIN, MACROCRYSTALS 25 MG ORAL CAPSULE",,"NITROFURANTOIN, MACROCRYSTALS 25 MG",ORAL CAPSULE
539712,SBD,"NITROFURANTOIN, MACROCRYSTALS 25 MG / NITROFURANTOIN, MONOHYDRATE 75 MG ORAL CAPSULE [MACROBID]",MACROBID,"NITROFURANTOIN, MACROCRYSTALS 25 MG / NITROFURANTOIN, MONOHYDRATE 75 MG",ORAL CAPSULE
1648755,SCD,"NITROFURANTOIN, MACROCRYSTALS 25 MG / NITROFURANTOIN, MONOHYDRATE 75 MG ORAL CAPSULE",,"NITROFURANTOIN, MACROCRYSTALS 25 MG / NITROFURANTOIN, MONOHYDRATE 75 MG",ORAL CAPSULE
311995,SCD,"NITROFURANTOIN, MACROCRYSTALS 50 MG ORAL CAPSULE",,"NITROFURANTOIN, MACROCRYSTALS 50 MG",ORAL CAPSULE
1114466,SCD,NITROGLYCERIN 0.004 MG/MG RECTAL OINTMENT,,NITROGLYCERIN 0.004 MG/MG,RECTAL OINTMENT
207273,SBD,NITROGLYCERIN 0.02 MG/MG TOPICAL OINTMENT [NITRO-BID],NITRO-BID,NITROGLYCERIN 0.02 MG/MG,TOPICAL OINTMENT
861657,SCD,24 HR NITROGLYCERIN 0.1 MG/HR TRANSDERMAL SYSTEM,,NITROGLYCERIN 0.1 MG/HR,TRANSDERMAL SYSTEM
899660,SBD,24 HR NITROGLYCERIN 0.1 MG/HR TRANSDERMAL SYSTEM [NITRO-DUR],NITRO-DUR,NITROGLYCERIN 0.1 MG/HR,TRANSDERMAL SYSTEM
899521,SBD,24 HR NITROGLYCERIN 0.2 MG/HR TRANSDERMAL SYSTEM [NITRO-DUR],NITRO-DUR,NITROGLYCERIN 0.2 MG/HR,TRANSDERMAL SYSTEM
486148,SCD,24 HR NITROGLYCERIN 0.2 MG/HR TRANSDERMAL SYSTEM,,NITROGLYCERIN 0.2 MG/HR,TRANSDERMAL SYSTEM
198038,SCD,NITROGLYCERIN 0.3 MG SUBLINGUAL TABLET,,NITROGLYCERIN 0.3 MG,SUBLINGUAL TABLET
207331,SBD,NITROGLYCERIN 0.3 MG SUBLINGUAL TABLET [NITROSTAT],NITROSTAT,NITROGLYCERIN 0.3 MG,SUBLINGUAL TABLET
899690,SBD,24 HR NITROGLYCERIN 0.3 MG/HR TRANSDERMAL SYSTEM [NITRO-DUR],NITRO-DUR,NITROGLYCERIN 0.3 MG/HR,TRANSDERMAL SYSTEM
198039,SCD,NITROGLYCERIN 0.4 MG SUBLINGUAL TABLET,,NITROGLYCERIN 0.4 MG,SUBLINGUAL TABLET
207346,SBD,NITROGLYCERIN 0.4 MG SUBLINGUAL TABLET [NITROSTAT],NITROSTAT,NITROGLYCERIN 0.4 MG,SUBLINGUAL TABLET
705129,SCD,NITROGLYCERIN 0.4 MG/ACTUAT MUCOSAL SPRAY,,NITROGLYCERIN 0.4 MG/ACTUAT,MUCOSAL SPRAY
995019,SBD,NITROGLYCERIN 0.4 MG/ACTUAT MUCOSAL SPRAY [NITROLINGUAL],NITROLINGUAL,NITROGLYCERIN 0.4 MG/ACTUAT,MUCOSAL SPRAY
899607,SBD,24 HR NITROGLYCERIN 0.4 MG/HR TRANSDERMAL SYSTEM [NITRO-DUR],NITRO-DUR,NITROGLYCERIN 0.4 MG/HR,TRANSDERMAL SYSTEM
486152,SCD,24 HR NITROGLYCERIN 0.4 MG/HR TRANSDERMAL SYSTEM,,NITROGLYCERIN 0.4 MG/HR,TRANSDERMAL SYSTEM
198040,SCD,NITROGLYCERIN 0.6 MG SUBLINGUAL TABLET,,NITROGLYCERIN 0.6 MG,SUBLINGUAL TABLET
207361,SBD,NITROGLYCERIN 0.6 MG SUBLINGUAL TABLET [NITROSTAT],NITROSTAT,NITROGLYCERIN 0.6 MG,SUBLINGUAL TABLET
486146,SCD,24 HR NITROGLYCERIN 0.6 MG/HR TRANSDERMAL SYSTEM,,NITROGLYCERIN 0.6 MG/HR,TRANSDERMAL SYSTEM
899642,SBD,24 HR NITROGLYCERIN 0.6 MG/HR TRANSDERMAL SYSTEM [NITRO-DUR],NITRO-DUR,NITROGLYCERIN 0.6 MG/HR,TRANSDERMAL SYSTEM
899705,SBD,24 HR NITROGLYCERIN 0.8 MG/HR TRANSDERMAL SYSTEM [NITRO-DUR],NITRO-DUR,NITROGLYCERIN 0.8 MG/HR,TRANSDERMAL SYSTEM
312025,SCD,NIZATIDINE 150 MG ORAL CAPSULE,,NIZATIDINE 150 MG,ORAL CAPSULE
198041,SCD,NIZATIDINE 300 MG ORAL CAPSULE,,NIZATIDINE 300 MG,ORAL CAPSULE
2716571,BPCK,{28 (NORETHINDRONE 0.35 MG ORAL TABLET) } PACK [MELEYA 28 DAY],MELEYA 28 DAY,NORETHINDRONE 0.35 MG,PACK
1539955,BPCK,{28 (NORETHINDRONE 0.35 MG ORAL TABLET) } PACK [SHAROBEL 28 DAY],SHAROBEL 28 DAY,NORETHINDRONE 0.35 MG,PACK
1539953,BPCK,{28 (NORETHINDRONE 0.35 MG ORAL TABLET) } PACK [DEBLITANE 28 DAY],DEBLITANE 28 DAY,NORETHINDRONE 0.35 MG,PACK
977836,BPCK,{28 (NORETHINDRONE 0.35 MG ORAL TABLET) } PACK [HEATHER 28 DAY],HEATHER 28 DAY,NORETHINDRONE 0.35 MG,PACK
831533,BPCK,{28 (NORETHINDRONE 0.35 MG ORAL TABLET) } PACK [ERRIN 28 DAY],ERRIN 28 DAY,NORETHINDRONE 0.35 MG,PACK
2704560,BPCK,{28 (NORETHINDRONE 0.35 MG ORAL TABLET) } PACK [ORQUIDEA 28 DAY],ORQUIDEA 28 DAY,NORETHINDRONE 0.35 MG,PACK
748977,BPCK,{28 (NORETHINDRONE 0.35 MG ORAL TABLET) } PACK [NORA-BE 28 DAY],NORA-BE 28 DAY,NORETHINDRONE 0.35 MG,PACK
1430383,BPCK,{28 (NORETHINDRONE 0.35 MG ORAL TABLET) } PACK [LYZA],LYZA,NORETHINDRONE 0.35 MG,PACK
748962,BPCK,{28 (NORETHINDRONE 0.35 MG ORAL TABLET) } PACK [CAMILA 28 DAY],CAMILA 28 DAY,NORETHINDRONE 0.35 MG,PACK
2397128,BPCK,{28 (NORETHINDRONE 0.35 MG ORAL TABLET) } PACK [LYLEQ 28 DAY],LYLEQ 28 DAY,NORETHINDRONE 0.35 MG,PACK
2052064,BPCK,{28 (NORETHINDRONE 0.35 MG ORAL TABLET) } PACK [INCASSIA 28 DAY],INCASSIA 28 DAY,NORETHINDRONE 0.35 MG,PACK
748961,GPCK,{28 (NORETHINDRONE 0.35 MG ORAL TABLET) } PACK,,NORETHINDRONE 0.35 MG,PACK
2696255,SBD,NORETHINDRONE ACETATE 5 MG ORAL TABLET [GALLIFREY],GALLIFREY,NORETHINDRONE ACETATE 5 MG,ORAL TABLET
1000405,SCD,NORETHINDRONE ACETATE 5 MG ORAL TABLET,,NORETHINDRONE ACETATE 5 MG,ORAL TABLET
198045,SCD,NORTRIPTYLINE 10 MG ORAL CAPSULE,,NORTRIPTYLINE 10 MG,ORAL CAPSULE
312036,SCD,NORTRIPTYLINE 2 MG/ML ORAL SOLUTION,,NORTRIPTYLINE 2 MG/ML,ORAL SOLUTION
317136,SCD,NORTRIPTYLINE 25 MG ORAL CAPSULE,,NORTRIPTYLINE 25 MG,ORAL CAPSULE
198046,SCD,NORTRIPTYLINE 50 MG ORAL CAPSULE,,NORTRIPTYLINE 50 MG,ORAL CAPSULE
198047,SCD,NORTRIPTYLINE 75 MG ORAL CAPSULE,,NORTRIPTYLINE 75 MG,ORAL CAPSULE
646456,SCD,NYSTATIN 100 UNT/MG TOPICAL POWDER,,NYSTATIN 100 UNT/MG,TOPICAL POWDER
884308,SCD,NYSTATIN 100 UNT/MG TOPICAL OINTMENT,,NYSTATIN 100 UNT/MG,TOPICAL OINTMENT
584414,SBD,NYSTATIN 100 UNT/MG TOPICAL POWDER [NYAMYC],NYAMYC,NYSTATIN 100 UNT/MG,TOPICAL POWDER
261178,SBD,NYSTATIN 100 UNT/MG TOPICAL POWDER [NYSTOP],NYSTOP,NYSTATIN 100 UNT/MG,TOPICAL POWDER
1053697,SCD,NYSTATIN 100 UNT/MG / TRIAMCINOLONE ACETONIDE 0.001 MG/MG TOPICAL OINTMENT,,NYSTATIN 100 UNT/MG / TRIAMCINOLONE ACETONIDE 0.001 MG/MG,TOPICAL OINTMENT
543546,SCD,NYSTATIN 100000 UNT/ML TOPICAL CREAM,,NYSTATIN 100000 UNT/ML,TOPICAL CREAM
312055,SCD,NYSTATIN 100000 UNT/ML ORAL SUSPENSION,,NYSTATIN 100000 UNT/ML,ORAL SUSPENSION
1053753,SCD,NYSTATIN 100000 UNT/ML / TRIAMCINOLONE ACETONIDE 1 MG/ML TOPICAL CREAM,,NYSTATIN 100000 UNT/ML / TRIAMCINOLONE ACETONIDE 1 MG/ML,TOPICAL CREAM
312059,SCD,NYSTATIN 500000 UNT ORAL TABLET,,NYSTATIN 500000 UNT,ORAL TABLET
312068,SCD,1 ML OCTREOTIDE 0.05 MG/ML INJECTION,,OCTREOTIDE 0.05 MG/ML,INJECTION
207194,SBD,1 ML OCTREOTIDE 0.05 MG/ML INJECTION [SANDOSTATIN],SANDOSTATIN,OCTREOTIDE 0.05 MG/ML,INJECTION
312069,SCD,1 ML OCTREOTIDE 0.1 MG/ML INJECTION,,OCTREOTIDE 0.1 MG/ML,INJECTION
207198,SBD,1 ML OCTREOTIDE 0.1 MG/ML INJECTION [SANDOSTATIN],SANDOSTATIN,OCTREOTIDE 0.1 MG/ML,INJECTION
314152,SCD,OCTREOTIDE 0.2 MG/ML INJECTABLE SOLUTION,,OCTREOTIDE 0.2 MG/ML,INJECTABLE SOLUTION
312070,SCD,1 ML OCTREOTIDE 0.5 MG/ML INJECTION,,OCTREOTIDE 0.5 MG/ML,INJECTION
207200,SBD,1 ML OCTREOTIDE 0.5 MG/ML INJECTION [SANDOSTATIN],SANDOSTATIN,OCTREOTIDE 0.5 MG/ML,INJECTION
312071,SCD,OCTREOTIDE 1 MG/ML INJECTABLE SOLUTION,,OCTREOTIDE 1 MG/ML,INJECTABLE SOLUTION
2380617,SBD,OCTREOTIDE 20 MG DELAYED RELEASE ORAL CAPSULE [MYCAPSSA],MYCAPSSA,OCTREOTIDE 20 MG,DELAYED RELEASE ORAL CAPSULE
2563989,SBD,ODEVIXIBAT 0.2 MG ORAL PELLET [BYLVAY],BYLVAY,ODEVIXIBAT 0.2 MG,ORAL PELLET
2564001,SBD,ODEVIXIBAT 0.4 MG ORAL CAPSULE [BYLVAY],BYLVAY,ODEVIXIBAT 0.4 MG,ORAL CAPSULE
2563993,SBD,ODEVIXIBAT 0.6 MG ORAL PELLET [BYLVAY],BYLVAY,ODEVIXIBAT 0.6 MG,ORAL PELLET
2564005,SBD,ODEVIXIBAT 1.2 MG ORAL CAPSULE [BYLVAY],BYLVAY,ODEVIXIBAT 1.2 MG,ORAL CAPSULE
2390954,SBD,0.4 ML OFATUMUMAB 50 MG/ML PEN INJECTOR [KESIMPTA],KESIMPTA,OFATUMUMAB 50 MG/ML,PEN INJECTOR
207202,SBD,OFLOXACIN 3 MG/ML OPHTHALMIC SOLUTION [OCUFLOX],OCUFLOX,OFLOXACIN 3 MG/ML,OPHTHALMIC SOLUTION
312075,SCD,OFLOXACIN 3 MG/ML OPHTHALMIC SOLUTION,,OFLOXACIN 3 MG/ML,OPHTHALMIC SOLUTION
242446,SCD,OFLOXACIN 3 MG/ML OTIC SOLUTION,,OFLOXACIN 3 MG/ML,OTIC SOLUTION
198049,SCD,OFLOXACIN 300 MG ORAL TABLET,,OFLOXACIN 300 MG,ORAL TABLET
198050,SCD,OFLOXACIN 400 MG ORAL TABLET,,OFLOXACIN 400 MG,ORAL TABLET
153048,SBD,OLANZAPINE 10 MG ORAL TABLET [ZYPREXA],ZYPREXA,OLANZAPINE 10 MG,ORAL TABLET
312076,SCD,OLANZAPINE 10 MG DISINTEGRATING ORAL TABLET,,OLANZAPINE 10 MG,DISINTEGRATING ORAL TABLET
314154,SCD,OLANZAPINE 10 MG ORAL TABLET,,OLANZAPINE 10 MG,ORAL TABLET
485968,SCD,OLANZAPINE 10 MG INJECTION,,OLANZAPINE 10 MG,INJECTION
545353,SBD,OLANZAPINE 10 MG INJECTION [ZYPREXA],ZYPREXA,OLANZAPINE 10 MG,INJECTION
754503,SBD,OLANZAPINE 10 MG DISINTEGRATING ORAL TABLET [ZYPREXA],ZYPREXA,OLANZAPINE 10 MG,DISINTEGRATING ORAL TABLET
2570401,SBD,OLANZAPINE 10 MG / SAMIDORPHAN 10 MG ORAL TABLET [LYBALVI],LYBALVI,OLANZAPINE 10 MG / SAMIDORPHAN 10 MG,ORAL TABLET
754504,SBD,OLANZAPINE 15 MG DISINTEGRATING ORAL TABLET [ZYPREXA],ZYPREXA,OLANZAPINE 15 MG,DISINTEGRATING ORAL TABLET
312077,SCD,OLANZAPINE 15 MG ORAL TABLET,,OLANZAPINE 15 MG,ORAL TABLET
351107,SCD,OLANZAPINE 15 MG DISINTEGRATING ORAL TABLET,,OLANZAPINE 15 MG,DISINTEGRATING ORAL TABLET
261337,SBD,OLANZAPINE 15 MG ORAL TABLET [ZYPREXA],ZYPREXA,OLANZAPINE 15 MG,ORAL TABLET
2570404,SBD,OLANZAPINE 15 MG / SAMIDORPHAN 10 MG ORAL TABLET [LYBALVI],LYBALVI,OLANZAPINE 15 MG / SAMIDORPHAN 10 MG,ORAL TABLET
212405,SBD,OLANZAPINE 2.5 MG ORAL TABLET [ZYPREXA],ZYPREXA,OLANZAPINE 2.5 MG,ORAL TABLET
200034,SCD,OLANZAPINE 2.5 MG ORAL TABLET,,OLANZAPINE 2.5 MG,ORAL TABLET
351108,SCD,OLANZAPINE 20 MG DISINTEGRATING ORAL TABLET,,OLANZAPINE 20 MG,DISINTEGRATING ORAL TABLET
283639,SCD,OLANZAPINE 20 MG ORAL TABLET,,OLANZAPINE 20 MG,ORAL TABLET
284514,SBD,OLANZAPINE 20 MG ORAL TABLET [ZYPREXA],ZYPREXA,OLANZAPINE 20 MG,ORAL TABLET
754505,SBD,OLANZAPINE 20 MG DISINTEGRATING ORAL TABLET [ZYPREXA],ZYPREXA,OLANZAPINE 20 MG,DISINTEGRATING ORAL TABLET
2570407,SBD,OLANZAPINE 20 MG / SAMIDORPHAN 10 MG ORAL TABLET [LYBALVI],LYBALVI,OLANZAPINE 20 MG / SAMIDORPHAN 10 MG,ORAL TABLET
314155,SCD,OLANZAPINE 5 MG DISINTEGRATING ORAL TABLET,,OLANZAPINE 5 MG,DISINTEGRATING ORAL TABLET
312078,SCD,OLANZAPINE 5 MG ORAL TABLET,,OLANZAPINE 5 MG,ORAL TABLET
153046,SBD,OLANZAPINE 5 MG ORAL TABLET [ZYPREXA],ZYPREXA,OLANZAPINE 5 MG,ORAL TABLET
754506,SBD,OLANZAPINE 5 MG DISINTEGRATING ORAL TABLET [ZYPREXA],ZYPREXA,OLANZAPINE 5 MG,DISINTEGRATING ORAL TABLET
2570398,SBD,OLANZAPINE 5 MG / SAMIDORPHAN 10 MG ORAL TABLET [LYBALVI],LYBALVI,OLANZAPINE 5 MG / SAMIDORPHAN 10 MG,ORAL TABLET
312079,SCD,OLANZAPINE 7.5 MG ORAL TABLET,,OLANZAPINE 7.5 MG,ORAL TABLET
153047,SBD,OLANZAPINE 7.5 MG ORAL TABLET [ZYPREXA],ZYPREXA,OLANZAPINE 7.5 MG,ORAL TABLET
1942485,SBD,OLAPARIB 100 MG ORAL TABLET [LYNPARZA],LYNPARZA,OLAPARIB 100 MG,ORAL TABLET
1942489,SBD,OLAPARIB 150 MG ORAL TABLET [LYNPARZA],LYNPARZA,OLAPARIB 150 MG,ORAL TABLET
2701428,SBD,0.8 ML OLEZARSEN 100 MG/ML AUTO-INJECTOR [TRYNGOLZA],TRYNGOLZA,OLEZARSEN 100 MG/ML,AUTO-INJECTOR
2746499,SBD,0.8 ML OLEZARSEN 62.5 MG/ML AUTO-INJECTOR [TRYNGOLZA],TRYNGOLZA,OLEZARSEN 62.5 MG/ML,AUTO-INJECTOR
1986382,SBD,500 ML OLIVE OIL 160 MG/ML / SOYBEAN OIL 40 MG/ML INJECTION [CLINOLIPID],CLINOLIPID,OLIVE OIL 160 MG/ML / SOYBEAN OIL 40 MG/ML,INJECTION
352200,SBD,OLMESARTAN MEDOXOMIL 20 MG ORAL TABLET [BENICAR],BENICAR,OLMESARTAN MEDOXOMIL 20 MG,ORAL TABLET
349401,SCD,OLMESARTAN MEDOXOMIL 20 MG ORAL TABLET,,OLMESARTAN MEDOXOMIL 20 MG,ORAL TABLET
349405,SCD,OLMESARTAN MEDOXOMIL 40 MG ORAL TABLET,,OLMESARTAN MEDOXOMIL 40 MG,ORAL TABLET
352201,SBD,OLMESARTAN MEDOXOMIL 40 MG ORAL TABLET [BENICAR],BENICAR,OLMESARTAN MEDOXOMIL 40 MG,ORAL TABLET
349373,SCD,OLMESARTAN MEDOXOMIL 5 MG ORAL TABLET,,OLMESARTAN MEDOXOMIL 5 MG,ORAL TABLET
352199,SBD,OLMESARTAN MEDOXOMIL 5 MG ORAL TABLET [BENICAR],BENICAR,OLMESARTAN MEDOXOMIL 5 MG,ORAL TABLET
1546083,SBD,60 ACTUAT OLODATEROL 0.0025 MG/ACTUAT INHALATION SPRAY [STRIVERDI],STRIVERDI,OLODATEROL 0.0025 MG/ACTUAT,INHALATION SPRAY
1651275,SBD,60 ACTUAT OLODATEROL 0.0025 MG/ACTUAT / TIOTROPIUM 0.0025 MG/ACTUAT INHALATION SPRAY [STIOLTO],STIOLTO,OLODATEROL 0.0025 MG/ACTUAT / TIOTROPIUM 0.0025 MG/ACTUAT,INHALATION SPRAY
1797895,SCD,OLOPATADINE HYDROCHLORIDE 0.665 MG/ACTUAT METERED DOSE NASAL SPRAY,,OLOPATADINE HYDROCHLORIDE 0.665 MG/ACTUAT,METERED DOSE NASAL SPRAY
905164,SBD,OLSALAZINE SODIUM 250 MG ORAL CAPSULE [DIPENTUM],DIPENTUM,OLSALAZINE SODIUM 250 MG,ORAL CAPSULE
2623654,SBD,OLUTASIDENIB 150 MG ORAL CAPSULE [REZLIDHIA],REZLIDHIA,OLUTASIDENIB 150 MG,ORAL CAPSULE
2059292,SBD,OMADACYCLINE 100 MG INJECTION [NUZYRA],NUZYRA,OMADACYCLINE 100 MG,INJECTION
2059280,SBD,OMADACYCLINE 150 MG ORAL TABLET [NUZYRA],NUZYRA,OMADACYCLINE 150 MG,ORAL TABLET
1657212,SBD,OMALIZUMAB 150 MG INJECTION [XOLAIR],XOLAIR,OMALIZUMAB 150 MG,INJECTION
2663923,SBD,2 ML OMALIZUMAB 150 MG/ML AUTO-INJECTOR [XOLAIR],XOLAIR,OMALIZUMAB 150 MG/ML,AUTO-INJECTOR
2058950,SBD,0.5 ML OMALIZUMAB 150 MG/ML PREFILLED SYRINGE [XOLAIR],XOLAIR,OMALIZUMAB 150 MG/ML,PREFILLED SYRINGE
2663918,SBD,2 ML OMALIZUMAB 150 MG/ML PREFILLED SYRINGE [XOLAIR],XOLAIR,OMALIZUMAB 150 MG/ML,PREFILLED SYRINGE
2673763,SBD,0.5 ML OMALIZUMAB 150 MG/ML AUTO-INJECTOR [XOLAIR],XOLAIR,OMALIZUMAB 150 MG/ML,AUTO-INJECTOR
2058946,SBD,1 ML OMALIZUMAB 150 MG/ML PREFILLED SYRINGE [XOLAIR],XOLAIR,OMALIZUMAB 150 MG/ML,PREFILLED SYRINGE
2673761,SBD,1 ML OMALIZUMAB 150 MG/ML AUTO-INJECTOR [XOLAIR],XOLAIR,OMALIZUMAB 150 MG/ML,AUTO-INJECTOR
2631942,SBD,OMAVELOXOLONE 50 MG ORAL CAPSULE [SKYCLARYS],SKYCLARYS,OMAVELOXOLONE 50 MG,ORAL CAPSULE
607044,SBD,OMEGA-3 ACID ETHYL ESTERS (USP) 1000 MG ORAL CAPSULE [LOVAZA],LOVAZA,OMEGA-3 ACID ETHYL ESTERS (USP) 1000 MG,ORAL CAPSULE
577208,SCD,OMEGA-3 ACID ETHYL ESTERS (USP) 1000 MG ORAL CAPSULE,,OMEGA-3 ACID ETHYL ESTERS (USP) 1000 MG,ORAL CAPSULE
199119,SCD,OMEPRAZOLE 10 MG DELAYED RELEASE ORAL CAPSULE,,OMEPRAZOLE 10 MG,DELAYED RELEASE ORAL CAPSULE
797061,SBD,OMEPRAZOLE 10 MG GRANULES FOR ORAL SUSPENSION [PRILOSEC],PRILOSEC,OMEPRAZOLE 10 MG,GRANULES FOR ORAL SUSPENSION
2625150,SBD,OMEPRAZOLE 2 MG/ML / SODIUM BICARBONATE 84 MG/ML ORAL SUSPENSION [KONVOMEP],KONVOMEP,OMEPRAZOLE 2 MG/ML / SODIUM BICARBONATE 84 MG/ML,ORAL SUSPENSION
797065,SBD,OMEPRAZOLE 2.5 MG GRANULES FOR ORAL SUSPENSION [PRILOSEC],PRILOSEC,OMEPRAZOLE 2.5 MG,GRANULES FOR ORAL SUSPENSION
198051,SCD,OMEPRAZOLE 20 MG DELAYED RELEASE ORAL CAPSULE,,OMEPRAZOLE 20 MG,DELAYED RELEASE ORAL CAPSULE
616539,SCD,OMEPRAZOLE 20 MG / SODIUM BICARBONATE 1100 MG ORAL CAPSULE,,OMEPRAZOLE 20 MG / SODIUM BICARBONATE 1100 MG,ORAL CAPSULE
753562,SCD,OMEPRAZOLE 20 MG / SODIUM BICARBONATE 1680 MG POWDER FOR ORAL SUSPENSION,,OMEPRAZOLE 20 MG / SODIUM BICARBONATE 1680 MG,POWDER FOR ORAL SUSPENSION
200329,SCD,OMEPRAZOLE 40 MG DELAYED RELEASE ORAL CAPSULE,,OMEPRAZOLE 40 MG,DELAYED RELEASE ORAL CAPSULE
616541,SCD,OMEPRAZOLE 40 MG / SODIUM BICARBONATE 1100 MG ORAL CAPSULE,,OMEPRAZOLE 40 MG / SODIUM BICARBONATE 1100 MG,ORAL CAPSULE
753557,SCD,OMEPRAZOLE 40 MG / SODIUM BICARBONATE 1680 MG POWDER FOR ORAL SUSPENSION,,OMEPRAZOLE 40 MG / SODIUM BICARBONATE 1680 MG,POWDER FOR ORAL SUSPENSION
312085,SCD,ONDANSETRON 0.8 MG/ML ORAL SOLUTION,,ONDANSETRON 0.8 MG/ML,ORAL SOLUTION
104894,SCD,ONDANSETRON 4 MG DISINTEGRATING ORAL TABLET,,ONDANSETRON 4 MG,DISINTEGRATING ORAL TABLET
198052,SCD,ONDANSETRON 4 MG ORAL TABLET,,ONDANSETRON 4 MG,ORAL TABLET
312087,SCD,ONDANSETRON 8 MG DISINTEGRATING ORAL TABLET,,ONDANSETRON 8 MG,DISINTEGRATING ORAL TABLET
312086,SCD,ONDANSETRON 8 MG ORAL TABLET,,ONDANSETRON 8 MG,ORAL TABLET
2362178,SBD,OPICAPONE 25 MG ORAL CAPSULE [ONGENTYS],ONGENTYS,OPICAPONE 25 MG,ORAL CAPSULE
2362182,SBD,OPICAPONE 50 MG ORAL CAPSULE [ONGENTYS],ONGENTYS,OPICAPONE 50 MG,ORAL CAPSULE
994521,SCD,12 HR ORPHENADRINE CITRATE 100 MG EXTENDED RELEASE ORAL TABLET,,ORPHENADRINE CITRATE 100 MG,EXTENDED RELEASE ORAL TABLET
728109,SCD,OSELTAMIVIR 30 MG ORAL CAPSULE,,OSELTAMIVIR 30 MG,ORAL CAPSULE
728113,SCD,OSELTAMIVIR 45 MG ORAL CAPSULE,,OSELTAMIVIR 45 MG,ORAL CAPSULE
1115698,SCD,OSELTAMIVIR 6 MG/ML ORAL SUSPENSION,,OSELTAMIVIR 6 MG/ML,ORAL SUSPENSION
1115700,SBD,OSELTAMIVIR 6 MG/ML ORAL SUSPENSION [TAMIFLU],TAMIFLU,OSELTAMIVIR 6 MG/ML,ORAL SUSPENSION
312122,SCD,OSELTAMIVIR 75 MG ORAL CAPSULE,,OSELTAMIVIR 75 MG,ORAL CAPSULE
261315,SBD,OSELTAMIVIR 75 MG ORAL CAPSULE [TAMIFLU],TAMIFLU,OSELTAMIVIR 75 MG,ORAL CAPSULE
2286281,SBD,OSILODROSTAT 1 MG ORAL TABLET [ISTURISA],ISTURISA,OSILODROSTAT 1 MG,ORAL TABLET
2286290,SBD,OSILODROSTAT 5 MG ORAL TABLET [ISTURISA],ISTURISA,OSILODROSTAT 5 MG,ORAL TABLET
1721571,SBD,OSIMERTINIB 40 MG ORAL TABLET [TAGRISSO],TAGRISSO,OSIMERTINIB 40 MG,ORAL TABLET
1721583,SBD,OSIMERTINIB 80 MG ORAL TABLET [TAGRISSO],TAGRISSO,OSIMERTINIB 80 MG,ORAL TABLET
1370982,SBD,OSPEMIFENE 60 MG ORAL TABLET [OSPHENA],OSPHENA,OSPEMIFENE 60 MG,ORAL TABLET
3686,SY,OTC-PRODUCT,NA,OTC-PRODUCT,NA
2605803,BPCK,{18 (OTESECONAZOLE 150 MG ORAL CAPSULE [VIVJOA]) } PACK [VIVJOA 18-COUNT],VIVJOA 18-COUNT,OTESECONAZOLE 150 MG,PACK
312127,SCD,OXACILLIN 100 MG/ML INJECTABLE SOLUTION,,OXACILLIN 100 MG/ML,INJECTABLE SOLUTION
1743547,SCD,OXACILLIN 1000 MG INJECTION,,OXACILLIN 1000 MG,INJECTION
1743549,SCD,OXACILLIN 2000 MG INJECTION,,OXACILLIN 2000 MG,INJECTION
240637,SCD,50 ML OXACILLIN 40 MG/ML INJECTION,,OXACILLIN 40 MG/ML,INJECTION
312132,SCD,OXAPROZIN 600 MG ORAL TABLET,,OXAPROZIN 600 MG,ORAL TABLET
198057,SCD,OXAZEPAM 10 MG ORAL CAPSULE,,OXAZEPAM 10 MG,ORAL CAPSULE
312134,SCD,OXAZEPAM 15 MG ORAL CAPSULE,,OXAZEPAM 15 MG,ORAL CAPSULE
198059,SCD,OXAZEPAM 30 MG ORAL CAPSULE,,OXAZEPAM 30 MG,ORAL CAPSULE
312136,SCD,OXCARBAZEPINE 150 MG ORAL TABLET,,OXCARBAZEPINE 150 MG,ORAL TABLET
1365653,SCD,24 HR OXCARBAZEPINE 150 MG EXTENDED RELEASE ORAL TABLET,,OXCARBAZEPINE 150 MG,EXTENDED RELEASE ORAL TABLET
1365660,SBD,24 HR OXCARBAZEPINE 150 MG EXTENDED RELEASE ORAL TABLET [OXTELLAR],OXTELLAR,OXCARBAZEPINE 150 MG,EXTENDED RELEASE ORAL TABLET
261356,SBD,OXCARBAZEPINE 150 MG ORAL TABLET [TRILEPTAL],TRILEPTAL,OXCARBAZEPINE 150 MG,ORAL TABLET
1365847,SBD,24 HR OXCARBAZEPINE 300 MG EXTENDED RELEASE ORAL TABLET [OXTELLAR],OXTELLAR,OXCARBAZEPINE 300 MG,EXTENDED RELEASE ORAL TABLET
1365842,SCD,24 HR OXCARBAZEPINE 300 MG EXTENDED RELEASE ORAL TABLET,,OXCARBAZEPINE 300 MG,EXTENDED RELEASE ORAL TABLET
261360,SBD,OXCARBAZEPINE 300 MG ORAL TABLET [TRILEPTAL],TRILEPTAL,OXCARBAZEPINE 300 MG,ORAL TABLET
312137,SCD,OXCARBAZEPINE 300 MG ORAL TABLET,,OXCARBAZEPINE 300 MG,ORAL TABLET
351992,SBD,OXCARBAZEPINE 60 MG/ML ORAL SUSPENSION [TRILEPTAL],TRILEPTAL,OXCARBAZEPINE 60 MG/ML,ORAL SUSPENSION
283536,SCD,OXCARBAZEPINE 60 MG/ML ORAL SUSPENSION,,OXCARBAZEPINE 60 MG/ML,ORAL SUSPENSION
262090,SBD,OXCARBAZEPINE 600 MG ORAL TABLET [TRILEPTAL],TRILEPTAL,OXCARBAZEPINE 600 MG,ORAL TABLET
312138,SCD,OXCARBAZEPINE 600 MG ORAL TABLET,,OXCARBAZEPINE 600 MG,ORAL TABLET
1365844,SCD,24 HR OXCARBAZEPINE 600 MG EXTENDED RELEASE ORAL TABLET,,OXCARBAZEPINE 600 MG,EXTENDED RELEASE ORAL TABLET
1365850,SBD,24 HR OXCARBAZEPINE 600 MG EXTENDED RELEASE ORAL TABLET [OXTELLAR],OXTELLAR,OXCARBAZEPINE 600 MG,EXTENDED RELEASE ORAL TABLET
312139,SCD,OXICONAZOLE 10 MG/ML TOPICAL CREAM,,OXICONAZOLE 10 MG/ML,TOPICAL CREAM
404448,SBD,84 HR OXYBUTYNIN 0.162 MG/HR TRANSDERMAL SYSTEM [OXYTROL],OXYTROL,OXYBUTYNIN 0.162 MG/HR,TRANSDERMAL SYSTEM
863599,SCD,OXYBUTYNIN CHLORIDE 1 MG/ML ORAL SOLUTION,,OXYBUTYNIN CHLORIDE 1 MG/ML,ORAL SOLUTION
863619,SCD,24 HR OXYBUTYNIN CHLORIDE 10 MG EXTENDED RELEASE ORAL TABLET,,OXYBUTYNIN CHLORIDE 10 MG,EXTENDED RELEASE ORAL TABLET
863628,SCD,24 HR OXYBUTYNIN CHLORIDE 15 MG EXTENDED RELEASE ORAL TABLET,,OXYBUTYNIN CHLORIDE 15 MG,EXTENDED RELEASE ORAL TABLET
863758,SCD,OXYBUTYNIN CHLORIDE 2.5 MG ORAL TABLET,,OXYBUTYNIN CHLORIDE 2.5 MG,ORAL TABLET
863636,SCD,24 HR OXYBUTYNIN CHLORIDE 5 MG EXTENDED RELEASE ORAL TABLET,,OXYBUTYNIN CHLORIDE 5 MG,EXTENDED RELEASE ORAL TABLET
863664,SCD,OXYBUTYNIN CHLORIDE 5 MG ORAL TABLET,,OXYBUTYNIN CHLORIDE 5 MG,ORAL TABLET
1791560,SBD,ABUSE-DETERRENT 12 HR OXYCODONE 13.5 MG EXTENDED RELEASE ORAL CAPSULE [XTAMPZA],XTAMPZA,OXYCODONE 13.5 MG,EXTENDED RELEASE ORAL CAPSULE
1791569,SBD,ABUSE-DETERRENT 12 HR OXYCODONE 18 MG EXTENDED RELEASE ORAL CAPSULE [XTAMPZA],XTAMPZA,OXYCODONE 18 MG,EXTENDED RELEASE ORAL CAPSULE
1791576,SBD,ABUSE-DETERRENT 12 HR OXYCODONE 27 MG EXTENDED RELEASE ORAL CAPSULE [XTAMPZA],XTAMPZA,OXYCODONE 27 MG,EXTENDED RELEASE ORAL CAPSULE
1791582,SBD,ABUSE-DETERRENT 12 HR OXYCODONE 36 MG EXTENDED RELEASE ORAL CAPSULE [XTAMPZA],XTAMPZA,OXYCODONE 36 MG,EXTENDED RELEASE ORAL CAPSULE
1790533,SBD,ABUSE-DETERRENT 12 HR OXYCODONE 9 MG EXTENDED RELEASE ORAL CAPSULE [XTAMPZA],XTAMPZA,OXYCODONE 9 MG,EXTENDED RELEASE ORAL CAPSULE
1049604,SCD,OXYCODONE HYDROCHLORIDE 1 MG/ML ORAL SOLUTION,,OXYCODONE HYDROCHLORIDE 1 MG/ML,ORAL SOLUTION
2693196,SBD,ABUSE-DETERRENT OXYCODONE HYDROCHLORIDE 10 MG ORAL TABLET [ROXYBOND],ROXYBOND,OXYCODONE HYDROCHLORIDE 10 MG,ORAL TABLET
1049683,SCD,OXYCODONE HYDROCHLORIDE 10 MG ORAL TABLET,,OXYCODONE HYDROCHLORIDE 10 MG,ORAL TABLET
2693194,SCD,ABUSE-DETERRENT OXYCODONE HYDROCHLORIDE 10 MG ORAL TABLET,,OXYCODONE HYDROCHLORIDE 10 MG,ORAL TABLET
1049504,SBD,ABUSE-DETERRENT 12 HR OXYCODONE HYDROCHLORIDE 10 MG EXTENDED RELEASE ORAL TABLET [OXYCONTIN],OXYCONTIN,OXYCODONE HYDROCHLORIDE 10 MG,EXTENDED RELEASE ORAL TABLET
1049613,SBD,OXYCODONE HYDROCHLORIDE 15 MG ORAL TABLET [ROXICODONE],ROXICODONE,OXYCODONE HYDROCHLORIDE 15 MG,ORAL TABLET
1049545,SBD,ABUSE-DETERRENT 12 HR OXYCODONE HYDROCHLORIDE 15 MG EXTENDED RELEASE ORAL TABLET [OXYCONTIN],OXYCONTIN,OXYCODONE HYDROCHLORIDE 15 MG,EXTENDED RELEASE ORAL TABLET
1944535,SBD,ABUSE-DETERRENT OXYCODONE HYDROCHLORIDE 15 MG ORAL TABLET [ROXYBOND],ROXYBOND,OXYCODONE HYDROCHLORIDE 15 MG,ORAL TABLET
1049611,SCD,OXYCODONE HYDROCHLORIDE 15 MG ORAL TABLET,,OXYCODONE HYDROCHLORIDE 15 MG,ORAL TABLET
1944529,SCD,ABUSE-DETERRENT OXYCODONE HYDROCHLORIDE 15 MG ORAL TABLET,,OXYCODONE HYDROCHLORIDE 15 MG,ORAL TABLET
1049565,SBD,ABUSE-DETERRENT 12 HR OXYCODONE HYDROCHLORIDE 20 MG EXTENDED RELEASE ORAL TABLET [OXYCONTIN],OXYCONTIN,OXYCODONE HYDROCHLORIDE 20 MG,EXTENDED RELEASE ORAL TABLET
1049686,SCD,OXYCODONE HYDROCHLORIDE 20 MG ORAL TABLET,,OXYCODONE HYDROCHLORIDE 20 MG,ORAL TABLET
1049615,SCD,OXYCODONE HYDROCHLORIDE 20 MG/ML ORAL SOLUTION,,OXYCODONE HYDROCHLORIDE 20 MG/ML,ORAL SOLUTION
1944538,SCD,ABUSE-DETERRENT OXYCODONE HYDROCHLORIDE 30 MG ORAL TABLET,,OXYCODONE HYDROCHLORIDE 30 MG,ORAL TABLET
1049576,SBD,ABUSE-DETERRENT 12 HR OXYCODONE HYDROCHLORIDE 30 MG EXTENDED RELEASE ORAL TABLET [OXYCONTIN],OXYCONTIN,OXYCODONE HYDROCHLORIDE 30 MG,EXTENDED RELEASE ORAL TABLET
1049618,SCD,OXYCODONE HYDROCHLORIDE 30 MG ORAL TABLET,,OXYCODONE HYDROCHLORIDE 30 MG,ORAL TABLET
1944540,SBD,ABUSE-DETERRENT OXYCODONE HYDROCHLORIDE 30 MG ORAL TABLET [ROXYBOND],ROXYBOND,OXYCODONE HYDROCHLORIDE 30 MG,ORAL TABLET
1049620,SBD,OXYCODONE HYDROCHLORIDE 30 MG ORAL TABLET [ROXICODONE],ROXICODONE,OXYCODONE HYDROCHLORIDE 30 MG,ORAL TABLET
1049586,SBD,ABUSE-DETERRENT 12 HR OXYCODONE HYDROCHLORIDE 40 MG EXTENDED RELEASE ORAL TABLET [OXYCONTIN],OXYCONTIN,OXYCODONE HYDROCHLORIDE 40 MG,EXTENDED RELEASE ORAL TABLET
1049696,SCD,OXYCODONE HYDROCHLORIDE 5 MG ORAL CAPSULE,,OXYCODONE HYDROCHLORIDE 5 MG,ORAL CAPSULE
1944543,SBD,ABUSE-DETERRENT OXYCODONE HYDROCHLORIDE 5 MG ORAL TABLET [ROXYBOND],ROXYBOND,OXYCODONE HYDROCHLORIDE 5 MG,ORAL TABLET
1944541,SCD,ABUSE-DETERRENT OXYCODONE HYDROCHLORIDE 5 MG ORAL TABLET,,OXYCODONE HYDROCHLORIDE 5 MG,ORAL TABLET
1049621,SCD,OXYCODONE HYDROCHLORIDE 5 MG ORAL TABLET,,OXYCODONE HYDROCHLORIDE 5 MG,ORAL TABLET
1049595,SBD,ABUSE-DETERRENT 12 HR OXYCODONE HYDROCHLORIDE 60 MG EXTENDED RELEASE ORAL TABLET [OXYCONTIN],OXYCONTIN,OXYCODONE HYDROCHLORIDE 60 MG,EXTENDED RELEASE ORAL TABLET
1049601,SBD,ABUSE-DETERRENT 12 HR OXYCODONE HYDROCHLORIDE 80 MG EXTENDED RELEASE ORAL TABLET [OXYCONTIN],OXYCONTIN,OXYCODONE HYDROCHLORIDE 80 MG,EXTENDED RELEASE ORAL TABLET
1869821,SBD,OXYMETAZOLINE HYDROCHLORIDE 10 MG/ML TOPICAL CREAM [RHOFADE],RHOFADE,OXYMETAZOLINE HYDROCHLORIDE 10 MG/ML,TOPICAL CREAM
977874,SCD,12 HR OXYMORPHONE HYDROCHLORIDE 10 MG EXTENDED RELEASE ORAL TABLET,,OXYMORPHONE HYDROCHLORIDE 10 MG,EXTENDED RELEASE ORAL TABLET
977942,SCD,OXYMORPHONE HYDROCHLORIDE 10 MG ORAL TABLET,,OXYMORPHONE HYDROCHLORIDE 10 MG,ORAL TABLET
977894,SCD,12 HR OXYMORPHONE HYDROCHLORIDE 15 MG EXTENDED RELEASE ORAL TABLET,,OXYMORPHONE HYDROCHLORIDE 15 MG,EXTENDED RELEASE ORAL TABLET
977902,SCD,12 HR OXYMORPHONE HYDROCHLORIDE 20 MG EXTENDED RELEASE ORAL TABLET,,OXYMORPHONE HYDROCHLORIDE 20 MG,EXTENDED RELEASE ORAL TABLET
977909,SCD,12 HR OXYMORPHONE HYDROCHLORIDE 30 MG EXTENDED RELEASE ORAL TABLET,,OXYMORPHONE HYDROCHLORIDE 30 MG,EXTENDED RELEASE ORAL TABLET
977915,SCD,12 HR OXYMORPHONE HYDROCHLORIDE 40 MG EXTENDED RELEASE ORAL TABLET,,OXYMORPHONE HYDROCHLORIDE 40 MG,EXTENDED RELEASE ORAL TABLET
977923,SCD,12 HR OXYMORPHONE HYDROCHLORIDE 5 MG EXTENDED RELEASE ORAL TABLET,,OXYMORPHONE HYDROCHLORIDE 5 MG,EXTENDED RELEASE ORAL TABLET
977939,SCD,OXYMORPHONE HYDROCHLORIDE 5 MG ORAL TABLET,,OXYMORPHONE HYDROCHLORIDE 5 MG,ORAL TABLET
977929,SCD,12 HR OXYMORPHONE HYDROCHLORIDE 7.5 MG EXTENDED RELEASE ORAL TABLET,,OXYMORPHONE HYDROCHLORIDE 7.5 MG,EXTENDED RELEASE ORAL TABLET
2288433,BPCK,{4 (OZANIMOD 0.23 MG ORAL CAPSULE [ZEPOSIA]) / 3 (OZANIMOD 0.46 MG ORAL CAPSULE [ZEPOSIA]) } PACK [ZEPOSIA 7-DAY STARTER PACK],ZEPOSIA 7-DAY STARTER PACK,OZANIMOD 0.23 MG / OZANIMOD 0.46 MG,PACK
2642214,BPCK,{4 (OZANIMOD 0.23 MG ORAL CAPSULE [ZEPOSIA]) / 3 (OZANIMOD 0.46 MG ORAL CAPSULE [ZEPOSIA]) / 21 (OZANIMOD 0.92 MG ORAL CAPSULE [ZEPOSIA]) } PACK [ZEPOSIA 28-DAY STARTER KIT],ZEPOSIA 28-DAY STARTER KIT,OZANIMOD 0.23 MG / OZANIMOD 0.46 MG / OZANIMOD 0.92 MG,PACK
2288412,SBD,OZANIMOD 0.92 MG ORAL CAPSULE [ZEPOSIA],ZEPOSIA,OZANIMOD 0.92 MG,ORAL CAPSULE
2595254,SBD,PACRITINIB 100 MG ORAL CAPSULE [VONJO],VONJO,PACRITINIB 100 MG,ORAL CAPSULE
2284104,SBD,PALBOCICLIB 100 MG ORAL TABLET [IBRANCE],IBRANCE,PALBOCICLIB 100 MG,ORAL TABLET
2284106,SBD,PALBOCICLIB 125 MG ORAL TABLET [IBRANCE],IBRANCE,PALBOCICLIB 125 MG,ORAL TABLET
1601390,SBD,PALBOCICLIB 125 MG ORAL CAPSULE [IBRANCE],IBRANCE,PALBOCICLIB 125 MG,ORAL CAPSULE
2284108,SBD,PALBOCICLIB 75 MG ORAL TABLET [IBRANCE],IBRANCE,PALBOCICLIB 75 MG,ORAL TABLET
866103,SCD,24 HR PALIPERIDONE 1.5 MG EXTENDED RELEASE ORAL TABLET,,PALIPERIDONE 1.5 MG,EXTENDED RELEASE ORAL TABLET
672567,SCD,24 HR PALIPERIDONE 3 MG EXTENDED RELEASE ORAL TABLET,,PALIPERIDONE 3 MG,EXTENDED RELEASE ORAL TABLET
686441,SBD,24 HR PALIPERIDONE 3 MG EXTENDED RELEASE ORAL TABLET [INVEGA],INVEGA,PALIPERIDONE 3 MG,EXTENDED RELEASE ORAL TABLET
672569,SCD,24 HR PALIPERIDONE 6 MG EXTENDED RELEASE ORAL TABLET,,PALIPERIDONE 6 MG,EXTENDED RELEASE ORAL TABLET
686443,SBD,24 HR PALIPERIDONE 6 MG EXTENDED RELEASE ORAL TABLET [INVEGA],INVEGA,PALIPERIDONE 6 MG,EXTENDED RELEASE ORAL TABLET
672571,SCD,24 HR PALIPERIDONE 9 MG EXTENDED RELEASE ORAL TABLET,,PALIPERIDONE 9 MG,EXTENDED RELEASE ORAL TABLET
686445,SBD,24 HR PALIPERIDONE 9 MG EXTENDED RELEASE ORAL TABLET [INVEGA],INVEGA,PALIPERIDONE 9 MG,EXTENDED RELEASE ORAL TABLET
858074,SBD,0.25 ML PALIPERIDONE PALMITATE 156 MG/ML PREFILLED SYRINGE [INVEGA],INVEGA,PALIPERIDONE PALMITATE 156 MG/ML,PREFILLED SYRINGE
2699354,SBD,0.5 ML PALIPERIDONE PALMITATE 156 MG/ML PREFILLED SYRINGE [ERZOFRI],ERZOFRI,PALIPERIDONE PALMITATE 156 MG/ML,PREFILLED SYRINGE
858055,SBD,1 ML PALIPERIDONE PALMITATE 156 MG/ML PREFILLED SYRINGE [INVEGA],INVEGA,PALIPERIDONE PALMITATE 156 MG/ML,PREFILLED SYRINGE
858053,SBD,1.5 ML PALIPERIDONE PALMITATE 156 MG/ML PREFILLED SYRINGE [INVEGA],INVEGA,PALIPERIDONE PALMITATE 156 MG/ML,PREFILLED SYRINGE
858051,SBD,0.5 ML PALIPERIDONE PALMITATE 156 MG/ML PREFILLED SYRINGE [INVEGA],INVEGA,PALIPERIDONE PALMITATE 156 MG/ML,PREFILLED SYRINGE
858057,SBD,0.75 ML PALIPERIDONE PALMITATE 156 MG/ML PREFILLED SYRINGE [INVEGA],INVEGA,PALIPERIDONE PALMITATE 156 MG/ML,PREFILLED SYRINGE
2699353,SBD,0.25 ML PALIPERIDONE PALMITATE 156 MG/ML PREFILLED SYRINGE [ERZOFRI],ERZOFRI,PALIPERIDONE PALMITATE 156 MG/ML,PREFILLED SYRINGE
2699352,SBD,1.5 ML PALIPERIDONE PALMITATE 156 MG/ML PREFILLED SYRINGE [ERZOFRI],ERZOFRI,PALIPERIDONE PALMITATE 156 MG/ML,PREFILLED SYRINGE
2699348,SBD,2.25 ML PALIPERIDONE PALMITATE 156 MG/ML PREFILLED SYRINGE [ERZOFRI],ERZOFRI,PALIPERIDONE PALMITATE 156 MG/ML,PREFILLED SYRINGE
2699350,SBD,0.75 ML PALIPERIDONE PALMITATE 156 MG/ML PREFILLED SYRINGE [ERZOFRI],ERZOFRI,PALIPERIDONE PALMITATE 156 MG/ML,PREFILLED SYRINGE
2699351,SBD,1 ML PALIPERIDONE PALMITATE 156 MG/ML PREFILLED SYRINGE [ERZOFRI],ERZOFRI,PALIPERIDONE PALMITATE 156 MG/ML,PREFILLED SYRINGE
1650968,SBD,0.88 ML PALIPERIDONE PALMITATE 310 MG/ML PREFILLED SYRINGE [INVEGA],INVEGA,PALIPERIDONE PALMITATE 310 MG/ML,PREFILLED SYRINGE
1650972,SBD,1.32 ML PALIPERIDONE PALMITATE 311 MG/ML PREFILLED SYRINGE [INVEGA],INVEGA,PALIPERIDONE PALMITATE 311 MG/ML,PREFILLED SYRINGE
1650976,SBD,2.63 ML PALIPERIDONE PALMITATE 311 MG/ML PREFILLED SYRINGE [INVEGA],INVEGA,PALIPERIDONE PALMITATE 311 MG/ML,PREFILLED SYRINGE
2570419,SBD,3.5 ML PALIPERIDONE PALMITATE 312 MG/ML PREFILLED SYRINGE [INVEGA],INVEGA,PALIPERIDONE PALMITATE 312 MG/ML,PREFILLED SYRINGE
2570421,SBD,5 ML PALIPERIDONE PALMITATE 312 MG/ML PREFILLED SYRINGE [INVEGA],INVEGA,PALIPERIDONE PALMITATE 312 MG/ML,PREFILLED SYRINGE
1650974,SBD,1.75 ML PALIPERIDONE PALMITATE 312 MG/ML PREFILLED SYRINGE [INVEGA],INVEGA,PALIPERIDONE PALMITATE 312 MG/ML,PREFILLED SYRINGE
2663966,SBD,PALOVAROTENE 1 MG ORAL CAPSULE [SOHONOS],SOHONOS,PALOVAROTENE 1 MG,ORAL CAPSULE
2663970,SBD,PALOVAROTENE 1.5 MG ORAL CAPSULE [SOHONOS],SOHONOS,PALOVAROTENE 1.5 MG,ORAL CAPSULE
2663974,SBD,PALOVAROTENE 10 MG ORAL CAPSULE [SOHONOS],SOHONOS,PALOVAROTENE 10 MG,ORAL CAPSULE
2663978,SBD,PALOVAROTENE 2.5 MG ORAL CAPSULE [SOHONOS],SOHONOS,PALOVAROTENE 2.5 MG,ORAL CAPSULE
2663982,SBD,PALOVAROTENE 5 MG ORAL CAPSULE [SOHONOS],SOHONOS,PALOVAROTENE 5 MG,ORAL CAPSULE
2724409,SBD,PALTUSOTINE 20 MG ORAL TABLET [PALSONIFY],PALSONIFY,PALTUSOTINE 20 MG,ORAL TABLET
2724413,SBD,PALTUSOTINE 30 MG ORAL TABLET [PALSONIFY],PALSONIFY,PALTUSOTINE 30 MG,ORAL TABLET
251872,SCD,PANTOPRAZOLE 20 MG DELAYED RELEASE ORAL TABLET,,PANTOPRAZOLE 20 MG,DELAYED RELEASE ORAL TABLET
352125,SBD,PANTOPRAZOLE 20 MG DELAYED RELEASE ORAL TABLET [PROTONIX],PROTONIX,PANTOPRAZOLE 20 MG,DELAYED RELEASE ORAL TABLET
284400,SBD,PANTOPRAZOLE 40 MG DELAYED RELEASE ORAL TABLET [PROTONIX],PROTONIX,PANTOPRAZOLE 40 MG,DELAYED RELEASE ORAL TABLET
314200,SCD,PANTOPRAZOLE 40 MG DELAYED RELEASE ORAL TABLET,,PANTOPRAZOLE 40 MG,DELAYED RELEASE ORAL TABLET
763308,SBD,PANTOPRAZOLE 40 MG ORAL GRANULES [PROTONIX],PROTONIX,PANTOPRAZOLE 40 MG,ORAL GRANULES
763306,SCD,PANTOPRAZOLE 40 MG ORAL GRANULES,,PANTOPRAZOLE 40 MG,ORAL GRANULES
577315,SCD,PARICALCITOL 0.001 MG ORAL CAPSULE,,PARICALCITOL 0.001 MG,ORAL CAPSULE
577317,SCD,PARICALCITOL 0.002 MG ORAL CAPSULE,,PARICALCITOL 0.002 MG,ORAL CAPSULE
577324,SCD,PARICALCITOL 0.004 MG ORAL CAPSULE,,PARICALCITOL 0.004 MG,ORAL CAPSULE
207347,SBD,PAROMOMYCIN 250 MG ORAL CAPSULE [HUMATIN],HUMATIN,PAROMOMYCIN 250 MG,ORAL CAPSULE
1738483,SCD,PAROXETINE HYDROCHLORIDE 10 MG ORAL TABLET,,PAROXETINE HYDROCHLORIDE 10 MG,ORAL TABLET
211699,SBD,PAROXETINE HYDROCHLORIDE 10 MG ORAL TABLET [PAXIL],PAXIL,PAROXETINE HYDROCHLORIDE 10 MG,ORAL TABLET
1738803,SCD,24 HR PAROXETINE HYDROCHLORIDE 12.5 MG EXTENDED RELEASE ORAL TABLET,,PAROXETINE HYDROCHLORIDE 12.5 MG,EXTENDED RELEASE ORAL TABLET
1738804,SBD,24 HR PAROXETINE HYDROCHLORIDE 12.5 MG EXTENDED RELEASE ORAL TABLET [PAXIL],PAXIL,PAROXETINE HYDROCHLORIDE 12.5 MG,EXTENDED RELEASE ORAL TABLET
312242,SCD,PAROXETINE HYDROCHLORIDE 2 MG/ML ORAL SUSPENSION,,PAROXETINE HYDROCHLORIDE 2 MG/ML,ORAL SUSPENSION
1738495,SCD,PAROXETINE HYDROCHLORIDE 20 MG ORAL TABLET,,PAROXETINE HYDROCHLORIDE 20 MG,ORAL TABLET
207349,SBD,PAROXETINE HYDROCHLORIDE 20 MG ORAL TABLET [PAXIL],PAXIL,PAROXETINE HYDROCHLORIDE 20 MG,ORAL TABLET
1738806,SBD,24 HR PAROXETINE HYDROCHLORIDE 25 MG EXTENDED RELEASE ORAL TABLET [PAXIL],PAXIL,PAROXETINE HYDROCHLORIDE 25 MG,EXTENDED RELEASE ORAL TABLET
1738805,SCD,24 HR PAROXETINE HYDROCHLORIDE 25 MG EXTENDED RELEASE ORAL TABLET,,PAROXETINE HYDROCHLORIDE 25 MG,EXTENDED RELEASE ORAL TABLET
1738503,SCD,PAROXETINE HYDROCHLORIDE 30 MG ORAL TABLET,,PAROXETINE HYDROCHLORIDE 30 MG,ORAL TABLET
207350,SBD,PAROXETINE HYDROCHLORIDE 30 MG ORAL TABLET [PAXIL],PAXIL,PAROXETINE HYDROCHLORIDE 30 MG,ORAL TABLET
1738807,SCD,24 HR PAROXETINE HYDROCHLORIDE 37.5 MG EXTENDED RELEASE ORAL TABLET,,PAROXETINE HYDROCHLORIDE 37.5 MG,EXTENDED RELEASE ORAL TABLET
1738808,SBD,24 HR PAROXETINE HYDROCHLORIDE 37.5 MG EXTENDED RELEASE ORAL TABLET [PAXIL],PAXIL,PAROXETINE HYDROCHLORIDE 37.5 MG,EXTENDED RELEASE ORAL TABLET
1738511,SCD,PAROXETINE HYDROCHLORIDE 40 MG ORAL TABLET,,PAROXETINE HYDROCHLORIDE 40 MG,ORAL TABLET
211700,SBD,PAROXETINE HYDROCHLORIDE 40 MG ORAL TABLET [PAXIL],PAXIL,PAROXETINE HYDROCHLORIDE 40 MG,ORAL TABLET
1430122,SCD,PAROXETINE MESYLATE 7.5 MG ORAL CAPSULE,,PAROXETINE MESYLATE 7.5 MG,ORAL CAPSULE
1364114,SBD,1 ML PASIREOTIDE 0.3 MG/ML INJECTION [SIGNIFOR],SIGNIFOR,PASIREOTIDE 0.3 MG/ML,INJECTION
1364118,SBD,1 ML PASIREOTIDE 0.6 MG/ML INJECTION [SIGNIFOR],SIGNIFOR,PASIREOTIDE 0.6 MG/ML,INJECTION
1364122,SBD,1 ML PASIREOTIDE 0.9 MG/ML INJECTION [SIGNIFOR],SIGNIFOR,PASIREOTIDE 0.9 MG/ML,INJECTION
2692052,SBD,PATIROMER 1000 MG POWDER FOR ORAL SUSPENSION [VELTASSA],VELTASSA,PATIROMER 1000 MG,POWDER FOR ORAL SUSPENSION
1716219,SBD,PATIROMER 16800 MG POWDER FOR ORAL SUSPENSION [VELTASSA],VELTASSA,PATIROMER 16800 MG,POWDER FOR ORAL SUSPENSION
1716223,SBD,PATIROMER 25200 MG POWDER FOR ORAL SUSPENSION [VELTASSA],VELTASSA,PATIROMER 25200 MG,POWDER FOR ORAL SUSPENSION
1716215,SBD,PATIROMER 8400 MG POWDER FOR ORAL SUSPENSION [VELTASSA],VELTASSA,PATIROMER 8400 MG,POWDER FOR ORAL SUSPENSION
867506,SBD,PAZOPANIB 200 MG ORAL TABLET [VOTRIENT],VOTRIENT,PAZOPANIB 200 MG,ORAL TABLET
867502,SCD,PAZOPANIB 200 MG ORAL TABLET,,PAZOPANIB 200 MG,ORAL TABLET
2557391,SBD,20 ML PEGCETACOPLAN 54 MG/ML INJECTION [EMPAVELI],EMPAVELI,PEGCETACOPLAN 54 MG/ML,INJECTION
727542,SBD,0.6 ML PEGFILGRASTIM 10 MG/ML PREFILLED SYRINGE [NEULASTA],NEULASTA,PEGFILGRASTIM 10 MG/ML,PREFILLED SYRINGE
2469340,SBD,0.6 ML PEGFILGRASTIM-APGF 10 MG/ML PREFILLED SYRINGE [NYVEPRIA],NYVEPRIA,PEGFILGRASTIM-APGF 10 MG/ML,PREFILLED SYRINGE
2260709,SBD,0.6 ML PEGFILGRASTIM-BMEZ 10 MG/ML PREFILLED SYRINGE [ZIEXTENZO],ZIEXTENZO,PEGFILGRASTIM-BMEZ 10 MG/ML,PREFILLED SYRINGE
2102705,SBD,0.6 ML PEGFILGRASTIM-CBQV 10 MG/ML PREFILLED SYRINGE [UDENYCA],UDENYCA,PEGFILGRASTIM-CBQV 10 MG/ML,PREFILLED SYRINGE
2632547,SBD,0.6 ML PEGFILGRASTIM-CBQV 10 MG/ML AUTO-INJECTOR [UDENYCA],UDENYCA,PEGFILGRASTIM-CBQV 10 MG/ML,AUTO-INJECTOR
2613769,SBD,0.6 ML PEGFILGRASTIM-FPGK 10 MG/ML PREFILLED SYRINGE [STIMUFEND],STIMUFEND,PEGFILGRASTIM-FPGK 10 MG/ML,PREFILLED SYRINGE
2048025,SBD,0.6 ML PEGFILGRASTIM-JMDB 10 MG/ML PREFILLED SYRINGE [FULPHILA],FULPHILA,PEGFILGRASTIM-JMDB 10 MG/ML,PREFILLED SYRINGE
2602787,SBD,0.6 ML PEGFILGRASTIM-PBBK 10 MG/ML PREFILLED SYRINGE [FYLNETRA],FYLNETRA,PEGFILGRASTIM-PBBK 10 MG/ML,PREFILLED SYRINGE
2737555,SBD,0.6 ML PEGFILGRASTIM-UNNE 10 MG/ML PREFILLED SYRINGE [ARMLUPEG],ARMLUPEG,PEGFILGRASTIM-UNNE 10 MG/ML,PREFILLED SYRINGE
352297,SBD,1 ML PEGINTERFERON ALFA-2A 0.18 MG/ML INJECTION [PEGASYS],PEGASYS,PEGINTERFERON ALFA-2A 0.18 MG/ML,INJECTION
731328,SBD,0.5 ML PEGINTERFERON ALFA-2A 0.36 MG/ML PREFILLED SYRINGE [PEGASYS],PEGASYS,PEGINTERFERON ALFA-2A 0.36 MG/ML,PREFILLED SYRINGE
1649593,SBD,0.5 ML PEGINTERFERON BETA-1A 0.25 MG/ML AUTO-INJECTOR [PLEGRIDY],PLEGRIDY,PEGINTERFERON BETA-1A 0.25 MG/ML,AUTO-INJECTOR
1546189,SBD,0.5 ML PEGINTERFERON BETA-1A 0.25 MG/ML PREFILLED SYRINGE [PLEGRIDY],PLEGRIDY,PEGINTERFERON BETA-1A 0.25 MG/ML,PREFILLED SYRINGE
2046380,SBD,1 ML PEGVALIASE-PQPZ 20 MG/ML PREFILLED SYRINGE [PALYNZIQ],PALYNZIQ,PEGVALIASE-PQPZ 20 MG/ML,PREFILLED SYRINGE
2046370,SBD,0.5 ML PEGVALIASE-PQPZ 20 MG/ML PREFILLED SYRINGE [PALYNZIQ],PALYNZIQ,PEGVALIASE-PQPZ 20 MG/ML,PREFILLED SYRINGE
2046376,SBD,0.5 ML PEGVALIASE-PQPZ 5 MG/ML PREFILLED SYRINGE [PALYNZIQ],PALYNZIQ,PEGVALIASE-PQPZ 5 MG/ML,PREFILLED SYRINGE
404457,SBD,PEGVISOMANT 10 MG INJECTION [SOMAVERT],SOMAVERT,PEGVISOMANT 10 MG,INJECTION
404458,SBD,PEGVISOMANT 15 MG INJECTION [SOMAVERT],SOMAVERT,PEGVISOMANT 15 MG,INJECTION
404459,SBD,PEGVISOMANT 20 MG INJECTION [SOMAVERT],SOMAVERT,PEGVISOMANT 20 MG,INJECTION
1549456,SBD,PEGVISOMANT 25 MG INJECTION [SOMAVERT],SOMAVERT,PEGVISOMANT 25 MG,INJECTION
1549454,SBD,PEGVISOMANT 30 MG INJECTION [SOMAVERT],SOMAVERT,PEGVISOMANT 30 MG,INJECTION
2738665,SBD,0.4 ML PEGZILARGINASE-NBLN 5 MG/ML INJECTION [LOARGYS],LOARGYS,PEGZILARGINASE-NBLN 5 MG/ML,INJECTION
2359340,SBD,PEMIGATINIB 13.5 MG ORAL TABLET [PEMAZYRE],PEMAZYRE,PEMIGATINIB 13.5 MG,ORAL TABLET
2359344,SBD,PEMIGATINIB 4.5 MG ORAL TABLET [PEMAZYRE],PEMAZYRE,PEMIGATINIB 4.5 MG,ORAL TABLET
2359348,SBD,PEMIGATINIB 9 MG ORAL TABLET [PEMAZYRE],PEMAZYRE,PEMIGATINIB 9 MG,ORAL TABLET
312255,SCD,PENCICLOVIR 10 MG/ML TOPICAL CREAM,,PENCICLOVIR 10 MG/ML,TOPICAL CREAM
211343,SBD,PENCICLOVIR 10 MG/ML TOPICAL CREAM [DENAVIR],DENAVIR,PENCICLOVIR 10 MG/ML,TOPICAL CREAM
198070,SCD,PENICILLAMINE 250 MG ORAL CAPSULE,,PENICILLAMINE 250 MG,ORAL CAPSULE
198071,SCD,PENICILLAMINE 250 MG ORAL TABLET,,PENICILLAMINE 250 MG,ORAL TABLET
207369,SBD,PENICILLAMINE 250 MG ORAL CAPSULE [CUPRIMINE],CUPRIMINE,PENICILLAMINE 250 MG,ORAL CAPSULE
207370,SBD,PENICILLAMINE 250 MG ORAL TABLET [DEPEN],DEPEN,PENICILLAMINE 250 MG,ORAL TABLET
731541,SBD,2 ML PENICILLIN G BENZATHINE 300000 UNT/ML / PENICILLIN G PROCAINE 300000 UNT/ML PREFILLED SYRINGE [BICILLIN],BICILLIN,PENICILLIN G BENZATHINE 300000 UNT/ML / PENICILLIN G PROCAINE 300000 UNT/ML,PREFILLED SYRINGE
836307,SBD,2 ML PENICILLIN G BENZATHINE 450000 UNT/ML / PENICILLIN G PROCAINE 150000 UNT/ML PREFILLED SYRINGE [BICILLIN],BICILLIN,PENICILLIN G BENZATHINE 450000 UNT/ML / PENICILLIN G PROCAINE 150000 UNT/ML,PREFILLED SYRINGE
731566,SBD,1 ML PENICILLIN G BENZATHINE 600000 UNT/ML PREFILLED SYRINGE [BICILLIN L-A],BICILLIN L-A,PENICILLIN G BENZATHINE 600000 UNT/ML,PREFILLED SYRINGE
731568,SBD,2 ML PENICILLIN G BENZATHINE 600000 UNT/ML PREFILLED SYRINGE [BICILLIN L-A],BICILLIN L-A,PENICILLIN G BENZATHINE 600000 UNT/ML,PREFILLED SYRINGE
731571,SBD,4 ML PENICILLIN G BENZATHINE 600000 UNT/ML PREFILLED SYRINGE [BICILLIN L-A],BICILLIN L-A,PENICILLIN G BENZATHINE 600000 UNT/ML,PREFILLED SYRINGE
863538,SCD,PENICILLIN G POTASSIUM 1000000 UNT/ML INJECTABLE SOLUTION,,PENICILLIN G POTASSIUM 1000000 UNT/ML,INJECTABLE SOLUTION
204466,SCD,50 ML PENICILLIN G POTASSIUM 40000 UNT/ML INJECTION,,PENICILLIN G POTASSIUM 40000 UNT/ML,INJECTION
207391,SCD,50 ML PENICILLIN G POTASSIUM 60000 UNT/ML INJECTION,,PENICILLIN G POTASSIUM 60000 UNT/ML,INJECTION
745302,SCD,PENICILLIN G SODIUM 100000 UNT/ML INJECTABLE SOLUTION,,PENICILLIN G SODIUM 100000 UNT/ML,INJECTABLE SOLUTION
834046,SCD,PENICILLIN V POTASSIUM 25 MG/ML ORAL SOLUTION,,PENICILLIN V POTASSIUM 25 MG/ML,ORAL SOLUTION
834061,SCD,PENICILLIN V POTASSIUM 250 MG ORAL TABLET,,PENICILLIN V POTASSIUM 250 MG,ORAL TABLET
834040,SCD,PENICILLIN V POTASSIUM 50 MG/ML ORAL SOLUTION,,PENICILLIN V POTASSIUM 50 MG/ML,ORAL SOLUTION
834102,SCD,PENICILLIN V POTASSIUM 500 MG ORAL TABLET,,PENICILLIN V POTASSIUM 500 MG,ORAL TABLET
861601,SCD,PENTAMIDINE ISETHIONATE 300 MG INJECTION,,PENTAMIDINE ISETHIONATE 300 MG,INJECTION
861604,SBD,PENTAMIDINE ISETHIONATE 300 MG INJECTION [PENTAM],PENTAM,PENTAMIDINE ISETHIONATE 300 MG,INJECTION
861597,SCD,PENTAMIDINE ISETHIONATE 50 MG/ML INHALATION SOLUTION,,PENTAMIDINE ISETHIONATE 50 MG/ML,INHALATION SOLUTION
861599,SBD,PENTAMIDINE ISETHIONATE 50 MG/ML INHALATION SOLUTION [NEBUPENT],NEBUPENT,PENTAMIDINE ISETHIONATE 50 MG/ML,INHALATION SOLUTION
211140,SBD,PENTOSAN POLYSULFATE 100 MG ORAL CAPSULE [ELMIRON],ELMIRON,PENTOSAN POLYSULFATE 100 MG,ORAL CAPSULE
312301,SCD,PENTOXIFYLLINE 400 MG EXTENDED RELEASE ORAL TABLET,,PENTOXIFYLLINE 400 MG,EXTENDED RELEASE ORAL TABLET
1790122,SCD,PERAMPANEL 0.5 MG/ML ORAL SUSPENSION,,PERAMPANEL 0.5 MG/ML,ORAL SUSPENSION
1790126,SBD,PERAMPANEL 0.5 MG/ML ORAL SUSPENSION [FYCOMPA],FYCOMPA,PERAMPANEL 0.5 MG/ML,ORAL SUSPENSION
1356584,SBD,PERAMPANEL 10 MG ORAL TABLET [FYCOMPA],FYCOMPA,PERAMPANEL 10 MG,ORAL TABLET
1356582,SCD,PERAMPANEL 10 MG ORAL TABLET,,PERAMPANEL 10 MG,ORAL TABLET
1356586,SCD,PERAMPANEL 12 MG ORAL TABLET,,PERAMPANEL 12 MG,ORAL TABLET
1356588,SBD,PERAMPANEL 12 MG ORAL TABLET [FYCOMPA],FYCOMPA,PERAMPANEL 12 MG,ORAL TABLET
1356563,SBD,PERAMPANEL 2 MG ORAL TABLET [FYCOMPA],FYCOMPA,PERAMPANEL 2 MG,ORAL TABLET
1356557,SCD,PERAMPANEL 2 MG ORAL TABLET,,PERAMPANEL 2 MG,ORAL TABLET
1356570,SCD,PERAMPANEL 4 MG ORAL TABLET,,PERAMPANEL 4 MG,ORAL TABLET
1356572,SBD,PERAMPANEL 4 MG ORAL TABLET [FYCOMPA],FYCOMPA,PERAMPANEL 4 MG,ORAL TABLET
1356576,SBD,PERAMPANEL 6 MG ORAL TABLET [FYCOMPA],FYCOMPA,PERAMPANEL 6 MG,ORAL TABLET
1356574,SCD,PERAMPANEL 6 MG ORAL TABLET,,PERAMPANEL 6 MG,ORAL TABLET
1356578,SCD,PERAMPANEL 8 MG ORAL TABLET,,PERAMPANEL 8 MG,ORAL TABLET
1356580,SBD,PERAMPANEL 8 MG ORAL TABLET [FYCOMPA],FYCOMPA,PERAMPANEL 8 MG,ORAL TABLET
2637556,SBD,PERFLUOROHEXYLOCTANE 1340 MG/ML OPHTHALMIC SOLUTION [MIEBO],MIEBO,PERFLUOROHEXYLOCTANE 1340 MG/ML,OPHTHALMIC SOLUTION
854984,SCD,PERINDOPRIL ERBUMINE 2 MG ORAL TABLET,,PERINDOPRIL ERBUMINE 2 MG,ORAL TABLET
854988,SCD,PERINDOPRIL ERBUMINE 4 MG ORAL TABLET,,PERINDOPRIL ERBUMINE 4 MG,ORAL TABLET
854925,SCD,PERINDOPRIL ERBUMINE 8 MG ORAL TABLET,,PERINDOPRIL ERBUMINE 8 MG,ORAL TABLET
106387,SCD,PERMETHRIN 50 MG/ML TOPICAL CREAM,,PERMETHRIN 50 MG/ML,TOPICAL CREAM
198075,SCD,PERPHENAZINE 16 MG ORAL TABLET,,PERPHENAZINE 16 MG,ORAL TABLET
198076,SCD,PERPHENAZINE 2 MG ORAL TABLET,,PERPHENAZINE 2 MG,ORAL TABLET
198077,SCD,PERPHENAZINE 4 MG ORAL TABLET,,PERPHENAZINE 4 MG,ORAL TABLET
198078,SCD,PERPHENAZINE 8 MG ORAL TABLET,,PERPHENAZINE 8 MG,ORAL TABLET
2626399,SBD,PEXIDARTINIB 125 MG ORAL CAPSULE [TURALIO],TURALIO,PEXIDARTINIB 125 MG,ORAL CAPSULE
104836,SBD,PHENELZINE 15 MG ORAL TABLET [NARDIL],NARDIL,PHENELZINE 15 MG,ORAL TABLET
312347,SCD,PHENELZINE 15 MG ORAL TABLET,,PHENELZINE 15 MG,ORAL TABLET
198083,SCD,PHENOBARBITAL 100 MG ORAL TABLET,,PHENOBARBITAL 100 MG,ORAL TABLET
312357,SCD,PHENOBARBITAL 15 MG ORAL TABLET,,PHENOBARBITAL 15 MG,ORAL TABLET
198086,SCD,PHENOBARBITAL 16.2 MG ORAL TABLET,,PHENOBARBITAL 16.2 MG,ORAL TABLET
312362,SCD,PHENOBARBITAL 30 MG ORAL TABLET,,PHENOBARBITAL 30 MG,ORAL TABLET
199167,SCD,PHENOBARBITAL 32.4 MG ORAL TABLET,,PHENOBARBITAL 32.4 MG,ORAL TABLET
702519,SCD,PHENOBARBITAL 4 MG/ML ORAL SOLUTION,,PHENOBARBITAL 4 MG/ML,ORAL SOLUTION
198089,SCD,PHENOBARBITAL 60 MG ORAL TABLET,,PHENOBARBITAL 60 MG,ORAL TABLET
199168,SCD,PHENOBARBITAL 64.8 MG ORAL TABLET,,PHENOBARBITAL 64.8 MG,ORAL TABLET
199164,SCD,PHENOBARBITAL 97.2 MG ORAL TABLET,,PHENOBARBITAL 97.2 MG,ORAL TABLET
861402,SCD,PHENOXYBENZAMINE HYDROCHLORIDE 10 MG ORAL CAPSULE,,PHENOXYBENZAMINE HYDROCHLORIDE 10 MG,ORAL CAPSULE
1248057,SCD,PHENYLEPHRINE HYDROCHLORIDE 1 MG/ML / PROMETHAZINE HYDROCHLORIDE 1.25 MG/ML ORAL SOLUTION,,PHENYLEPHRINE HYDROCHLORIDE 1 MG/ML / PROMETHAZINE HYDROCHLORIDE 1.25 MG/ML,ORAL SOLUTION
1313884,SBD,PHENYTOIN 25 MG/ML ORAL SUSPENSION [DILANTIN],DILANTIN,PHENYTOIN 25 MG/ML,ORAL SUSPENSION
1313112,SCD,PHENYTOIN 25 MG/ML ORAL SUSPENSION,,PHENYTOIN 25 MG/ML,ORAL SUSPENSION
1313887,SBD,PHENYTOIN 50 MG CHEWABLE TABLET [DILANTIN],DILANTIN,PHENYTOIN 50 MG,CHEWABLE TABLET
1313885,SCD,PHENYTOIN 50 MG CHEWABLE TABLET,,PHENYTOIN 50 MG,CHEWABLE TABLET
855673,SBD,PHENYTOIN SODIUM 100 MG EXTENDED RELEASE ORAL CAPSULE [DILANTIN],DILANTIN,PHENYTOIN SODIUM 100 MG,EXTENDED RELEASE ORAL CAPSULE
855671,SCD,PHENYTOIN SODIUM 100 MG EXTENDED RELEASE ORAL CAPSULE,,PHENYTOIN SODIUM 100 MG,EXTENDED RELEASE ORAL CAPSULE
855863,SBD,PHENYTOIN SODIUM 200 MG EXTENDED RELEASE ORAL CAPSULE [PHENYTEK],PHENYTEK,PHENYTOIN SODIUM 200 MG,EXTENDED RELEASE ORAL CAPSULE
855871,SBD,PHENYTOIN SODIUM 30 MG EXTENDED RELEASE ORAL CAPSULE [DILANTIN],DILANTIN,PHENYTOIN SODIUM 30 MG,EXTENDED RELEASE ORAL CAPSULE
855875,SBD,PHENYTOIN SODIUM 300 MG EXTENDED RELEASE ORAL CAPSULE [PHENYTEK],PHENYTEK,PHENYTOIN SODIUM 300 MG,EXTENDED RELEASE ORAL CAPSULE
1000647,SCD,PILOCARPINE HYDROCHLORIDE 10 MG/ML OPHTHALMIC SOLUTION,,PILOCARPINE HYDROCHLORIDE 10 MG/ML,OPHTHALMIC SOLUTION
2584552,SCD,PILOCARPINE HYDROCHLORIDE 12.5 MG/ML OPHTHALMIC SOLUTION,,PILOCARPINE HYDROCHLORIDE 12.5 MG/ML,OPHTHALMIC SOLUTION
1000862,SCD,PILOCARPINE HYDROCHLORIDE 20 MG/ML OPHTHALMIC SOLUTION,,PILOCARPINE HYDROCHLORIDE 20 MG/ML,OPHTHALMIC SOLUTION
1000897,SCD,PILOCARPINE HYDROCHLORIDE 40 MG/ML OPHTHALMIC SOLUTION,,PILOCARPINE HYDROCHLORIDE 40 MG/ML,OPHTHALMIC SOLUTION
1000915,SBD,PILOCARPINE HYDROCHLORIDE 5 MG ORAL TABLET [SALAGEN],SALAGEN,PILOCARPINE HYDROCHLORIDE 5 MG,ORAL TABLET
1000913,SCD,PILOCARPINE HYDROCHLORIDE 5 MG ORAL TABLET,,PILOCARPINE HYDROCHLORIDE 5 MG,ORAL TABLET
1001004,SCD,PILOCARPINE HYDROCHLORIDE 7.5 MG ORAL TABLET,,PILOCARPINE HYDROCHLORIDE 7.5 MG,ORAL TABLET
1001006,SBD,PILOCARPINE HYDROCHLORIDE 7.5 MG ORAL TABLET [SALAGEN],SALAGEN,PILOCARPINE HYDROCHLORIDE 7.5 MG,ORAL TABLET
2049271,SBD,PIMAVANSERIN 10 MG ORAL TABLET [NUPLAZID],NUPLAZID,PIMAVANSERIN 10 MG,ORAL TABLET
2049278,SBD,PIMAVANSERIN 34 MG ORAL CAPSULE [NUPLAZID],NUPLAZID,PIMAVANSERIN 34 MG,ORAL CAPSULE
562806,SCD,PIMECROLIMUS 10 MG/ML TOPICAL CREAM,,PIMECROLIMUS 10 MG/ML,TOPICAL CREAM
312439,SCD,PIMOZIDE 1 MG ORAL TABLET,,PIMOZIDE 1 MG,ORAL TABLET
198103,SCD,PIMOZIDE 2 MG ORAL TABLET,,PIMOZIDE 2 MG,ORAL TABLET
198104,SCD,PINDOLOL 10 MG ORAL TABLET,,PINDOLOL 10 MG,ORAL TABLET
198105,SCD,PINDOLOL 5 MG ORAL TABLET,,PINDOLOL 5 MG,ORAL TABLET
317573,SCD,PIOGLITAZONE 15 MG ORAL TABLET,,PIOGLITAZONE 15 MG,ORAL TABLET
261266,SBD,PIOGLITAZONE 15 MG ORAL TABLET [ACTOS],ACTOS,PIOGLITAZONE 15 MG,ORAL TABLET
261267,SBD,PIOGLITAZONE 30 MG ORAL TABLET [ACTOS],ACTOS,PIOGLITAZONE 30 MG,ORAL TABLET
312440,SCD,PIOGLITAZONE 30 MG ORAL TABLET,,PIOGLITAZONE 30 MG,ORAL TABLET
261268,SBD,PIOGLITAZONE 45 MG ORAL TABLET [ACTOS],ACTOS,PIOGLITAZONE 45 MG,ORAL TABLET
312441,SCD,PIOGLITAZONE 45 MG ORAL TABLET,,PIOGLITAZONE 45 MG,ORAL TABLET
312447,SCD,PIPERACILLIN 200 MG/ML / TAZOBACTAM 25 MG/ML INJECTABLE SOLUTION,,PIPERACILLIN 200 MG/ML / TAZOBACTAM 25 MG/ML,INJECTABLE SOLUTION
1659131,SCD,PIPERACILLIN 2000 MG / TAZOBACTAM 250 MG INJECTION,,PIPERACILLIN 2000 MG / TAZOBACTAM 250 MG,INJECTION
1659134,SBD,PIPERACILLIN 2000 MG / TAZOBACTAM 250 MG INJECTION [ZOSYN],ZOSYN,PIPERACILLIN 2000 MG / TAZOBACTAM 250 MG,INJECTION
1659137,SCD,PIPERACILLIN 3000 MG / TAZOBACTAM 375 MG INJECTION,,PIPERACILLIN 3000 MG / TAZOBACTAM 375 MG,INJECTION
1659149,SCD,PIPERACILLIN 4000 MG / TAZOBACTAM 500 MG INJECTION,,PIPERACILLIN 4000 MG / TAZOBACTAM 500 MG,INJECTION
1868014,SCD,PIRFENIDONE 267 MG ORAL TABLET,,PIRFENIDONE 267 MG,ORAL TABLET
1868016,SBD,PIRFENIDONE 267 MG ORAL TABLET [ESBRIET],ESBRIET,PIRFENIDONE 267 MG,ORAL TABLET
1592279,SCD,PIRFENIDONE 267 MG ORAL CAPSULE,,PIRFENIDONE 267 MG,ORAL CAPSULE
2606490,SCD,PIRFENIDONE 534 MG ORAL TABLET,,PIRFENIDONE 534 MG,ORAL TABLET
1868018,SCD,PIRFENIDONE 801 MG ORAL TABLET,,PIRFENIDONE 801 MG,ORAL TABLET
1868020,SBD,PIRFENIDONE 801 MG ORAL TABLET [ESBRIET],ESBRIET,PIRFENIDONE 801 MG,ORAL TABLET
198107,SCD,PIROXICAM 10 MG ORAL CAPSULE,,PIROXICAM 10 MG,ORAL CAPSULE
198108,SCD,PIROXICAM 20 MG ORAL CAPSULE,,PIROXICAM 20 MG,ORAL CAPSULE
2629349,SBD,PIRTOBRUTINIB 100 MG ORAL TABLET [JAYPIRCA],JAYPIRCA,PIRTOBRUTINIB 100 MG,ORAL TABLET
2629353,SBD,PIRTOBRUTINIB 50 MG ORAL TABLET [JAYPIRCA],JAYPIRCA,PIRTOBRUTINIB 50 MG,ORAL TABLET
861643,SCD,PITAVASTATIN CALCIUM 1 MG ORAL TABLET,,PITAVASTATIN CALCIUM 1 MG,ORAL TABLET
861646,SBD,PITAVASTATIN CALCIUM 1 MG ORAL TABLET [LIVALO],LIVALO,PITAVASTATIN CALCIUM 1 MG,ORAL TABLET
861648,SCD,PITAVASTATIN CALCIUM 2 MG ORAL TABLET,,PITAVASTATIN CALCIUM 2 MG,ORAL TABLET
861650,SBD,PITAVASTATIN CALCIUM 2 MG ORAL TABLET [LIVALO],LIVALO,PITAVASTATIN CALCIUM 2 MG,ORAL TABLET
861652,SCD,PITAVASTATIN CALCIUM 4 MG ORAL TABLET,,PITAVASTATIN CALCIUM 4 MG,ORAL TABLET
861654,SBD,PITAVASTATIN CALCIUM 4 MG ORAL TABLET [LIVALO],LIVALO,PITAVASTATIN CALCIUM 4 MG,ORAL TABLET
2001264,SBD,PITAVASTATIN MAGNESIUM 2 MG ORAL TABLET [ZYPITAMAG],ZYPITAMAG,PITAVASTATIN MAGNESIUM 2 MG,ORAL TABLET
2001268,SBD,PITAVASTATIN MAGNESIUM 4 MG ORAL TABLET [ZYPITAMAG],ZYPITAMAG,PITAVASTATIN MAGNESIUM 4 MG,ORAL TABLET
2197894,SBD,PITOLISANT 17.8 MG ORAL TABLET [WAKIX],WAKIX,PITOLISANT 17.8 MG,ORAL TABLET
2197890,SBD,PITOLISANT 4.45 MG ORAL TABLET [WAKIX],WAKIX,PITOLISANT 4.45 MG,ORAL TABLET
1873765,SBD,PLECANATIDE 3 MG ORAL TABLET [TRULANCE],TRULANCE,PLECANATIDE 3 MG,ORAL TABLET
2728184,SBD,0.5 ML PLOZASIRAN 50 MG/ML PREFILLED SYRINGE [REDEMPLO],REDEMPLO,PLOZASIRAN 50 MG/ML,PREFILLED SYRINGE
312466,SCD,PODOFILOX 0.005 MG/MG TOPICAL GEL,,PODOFILOX 0.005 MG/MG,TOPICAL GEL
582926,SCD,PODOFILOX 5 MG/ML TOPICAL SOLUTION,,PODOFILOX 5 MG/ML,TOPICAL SOLUTION
763106,SBD,"POLIOVIRUS VACCINE INACTIVATED, TYPE 1 (MAHONEY) 80 UNT/ML / POLIOVIRUS VACCINE INACTIVATED, TYPE 2 (MEF-1) 16 UNT/ML / POLIOVIRUS VACCINE INACTIVATED, TYPE 3 (SAUKETT) 64 UNT/ML INJECTABLE SUSPENSION [IPOL]",IPOL,"POLIOVIRUS VACCINE INACTIVATED, TYPE 1 (MAHONEY) 80 UNT/ML / POLIOVIRUS VACCINE INACTIVATED, TYPE 2 (MEF-1) 16 UNT/ML / POLIOVIRUS VACCINE INACTIVATED, TYPE 3 (SAUKETT) 64 UNT/ML",INJECTABLE SUSPENSION
967012,SBD,POLYETHYLENE GLYCOL 3350 236000 MG / POTASSIUM CHLORIDE 2970 MG / SODIUM BICARBONATE 6740 MG / SODIUM CHLORIDE 5860 MG / SODIUM SULFATE 22740 MG POWDER FOR ORAL SOLUTION [GAVILYTE-G],GAVILYTE-G,POLYETHYLENE GLYCOL 3350 236000 MG / POTASSIUM CHLORIDE 2970 MG / SODIUM BICARBONATE 6740 MG / SODIUM CHLORIDE 5860 MG / SODIUM SULFATE 22740 MG,POWDER FOR ORAL SOLUTION
966922,SBD,POLYETHYLENE GLYCOL 3350 236000 MG / POTASSIUM CHLORIDE 2970 MG / SODIUM BICARBONATE 6740 MG / SODIUM CHLORIDE 5860 MG / SODIUM SULFATE 22740 MG POWDER FOR ORAL SOLUTION [GOLYTELY],GOLYTELY,POLYETHYLENE GLYCOL 3350 236000 MG / POTASSIUM CHLORIDE 2970 MG / SODIUM BICARBONATE 6740 MG / SODIUM CHLORIDE 5860 MG / SODIUM SULFATE 22740 MG,POWDER FOR ORAL SOLUTION
966920,SCD,POLYETHYLENE GLYCOL 3350 236000 MG / POTASSIUM CHLORIDE 2970 MG / SODIUM BICARBONATE 6740 MG / SODIUM CHLORIDE 5860 MG / SODIUM SULFATE 22740 MG POWDER FOR ORAL SOLUTION,,POLYETHYLENE GLYCOL 3350 236000 MG / POTASSIUM CHLORIDE 2970 MG / SODIUM BICARBONATE 6740 MG / SODIUM CHLORIDE 5860 MG / SODIUM SULFATE 22740 MG,POWDER FOR ORAL SOLUTION
967023,SBD,POLYETHYLENE GLYCOL 3350 240000 MG / POTASSIUM CHLORIDE 2980 MG / SODIUM BICARBONATE 6720 MG / SODIUM CHLORIDE 5840 MG / SODIUM SULFATE 22720 MG POWDER FOR ORAL SOLUTION [GAVILYTE-C],GAVILYTE-C,POLYETHYLENE GLYCOL 3350 240000 MG / POTASSIUM CHLORIDE 2980 MG / SODIUM BICARBONATE 6720 MG / SODIUM CHLORIDE 5840 MG / SODIUM SULFATE 22720 MG,POWDER FOR ORAL SOLUTION
979099,SBD,POLYETHYLENE GLYCOL 3350 420000 MG / POTASSIUM CHLORIDE 1480 MG / SODIUM BICARBONATE 5720 MG / SODIUM CHLORIDE 11200 MG POWDER FOR ORAL SOLUTION [GAVILYTE-N],GAVILYTE-N,POLYETHYLENE GLYCOL 3350 420000 MG / POTASSIUM CHLORIDE 1480 MG / SODIUM BICARBONATE 5720 MG / SODIUM CHLORIDE 11200 MG,POWDER FOR ORAL SOLUTION
801054,SCD,POLYETHYLENE GLYCOL 3350 420000 MG / POTASSIUM CHLORIDE 1480 MG / SODIUM BICARBONATE 5720 MG / SODIUM CHLORIDE 11200 MG POWDER FOR ORAL SOLUTION,,POLYETHYLENE GLYCOL 3350 420000 MG / POTASSIUM CHLORIDE 1480 MG / SODIUM BICARBONATE 5720 MG / SODIUM CHLORIDE 11200 MG,POWDER FOR ORAL SOLUTION
244967,SCD,POLYMYXIN B 10000 UNT/ML / TRIMETHOPRIM 1 MG/ML OPHTHALMIC SOLUTION,,POLYMYXIN B 10000 UNT/ML / TRIMETHOPRIM 1 MG/ML,OPHTHALMIC SOLUTION
204509,SCD,POLYMYXIN B 250000 UNT/ML INJECTABLE SOLUTION,,POLYMYXIN B 250000 UNT/ML,INJECTABLE SOLUTION
1369718,SCD,POMALIDOMIDE 1 MG ORAL CAPSULE,,POMALIDOMIDE 1 MG,ORAL CAPSULE
1369724,SBD,POMALIDOMIDE 1 MG ORAL CAPSULE [POMALYST],POMALYST,POMALIDOMIDE 1 MG,ORAL CAPSULE
1369726,SCD,POMALIDOMIDE 2 MG ORAL CAPSULE,,POMALIDOMIDE 2 MG,ORAL CAPSULE
1369728,SBD,POMALIDOMIDE 2 MG ORAL CAPSULE [POMALYST],POMALYST,POMALIDOMIDE 2 MG,ORAL CAPSULE
1369730,SCD,POMALIDOMIDE 3 MG ORAL CAPSULE,,POMALIDOMIDE 3 MG,ORAL CAPSULE
1369732,SBD,POMALIDOMIDE 3 MG ORAL CAPSULE [POMALYST],POMALYST,POMALIDOMIDE 3 MG,ORAL CAPSULE
1369734,SCD,POMALIDOMIDE 4 MG ORAL CAPSULE,,POMALIDOMIDE 4 MG,ORAL CAPSULE
1369736,SBD,POMALIDOMIDE 4 MG ORAL CAPSULE [POMALYST],POMALYST,POMALIDOMIDE 4 MG,ORAL CAPSULE
2473042,SBD,PONATINIB 10 MG ORAL TABLET [ICLUSIG],ICLUSIG,PONATINIB 10 MG,ORAL TABLET
1364358,SBD,PONATINIB 15 MG ORAL TABLET [ICLUSIG],ICLUSIG,PONATINIB 15 MG,ORAL TABLET
1726639,SBD,PONATINIB 30 MG ORAL TABLET [ICLUSIG],ICLUSIG,PONATINIB 30 MG,ORAL TABLET
1364362,SBD,PONATINIB 45 MG ORAL TABLET [ICLUSIG],ICLUSIG,PONATINIB 45 MG,ORAL TABLET
2532351,BPCK,{3 (PONESIMOD 10 MG ORAL TABLET [PONVORY]) / 2 (PONESIMOD 2 MG ORAL TABLET [PONVORY]) / 2 (PONESIMOD 3 MG ORAL TABLET [PONVORY]) / 2 (PONESIMOD 4 MG ORAL TABLET [PONVORY]) / 1 (PONESIMOD 5 MG ORAL TABLET [PONVORY]) / 1 (PONESIMOD 6 MG ORAL TABLET [PONVORY]) / 1 (PONESIMOD 7 MG ORAL TABLET [PONVORY]) / 1 (PONESIMOD 8 MG ORAL TABLET [PONVORY]) / 1 (PONESIMOD 9 MG ORAL TABLET [PONVORY]) } PACK [PONVORY 14 DAY],PONVORY 14 DAY,PONESIMOD 10 MG / PONESIMOD 2 MG / PONESIMOD 3 MG / PONESIMOD 4 MG / PONESIMOD 5 MG,PACK
2532320,SBD,PONESIMOD 20 MG ORAL TABLET [PONVORY],PONVORY,PONESIMOD 20 MG,ORAL TABLET
1482908,SCD,POSACONAZOLE 100 MG DELAYED RELEASE ORAL TABLET,,POSACONAZOLE 100 MG,DELAYED RELEASE ORAL TABLET
2558607,SBD,POSACONAZOLE 300 MG POWDER FOR ORAL SUSPENSION [NOXAFIL],NOXAFIL,POSACONAZOLE 300 MG,POWDER FOR ORAL SUSPENSION
665019,SCD,POSACONAZOLE 40 MG/ML ORAL SUSPENSION,,POSACONAZOLE 40 MG/ML,ORAL SUSPENSION
403890,SCD,1000 ML POTASSIUM CHLORIDE 0.02 MEQ/ML / SODIUM CHLORIDE 4.5 MG/ML INJECTION,,POTASSIUM CHLORIDE 0.02 MEQ/ML / SODIUM CHLORIDE 4.5 MG/ML,INJECTION
637551,SCD,1000 ML POTASSIUM CHLORIDE 0.02 MEQ/ML / SODIUM CHLORIDE 9 MG/ML INJECTION,,POTASSIUM CHLORIDE 0.02 MEQ/ML / SODIUM CHLORIDE 9 MG/ML,INJECTION
237367,SCD,1000 ML POTASSIUM CHLORIDE 0.04 MEQ/ML / SODIUM CHLORIDE 9 MG/ML INJECTION,,POTASSIUM CHLORIDE 0.04 MEQ/ML / SODIUM CHLORIDE 9 MG/ML,INJECTION
312507,SCD,100 ML POTASSIUM CHLORIDE 0.1 MEQ/ML INJECTION,,POTASSIUM CHLORIDE 0.1 MEQ/ML,INJECTION
1860239,SCD,100 ML POTASSIUM CHLORIDE 0.2 MEQ/ML INJECTION,,POTASSIUM CHLORIDE 0.2 MEQ/ML,INJECTION
1860463,SCD,100 ML POTASSIUM CHLORIDE 0.4 MEQ/ML INJECTION,,POTASSIUM CHLORIDE 0.4 MEQ/ML,INJECTION
2734004,SBD,POTASSIUM CHLORIDE 0.667 MEQ/ML ORAL SOLUTION [POKONZA],POKONZA,POTASSIUM CHLORIDE 0.667 MEQ/ML,ORAL SOLUTION
312515,SCD,POTASSIUM CHLORIDE 1.33 MEQ/ML ORAL SOLUTION,,POTASSIUM CHLORIDE 1.33 MEQ/ML,ORAL SOLUTION
1801299,SBD,MICROENCAPSULATED POTASSIUM CHLORIDE 10 MEQ EXTENDED RELEASE ORAL TABLET [KLOR-CON],KLOR-CON,POTASSIUM CHLORIDE 10 MEQ,EXTENDED RELEASE ORAL TABLET
1801298,SCD,MICROENCAPSULATED POTASSIUM CHLORIDE 10 MEQ EXTENDED RELEASE ORAL TABLET,,POTASSIUM CHLORIDE 10 MEQ,EXTENDED RELEASE ORAL TABLET
312504,SCD,POTASSIUM CHLORIDE 10 MEQ EXTENDED RELEASE ORAL CAPSULE,,POTASSIUM CHLORIDE 10 MEQ,EXTENDED RELEASE ORAL CAPSULE
2665275,SBD,POTASSIUM CHLORIDE 10 MEQ POWDER FOR ORAL SOLUTION [POKONZA],POKONZA,POTASSIUM CHLORIDE 10 MEQ,POWDER FOR ORAL SOLUTION
628958,SBD,POTASSIUM CHLORIDE 10 MEQ EXTENDED RELEASE ORAL TABLET [KLOR-CON],KLOR-CON,POTASSIUM CHLORIDE 10 MEQ,EXTENDED RELEASE ORAL TABLET
628953,SCD,POTASSIUM CHLORIDE 10 MEQ EXTENDED RELEASE ORAL TABLET,,POTASSIUM CHLORIDE 10 MEQ,EXTENDED RELEASE ORAL TABLET
2693253,SCD,POTASSIUM CHLORIDE 15 MEQ EXTENDED RELEASE ORAL TABLET,,POTASSIUM CHLORIDE 15 MEQ,EXTENDED RELEASE ORAL TABLET
403888,SCD,MICROENCAPSULATED POTASSIUM CHLORIDE 15 MEQ EXTENDED RELEASE ORAL TABLET,,POTASSIUM CHLORIDE 15 MEQ,EXTENDED RELEASE ORAL TABLET
832731,SBD,MICROENCAPSULATED POTASSIUM CHLORIDE 15 MEQ EXTENDED RELEASE ORAL TABLET [KLOR-CON],KLOR-CON,POTASSIUM CHLORIDE 15 MEQ,EXTENDED RELEASE ORAL TABLET
2729282,SBD,POTASSIUM CHLORIDE 15 MEQ POWDER FOR ORAL SOLUTION [POKONZA],POKONZA,POTASSIUM CHLORIDE 15 MEQ,POWDER FOR ORAL SOLUTION
1860139,SCD,20 ML POTASSIUM CHLORIDE 2 MEQ/ML INJECTION,,POTASSIUM CHLORIDE 2 MEQ/ML,INJECTION
204520,SCD,POTASSIUM CHLORIDE 2 MEQ/ML INJECTABLE SOLUTION,,POTASSIUM CHLORIDE 2 MEQ/ML,INJECTABLE SOLUTION
314182,SCD,POTASSIUM CHLORIDE 2.67 MEQ/ML ORAL SOLUTION,,POTASSIUM CHLORIDE 2.67 MEQ/ML,ORAL SOLUTION
1867544,SCD,POTASSIUM CHLORIDE 20 MEQ POWDER FOR ORAL SOLUTION,,POTASSIUM CHLORIDE 20 MEQ,POWDER FOR ORAL SOLUTION
1867547,SBD,POTASSIUM CHLORIDE 20 MEQ POWDER FOR ORAL SOLUTION [KLOR-CON],KLOR-CON,POTASSIUM CHLORIDE 20 MEQ,POWDER FOR ORAL SOLUTION
198116,SCD,POTASSIUM CHLORIDE 20 MEQ EXTENDED RELEASE ORAL TABLET,,POTASSIUM CHLORIDE 20 MEQ,EXTENDED RELEASE ORAL TABLET
1801295,SBD,MICROENCAPSULATED POTASSIUM CHLORIDE 20 MEQ EXTENDED RELEASE ORAL TABLET [KLOR-CON],KLOR-CON,POTASSIUM CHLORIDE 20 MEQ,EXTENDED RELEASE ORAL TABLET
1801294,SCD,MICROENCAPSULATED POTASSIUM CHLORIDE 20 MEQ EXTENDED RELEASE ORAL TABLET,,POTASSIUM CHLORIDE 20 MEQ,EXTENDED RELEASE ORAL TABLET
312529,SCD,POTASSIUM CHLORIDE 8 MEQ EXTENDED RELEASE ORAL TABLET,,POTASSIUM CHLORIDE 8 MEQ,EXTENDED RELEASE ORAL TABLET
832718,SBD,POTASSIUM CHLORIDE 8 MEQ EXTENDED RELEASE ORAL TABLET [KLOR-CON],KLOR-CON,POTASSIUM CHLORIDE 8 MEQ,EXTENDED RELEASE ORAL TABLET
315183,SCD,POTASSIUM CHLORIDE 8 MEQ EXTENDED RELEASE ORAL CAPSULE,,POTASSIUM CHLORIDE 8 MEQ,EXTENDED RELEASE ORAL CAPSULE
603281,SBD,POTASSIUM CITRATE 10 MEQ EXTENDED RELEASE ORAL TABLET [UROCIT-K],UROCIT-K,POTASSIUM CITRATE 10 MEQ,EXTENDED RELEASE ORAL TABLET
199381,SCD,POTASSIUM CITRATE 10 MEQ EXTENDED RELEASE ORAL TABLET,,POTASSIUM CITRATE 10 MEQ,EXTENDED RELEASE ORAL TABLET
898517,SBD,POTASSIUM CITRATE 15 MEQ EXTENDED RELEASE ORAL TABLET [UROCIT-K],UROCIT-K,POTASSIUM CITRATE 15 MEQ,EXTENDED RELEASE ORAL TABLET
898490,SCD,POTASSIUM CITRATE 15 MEQ EXTENDED RELEASE ORAL TABLET,,POTASSIUM CITRATE 15 MEQ,EXTENDED RELEASE ORAL TABLET
199376,SCD,POTASSIUM CITRATE 5 MEQ EXTENDED RELEASE ORAL TABLET,,POTASSIUM CITRATE 5 MEQ,EXTENDED RELEASE ORAL TABLET
2394947,SBD,PRALSETINIB 100 MG ORAL CAPSULE [GAVRETO],GAVRETO,PRALSETINIB 100 MG,ORAL CAPSULE
859033,SCD,PRAMIPEXOLE DIHYDROCHLORIDE 0.125 MG ORAL TABLET,,PRAMIPEXOLE DIHYDROCHLORIDE 0.125 MG,ORAL TABLET
859040,SCD,PRAMIPEXOLE DIHYDROCHLORIDE 0.25 MG ORAL TABLET,,PRAMIPEXOLE DIHYDROCHLORIDE 0.25 MG,ORAL TABLET
901541,SCD,24 HR PRAMIPEXOLE DIHYDROCHLORIDE 0.375 MG EXTENDED RELEASE ORAL TABLET,,PRAMIPEXOLE DIHYDROCHLORIDE 0.375 MG,EXTENDED RELEASE ORAL TABLET
859044,SCD,PRAMIPEXOLE DIHYDROCHLORIDE 0.5 MG ORAL TABLET,,PRAMIPEXOLE DIHYDROCHLORIDE 0.5 MG,ORAL TABLET
858625,SCD,PRAMIPEXOLE DIHYDROCHLORIDE 0.75 MG ORAL TABLET,,PRAMIPEXOLE DIHYDROCHLORIDE 0.75 MG,ORAL TABLET
901546,SCD,24 HR PRAMIPEXOLE DIHYDROCHLORIDE 0.75 MG EXTENDED RELEASE ORAL TABLET,,PRAMIPEXOLE DIHYDROCHLORIDE 0.75 MG,EXTENDED RELEASE ORAL TABLET
859052,SCD,PRAMIPEXOLE DIHYDROCHLORIDE 1 MG ORAL TABLET,,PRAMIPEXOLE DIHYDROCHLORIDE 1 MG,ORAL TABLET
901550,SCD,24 HR PRAMIPEXOLE DIHYDROCHLORIDE 1.5 MG EXTENDED RELEASE ORAL TABLET,,PRAMIPEXOLE DIHYDROCHLORIDE 1.5 MG,EXTENDED RELEASE ORAL TABLET
859048,SCD,PRAMIPEXOLE DIHYDROCHLORIDE 1.5 MG ORAL TABLET,,PRAMIPEXOLE DIHYDROCHLORIDE 1.5 MG,ORAL TABLET
1114479,SCD,24 HR PRAMIPEXOLE DIHYDROCHLORIDE 2.25 MG EXTENDED RELEASE ORAL TABLET,,PRAMIPEXOLE DIHYDROCHLORIDE 2.25 MG,EXTENDED RELEASE ORAL TABLET
901555,SCD,24 HR PRAMIPEXOLE DIHYDROCHLORIDE 3 MG EXTENDED RELEASE ORAL TABLET,,PRAMIPEXOLE DIHYDROCHLORIDE 3 MG,EXTENDED RELEASE ORAL TABLET
1114485,SCD,24 HR PRAMIPEXOLE DIHYDROCHLORIDE 3.75 MG EXTENDED RELEASE ORAL TABLET,,PRAMIPEXOLE DIHYDROCHLORIDE 3.75 MG,EXTENDED RELEASE ORAL TABLET
901534,SCD,24 HR PRAMIPEXOLE DIHYDROCHLORIDE 4.5 MG EXTENDED RELEASE ORAL TABLET,,PRAMIPEXOLE DIHYDROCHLORIDE 4.5 MG,EXTENDED RELEASE ORAL TABLET
1927693,SBD,PRASTERONE 6.5 MG VAGINAL INSERT [INTRAROSA],INTRAROSA,PRASTERONE 6.5 MG,VAGINAL INSERT
855812,SCD,PRASUGREL 10 MG ORAL TABLET,,PRASUGREL 10 MG,ORAL TABLET
855816,SBD,PRASUGREL 10 MG ORAL TABLET [EFFIENT],EFFIENT,PRASUGREL 10 MG,ORAL TABLET
855820,SBD,PRASUGREL 5 MG ORAL TABLET [EFFIENT],EFFIENT,PRASUGREL 5 MG,ORAL TABLET
855818,SCD,PRASUGREL 5 MG ORAL TABLET,,PRASUGREL 5 MG,ORAL TABLET
904458,SCD,PRAVASTATIN SODIUM 10 MG ORAL TABLET,,PRAVASTATIN SODIUM 10 MG,ORAL TABLET
904467,SCD,PRAVASTATIN SODIUM 20 MG ORAL TABLET,,PRAVASTATIN SODIUM 20 MG,ORAL TABLET
904475,SCD,PRAVASTATIN SODIUM 40 MG ORAL TABLET,,PRAVASTATIN SODIUM 40 MG,ORAL TABLET
904481,SCD,PRAVASTATIN SODIUM 80 MG ORAL TABLET,,PRAVASTATIN SODIUM 80 MG,ORAL TABLET
198140,SCD,PRAZIQUANTEL 600 MG ORAL TABLET,,PRAZIQUANTEL 600 MG,ORAL TABLET
312593,SCD,PRAZOSIN 1 MG ORAL CAPSULE,,PRAZOSIN 1 MG,ORAL CAPSULE
312594,SCD,PRAZOSIN 2 MG ORAL CAPSULE,,PRAZOSIN 2 MG,ORAL CAPSULE
198141,SCD,PRAZOSIN 5 MG ORAL CAPSULE,,PRAZOSIN 5 MG,ORAL CAPSULE
312614,SCD,PREDNISOLONE 1 MG/ML ORAL SOLUTION,,PREDNISOLONE 1 MG/ML,ORAL SOLUTION
209002,SBD,PREDNISOLONE 1.2 MG/ML OPHTHALMIC SUSPENSION [PRED MILD],PRED MILD,PREDNISOLONE 1.2 MG/ML,OPHTHALMIC SUSPENSION
643123,SCD,PREDNISOLONE 10 MG DISINTEGRATING ORAL TABLET,,PREDNISOLONE 10 MG,DISINTEGRATING ORAL TABLET
668658,SBD,PREDNISOLONE 10 MG DISINTEGRATING ORAL TABLET [ORAPRED],ORAPRED,PREDNISOLONE 10 MG,DISINTEGRATING ORAL TABLET
314165,SCD,PREDNISOLONE 10 MG/ML OPHTHALMIC SOLUTION,,PREDNISOLONE 10 MG/ML,OPHTHALMIC SOLUTION
643125,SCD,PREDNISOLONE 15 MG DISINTEGRATING ORAL TABLET,,PREDNISOLONE 15 MG,DISINTEGRATING ORAL TABLET
647127,SBD,PREDNISOLONE 15 MG DISINTEGRATING ORAL TABLET [ORAPRED],ORAPRED,PREDNISOLONE 15 MG,DISINTEGRATING ORAL TABLET
794979,SCD,PREDNISOLONE 2 MG/ML ORAL SOLUTION,,PREDNISOLONE 2 MG/ML,ORAL SOLUTION
283077,SCD,PREDNISOLONE 3 MG/ML ORAL SOLUTION,,PREDNISOLONE 3 MG/ML,ORAL SOLUTION
643127,SCD,PREDNISOLONE 30 MG DISINTEGRATING ORAL TABLET,,PREDNISOLONE 30 MG,DISINTEGRATING ORAL TABLET
668660,SBD,PREDNISOLONE 30 MG DISINTEGRATING ORAL TABLET [ORAPRED],ORAPRED,PREDNISOLONE 30 MG,DISINTEGRATING ORAL TABLET
702306,SCD,PREDNISOLONE 4 MG/ML ORAL SOLUTION,,PREDNISOLONE 4 MG/ML,ORAL SOLUTION
198142,SCD,PREDNISOLONE 5 MG ORAL TABLET,,PREDNISOLONE 5 MG,ORAL TABLET
249066,SCD,PREDNISOLONE 5 MG/ML ORAL SOLUTION,,PREDNISOLONE 5 MG/ML,ORAL SOLUTION
1376336,SCD,PREDNISOLONE ACETATE 10 MG/ML OPHTHALMIC SUSPENSION,,PREDNISOLONE ACETATE 10 MG/ML,OPHTHALMIC SUSPENSION
1548724,SBD,PREDNISOLONE ACETATE 10 MG/ML OPHTHALMIC SUSPENSION [PRED FORTE],PRED FORTE,PREDNISOLONE ACETATE 10 MG/ML,OPHTHALMIC SUSPENSION
1012021,SCD,PREDNISOLONE SODIUM PHOSPHATE 2.5 MG/ML / SULFACETAMIDE SODIUM 100 MG/ML OPHTHALMIC SOLUTION,,PREDNISOLONE SODIUM PHOSPHATE 2.5 MG/ML / SULFACETAMIDE SODIUM 100 MG/ML,OPHTHALMIC SOLUTION
198144,SCD,PREDNISONE 1 MG ORAL TABLET,,PREDNISONE 1 MG,ORAL TABLET
1303125,SCD,PREDNISONE 1 MG DELAYED RELEASE ORAL TABLET,,PREDNISONE 1 MG,DELAYED RELEASE ORAL TABLET
315187,SCD,PREDNISONE 1 MG/ML ORAL SOLUTION,,PREDNISONE 1 MG/ML,ORAL SOLUTION
198145,SCD,PREDNISONE 10 MG ORAL TABLET,,PREDNISONE 10 MG,ORAL TABLET
763185,GPCK,{21 (PREDNISONE 10 MG ORAL TABLET) } PACK,,PREDNISONE 10 MG,PACK
763183,GPCK,{48 (PREDNISONE 10 MG ORAL TABLET) } PACK,,PREDNISONE 10 MG,PACK
1303132,SCD,PREDNISONE 2 MG DELAYED RELEASE ORAL TABLET,,PREDNISONE 2 MG,DELAYED RELEASE ORAL TABLET
198146,SCD,PREDNISONE 2.5 MG ORAL TABLET,,PREDNISONE 2.5 MG,ORAL TABLET
312615,SCD,PREDNISONE 20 MG ORAL TABLET,,PREDNISONE 20 MG,ORAL TABLET
763179,GPCK,{48 (PREDNISONE 5 MG ORAL TABLET) } PACK,,PREDNISONE 5 MG,PACK
763181,GPCK,{21 (PREDNISONE 5 MG ORAL TABLET) } PACK,,PREDNISONE 5 MG,PACK
312617,SCD,PREDNISONE 5 MG ORAL TABLET,,PREDNISONE 5 MG,ORAL TABLET
205301,SCD,PREDNISONE 5 MG/ML ORAL SOLUTION,,PREDNISONE 5 MG/ML,ORAL SOLUTION
198148,SCD,PREDNISONE 50 MG ORAL TABLET,,PREDNISONE 50 MG,ORAL TABLET
607018,SBD,PREGABALIN 100 MG ORAL CAPSULE [LYRICA],LYRICA,PREGABALIN 100 MG,ORAL CAPSULE
483438,SCD,PREGABALIN 100 MG ORAL CAPSULE,,PREGABALIN 100 MG,ORAL CAPSULE
607020,SBD,PREGABALIN 150 MG ORAL CAPSULE [LYRICA],LYRICA,PREGABALIN 150 MG,ORAL CAPSULE
483440,SCD,PREGABALIN 150 MG ORAL CAPSULE,,PREGABALIN 150 MG,ORAL CAPSULE
1994389,SBD,24 HR PREGABALIN 165 MG EXTENDED RELEASE ORAL TABLET [LYRICA],LYRICA,PREGABALIN 165 MG,EXTENDED RELEASE ORAL TABLET
1988974,SCD,24 HR PREGABALIN 165 MG EXTENDED RELEASE ORAL TABLET,,PREGABALIN 165 MG,EXTENDED RELEASE ORAL TABLET
898718,SBD,PREGABALIN 20 MG/ML ORAL SOLUTION [LYRICA],LYRICA,PREGABALIN 20 MG/ML,ORAL SOLUTION
898715,SCD,PREGABALIN 20 MG/ML ORAL SOLUTION,,PREGABALIN 20 MG/ML,ORAL SOLUTION
607022,SBD,PREGABALIN 200 MG ORAL CAPSULE [LYRICA],LYRICA,PREGABALIN 200 MG,ORAL CAPSULE
483446,SCD,PREGABALIN 200 MG ORAL CAPSULE,,PREGABALIN 200 MG,ORAL CAPSULE
607024,SBD,PREGABALIN 225 MG ORAL CAPSULE [LYRICA],LYRICA,PREGABALIN 225 MG,ORAL CAPSULE
577127,SCD,PREGABALIN 225 MG ORAL CAPSULE,,PREGABALIN 225 MG,ORAL CAPSULE
607026,SBD,PREGABALIN 25 MG ORAL CAPSULE [LYRICA],LYRICA,PREGABALIN 25 MG,ORAL CAPSULE
483442,SCD,PREGABALIN 25 MG ORAL CAPSULE,,PREGABALIN 25 MG,ORAL CAPSULE
607028,SBD,PREGABALIN 300 MG ORAL CAPSULE [LYRICA],LYRICA,PREGABALIN 300 MG,ORAL CAPSULE
483444,SCD,PREGABALIN 300 MG ORAL CAPSULE,,PREGABALIN 300 MG,ORAL CAPSULE
1994392,SBD,24 HR PREGABALIN 330 MG EXTENDED RELEASE ORAL TABLET [LYRICA],LYRICA,PREGABALIN 330 MG,EXTENDED RELEASE ORAL TABLET
1988977,SCD,24 HR PREGABALIN 330 MG EXTENDED RELEASE ORAL TABLET,,PREGABALIN 330 MG,EXTENDED RELEASE ORAL TABLET
607033,SBD,PREGABALIN 50 MG ORAL CAPSULE [LYRICA],LYRICA,PREGABALIN 50 MG,ORAL CAPSULE
483448,SCD,PREGABALIN 50 MG ORAL CAPSULE,,PREGABALIN 50 MG,ORAL CAPSULE
607038,SBD,PREGABALIN 75 MG ORAL CAPSULE [LYRICA],LYRICA,PREGABALIN 75 MG,ORAL CAPSULE
483450,SCD,PREGABALIN 75 MG ORAL CAPSULE,,PREGABALIN 75 MG,ORAL CAPSULE
1994395,SBD,24 HR PREGABALIN 82.5 MG EXTENDED RELEASE ORAL TABLET [LYRICA],LYRICA,PREGABALIN 82.5 MG,EXTENDED RELEASE ORAL TABLET
1988980,SCD,24 HR PREGABALIN 82.5 MG EXTENDED RELEASE ORAL TABLET,,PREGABALIN 82.5 MG,EXTENDED RELEASE ORAL TABLET
2198370,SCD,PRETOMANID 200 MG ORAL TABLET,,PRETOMANID 200 MG,ORAL TABLET
904170,SCD,PRIMAQUINE PHOSPHATE 26.3 MG ORAL TABLET,,PRIMAQUINE PHOSPHATE 26.3 MG,ORAL TABLET
328176,SCD,PRIMIDONE 125 MG ORAL TABLET,,PRIMIDONE 125 MG,ORAL TABLET
201747,SBD,PRIMIDONE 250 MG ORAL TABLET [MYSOLINE],MYSOLINE,PRIMIDONE 250 MG,ORAL TABLET
96304,SCD,PRIMIDONE 250 MG ORAL TABLET,,PRIMIDONE 250 MG,ORAL TABLET
198150,SCD,PRIMIDONE 50 MG ORAL TABLET,,PRIMIDONE 50 MG,ORAL TABLET
207478,SBD,PRIMIDONE 50 MG ORAL TABLET [MYSOLINE],MYSOLINE,PRIMIDONE 50 MG,ORAL TABLET
198152,SCD,PROBENECID 500 MG ORAL TABLET,,PROBENECID 500 MG,ORAL TABLET
2717850,SBD,PROBENECID 500 MG / SULOPENEM ETZADROXIL 500 MG ORAL TABLET [ORLYNVAH],ORLYNVAH,PROBENECID 500 MG / SULOPENEM ETZADROXIL 500 MG,ORAL TABLET
207588,SBD,PROCARBAZINE 50 MG ORAL CAPSULE [MATULANE],MATULANE,PROCARBAZINE 50 MG,ORAL CAPSULE
198365,SCD,PROCHLORPERAZINE 10 MG ORAL TABLET,,PROCHLORPERAZINE 10 MG,ORAL TABLET
198159,SCD,PROCHLORPERAZINE 25 MG RECTAL SUPPOSITORY,,PROCHLORPERAZINE 25 MG,RECTAL SUPPOSITORY
284254,SBD,PROCHLORPERAZINE 25 MG RECTAL SUPPOSITORY [COMPRO],COMPRO,PROCHLORPERAZINE 25 MG,RECTAL SUPPOSITORY
312635,SCD,PROCHLORPERAZINE 5 MG ORAL TABLET,,PROCHLORPERAZINE 5 MG,ORAL TABLET
153579,SBD,PROGESTERONE 0.04 MG/MG VAGINAL GEL [CRINONE],CRINONE,PROGESTERONE 0.04 MG/MG,VAGINAL GEL
153580,SBD,PROGESTERONE 0.08 MG/MG VAGINAL GEL [CRINONE],CRINONE,PROGESTERONE 0.08 MG/MG,VAGINAL GEL
260243,SCD,PROGESTERONE 100 MG ORAL CAPSULE,,PROGESTERONE 100 MG,ORAL CAPSULE
262080,SBD,PROGESTERONE 100 MG ORAL CAPSULE [PROMETRIUM],PROMETRIUM,PROGESTERONE 100 MG,ORAL CAPSULE
312641,SCD,PROGESTERONE 200 MG ORAL CAPSULE,,PROGESTERONE 200 MG,ORAL CAPSULE
261319,SBD,PROGESTERONE 200 MG ORAL CAPSULE [PROMETRIUM],PROMETRIUM,PROGESTERONE 200 MG,ORAL CAPSULE
992432,SCD,PROMETHAZINE HYDROCHLORIDE 1.25 MG/ML ORAL SOLUTION,,PROMETHAZINE HYDROCHLORIDE 1.25 MG/ML,ORAL SOLUTION
992438,SCD,PROMETHAZINE HYDROCHLORIDE 12.5 MG ORAL TABLET,,PROMETHAZINE HYDROCHLORIDE 12.5 MG,ORAL TABLET
992441,SCD,PROMETHAZINE HYDROCHLORIDE 12.5 MG RECTAL SUPPOSITORY,,PROMETHAZINE HYDROCHLORIDE 12.5 MG,RECTAL SUPPOSITORY
992459,SBD,PROMETHAZINE HYDROCHLORIDE 25 MG RECTAL SUPPOSITORY [PROMETHEGAN],PROMETHEGAN,PROMETHAZINE HYDROCHLORIDE 25 MG,RECTAL SUPPOSITORY
992454,SCD,PROMETHAZINE HYDROCHLORIDE 25 MG RECTAL SUPPOSITORY,,PROMETHAZINE HYDROCHLORIDE 25 MG,RECTAL SUPPOSITORY
992447,SCD,PROMETHAZINE HYDROCHLORIDE 25 MG ORAL TABLET,,PROMETHAZINE HYDROCHLORIDE 25 MG,ORAL TABLET
992481,SBD,PROMETHAZINE HYDROCHLORIDE 50 MG RECTAL SUPPOSITORY [PROMETHEGAN],PROMETHEGAN,PROMETHAZINE HYDROCHLORIDE 50 MG,RECTAL SUPPOSITORY
992475,SCD,PROMETHAZINE HYDROCHLORIDE 50 MG ORAL TABLET,,PROMETHAZINE HYDROCHLORIDE 50 MG,ORAL TABLET
861424,SCD,PROPAFENONE HYDROCHLORIDE 150 MG ORAL TABLET,,PROPAFENONE HYDROCHLORIDE 150 MG,ORAL TABLET
861427,SCD,PROPAFENONE HYDROCHLORIDE 225 MG ORAL TABLET,,PROPAFENONE HYDROCHLORIDE 225 MG,ORAL TABLET
861156,SCD,12 HR PROPAFENONE HYDROCHLORIDE 225 MG EXTENDED RELEASE ORAL CAPSULE,,PROPAFENONE HYDROCHLORIDE 225 MG,EXTENDED RELEASE ORAL CAPSULE
861430,SCD,PROPAFENONE HYDROCHLORIDE 300 MG ORAL TABLET,,PROPAFENONE HYDROCHLORIDE 300 MG,ORAL TABLET
861164,SCD,12 HR PROPAFENONE HYDROCHLORIDE 325 MG EXTENDED RELEASE ORAL CAPSULE,,PROPAFENONE HYDROCHLORIDE 325 MG,EXTENDED RELEASE ORAL CAPSULE
861171,SCD,12 HR PROPAFENONE HYDROCHLORIDE 425 MG EXTENDED RELEASE ORAL CAPSULE,,PROPAFENONE HYDROCHLORIDE 425 MG,EXTENDED RELEASE ORAL CAPSULE
856448,SCD,PROPRANOLOL HYDROCHLORIDE 10 MG ORAL TABLET,,PROPRANOLOL HYDROCHLORIDE 10 MG,ORAL TABLET
856471,SBD,24 HR PROPRANOLOL HYDROCHLORIDE 120 MG EXTENDED RELEASE ORAL CAPSULE [INNOPRAN],INNOPRAN,PROPRANOLOL HYDROCHLORIDE 120 MG,EXTENDED RELEASE ORAL CAPSULE
856460,SCD,24 HR PROPRANOLOL HYDROCHLORIDE 120 MG EXTENDED RELEASE ORAL CAPSULE,,PROPRANOLOL HYDROCHLORIDE 120 MG,EXTENDED RELEASE ORAL CAPSULE
856462,SBD,24 HR PROPRANOLOL HYDROCHLORIDE 120 MG EXTENDED RELEASE ORAL CAPSULE [INDERAL],INDERAL,PROPRANOLOL HYDROCHLORIDE 120 MG,EXTENDED RELEASE ORAL CAPSULE
856481,SCD,24 HR PROPRANOLOL HYDROCHLORIDE 160 MG EXTENDED RELEASE ORAL CAPSULE,,PROPRANOLOL HYDROCHLORIDE 160 MG,EXTENDED RELEASE ORAL CAPSULE
856483,SBD,24 HR PROPRANOLOL HYDROCHLORIDE 160 MG EXTENDED RELEASE ORAL CAPSULE [INDERAL],INDERAL,PROPRANOLOL HYDROCHLORIDE 160 MG,EXTENDED RELEASE ORAL CAPSULE
856457,SCD,PROPRANOLOL HYDROCHLORIDE 20 MG ORAL TABLET,,PROPRANOLOL HYDROCHLORIDE 20 MG,ORAL TABLET
856724,SCD,PROPRANOLOL HYDROCHLORIDE 4 MG/ML ORAL SOLUTION,,PROPRANOLOL HYDROCHLORIDE 4 MG/ML,ORAL SOLUTION
1495064,SBD,PROPRANOLOL HYDROCHLORIDE 4.28 MG/ML ORAL SOLUTION [HEMANGEOL],HEMANGEOL,PROPRANOLOL HYDROCHLORIDE 4.28 MG/ML,ORAL SOLUTION
856519,SCD,PROPRANOLOL HYDROCHLORIDE 40 MG ORAL TABLET,,PROPRANOLOL HYDROCHLORIDE 40 MG,ORAL TABLET
856556,SCD,PROPRANOLOL HYDROCHLORIDE 60 MG ORAL TABLET,,PROPRANOLOL HYDROCHLORIDE 60 MG,ORAL TABLET
856537,SBD,24 HR PROPRANOLOL HYDROCHLORIDE 60 MG EXTENDED RELEASE ORAL CAPSULE [INDERAL],INDERAL,PROPRANOLOL HYDROCHLORIDE 60 MG,EXTENDED RELEASE ORAL CAPSULE
856535,SCD,24 HR PROPRANOLOL HYDROCHLORIDE 60 MG EXTENDED RELEASE ORAL CAPSULE,,PROPRANOLOL HYDROCHLORIDE 60 MG,EXTENDED RELEASE ORAL CAPSULE
856733,SCD,PROPRANOLOL HYDROCHLORIDE 8 MG/ML ORAL SOLUTION,,PROPRANOLOL HYDROCHLORIDE 8 MG/ML,ORAL SOLUTION
856569,SCD,24 HR PROPRANOLOL HYDROCHLORIDE 80 MG EXTENDED RELEASE ORAL CAPSULE,,PROPRANOLOL HYDROCHLORIDE 80 MG,EXTENDED RELEASE ORAL CAPSULE
856571,SBD,24 HR PROPRANOLOL HYDROCHLORIDE 80 MG EXTENDED RELEASE ORAL CAPSULE [INDERAL],INDERAL,PROPRANOLOL HYDROCHLORIDE 80 MG,EXTENDED RELEASE ORAL CAPSULE
856576,SBD,24 HR PROPRANOLOL HYDROCHLORIDE 80 MG EXTENDED RELEASE ORAL CAPSULE [INNOPRAN],INNOPRAN,PROPRANOLOL HYDROCHLORIDE 80 MG,EXTENDED RELEASE ORAL CAPSULE
856578,SCD,PROPRANOLOL HYDROCHLORIDE 80 MG ORAL TABLET,,PROPRANOLOL HYDROCHLORIDE 80 MG,ORAL TABLET
198175,SCD,PROPYLTHIOURACIL 50 MG ORAL TABLET,,PROPYLTHIOURACIL 50 MG,ORAL TABLET
905168,SCD,PROTRIPTYLINE HYDROCHLORIDE 10 MG ORAL TABLET,,PROTRIPTYLINE HYDROCHLORIDE 10 MG,ORAL TABLET
905172,SCD,PROTRIPTYLINE HYDROCHLORIDE 5 MG ORAL TABLET,,PROTRIPTYLINE HYDROCHLORIDE 5 MG,ORAL TABLET
2107345,SCD,PRUCALOPRIDE 1 MG ORAL TABLET,,PRUCALOPRIDE 1 MG,ORAL TABLET
2107351,SBD,PRUCALOPRIDE 1 MG ORAL TABLET [MOTEGRITY],MOTEGRITY,PRUCALOPRIDE 1 MG,ORAL TABLET
2107353,SCD,PRUCALOPRIDE 2 MG ORAL TABLET,,PRUCALOPRIDE 2 MG,ORAL TABLET
2107355,SBD,PRUCALOPRIDE 2 MG ORAL TABLET [MOTEGRITY],MOTEGRITY,PRUCALOPRIDE 2 MG,ORAL TABLET
198181,SCD,PYRAZINAMIDE 500 MG ORAL TABLET,,PYRAZINAMIDE 500 MG,ORAL TABLET
903845,SBD,PYRIDOSTIGMINE BROMIDE 12 MG/ML ORAL SOLUTION [MESTINON],MESTINON,PYRIDOSTIGMINE BROMIDE 12 MG/ML,ORAL SOLUTION
903843,SCD,PYRIDOSTIGMINE BROMIDE 12 MG/ML ORAL SOLUTION,,PYRIDOSTIGMINE BROMIDE 12 MG/ML,ORAL SOLUTION
903847,SCD,PYRIDOSTIGMINE BROMIDE 180 MG EXTENDED RELEASE ORAL TABLET,,PYRIDOSTIGMINE BROMIDE 180 MG,EXTENDED RELEASE ORAL TABLET
903849,SBD,PYRIDOSTIGMINE BROMIDE 180 MG EXTENDED RELEASE ORAL TABLET [MESTINON],MESTINON,PYRIDOSTIGMINE BROMIDE 180 MG,EXTENDED RELEASE ORAL TABLET
903841,SCD,PYRIDOSTIGMINE BROMIDE 30 MG ORAL TABLET,,PYRIDOSTIGMINE BROMIDE 30 MG,ORAL TABLET
903859,SBD,PYRIDOSTIGMINE BROMIDE 60 MG ORAL TABLET [MESTINON],MESTINON,PYRIDOSTIGMINE BROMIDE 60 MG,ORAL TABLET
903857,SCD,PYRIDOSTIGMINE BROMIDE 60 MG ORAL TABLET,,PYRIDOSTIGMINE BROMIDE 60 MG,ORAL TABLET
198182,SCD,PYRIMETHAMINE 25 MG ORAL TABLET,,PYRIMETHAMINE 25 MG,ORAL TABLET
201912,SBD,PYRIMETHAMINE 25 MG ORAL TABLET [DARAPRIM],DARAPRIM,PYRIMETHAMINE 25 MG,ORAL TABLET
153639,SBD,QUETIAPINE 100 MG ORAL TABLET [SEROQUEL],SEROQUEL,QUETIAPINE 100 MG,ORAL TABLET
312743,SCD,QUETIAPINE 100 MG ORAL TABLET,,QUETIAPINE 100 MG,ORAL TABLET
895671,SBD,24 HR QUETIAPINE 150 MG EXTENDED RELEASE ORAL TABLET [SEROQUEL],SEROQUEL,QUETIAPINE 150 MG,EXTENDED RELEASE ORAL TABLET
895670,SCD,24 HR QUETIAPINE 150 MG EXTENDED RELEASE ORAL TABLET,,QUETIAPINE 150 MG,EXTENDED RELEASE ORAL TABLET
389201,SCD,QUETIAPINE 150 MG ORAL TABLET,,QUETIAPINE 150 MG,ORAL TABLET
721793,SBD,24 HR QUETIAPINE 200 MG EXTENDED RELEASE ORAL TABLET [SEROQUEL],SEROQUEL,QUETIAPINE 200 MG,EXTENDED RELEASE ORAL TABLET
153640,SBD,QUETIAPINE 200 MG ORAL TABLET [SEROQUEL],SEROQUEL,QUETIAPINE 200 MG,ORAL TABLET
721791,SCD,24 HR QUETIAPINE 200 MG EXTENDED RELEASE ORAL TABLET,,QUETIAPINE 200 MG,EXTENDED RELEASE ORAL TABLET
317174,SCD,QUETIAPINE 200 MG ORAL TABLET,,QUETIAPINE 200 MG,ORAL TABLET
153638,SBD,QUETIAPINE 25 MG ORAL TABLET [SEROQUEL],SEROQUEL,QUETIAPINE 25 MG,ORAL TABLET
312744,SCD,QUETIAPINE 25 MG ORAL TABLET,,QUETIAPINE 25 MG,ORAL TABLET
284509,SBD,QUETIAPINE 300 MG ORAL TABLET [SEROQUEL],SEROQUEL,QUETIAPINE 300 MG,ORAL TABLET
721794,SCD,24 HR QUETIAPINE 300 MG EXTENDED RELEASE ORAL TABLET,,QUETIAPINE 300 MG,EXTENDED RELEASE ORAL TABLET
721795,SBD,24 HR QUETIAPINE 300 MG EXTENDED RELEASE ORAL TABLET [SEROQUEL],SEROQUEL,QUETIAPINE 300 MG,EXTENDED RELEASE ORAL TABLET
312745,SCD,QUETIAPINE 300 MG ORAL TABLET,,QUETIAPINE 300 MG,ORAL TABLET
721797,SBD,24 HR QUETIAPINE 400 MG EXTENDED RELEASE ORAL TABLET [SEROQUEL],SEROQUEL,QUETIAPINE 400 MG,EXTENDED RELEASE ORAL TABLET
721796,SCD,24 HR QUETIAPINE 400 MG EXTENDED RELEASE ORAL TABLET,,QUETIAPINE 400 MG,EXTENDED RELEASE ORAL TABLET
616483,SCD,QUETIAPINE 400 MG ORAL TABLET,,QUETIAPINE 400 MG,ORAL TABLET
616487,SCD,QUETIAPINE 50 MG ORAL TABLET,,QUETIAPINE 50 MG,ORAL TABLET
616489,SBD,QUETIAPINE 50 MG ORAL TABLET [SEROQUEL],SEROQUEL,QUETIAPINE 50 MG,ORAL TABLET
853202,SBD,24 HR QUETIAPINE 50 MG EXTENDED RELEASE ORAL TABLET [SEROQUEL],SEROQUEL,QUETIAPINE 50 MG,EXTENDED RELEASE ORAL TABLET
853201,SCD,24 HR QUETIAPINE 50 MG EXTENDED RELEASE ORAL TABLET,,QUETIAPINE 50 MG,EXTENDED RELEASE ORAL TABLET
312748,SCD,QUINAPRIL 10 MG ORAL TABLET,,QUINAPRIL 10 MG,ORAL TABLET
312749,SCD,QUINAPRIL 20 MG ORAL TABLET,,QUINAPRIL 20 MG,ORAL TABLET
314203,SCD,QUINAPRIL 40 MG ORAL TABLET,,QUINAPRIL 40 MG,ORAL TABLET
312750,SCD,QUINAPRIL 5 MG ORAL TABLET,,QUINAPRIL 5 MG,ORAL TABLET
852920,SCD,QUINIDINE GLUCONATE 324 MG EXTENDED RELEASE ORAL TABLET,,QUINIDINE GLUCONATE 324 MG,EXTENDED RELEASE ORAL TABLET
852877,SCD,QUINIDINE SULFATE 200 MG ORAL TABLET,,QUINIDINE SULFATE 200 MG,ORAL TABLET
852913,SCD,QUINIDINE SULFATE 300 MG ORAL TABLET,,QUINIDINE SULFATE 300 MG,ORAL TABLET
997010,SCD,QUININE SULFATE 324 MG ORAL CAPSULE,,QUININE SULFATE 324 MG,ORAL CAPSULE
2643060,SBD,QUIZARTINIB 17.7 MG ORAL TABLET [VANFLYTA],VANFLYTA,QUIZARTINIB 17.7 MG,ORAL TABLET
2643064,SBD,QUIZARTINIB 26.5 MG ORAL TABLET [VANFLYTA],VANFLYTA,QUIZARTINIB 26.5 MG,ORAL TABLET
854868,SCD,RABEPRAZOLE SODIUM 20 MG DELAYED RELEASE ORAL TABLET,,RABEPRAZOLE SODIUM 20 MG,DELAYED RELEASE ORAL TABLET
854870,SBD,RABEPRAZOLE SODIUM 20 MG DELAYED RELEASE ORAL TABLET [ACIPHEX],ACIPHEX,RABEPRAZOLE SODIUM 20 MG,DELAYED RELEASE ORAL TABLET
830463,SBD,1 ML RABIES VIRUS VACCINE FLURY-LEP STRAIN 2.5 UNT/ML INJECTION [RABAVERT],RABAVERT,RABIES VIRUS VACCINE FLURY-LEP STRAIN 2.5 UNT/ML,INJECTION
830470,SBD,"1 ML RABIES VIRUS VACCINE WISTAR STRAIN PM-1503-3M (HUMAN), INACTIVATED 2.5 UNT/ML INJECTION [IMOVAX]",IMOVAX,"RABIES VIRUS VACCINE WISTAR STRAIN PM-1503-3M (HUMAN), INACTIVATED 2.5 UNT/ML",INJECTION
1490067,SBD,RALOXIFENE HYDROCHLORIDE 60 MG ORAL TABLET [EVISTA],EVISTA,RALOXIFENE HYDROCHLORIDE 60 MG,ORAL TABLET
1490065,SCD,RALOXIFENE HYDROCHLORIDE 60 MG ORAL TABLET,,RALOXIFENE HYDROCHLORIDE 60 MG,ORAL TABLET
1486841,SBD,RALTEGRAVIR 100 MG GRANULES FOR ORAL SUSPENSION [ISENTRESS],ISENTRESS,RALTEGRAVIR 100 MG,GRANULES FOR ORAL SUSPENSION
1235591,SBD,RALTEGRAVIR 100 MG CHEWABLE TABLET [ISENTRESS],ISENTRESS,RALTEGRAVIR 100 MG,CHEWABLE TABLET
1235595,SBD,RALTEGRAVIR 25 MG CHEWABLE TABLET [ISENTRESS],ISENTRESS,RALTEGRAVIR 25 MG,CHEWABLE TABLET
744846,SBD,RALTEGRAVIR 400 MG ORAL TABLET [ISENTRESS],ISENTRESS,RALTEGRAVIR 400 MG,ORAL TABLET
1924315,SBD,RALTEGRAVIR 600 MG ORAL TABLET [ISENTRESS],ISENTRESS,RALTEGRAVIR 600 MG,ORAL TABLET
577348,SCD,RAMELTEON 8 MG ORAL TABLET,,RAMELTEON 8 MG,ORAL TABLET
603162,SBD,RAMELTEON 8 MG ORAL TABLET [ROZEREM],ROZEREM,RAMELTEON 8 MG,ORAL TABLET
845488,SCD,RAMIPRIL 1.25 MG ORAL CAPSULE,,RAMIPRIL 1.25 MG,ORAL CAPSULE
261962,SCD,RAMIPRIL 10 MG ORAL CAPSULE,,RAMIPRIL 10 MG,ORAL CAPSULE
198188,SCD,RAMIPRIL 2.5 MG ORAL CAPSULE,,RAMIPRIL 2.5 MG,ORAL CAPSULE
198189,SCD,RAMIPRIL 5 MG ORAL CAPSULE,,RAMIPRIL 5 MG,ORAL CAPSULE
198191,SCD,RANITIDINE 150 MG ORAL TABLET,,RANITIDINE 150 MG,ORAL TABLET
198193,SCD,RANITIDINE 300 MG ORAL TABLET,,RANITIDINE 300 MG,ORAL TABLET
728231,SCD,12 HR RANOLAZINE 1000 MG EXTENDED RELEASE ORAL TABLET,,RANOLAZINE 1000 MG,EXTENDED RELEASE ORAL TABLET
616749,SCD,12 HR RANOLAZINE 500 MG EXTENDED RELEASE ORAL TABLET,,RANOLAZINE 500 MG,EXTENDED RELEASE ORAL TABLET
636664,SCD,RASAGILINE 0.5 MG ORAL TABLET,,RASAGILINE 0.5 MG,ORAL TABLET
637218,SBD,RASAGILINE 0.5 MG ORAL TABLET [AZILECT],AZILECT,RASAGILINE 0.5 MG,ORAL TABLET
637185,SBD,RASAGILINE 1 MG ORAL TABLET [AZILECT],AZILECT,RASAGILINE 1 MG,ORAL TABLET
608328,SCD,RASAGILINE 1 MG ORAL TABLET,,RASAGILINE 1 MG,ORAL TABLET
1312408,SBD,REGORAFENIB 40 MG ORAL TABLET [STIVARGA],STIVARGA,REGORAFENIB 40 MG,ORAL TABLET
2739560,BPCK,"{9 (RELACORILANT 100 MG ORAL CAPSULE [LIFYORLI]) / 9 (RELACORILANT 25 MG ORAL CAPSULE [LIFYORLI]) } PACK [LIFYORLI 125 MG, 9-DOSE SUPPLY]","LIFYORLI 125 MG, 9-DOSE SUPPLY",RELACORILANT 100 MG / RELACORILANT 25 MG,PACK
2739558,BPCK,"{3 (RELACORILANT 100 MG ORAL CAPSULE [LIFYORLI]) / 3 (RELACORILANT 25 MG ORAL CAPSULE [LIFYORLI]) } PACK [LIFYORLI 125 MG, 3-DOSE SUPPLY]","LIFYORLI 125 MG, 3-DOSE SUPPLY",RELACORILANT 100 MG / RELACORILANT 25 MG,PACK
2739564,BPCK,"{9 (RELACORILANT 100 MG ORAL CAPSULE [LIFYORLI]) / 18 (RELACORILANT 25 MG ORAL CAPSULE [LIFYORLI]) } PACK [LIFYORLI 150 MG, 9-DOSE SUPPLY]","LIFYORLI 150 MG, 9-DOSE SUPPLY",RELACORILANT 100 MG / RELACORILANT 25 MG,PACK
2739562,BPCK,"{3 (RELACORILANT 100 MG ORAL CAPSULE [LIFYORLI]) / 6 (RELACORILANT 25 MG ORAL CAPSULE [LIFYORLI]) } PACK [LIFYORLI 150 MG, 3-DOSE SUPPLY]","LIFYORLI 150 MG, 3-DOSE SUPPLY",RELACORILANT 100 MG / RELACORILANT 25 MG,PACK
2739554,BPCK,"{1 (RELACORILANT 100 MG ORAL CAPSULE [LIFYORLI]) / 1 (RELACORILANT 25 MG ORAL CAPSULE [LIFYORLI]) } PACK [LIFYORLI 125 MG, 1-DOSE SUPPLY]","LIFYORLI 125 MG, 1-DOSE SUPPLY",RELACORILANT 100 MG / RELACORILANT 25 MG,PACK
2739556,BPCK,"{1 (RELACORILANT 100 MG ORAL CAPSULE [LIFYORLI]) / 2 (RELACORILANT 25 MG ORAL CAPSULE [LIFYORLI]) } PACK [LIFYORLI 150 MG, 1-DOSE SUPPLY]","LIFYORLI 150 MG, 1-DOSE SUPPLY",RELACORILANT 100 MG / RELACORILANT 25 MG,PACK
2472789,SBD,RELUGOLIX 120 MG ORAL TABLET [ORGOVYX],ORGOVYX,RELUGOLIX 120 MG,ORAL TABLET
2724398,SBD,REMIBRUTINIB 25 MG ORAL TABLET [RHAPSIDO],RHAPSIDO,REMIBRUTINIB 25 MG,ORAL TABLET
200257,SCD,REPAGLINIDE 0.5 MG ORAL TABLET,,REPAGLINIDE 0.5 MG,ORAL TABLET
200256,SCD,REPAGLINIDE 1 MG ORAL TABLET,,REPAGLINIDE 1 MG,ORAL TABLET
200258,SCD,REPAGLINIDE 2 MG ORAL TABLET,,REPAGLINIDE 2 MG,ORAL TABLET
2696878,SBD,REPOTRECTINIB 160 MG ORAL CAPSULE [AUGTYRO],AUGTYRO,REPOTRECTINIB 160 MG,ORAL CAPSULE
2670655,SBD,REPOTRECTINIB 40 MG ORAL CAPSULE [AUGTYRO],AUGTYRO,REPOTRECTINIB 40 MG,ORAL CAPSULE
2677905,SBD,RESMETIROM 100 MG ORAL TABLET [REZDIFFRA],REZDIFFRA,RESMETIROM 100 MG,ORAL TABLET
2677909,SBD,RESMETIROM 60 MG ORAL TABLET [REZDIFFRA],REZDIFFRA,RESMETIROM 60 MG,ORAL TABLET
2677913,SBD,RESMETIROM 80 MG ORAL TABLET [REZDIFFRA],REZDIFFRA,RESMETIROM 80 MG,ORAL TABLET
2685012,SBD,0.5 ML RESPIRATORY SYNCYTIAL VIRUS PRE-FUSION F GLYCOPROTEIN MRNA 0.1 MG/ML PREFILLED SYRINGE [MRESVIA],MRESVIA,RESPIRATORY SYNCYTIAL VIRUS PRE-FUSION F GLYCOPROTEIN MRNA 0.1 MG/ML,PREFILLED SYRINGE
2642148,SBD,"0.5 ML RESPIRATORY SYNCYTIAL VIRUS PRE-FUSION F PROTEIN, A, RECOMBINANT, STABILIZED 0.12 MG/ML / RESPIRATORY SYNCYTIAL VIRUS PRE-FUSION F PROTEIN, B, RECOMBINANT, STABILIZED 0.12 MG/ML INJECTION [ABRYSVO]",ABRYSVO,"RESPIRATORY SYNCYTIAL VIRUS PRE-FUSION F PROTEIN, A, RECOMBINANT, STABILIZED 0.12 MG/ML / RESPIRATORY SYNCYTIAL VIRUS PRE-FUSION F PROTEIN, B, RECOMBINANT, STABILIZED 0.12 MG/ML",INJECTION
2636599,SBD,"0.5 ML RESPIRATORY SYNCYTIAL VIRUS PRE-FUSION F PROTEIN, RECOMBINANT 0.24 MG/ML INJECTION [AREXVY]",AREXVY,"RESPIRATORY SYNCYTIAL VIRUS PRE-FUSION F PROTEIN, RECOMBINANT 0.24 MG/ML",INJECTION
2102784,SBD,REVEFENACIN 0.0583 MG/ML INHALATION SOLUTION [YUPELRI],YUPELRI,REVEFENACIN 0.0583 MG/ML,INHALATION SOLUTION
2698337,SBD,REVUMENIB 110 MG ORAL TABLET [REVUFORJ],REVUFORJ,REVUMENIB 110 MG,ORAL TABLET
2698341,SBD,REVUMENIB 160 MG ORAL TABLET [REVUFORJ],REVUFORJ,REVUMENIB 160 MG,ORAL TABLET
2698345,SBD,REVUMENIB 25 MG ORAL TABLET [REVUFORJ],REVUFORJ,REVUMENIB 25 MG,ORAL TABLET
312817,SCD,RIBAVIRIN 200 MG ORAL CAPSULE,,RIBAVIRIN 200 MG,ORAL CAPSULE
248109,SCD,RIBAVIRIN 200 MG ORAL TABLET,,RIBAVIRIN 200 MG,ORAL TABLET
1873993,BPCK,{42 (RIBOCICLIB 200 MG ORAL TABLET [KISQALI]) } PACK [KISQALI 400 MG DAILY DOSE CARTON],KISQALI 400 MG DAILY DOSE CARTON,RIBOCICLIB 200 MG,PACK
1873995,BPCK,{63 (RIBOCICLIB 200 MG ORAL TABLET [KISQALI]) } PACK [KISQALI 600 MG DAILY DOSE CARTON],KISQALI 600 MG DAILY DOSE CARTON,RIBOCICLIB 200 MG,PACK
1873991,BPCK,{21 (RIBOCICLIB 200 MG ORAL TABLET [KISQALI]) } PACK [KISQALI 200 MG DAILY DOSE CARTON],KISQALI 200 MG DAILY DOSE CARTON,RIBOCICLIB 200 MG,PACK
198200,SCD,RIFABUTIN 150 MG ORAL CAPSULE,,RIFABUTIN 150 MG,ORAL CAPSULE
198201,SCD,RIFAMPIN 150 MG ORAL CAPSULE,,RIFAMPIN 150 MG,ORAL CAPSULE
198202,SCD,RIFAMPIN 300 MG ORAL CAPSULE,,RIFAMPIN 300 MG,ORAL CAPSULE
312821,SCD,RIFAMPIN 600 MG INJECTION,,RIFAMPIN 600 MG,INJECTION
261101,SBD,RIFAPENTINE 150 MG ORAL TABLET [PRIFTIN],PRIFTIN,RIFAPENTINE 150 MG,ORAL TABLET
539789,SBD,RIFAXIMIN 200 MG ORAL TABLET [XIFAXAN],XIFAXAN,RIFAXIMIN 200 MG,ORAL TABLET
856666,SBD,RIFAXIMIN 550 MG ORAL TABLET [XIFAXAN],XIFAXAN,RIFAXIMIN 550 MG,ORAL TABLET
763457,SBD,RILONACEPT 220 MG INJECTION [ARCALYST],ARCALYST,RILONACEPT 220 MG,INJECTION
2678248,SBD,RILPIVIRINE 2.5 MG TABLET FOR ORAL SUSPENSION [EDURANT],EDURANT,RILPIVIRINE 2.5 MG,TABLET FOR ORAL SUSPENSION
1102273,SCD,RILPIVIRINE 25 MG ORAL TABLET,,RILPIVIRINE 25 MG,ORAL TABLET
1102277,SBD,RILPIVIRINE 25 MG ORAL TABLET [EDURANT],EDURANT,RILPIVIRINE 25 MG,ORAL TABLET
2059266,SBD,RILUZOLE 5 MG/ML ORAL SUSPENSION [TIGLUTIK],TIGLUTIK,RILUZOLE 5 MG/ML,ORAL SUSPENSION
199206,SCD,RILUZOLE 50 MG ORAL TABLET,,RILUZOLE 50 MG,ORAL TABLET
2722409,SBD,RILZABRUTINIB 400 MG ORAL TABLET [WAYRILZ],WAYRILZ,RILZABRUTINIB 400 MG,ORAL TABLET
856605,SCD,RIMANTADINE HYDROCHLORIDE 100 MG ORAL TABLET,,RIMANTADINE HYDROCHLORIDE 100 MG,ORAL TABLET
2282320,SBD,RIMEGEPANT 75 MG DISINTEGRATING ORAL TABLET [NURTEC],NURTEC,RIMEGEPANT 75 MG,DISINTEGRATING ORAL TABLET
1439894,SBD,RIOCIGUAT 0.5 MG ORAL TABLET [ADEMPAS],ADEMPAS,RIOCIGUAT 0.5 MG,ORAL TABLET
1439896,SBD,RIOCIGUAT 1 MG ORAL TABLET [ADEMPAS],ADEMPAS,RIOCIGUAT 1 MG,ORAL TABLET
1439899,SBD,RIOCIGUAT 1.5 MG ORAL TABLET [ADEMPAS],ADEMPAS,RIOCIGUAT 1.5 MG,ORAL TABLET
1439901,SBD,RIOCIGUAT 2 MG ORAL TABLET [ADEMPAS],ADEMPAS,RIOCIGUAT 2 MG,ORAL TABLET
1439903,SBD,RIOCIGUAT 2.5 MG ORAL TABLET [ADEMPAS],ADEMPAS,RIOCIGUAT 2.5 MG,ORAL TABLET
2369403,SBD,RIPRETINIB 50 MG ORAL TABLET [QINLOCK],QINLOCK,RIPRETINIB 50 MG,ORAL TABLET
2745415,SBD,0.37 ML RISANKIZUMAB-RZAA 149 MG/ML PREFILLED SYRINGE [SKYRIZI],SKYRIZI,RISANKIZUMAB-RZAA 149 MG/ML,PREFILLED SYRINGE
2540695,SBD,1 ML RISANKIZUMAB-RZAA 150 MG/ML AUTO-INJECTOR [SKYRIZI],SKYRIZI,RISANKIZUMAB-RZAA 150 MG/ML,AUTO-INJECTOR
2540699,SBD,1 ML RISANKIZUMAB-RZAA 150 MG/ML PREFILLED SYRINGE [SKYRIZI],SKYRIZI,RISANKIZUMAB-RZAA 150 MG/ML,PREFILLED SYRINGE
2613759,SBD,1.2 ML RISANKIZUMAB-RZAA 150 MG/ML CARTRIDGE [SKYRIZI],SKYRIZI,RISANKIZUMAB-RZAA 150 MG/ML,CARTRIDGE
2604628,SBD,2.4 ML RISANKIZUMAB-RZAA 150 MG/ML CARTRIDGE [SKYRIZI],SKYRIZI,RISANKIZUMAB-RZAA 150 MG/ML,CARTRIDGE
2390946,SBD,RISDIPLAM 0.75 MG/ML ORAL SOLUTION [EVRYSDI],EVRYSDI,RISDIPLAM 0.75 MG/ML,ORAL SOLUTION
2705369,SBD,RISDIPLAM 5 MG ORAL TABLET [EVRYSDI],EVRYSDI,RISDIPLAM 5 MG,ORAL TABLET
905028,SCD,RISEDRONATE SODIUM 150 MG ORAL TABLET,,RISEDRONATE SODIUM 150 MG,ORAL TABLET
905030,SBD,RISEDRONATE SODIUM 150 MG ORAL TABLET [ACTONEL],ACTONEL,RISEDRONATE SODIUM 150 MG,ORAL TABLET
905032,SCD,RISEDRONATE SODIUM 30 MG ORAL TABLET,,RISEDRONATE SODIUM 30 MG,ORAL TABLET
1020066,BPCK,{4 (RISEDRONATE SODIUM 35 MG DELAYED RELEASE ORAL TABLET) } PACK [ATELVIA],ATELVIA,RISEDRONATE SODIUM 35 MG,PACK
1020065,GPCK,{4 (RISEDRONATE SODIUM 35 MG DELAYED RELEASE ORAL TABLET) } PACK,,RISEDRONATE SODIUM 35 MG,PACK
905024,SCD,RISEDRONATE SODIUM 35 MG ORAL TABLET,,RISEDRONATE SODIUM 35 MG,ORAL TABLET
905092,GPCK,{4 (RISEDRONATE SODIUM 35 MG ORAL TABLET) } PACK,,RISEDRONATE SODIUM 35 MG,PACK
905093,BPCK,{4 (RISEDRONATE SODIUM 35 MG ORAL TABLET [ACTONEL]) } PACK [ACTONEL 35 4-WEEK],ACTONEL 35 4-WEEK,RISEDRONATE SODIUM 35 MG,PACK
905100,GPCK,{12 (RISEDRONATE SODIUM 35 MG ORAL TABLET) } PACK,,RISEDRONATE SODIUM 35 MG,PACK
905041,SCD,RISEDRONATE SODIUM 5 MG ORAL TABLET,,RISEDRONATE SODIUM 5 MG,ORAL TABLET
645037,SCD,RISPERIDONE 0.25 MG DISINTEGRATING ORAL TABLET,,RISPERIDONE 0.25 MG,DISINTEGRATING ORAL TABLET
312828,SCD,RISPERIDONE 0.25 MG ORAL TABLET,,RISPERIDONE 0.25 MG,ORAL TABLET
262222,SBD,RISPERIDONE 0.5 MG ORAL TABLET [RISPERDAL],RISPERDAL,RISPERIDONE 0.5 MG,ORAL TABLET
312829,SCD,RISPERIDONE 0.5 MG ORAL TABLET,,RISPERIDONE 0.5 MG,ORAL TABLET
403825,SCD,RISPERIDONE 0.5 MG DISINTEGRATING ORAL TABLET,,RISPERIDONE 0.5 MG,DISINTEGRATING ORAL TABLET
104781,SBD,RISPERIDONE 1 MG ORAL TABLET [RISPERDAL],RISPERDAL,RISPERIDONE 1 MG,ORAL TABLET
312830,SCD,RISPERIDONE 1 MG ORAL TABLET,,RISPERIDONE 1 MG,ORAL TABLET
401953,SCD,RISPERIDONE 1 MG DISINTEGRATING ORAL TABLET,,RISPERIDONE 1 MG,DISINTEGRATING ORAL TABLET
211489,SBD,RISPERIDONE 1 MG/ML ORAL SOLUTION [RISPERDAL],RISPERDAL,RISPERIDONE 1 MG/ML,ORAL SOLUTION
199387,SCD,RISPERIDONE 1 MG/ML ORAL SOLUTION,,RISPERIDONE 1 MG/ML,ORAL SOLUTION
706822,SCD,RISPERIDONE 12.5 MG INJECTION,,RISPERIDONE 12.5 MG,INJECTION
706825,SBD,RISPERIDONE 12.5 MG INJECTION [RISPERDAL],RISPERDAL,RISPERIDONE 12.5 MG,INJECTION
401954,SCD,RISPERIDONE 2 MG DISINTEGRATING ORAL TABLET,,RISPERIDONE 2 MG,DISINTEGRATING ORAL TABLET
104782,SBD,RISPERIDONE 2 MG ORAL TABLET [RISPERDAL],RISPERDAL,RISPERIDONE 2 MG,ORAL TABLET
312831,SCD,RISPERIDONE 2 MG ORAL TABLET,,RISPERIDONE 2 MG,ORAL TABLET
706831,SBD,RISPERIDONE 25 MG INJECTION [RISPERDAL],RISPERDAL,RISPERIDONE 25 MG,INJECTION
402010,SCD,RISPERIDONE 25 MG INJECTION,,RISPERIDONE 25 MG,INJECTION
616698,SCD,RISPERIDONE 3 MG DISINTEGRATING ORAL TABLET,,RISPERIDONE 3 MG,DISINTEGRATING ORAL TABLET
312832,SCD,RISPERIDONE 3 MG ORAL TABLET,,RISPERIDONE 3 MG,ORAL TABLET
104783,SBD,RISPERIDONE 3 MG ORAL TABLET [RISPERDAL],RISPERDAL,RISPERIDONE 3 MG,ORAL TABLET
2636044,SBD,0.42 ML RISPERIDONE 357 MG/ML PREFILLED SYRINGE [UZEDY],UZEDY,RISPERIDONE 357 MG/ML,PREFILLED SYRINGE
2636046,SBD,0.56 ML RISPERIDONE 357 MG/ML PREFILLED SYRINGE [UZEDY],UZEDY,RISPERIDONE 357 MG/ML,PREFILLED SYRINGE
2636048,SBD,0.7 ML RISPERIDONE 357 MG/ML PREFILLED SYRINGE [UZEDY],UZEDY,RISPERIDONE 357 MG/ML,PREFILLED SYRINGE
2636052,SBD,0.21 ML RISPERIDONE 357 MG/ML PREFILLED SYRINGE [UZEDY],UZEDY,RISPERIDONE 357 MG/ML,PREFILLED SYRINGE
2636050,SBD,0.14 ML RISPERIDONE 357 MG/ML PREFILLED SYRINGE [UZEDY],UZEDY,RISPERIDONE 357 MG/ML,PREFILLED SYRINGE
2636042,SBD,0.35 ML RISPERIDONE 357 MG/ML PREFILLED SYRINGE [UZEDY],UZEDY,RISPERIDONE 357 MG/ML,PREFILLED SYRINGE
2636039,SBD,0.28 ML RISPERIDONE 357 MG/ML PREFILLED SYRINGE [UZEDY],UZEDY,RISPERIDONE 357 MG/ML,PREFILLED SYRINGE
402011,SCD,RISPERIDONE 37.5 MG INJECTION,,RISPERIDONE 37.5 MG,INJECTION
706827,SBD,RISPERIDONE 37.5 MG INJECTION [RISPERDAL],RISPERDAL,RISPERIDONE 37.5 MG,INJECTION
616705,SCD,RISPERIDONE 4 MG DISINTEGRATING ORAL TABLET,,RISPERIDONE 4 MG,DISINTEGRATING ORAL TABLET
104784,SBD,RISPERIDONE 4 MG ORAL TABLET [RISPERDAL],RISPERDAL,RISPERIDONE 4 MG,ORAL TABLET
314211,SCD,RISPERIDONE 4 MG ORAL TABLET,,RISPERIDONE 4 MG,ORAL TABLET
706829,SBD,RISPERIDONE 50 MG INJECTION [RISPERDAL],RISPERDAL,RISPERIDONE 50 MG,INJECTION
402012,SCD,RISPERIDONE 50 MG INJECTION,,RISPERIDONE 50 MG,INJECTION
2641607,SBD,RITLECITINIB 50 MG ORAL CAPSULE [LITFULO],LITFULO,RITLECITINIB 50 MG,ORAL CAPSULE
900575,SCD,RITONAVIR 100 MG ORAL TABLET,,RITONAVIR 100 MG,ORAL TABLET
900577,SBD,RITONAVIR 100 MG ORAL TABLET [NORVIR],NORVIR,RITONAVIR 100 MG,ORAL TABLET
2588062,SCD,RIVAROXABAN 1 MG/ML ORAL SUSPENSION,,RIVAROXABAN 1 MG/ML,ORAL SUSPENSION
2588066,SBD,RIVAROXABAN 1 MG/ML ORAL SUSPENSION [XARELTO],XARELTO,RIVAROXABAN 1 MG/ML,ORAL SUSPENSION
1114202,SBD,RIVAROXABAN 10 MG ORAL TABLET [XARELTO],XARELTO,RIVAROXABAN 10 MG,ORAL TABLET
1232084,SBD,RIVAROXABAN 15 MG ORAL TABLET [XARELTO],XARELTO,RIVAROXABAN 15 MG,ORAL TABLET
1549683,BPCK,{42 (RIVAROXABAN 15 MG ORAL TABLET [XARELTO]) / 9 (RIVAROXABAN 20 MG ORAL TABLET [XARELTO]) } PACK [XARELTO KIT],XARELTO KIT,RIVAROXABAN 15 MG / RIVAROXABAN 20 MG,PACK
2059017,SBD,RIVAROXABAN 2.5 MG ORAL TABLET [XARELTO],XARELTO,RIVAROXABAN 2.5 MG,ORAL TABLET
2059015,SCD,RIVAROXABAN 2.5 MG ORAL TABLET,,RIVAROXABAN 2.5 MG,ORAL TABLET
1232088,SBD,RIVAROXABAN 20 MG ORAL TABLET [XARELTO],XARELTO,RIVAROXABAN 20 MG,ORAL TABLET
751302,SBD,24 HR RIVASTIGMINE 0.192 MG/HR TRANSDERMAL SYSTEM [EXELON],EXELON,RIVASTIGMINE 0.192 MG/HR,TRANSDERMAL SYSTEM
725021,SCD,24 HR RIVASTIGMINE 0.192 MG/HR TRANSDERMAL SYSTEM,,RIVASTIGMINE 0.192 MG/HR,TRANSDERMAL SYSTEM
725023,SCD,24 HR RIVASTIGMINE 0.396 MG/HR TRANSDERMAL SYSTEM,,RIVASTIGMINE 0.396 MG/HR,TRANSDERMAL SYSTEM
725105,SBD,24 HR RIVASTIGMINE 0.396 MG/HR TRANSDERMAL SYSTEM [EXELON],EXELON,RIVASTIGMINE 0.396 MG/HR,TRANSDERMAL SYSTEM
1308571,SBD,24 HR RIVASTIGMINE 0.554 MG/HR TRANSDERMAL SYSTEM [EXELON],EXELON,RIVASTIGMINE 0.554 MG/HR,TRANSDERMAL SYSTEM
1308569,SCD,24 HR RIVASTIGMINE 0.554 MG/HR TRANSDERMAL SYSTEM,,RIVASTIGMINE 0.554 MG/HR,TRANSDERMAL SYSTEM
314214,SCD,RIVASTIGMINE 1.5 MG ORAL CAPSULE,,RIVASTIGMINE 1.5 MG,ORAL CAPSULE
312835,SCD,RIVASTIGMINE 3 MG ORAL CAPSULE,,RIVASTIGMINE 3 MG,ORAL CAPSULE
314215,SCD,RIVASTIGMINE 4.5 MG ORAL CAPSULE,,RIVASTIGMINE 4.5 MG,ORAL CAPSULE
312836,SCD,RIVASTIGMINE 6 MG ORAL CAPSULE,,RIVASTIGMINE 6 MG,ORAL CAPSULE
828537,SBD,RIZATRIPTAN 10 MG DISINTEGRATING ORAL TABLET [MAXALT],MAXALT,RIZATRIPTAN 10 MG,DISINTEGRATING ORAL TABLET
312837,SCD,RIZATRIPTAN 10 MG DISINTEGRATING ORAL TABLET,,RIZATRIPTAN 10 MG,DISINTEGRATING ORAL TABLET
314209,SCD,RIZATRIPTAN 10 MG ORAL TABLET,,RIZATRIPTAN 10 MG,ORAL TABLET
213322,SBD,RIZATRIPTAN 10 MG ORAL TABLET [MAXALT],MAXALT,RIZATRIPTAN 10 MG,ORAL TABLET
312839,SCD,RIZATRIPTAN 5 MG DISINTEGRATING ORAL TABLET,,RIZATRIPTAN 5 MG,DISINTEGRATING ORAL TABLET
312840,SCD,RIZATRIPTAN 5 MG ORAL TABLET,,RIZATRIPTAN 5 MG,ORAL TABLET
2001321,SBD,ROFLUMILAST 0.25 MG ORAL TABLET [DALIRESP],DALIRESP,ROFLUMILAST 0.25 MG,ORAL TABLET
2001319,SCD,ROFLUMILAST 0.25 MG ORAL TABLET,,ROFLUMILAST 0.25 MG,ORAL TABLET
1091839,SCD,ROFLUMILAST 0.5 MG ORAL TABLET,,ROFLUMILAST 0.5 MG,ORAL TABLET
1091843,SBD,ROFLUMILAST 0.5 MG ORAL TABLET [DALIRESP],DALIRESP,ROFLUMILAST 0.5 MG,ORAL TABLET
2725123,SBD,ROFLUMILAST 0.5 MG/ML TOPICAL CREAM [ZORYVE],ZORYVE,ROFLUMILAST 0.5 MG/ML,TOPICAL CREAM
2687712,SBD,ROFLUMILAST 1.5 MG/ML TOPICAL CREAM [ZORYVE],ZORYVE,ROFLUMILAST 1.5 MG/ML,TOPICAL CREAM
2608539,SBD,ROFLUMILAST 3 MG/ML TOPICAL CREAM [ZORYVE],ZORYVE,ROFLUMILAST 3 MG/ML,TOPICAL CREAM
2671684,SBD,ROFLUMILAST 3 MG/ML TOPICAL FOAM [ZORYVE],ZORYVE,ROFLUMILAST 3 MG/ML,TOPICAL FOAM
1673373,SBD,ROLAPITANT 90 MG ORAL TABLET [VARUBI],VARUBI,ROLAPITANT 90 MG,ORAL TABLET
2123191,BPCK,{2 (1.17 ML ROMOSOZUMAB-AQQG 89.7 MG/ML PREFILLED SYRINGE [EVENITY]) } PACK [EVENITY 210 MG DOSE],EVENITY 210 MG DOSE,ROMOSOZUMAB-AQQG 89.7 MG/ML,PACK
2587070,SBD,1 ML ROPEGINTERFERON ALFA-2B-NJFT 0.5 MG/ML PREFILLED SYRINGE [BESREMI],BESREMI,ROPEGINTERFERON ALFA-2B-NJFT 0.5 MG/ML,PREFILLED SYRINGE
312845,SCD,ROPINIROLE 0.25 MG ORAL TABLET,,ROPINIROLE 0.25 MG,ORAL TABLET
312846,SCD,ROPINIROLE 0.5 MG ORAL TABLET,,ROPINIROLE 0.5 MG,ORAL TABLET
314208,SCD,ROPINIROLE 1 MG ORAL TABLET,,ROPINIROLE 1 MG,ORAL TABLET
824959,SCD,24 HR ROPINIROLE 12 MG EXTENDED RELEASE ORAL TABLET,,ROPINIROLE 12 MG,EXTENDED RELEASE ORAL TABLET
799055,SCD,24 HR ROPINIROLE 2 MG EXTENDED RELEASE ORAL TABLET,,ROPINIROLE 2 MG,EXTENDED RELEASE ORAL TABLET
312847,SCD,ROPINIROLE 2 MG ORAL TABLET,,ROPINIROLE 2 MG,ORAL TABLET
283858,SCD,ROPINIROLE 3 MG ORAL TABLET,,ROPINIROLE 3 MG,ORAL TABLET
562704,SCD,ROPINIROLE 4 MG ORAL TABLET,,ROPINIROLE 4 MG,ORAL TABLET
799056,SCD,24 HR ROPINIROLE 4 MG EXTENDED RELEASE ORAL TABLET,,ROPINIROLE 4 MG,EXTENDED RELEASE ORAL TABLET
312849,SCD,ROPINIROLE 5 MG ORAL TABLET,,ROPINIROLE 5 MG,ORAL TABLET
848582,SCD,24 HR ROPINIROLE 6 MG EXTENDED RELEASE ORAL TABLET,,ROPINIROLE 6 MG,EXTENDED RELEASE ORAL TABLET
799054,SCD,24 HR ROPINIROLE 8 MG EXTENDED RELEASE ORAL TABLET,,ROPINIROLE 8 MG,EXTENDED RELEASE ORAL TABLET
859749,SBD,ROSUVASTATIN CALCIUM 10 MG ORAL TABLET [CRESTOR],CRESTOR,ROSUVASTATIN CALCIUM 10 MG,ORAL TABLET
859747,SCD,ROSUVASTATIN CALCIUM 10 MG ORAL TABLET,,ROSUVASTATIN CALCIUM 10 MG,ORAL TABLET
859751,SCD,ROSUVASTATIN CALCIUM 20 MG ORAL TABLET,,ROSUVASTATIN CALCIUM 20 MG,ORAL TABLET
859753,SBD,ROSUVASTATIN CALCIUM 20 MG ORAL TABLET [CRESTOR],CRESTOR,ROSUVASTATIN CALCIUM 20 MG,ORAL TABLET
859419,SCD,ROSUVASTATIN CALCIUM 40 MG ORAL TABLET,,ROSUVASTATIN CALCIUM 40 MG,ORAL TABLET
859421,SBD,ROSUVASTATIN CALCIUM 40 MG ORAL TABLET [CRESTOR],CRESTOR,ROSUVASTATIN CALCIUM 40 MG,ORAL TABLET
859424,SCD,ROSUVASTATIN CALCIUM 5 MG ORAL TABLET,,ROSUVASTATIN CALCIUM 5 MG,ORAL TABLET
859426,SBD,ROSUVASTATIN CALCIUM 5 MG ORAL TABLET [CRESTOR],CRESTOR,ROSUVASTATIN CALCIUM 5 MG,ORAL TABLET
2627825,SBD,"ROTAVIRUS VACCINE, LIVE ATTENUATED, G1P[8] HUMAN 89-12 STRAIN 667000 UNT/ML ORAL SUSPENSION [ROTARIX]",ROTARIX,"ROTAVIRUS VACCINE, LIVE ATTENUATED, G1P[8] HUMAN 89-12 STRAIN 667000 UNT/ML",ORAL SUSPENSION
1251914,SBD,24 HR ROTIGOTINE 0.0417 MG/HR TRANSDERMAL SYSTEM [NEUPRO],NEUPRO,ROTIGOTINE 0.0417 MG/HR,TRANSDERMAL SYSTEM
722256,SBD,24 HR ROTIGOTINE 0.0833 MG/HR TRANSDERMAL SYSTEM [NEUPRO],NEUPRO,ROTIGOTINE 0.0833 MG/HR,TRANSDERMAL SYSTEM
1251918,SBD,24 HR ROTIGOTINE 0.125 MG/HR TRANSDERMAL SYSTEM [NEUPRO],NEUPRO,ROTIGOTINE 0.125 MG/HR,TRANSDERMAL SYSTEM
724142,SBD,24 HR ROTIGOTINE 0.167 MG/HR TRANSDERMAL SYSTEM [NEUPRO],NEUPRO,ROTIGOTINE 0.167 MG/HR,TRANSDERMAL SYSTEM
724156,SBD,24 HR ROTIGOTINE 0.25 MG/HR TRANSDERMAL SYSTEM [NEUPRO],NEUPRO,ROTIGOTINE 0.25 MG/HR,TRANSDERMAL SYSTEM
1251922,SBD,24 HR ROTIGOTINE 0.333 MG/HR TRANSDERMAL SYSTEM [NEUPRO],NEUPRO,ROTIGOTINE 0.333 MG/HR,TRANSDERMAL SYSTEM
1862595,SBD,RUCAPARIB 200 MG ORAL TABLET [RUBRACA],RUBRACA,RUCAPARIB 200 MG,ORAL TABLET
1921589,SBD,RUCAPARIB 250 MG ORAL TABLET [RUBRACA],RUBRACA,RUCAPARIB 250 MG,ORAL TABLET
1862590,SBD,RUCAPARIB 300 MG ORAL TABLET [RUBRACA],RUBRACA,RUCAPARIB 300 MG,ORAL TABLET
824299,SBD,RUFINAMIDE 200 MG ORAL TABLET [BANZEL],BANZEL,RUFINAMIDE 200 MG,ORAL TABLET
824295,SCD,RUFINAMIDE 200 MG ORAL TABLET,,RUFINAMIDE 200 MG,ORAL TABLET
1092360,SBD,RUFINAMIDE 40 MG/ML ORAL SUSPENSION [BANZEL],BANZEL,RUFINAMIDE 40 MG/ML,ORAL SUSPENSION
1092357,SCD,RUFINAMIDE 40 MG/ML ORAL SUSPENSION,,RUFINAMIDE 40 MG/ML,ORAL SUSPENSION
824303,SBD,RUFINAMIDE 400 MG ORAL TABLET [BANZEL],BANZEL,RUFINAMIDE 400 MG,ORAL TABLET
824301,SCD,RUFINAMIDE 400 MG ORAL TABLET,,RUFINAMIDE 400 MG,ORAL TABLET
1193337,SBD,RUXOLITINIB 10 MG ORAL TABLET [JAKAFI],JAKAFI,RUXOLITINIB 10 MG,ORAL TABLET
2743016,SBD,24 HR RUXOLITINIB 11 MG EXTENDED RELEASE ORAL TABLET [JAKAFI],JAKAFI,RUXOLITINIB 11 MG,EXTENDED RELEASE ORAL TABLET
1193345,SBD,RUXOLITINIB 15 MG ORAL TABLET [JAKAFI],JAKAFI,RUXOLITINIB 15 MG,ORAL TABLET
2570757,SBD,RUXOLITINIB 15 MG/ML TOPICAL CREAM [OPZELURA],OPZELURA,RUXOLITINIB 15 MG/ML,TOPICAL CREAM
1193349,SBD,RUXOLITINIB 20 MG ORAL TABLET [JAKAFI],JAKAFI,RUXOLITINIB 20 MG,ORAL TABLET
2743022,SBD,24 HR RUXOLITINIB 22 MG EXTENDED RELEASE ORAL TABLET [JAKAFI],JAKAFI,RUXOLITINIB 22 MG,EXTENDED RELEASE ORAL TABLET
1193353,SBD,RUXOLITINIB 25 MG ORAL TABLET [JAKAFI],JAKAFI,RUXOLITINIB 25 MG,ORAL TABLET
2743028,SBD,24 HR RUXOLITINIB 33 MG EXTENDED RELEASE ORAL TABLET [JAKAFI],JAKAFI,RUXOLITINIB 33 MG,EXTENDED RELEASE ORAL TABLET
2743035,SBD,24 HR RUXOLITINIB 44 MG EXTENDED RELEASE ORAL TABLET [JAKAFI],JAKAFI,RUXOLITINIB 44 MG,EXTENDED RELEASE ORAL TABLET
1193341,SBD,RUXOLITINIB 5 MG ORAL TABLET [JAKAFI],JAKAFI,RUXOLITINIB 5 MG,ORAL TABLET
2743044,SBD,24 HR RUXOLITINIB 55 MG EXTENDED RELEASE ORAL TABLET [JAKAFI],JAKAFI,RUXOLITINIB 55 MG,EXTENDED RELEASE ORAL TABLET
213337,SBD,SACROSIDASE 8500 UNT/ML ORAL SOLUTION [SUCRAID],SUCRAID,SACROSIDASE 8500 UNT/ML,ORAL SOLUTION
2679797,SBD,SACUBITRIL 15 MG / VALSARTAN 16 MG ORAL PELLET [ENTRESTO],ENTRESTO,SACUBITRIL 15 MG / VALSARTAN 16 MG,ORAL PELLET
1656340,SCD,SACUBITRIL 24 MG / VALSARTAN 26 MG ORAL TABLET,,SACUBITRIL 24 MG / VALSARTAN 26 MG,ORAL TABLET
1656346,SBD,SACUBITRIL 24 MG / VALSARTAN 26 MG ORAL TABLET [ENTRESTO],ENTRESTO,SACUBITRIL 24 MG / VALSARTAN 26 MG,ORAL TABLET
1656351,SBD,SACUBITRIL 49 MG / VALSARTAN 51 MG ORAL TABLET [ENTRESTO],ENTRESTO,SACUBITRIL 49 MG / VALSARTAN 51 MG,ORAL TABLET
1656349,SCD,SACUBITRIL 49 MG / VALSARTAN 51 MG ORAL TABLET,,SACUBITRIL 49 MG / VALSARTAN 51 MG,ORAL TABLET
2679802,SBD,SACUBITRIL 6 MG / VALSARTAN 6 MG ORAL PELLET [ENTRESTO],ENTRESTO,SACUBITRIL 6 MG / VALSARTAN 6 MG,ORAL PELLET
1656354,SCD,SACUBITRIL 97 MG / VALSARTAN 103 MG ORAL TABLET,,SACUBITRIL 97 MG / VALSARTAN 103 MG,ORAL TABLET
1656356,SBD,SACUBITRIL 97 MG / VALSARTAN 103 MG ORAL TABLET [ENTRESTO],ENTRESTO,SACUBITRIL 97 MG / VALSARTAN 103 MG,ORAL TABLET
866049,SBD,60 ACTUAT SALMETEROL 0.05 MG/ACTUAT DRY POWDER INHALER [SEREVENT],SEREVENT,SALMETEROL 0.05 MG/ACTUAT,DRY POWDER INHALER
313919,SCD,SALMON CALCITONIN 200 UNT/ACTUAT NASAL SPRAY,,SALMON CALCITONIN 200 UNT/ACTUAT,NASAL SPRAY
762602,SBD,SALMONELLA TYPHI TY21A LIVE ANTIGEN 2000000000 UNT DELAYED RELEASE ORAL CAPSULE [VIVOTIF],VIVOTIF,SALMONELLA TYPHI TY21A LIVE ANTIGEN 2000000000 UNT,DELAYED RELEASE ORAL CAPSULE
1111020,SBD,SAPROPTERIN DIHYDROCHLORIDE 100 MG POWDER FOR ORAL SOLUTION [KUVAN],KUVAN,SAPROPTERIN DIHYDROCHLORIDE 100 MG,POWDER FOR ORAL SOLUTION
2612671,SBD,SAPROPTERIN DIHYDROCHLORIDE 100 MG ORAL TABLET [JAVYGTOR],JAVYGTOR,SAPROPTERIN DIHYDROCHLORIDE 100 MG,ORAL TABLET
2611951,SBD,SAPROPTERIN DIHYDROCHLORIDE 100 MG POWDER FOR ORAL SOLUTION [JAVYGTOR],JAVYGTOR,SAPROPTERIN DIHYDROCHLORIDE 100 MG,POWDER FOR ORAL SOLUTION
1111018,SCD,SAPROPTERIN DIHYDROCHLORIDE 100 MG POWDER FOR ORAL SOLUTION,,SAPROPTERIN DIHYDROCHLORIDE 100 MG,POWDER FOR ORAL SOLUTION
1486691,SBD,SAPROPTERIN DIHYDROCHLORIDE 100 MG ORAL TABLET [KUVAN],KUVAN,SAPROPTERIN DIHYDROCHLORIDE 100 MG,ORAL TABLET
1486687,SCD,SAPROPTERIN DIHYDROCHLORIDE 100 MG ORAL TABLET,,SAPROPTERIN DIHYDROCHLORIDE 100 MG,ORAL TABLET
2712689,SBD,SAPROPTERIN DIHYDROCHLORIDE 100 MG POWDER FOR ORAL SOLUTION [ZELVYSIA],ZELVYSIA,SAPROPTERIN DIHYDROCHLORIDE 100 MG,POWDER FOR ORAL SOLUTION
2712691,SBD,SAPROPTERIN DIHYDROCHLORIDE 500 MG POWDER FOR ORAL SOLUTION [ZELVYSIA],ZELVYSIA,SAPROPTERIN DIHYDROCHLORIDE 500 MG,POWDER FOR ORAL SOLUTION
1653221,SBD,SAPROPTERIN DIHYDROCHLORIDE 500 MG POWDER FOR ORAL SOLUTION [KUVAN],KUVAN,SAPROPTERIN DIHYDROCHLORIDE 500 MG,POWDER FOR ORAL SOLUTION
1653217,SCD,SAPROPTERIN DIHYDROCHLORIDE 500 MG POWDER FOR ORAL SOLUTION,,SAPROPTERIN DIHYDROCHLORIDE 500 MG,POWDER FOR ORAL SOLUTION
2621237,SBD,SAPROPTERIN DIHYDROCHLORIDE 500 MG POWDER FOR ORAL SOLUTION [JAVYGTOR],JAVYGTOR,SAPROPTERIN DIHYDROCHLORIDE 500 MG,POWDER FOR ORAL SOLUTION
2059029,SBD,SARECYCLINE 100 MG ORAL TABLET [SEYSARA],SEYSARA,SARECYCLINE 100 MG,ORAL TABLET
2059033,SBD,SARECYCLINE 150 MG ORAL TABLET [SEYSARA],SEYSARA,SARECYCLINE 150 MG,ORAL TABLET
2059037,SBD,SARECYCLINE 60 MG ORAL TABLET [SEYSARA],SEYSARA,SARECYCLINE 60 MG,ORAL TABLET
208083,SBD,SARGRAMOSTIM 0.25 MG/ML INJECTABLE SOLUTION [LEUKINE],LEUKINE,SARGRAMOSTIM 0.25 MG/ML,INJECTABLE SOLUTION
2003757,SBD,1.14 ML SARILUMAB 132 MG/ML AUTO-INJECTOR [KEVZARA],KEVZARA,SARILUMAB 132 MG/ML,AUTO-INJECTOR
2003767,SBD,1.14 ML SARILUMAB 175 MG/ML AUTO-INJECTOR [KEVZARA],KEVZARA,SARILUMAB 175 MG/ML,AUTO-INJECTOR
1923347,SBD,1.14 ML SARILUMAB 175 MG/ML PREFILLED SYRINGE [KEVZARA],KEVZARA,SARILUMAB 175 MG/ML,PREFILLED SYRINGE
2391560,SBD,1 ML SATRALIZUMAB-MWGE 120 MG/ML PREFILLED SYRINGE [ENSPRYNG],ENSPRYNG,SATRALIZUMAB-MWGE 120 MG/ML,PREFILLED SYRINGE
858042,SCD,SAXAGLIPTIN 2.5 MG ORAL TABLET,,SAXAGLIPTIN 2.5 MG,ORAL TABLET
858036,SCD,SAXAGLIPTIN 5 MG ORAL TABLET,,SAXAGLIPTIN 5 MG,ORAL TABLET
226552,SCD,72 HR SCOPOLAMINE 0.0139 MG/HR TRANSDERMAL SYSTEM,,SCOPOLAMINE 0.0139 MG/HR,TRANSDERMAL SYSTEM
351875,SBD,72 HR SCOPOLAMINE 0.0139 MG/HR TRANSDERMAL SYSTEM [TRANSDERM SCOP],TRANSDERM SCOP,SCOPOLAMINE 0.0139 MG/HR,TRANSDERMAL SYSTEM
2717955,SBD,SEBETRALSTAT 300 MG ORAL TABLET [EKTERLY],EKTERLY,SEBETRALSTAT 300 MG,ORAL TABLET
1946698,SBD,SECNIDAZOLE 2000 MG ORAL GRANULES [SOLOSEC],SOLOSEC,SECNIDAZOLE 2000 MG,ORAL GRANULES
1599797,SBD,1 ML SECUKINUMAB 150 MG/ML PREFILLED SYRINGE [COSENTYX],COSENTYX,SECUKINUMAB 150 MG/ML,PREFILLED SYRINGE
1653243,SBD,1 ML SECUKINUMAB 150 MG/ML AUTO-INJECTOR [COSENTYX],COSENTYX,SECUKINUMAB 150 MG/ML,AUTO-INJECTOR
2550713,SBD,0.5 ML SECUKINUMAB 150 MG/ML PREFILLED SYRINGE [COSENTYX],COSENTYX,SECUKINUMAB 150 MG/ML,PREFILLED SYRINGE
2637348,SBD,2 ML SECUKINUMAB 150 MG/ML AUTO-INJECTOR [COSENTYX],COSENTYX,SECUKINUMAB 150 MG/ML,AUTO-INJECTOR
2690881,SBD,SELADELPAR 10 MG ORAL CAPSULE [LIVDELZI],LIVDELZI,SELADELPAR 10 MG,ORAL CAPSULE
865208,SBD,24 HR SELEGILINE 0.25 MG/HR TRANSDERMAL SYSTEM [EMSAM],EMSAM,SELEGILINE 0.25 MG/HR,TRANSDERMAL SYSTEM
865212,SBD,24 HR SELEGILINE 0.375 MG/HR TRANSDERMAL SYSTEM [EMSAM],EMSAM,SELEGILINE 0.375 MG/HR,TRANSDERMAL SYSTEM
865216,SBD,24 HR SELEGILINE 0.5 MG/HR TRANSDERMAL SYSTEM [EMSAM],EMSAM,SELEGILINE 0.5 MG/HR,TRANSDERMAL SYSTEM
859192,SBD,SELEGILINE HYDROCHLORIDE 1.25 MG DISINTEGRATING ORAL TABLET [ZELAPAR],ZELAPAR,SELEGILINE HYDROCHLORIDE 1.25 MG,DISINTEGRATING ORAL TABLET
859186,SCD,SELEGILINE HYDROCHLORIDE 5 MG ORAL CAPSULE,,SELEGILINE HYDROCHLORIDE 5 MG,ORAL CAPSULE
859193,SCD,SELEGILINE HYDROCHLORIDE 5 MG ORAL TABLET,,SELEGILINE HYDROCHLORIDE 5 MG,ORAL TABLET
238600,SCD,SELENIUM SULFIDE 25 MG/ML MEDICATED SHAMPOO,,SELENIUM SULFIDE 25 MG/ML,MEDICATED SHAMPOO
1729053,SBD,SELEXIPAG 0.2 MG ORAL TABLET [UPTRAVI],UPTRAVI,SELEXIPAG 0.2 MG,ORAL TABLET
1729076,BPCK,{140 (SELEXIPAG 0.2 MG ORAL TABLET [UPTRAVI]) / 60 (SELEXIPAG 0.8 MG ORAL TABLET [UPTRAVI]) } PACK [UPTRAVI TITRATION PACK],UPTRAVI TITRATION PACK,SELEXIPAG 0.2 MG / SELEXIPAG 0.8 MG,PACK
1729057,SBD,SELEXIPAG 0.4 MG ORAL TABLET [UPTRAVI],UPTRAVI,SELEXIPAG 0.4 MG,ORAL TABLET
1729061,SBD,SELEXIPAG 0.6 MG ORAL TABLET [UPTRAVI],UPTRAVI,SELEXIPAG 0.6 MG,ORAL TABLET
1729065,SBD,SELEXIPAG 0.8 MG ORAL TABLET [UPTRAVI],UPTRAVI,SELEXIPAG 0.8 MG,ORAL TABLET
1729013,SBD,SELEXIPAG 1 MG ORAL TABLET [UPTRAVI],UPTRAVI,SELEXIPAG 1 MG,ORAL TABLET
1729029,SBD,SELEXIPAG 1.2 MG ORAL TABLET [UPTRAVI],UPTRAVI,SELEXIPAG 1.2 MG,ORAL TABLET
1729033,SBD,SELEXIPAG 1.4 MG ORAL TABLET [UPTRAVI],UPTRAVI,SELEXIPAG 1.4 MG,ORAL TABLET
1729047,SBD,SELEXIPAG 1.6 MG ORAL TABLET [UPTRAVI],UPTRAVI,SELEXIPAG 1.6 MG,ORAL TABLET
2708339,BPCK,{16 (SELINEXOR 10 MG ORAL TABLET [XPOVIO]) } PACK [XPOVIO 40 MG ONCE WEEKLY CARTON-10 MG TABLET],XPOVIO 40 MG ONCE WEEKLY CARTON-10 MG TABLET,SELINEXOR 10 MG,PACK
2382990,BPCK,{24 (SELINEXOR 20 MG ORAL TABLET [XPOVIO]) } PACK [XPOVIO 60 MG TWICE WEEKLY (120 MG TOTAL WEEKLY DOSE) CARTON],XPOVIO 60 MG TWICE WEEKLY (120 MG TOTAL WEEKLY DOSE) CARTON,SELINEXOR 20 MG,PACK
2178407,BPCK,{32 (SELINEXOR 20 MG ORAL TABLET [XPOVIO]) } PACK [XPOVIO 80 MG TWICE WEEKLY (160 MG TOTAL WEEKLY DOSE) CARTON],XPOVIO 80 MG TWICE WEEKLY (160 MG TOTAL WEEKLY DOSE) CARTON,SELINEXOR 20 MG,PACK
2548766,BPCK,{8 (SELINEXOR 40 MG ORAL TABLET [XPOVIO]) } PACK [XPOVIO 80 MG ONCE WEEKLY CARTON-40 MG TABLETS],XPOVIO 80 MG ONCE WEEKLY CARTON-40 MG TABLETS,SELINEXOR 40 MG,PACK
2548767,BPCK,{8 (SELINEXOR 40 MG ORAL TABLET [XPOVIO]) } PACK [XPOVIO 40 MG TWICE WEEKLY (80 MG TOTAL WEEKLY DOSE- 40 MG TABLETS) CARTON],XPOVIO 40 MG TWICE WEEKLY (80 MG TOTAL WEEKLY DOSE- 40 MG TABLETS) CARTON,SELINEXOR 40 MG,PACK
2548742,BPCK,{8 (SELINEXOR 50 MG ORAL TABLET [XPOVIO]) } PACK [XPOVIO 100 MG ONCE WEEKLY CARTON-50 MG TABLETS],XPOVIO 100 MG ONCE WEEKLY CARTON-50 MG TABLETS,SELINEXOR 50 MG,PACK
2548736,BPCK,{4 (SELINEXOR 60 MG ORAL TABLET [XPOVIO]) } PACK [XPOVIO 60 MG ONCE WEEKLY CARTON-60 MG TABLET],XPOVIO 60 MG ONCE WEEKLY CARTON-60 MG TABLET,SELINEXOR 60 MG,PACK
2730156,BPCK,{4 (SELINEXOR 80 MG ORAL TABLET [XPOVIO]) } PACK [XPOVIO 80 MG ONCE WEEKLY CARTON-80 MG TABLET],XPOVIO 80 MG ONCE WEEKLY CARTON-80 MG TABLET,SELINEXOR 80 MG,PACK
2679808,SBD,SELPERCATINIB 120 MG ORAL TABLET [RETEVMO],RETEVMO,SELPERCATINIB 120 MG,ORAL TABLET
2679812,SBD,SELPERCATINIB 160 MG ORAL TABLET [RETEVMO],RETEVMO,SELPERCATINIB 160 MG,ORAL TABLET
2679814,SBD,SELPERCATINIB 40 MG ORAL TABLET [RETEVMO],RETEVMO,SELPERCATINIB 40 MG,ORAL TABLET
2679816,SBD,SELPERCATINIB 80 MG ORAL TABLET [RETEVMO],RETEVMO,SELPERCATINIB 80 MG,ORAL TABLET
2289424,SBD,SELUMETINIB 10 MG ORAL CAPSULE [KOSELUGO],KOSELUGO,SELUMETINIB 10 MG,ORAL CAPSULE
2289428,SBD,SELUMETINIB 25 MG ORAL CAPSULE [KOSELUGO],KOSELUGO,SELUMETINIB 25 MG,ORAL CAPSULE
2723657,SBD,SELUMETINIB 5 MG ORAL GRANULES [KOSELUGO],KOSELUGO,SELUMETINIB 5 MG,ORAL GRANULES
2723661,SBD,SELUMETINIB 7.5 MG ORAL GRANULES [KOSELUGO],KOSELUGO,SELUMETINIB 7.5 MG,ORAL GRANULES
2553506,SBD,0.5 ML SEMAGLUTIDE 0.5 MG/ML AUTO-INJECTOR [WEGOVY],WEGOVY,SEMAGLUTIDE 0.5 MG/ML,AUTO-INJECTOR
2619154,SBD,"0.25 MG, 0.5 MG DOSE 3 ML SEMAGLUTIDE 0.68 MG/ML PEN INJECTOR [OZEMPIC]",OZEMPIC,SEMAGLUTIDE 0.68 MG/ML,PEN INJECTOR
2553603,SBD,0.5 ML SEMAGLUTIDE 1 MG/ML AUTO-INJECTOR [WEGOVY],WEGOVY,SEMAGLUTIDE 1 MG/ML,AUTO-INJECTOR
2398842,SBD,3 ML SEMAGLUTIDE 1.34 MG/ML PEN INJECTOR [OZEMPIC],OZEMPIC,SEMAGLUTIDE 1.34 MG/ML,PEN INJECTOR
2730161,SBD,SEMAGLUTIDE 1.5 MG ORAL TABLET [WEGOVY],WEGOVY,SEMAGLUTIDE 1.5 MG,ORAL TABLET
2736944,SBD,SEMAGLUTIDE 1.5 MG ORAL TABLET [OZEMPIC],OZEMPIC,SEMAGLUTIDE 1.5 MG,ORAL TABLET
2553803,SBD,0.5 ML SEMAGLUTIDE 2 MG/ML AUTO-INJECTOR [WEGOVY],WEGOVY,SEMAGLUTIDE 2 MG/ML,AUTO-INJECTOR
2553903,SBD,0.75 ML SEMAGLUTIDE 2.27 MG/ML AUTO-INJECTOR [WEGOVY],WEGOVY,SEMAGLUTIDE 2.27 MG/ML,AUTO-INJECTOR
2599365,SBD,3 ML SEMAGLUTIDE 2.68 MG/ML PEN INJECTOR [OZEMPIC],OZEMPIC,SEMAGLUTIDE 2.68 MG/ML,PEN INJECTOR
2730165,SBD,SEMAGLUTIDE 25 MG ORAL TABLET [WEGOVY],WEGOVY,SEMAGLUTIDE 25 MG,ORAL TABLET
2554104,SBD,0.75 ML SEMAGLUTIDE 3.2 MG/ML AUTO-INJECTOR [WEGOVY],WEGOVY,SEMAGLUTIDE 3.2 MG/ML,AUTO-INJECTOR
2730167,SBD,SEMAGLUTIDE 4 MG ORAL TABLET [WEGOVY],WEGOVY,SEMAGLUTIDE 4 MG,ORAL TABLET
2736946,SBD,SEMAGLUTIDE 4 MG ORAL TABLET [OZEMPIC],OZEMPIC,SEMAGLUTIDE 4 MG,ORAL TABLET
2730169,SBD,SEMAGLUTIDE 9 MG ORAL TABLET [WEGOVY],WEGOVY,SEMAGLUTIDE 9 MG,ORAL TABLET
2736948,SBD,SEMAGLUTIDE 9 MG ORAL TABLET [OZEMPIC],OZEMPIC,SEMAGLUTIDE 9 MG,ORAL TABLET
2723067,SBD,SEPIAPTERIN 1000 MG ORAL POWDER [SEPHIENCE],SEPHIENCE,SEPIAPTERIN 1000 MG,ORAL POWDER
2723071,SBD,SEPIAPTERIN 250 MG ORAL POWDER [SEPHIENCE],SEPHIENCE,SEPIAPTERIN 250 MG,ORAL POWDER
580294,SBD,SERTACONAZOLE 20 MG/ML TOPICAL CREAM [ERTACZO],ERTACZO,SERTACONAZOLE 20 MG/ML,TOPICAL CREAM
312938,SCD,SERTRALINE 100 MG ORAL TABLET,,SERTRALINE 100 MG,ORAL TABLET
208149,SBD,SERTRALINE 100 MG ORAL TABLET [ZOLOFT],ZOLOFT,SERTRALINE 100 MG,ORAL TABLET
410584,SCD,SERTRALINE 150 MG ORAL CAPSULE,,SERTRALINE 150 MG,ORAL CAPSULE
861064,SCD,SERTRALINE 20 MG/ML ORAL SOLUTION,,SERTRALINE 20 MG/ML,ORAL SOLUTION
861066,SBD,SERTRALINE 20 MG/ML ORAL SOLUTION [ZOLOFT],ZOLOFT,SERTRALINE 20 MG/ML,ORAL SOLUTION
251201,SCD,SERTRALINE 200 MG ORAL CAPSULE,,SERTRALINE 200 MG,ORAL CAPSULE
312940,SCD,SERTRALINE 25 MG ORAL TABLET,,SERTRALINE 25 MG,ORAL TABLET
212233,SBD,SERTRALINE 25 MG ORAL TABLET [ZOLOFT],ZOLOFT,SERTRALINE 25 MG,ORAL TABLET
208161,SBD,SERTRALINE 50 MG ORAL TABLET [ZOLOFT],ZOLOFT,SERTRALINE 50 MG,ORAL TABLET
312941,SCD,SERTRALINE 50 MG ORAL TABLET,,SERTRALINE 50 MG,ORAL TABLET
2728198,SBD,SEVABERTINIB 10 MG ORAL TABLET [HYRNUO],HYRNUO,SEVABERTINIB 10 MG,ORAL TABLET
861370,SCD,SEVELAMER CARBONATE 2400 MG POWDER FOR ORAL SUSPENSION,,SEVELAMER CARBONATE 2400 MG,POWDER FOR ORAL SUSPENSION
861375,SCD,SEVELAMER CARBONATE 800 MG POWDER FOR ORAL SUSPENSION,,SEVELAMER CARBONATE 800 MG,POWDER FOR ORAL SUSPENSION
749206,SCD,SEVELAMER CARBONATE 800 MG ORAL TABLET,,SEVELAMER CARBONATE 800 MG,ORAL TABLET
857216,SCD,SEVELAMER HYDROCHLORIDE 400 MG ORAL TABLET,,SEVELAMER HYDROCHLORIDE 400 MG,ORAL TABLET
857224,SCD,SEVELAMER HYDROCHLORIDE 800 MG ORAL TABLET,,SEVELAMER HYDROCHLORIDE 800 MG,ORAL TABLET
2728407,SBD,2 ML SIBEPRENLIMAB-SZSI 200 MG/ML PREFILLED SYRINGE [VOYXACT],VOYXACT,SIBEPRENLIMAB-SZSI 200 MG/ML,PREFILLED SYRINGE
1307427,SCD,SILDENAFIL 10 MG/ML ORAL SUSPENSION,,SILDENAFIL 10 MG/ML,ORAL SUSPENSION
581645,SBD,SILDENAFIL 20 MG ORAL TABLET [REVATIO],REVATIO,SILDENAFIL 20 MG,ORAL TABLET
577033,SCD,SILDENAFIL 20 MG ORAL TABLET,,SILDENAFIL 20 MG,ORAL TABLET
826612,SCD,SILODOSIN 4 MG ORAL CAPSULE,,SILODOSIN 4 MG,ORAL CAPSULE
809477,SCD,SILODOSIN 8 MG ORAL CAPSULE,,SILODOSIN 8 MG,ORAL CAPSULE
208185,SBD,SILVER SULFADIAZINE 10 MG/ML TOPICAL CREAM [SSD],SSD,SILVER SULFADIAZINE 10 MG/ML,TOPICAL CREAM
106351,SCD,SILVER SULFADIAZINE 10 MG/ML TOPICAL CREAM,,SILVER SULFADIAZINE 10 MG/ML,TOPICAL CREAM
208186,SBD,SILVER SULFADIAZINE 10 MG/ML TOPICAL CREAM [SILVADENE],SILVADENE,SILVER SULFADIAZINE 10 MG/ML,TOPICAL CREAM
314231,SCD,SIMVASTATIN 10 MG ORAL TABLET,,SIMVASTATIN 10 MG,ORAL TABLET
104490,SBD,SIMVASTATIN 10 MG ORAL TABLET [ZOCOR],ZOCOR,SIMVASTATIN 10 MG,ORAL TABLET
312961,SCD,SIMVASTATIN 20 MG ORAL TABLET,,SIMVASTATIN 20 MG,ORAL TABLET
104491,SBD,SIMVASTATIN 20 MG ORAL TABLET [ZOCOR],ZOCOR,SIMVASTATIN 20 MG,ORAL TABLET
1944262,SBD,SIMVASTATIN 4 MG/ML ORAL SUSPENSION [FLOLIPID],FLOLIPID,SIMVASTATIN 4 MG/ML,ORAL SUSPENSION
152923,SBD,SIMVASTATIN 40 MG ORAL TABLET [ZOCOR],ZOCOR,SIMVASTATIN 40 MG,ORAL TABLET
198211,SCD,SIMVASTATIN 40 MG ORAL TABLET,,SIMVASTATIN 40 MG,ORAL TABLET
312962,SCD,SIMVASTATIN 5 MG ORAL TABLET,,SIMVASTATIN 5 MG,ORAL TABLET
1944266,SBD,SIMVASTATIN 8 MG/ML ORAL SUSPENSION [FLOLIPID],FLOLIPID,SIMVASTATIN 8 MG/ML,ORAL SUSPENSION
200345,SCD,SIMVASTATIN 80 MG ORAL TABLET,,SIMVASTATIN 80 MG,ORAL TABLET
795918,SBD,SINECATECHINS 0.15 MG/MG TOPICAL OINTMENT [VEREGEN],VEREGEN,SINECATECHINS 0.15 MG/MG,TOPICAL OINTMENT
2123314,BPCK,{12 (SIPONIMOD 0.25 MG ORAL TABLET [MAYZENT]) } PACK [MAYZENT 2 MG STARTER PACK],MAYZENT 2 MG STARTER PACK,SIPONIMOD 0.25 MG,PACK
2594797,BPCK,{7 (SIPONIMOD 0.25 MG ORAL TABLET [MAYZENT]) } PACK [MAYZENT 1 MG STARTER PACK],MAYZENT 1 MG STARTER PACK,SIPONIMOD 0.25 MG,PACK
2121096,SBD,SIPONIMOD 0.25 MG ORAL TABLET [MAYZENT],MAYZENT,SIPONIMOD 0.25 MG,ORAL TABLET
2594608,SBD,SIPONIMOD 1 MG ORAL TABLET [MAYZENT],MAYZENT,SIPONIMOD 1 MG,ORAL TABLET
2121100,SBD,SIPONIMOD 2 MG ORAL TABLET [MAYZENT],MAYZENT,SIPONIMOD 2 MG,ORAL TABLET
2596869,SBD,SIROLIMUS 0.002 MG/MG TOPICAL GEL [HYFTOR],HYFTOR,SIROLIMUS 0.002 MG/MG,TOPICAL GEL
905158,SCD,SIROLIMUS 0.5 MG ORAL TABLET,,SIROLIMUS 0.5 MG,ORAL TABLET
349208,SCD,SIROLIMUS 1 MG ORAL TABLET,,SIROLIMUS 1 MG,ORAL TABLET
314230,SCD,SIROLIMUS 1 MG/ML ORAL SOLUTION,,SIROLIMUS 1 MG/ML,ORAL SOLUTION
360110,SCD,SIROLIMUS 2 MG ORAL TABLET,,SIROLIMUS 2 MG,ORAL TABLET
2670447,SBD,SITAGLIPTIN 100 MG ORAL TABLET [ZITUVIO],ZITUVIO,SITAGLIPTIN 100 MG,ORAL TABLET
665033,SCD,SITAGLIPTIN 100 MG ORAL TABLET,,SITAGLIPTIN 100 MG,ORAL TABLET
665036,SBD,SITAGLIPTIN 100 MG ORAL TABLET [JANUVIA],JANUVIA,SITAGLIPTIN 100 MG,ORAL TABLET
665038,SCD,SITAGLIPTIN 25 MG ORAL TABLET,,SITAGLIPTIN 25 MG,ORAL TABLET
665040,SBD,SITAGLIPTIN 25 MG ORAL TABLET [JANUVIA],JANUVIA,SITAGLIPTIN 25 MG,ORAL TABLET
2670449,SBD,SITAGLIPTIN 25 MG ORAL TABLET [ZITUVIO],ZITUVIO,SITAGLIPTIN 25 MG,ORAL TABLET
2716491,SBD,SITAGLIPTIN 25 MG/ML ORAL SOLUTION [BRYNOVIN],BRYNOVIN,SITAGLIPTIN 25 MG/ML,ORAL SOLUTION
665042,SCD,SITAGLIPTIN 50 MG ORAL TABLET,,SITAGLIPTIN 50 MG,ORAL TABLET
665044,SBD,SITAGLIPTIN 50 MG ORAL TABLET [JANUVIA],JANUVIA,SITAGLIPTIN 50 MG,ORAL TABLET
2670451,SBD,SITAGLIPTIN 50 MG ORAL TABLET [ZITUVIO],ZITUVIO,SITAGLIPTIN 50 MG,ORAL TABLET
2709603,SCD,SITAGLIPTIN PHOSPHATE 100 MG ORAL TABLET,,SITAGLIPTIN PHOSPHATE 100 MG,ORAL TABLET
2709612,SCD,SITAGLIPTIN PHOSPHATE 25 MG ORAL TABLET,,SITAGLIPTIN PHOSPHATE 25 MG,ORAL TABLET
2709608,SCD,SITAGLIPTIN PHOSPHATE 50 MG ORAL TABLET,,SITAGLIPTIN PHOSPHATE 50 MG,ORAL TABLET
486515,SCD,SODIUM CHLORIDE 0.154 MEQ/ML IRRIGATION SOLUTION,,SODIUM CHLORIDE 0.154 MEQ/ML,IRRIGATION SOLUTION
730781,SCD,500 ML SODIUM CHLORIDE 30 MG/ML INJECTION,,SODIUM CHLORIDE 30 MG/ML,INJECTION
1807552,SCD,1000 ML SODIUM CHLORIDE 4.5 MG/ML INJECTION,,SODIUM CHLORIDE 4.5 MG/ML,INJECTION
730782,SCD,500 ML SODIUM CHLORIDE 50 MG/ML INJECTION,,SODIUM CHLORIDE 50 MG/ML,INJECTION
1807632,SCD,100 ML SODIUM CHLORIDE 9 MG/ML INJECTION,,SODIUM CHLORIDE 9 MG/ML,INJECTION
313043,SCD,SODIUM FLUORIDE 2.2 MG (FLUORIDE ION 1 MG) ORAL TABLET,,SODIUM FLUORIDE 2.2 MG,ORAL TABLET
2636828,SBD,SODIUM OXYBATE 4500 MG GRANULES FOR ORAL SUSPENSION [LUMRYZ],LUMRYZ,SODIUM OXYBATE 4500 MG,GRANULES FOR ORAL SUSPENSION
2698136,BPCK,{7 (SODIUM OXYBATE 4500 MG GRANULES FOR ORAL SUSPENSION [LUMRYZ]) / 14 (SODIUM OXYBATE 6000 MG GRANULES FOR ORAL SUSPENSION [LUMRYZ]) / 7 (SODIUM OXYBATE 7500 MG GRANULES FOR ORAL SUSPENSION [LUMRYZ]) } PACK [LUMRYZ 28-DAY STARTER PACK],LUMRYZ 28-DAY STARTER PACK,SODIUM OXYBATE 4500 MG / SODIUM OXYBATE 6000 MG / SODIUM OXYBATE 7500 MG,PACK
352257,SBD,SODIUM OXYBATE 500 MG/ML ORAL SOLUTION [XYREM],XYREM,SODIUM OXYBATE 500 MG/ML,ORAL SOLUTION
349482,SCD,SODIUM OXYBATE 500 MG/ML ORAL SOLUTION,,SODIUM OXYBATE 500 MG/ML,ORAL SOLUTION
2636832,SBD,SODIUM OXYBATE 6000 MG GRANULES FOR ORAL SUSPENSION [LUMRYZ],LUMRYZ,SODIUM OXYBATE 6000 MG,GRANULES FOR ORAL SUSPENSION
2636836,SBD,SODIUM OXYBATE 7500 MG GRANULES FOR ORAL SUSPENSION [LUMRYZ],LUMRYZ,SODIUM OXYBATE 7500 MG,GRANULES FOR ORAL SUSPENSION
2636840,SBD,SODIUM OXYBATE 9000 MG GRANULES FOR ORAL SUSPENSION [LUMRYZ],LUMRYZ,SODIUM OXYBATE 9000 MG,GRANULES FOR ORAL SUSPENSION
2610134,SBD,SODIUM PHENYLBUTYRATE 0.483 MG/MG ORAL PELLET [PHEBURANE],PHEBURANE,SODIUM PHENYLBUTYRATE 0.483 MG/MG,ORAL PELLET
984105,SCD,SODIUM PHENYLBUTYRATE 0.94 MG/MG ORAL POWDER,,SODIUM PHENYLBUTYRATE 0.94 MG/MG,ORAL POWDER
2626391,BPCK,{2 (SODIUM PHENYLBUTYRATE 2000 MG GRANULES FOR ORAL SUSPENSION [OLPRUVA]) } PACK [OLPRUVA 4 GM PACK],OLPRUVA 4 GM PACK,SODIUM PHENYLBUTYRATE 2000 MG,PACK
2626387,BPCK,{1 (SODIUM PHENYLBUTYRATE 2000 MG GRANULES FOR ORAL SUSPENSION [OLPRUVA]) } PACK [OLPRUVA 2 GM PACK],OLPRUVA 2 GM PACK,SODIUM PHENYLBUTYRATE 2000 MG,PACK
2626393,BPCK,{1 (SODIUM PHENYLBUTYRATE 2000 MG GRANULES FOR ORAL SUSPENSION [OLPRUVA]) / 1 (SODIUM PHENYLBUTYRATE 3000 MG GRANULES FOR ORAL SUSPENSION [OLPRUVA]) } PACK [OLPRUVA 5 GM PACK],OLPRUVA 5 GM PACK,SODIUM PHENYLBUTYRATE 2000 MG / SODIUM PHENYLBUTYRATE 3000 MG,PACK
2626395,BPCK,{2 (SODIUM PHENYLBUTYRATE 3000 MG GRANULES FOR ORAL SUSPENSION [OLPRUVA]) } PACK [OLPRUVA 6 GM PACK],OLPRUVA 6 GM PACK,SODIUM PHENYLBUTYRATE 3000 MG,PACK
2626389,BPCK,{1 (SODIUM PHENYLBUTYRATE 3000 MG GRANULES FOR ORAL SUSPENSION [OLPRUVA]) } PACK [OLPRUVA 3 GM PACK],OLPRUVA 3 GM PACK,SODIUM PHENYLBUTYRATE 3000 MG,PACK
2626401,BPCK,{1 (SODIUM PHENYLBUTYRATE 3000 MG GRANULES FOR ORAL SUSPENSION [OLPRUVA]) / 1 (SODIUM PHENYLBUTYRATE 3670 MG GRANULES FOR ORAL SUSPENSION [OLPRUVA]) } PACK [OLPRUVA 6.67 GM PACK],OLPRUVA 6.67 GM PACK,SODIUM PHENYLBUTYRATE 3000 MG / SODIUM PHENYLBUTYRATE 3670 MG,PACK
199369,SCD,SODIUM PHENYLBUTYRATE 500 MG ORAL TABLET,,SODIUM PHENYLBUTYRATE 500 MG,ORAL TABLET
2101899,SCD,SODIUM POLYSTYRENE SULFONATE 15000 MG POWDER FOR ORAL SUSPENSION,,SODIUM POLYSTYRENE SULFONATE 15000 MG,POWDER FOR ORAL SUSPENSION
1799654,SBD,SODIUM POLYSTYRENE SULFONATE 250 MG/ML ORAL SUSPENSION [SPS],SPS,SODIUM POLYSTYRENE SULFONATE 250 MG/ML,ORAL SUSPENSION
313072,SCD,SODIUM POLYSTYRENE SULFONATE 250 MG/ML ORAL SUSPENSION,,SODIUM POLYSTYRENE SULFONATE 250 MG/ML,ORAL SUSPENSION
793741,SBD,SODIUM POLYSTYRENE SULFONATE 250 MG/ML ORAL SUSPENSION [KIONEX],KIONEX,SODIUM POLYSTYRENE SULFONATE 250 MG/ML,ORAL SUSPENSION
2053927,SBD,SODIUM ZIRCONIUM CYCLOSILICATE 10000 MG POWDER FOR ORAL SUSPENSION [LOKELMA],LOKELMA,SODIUM ZIRCONIUM CYCLOSILICATE 10000 MG,POWDER FOR ORAL SUSPENSION
2047639,SBD,SODIUM ZIRCONIUM CYCLOSILICATE 5000 MG POWDER FOR ORAL SUSPENSION [LOKELMA],LOKELMA,SODIUM ZIRCONIUM CYCLOSILICATE 5000 MG,POWDER FOR ORAL SUSPENSION
2203999,SBD,SOFOSBUVIR 150 MG ORAL PELLET [SOVALDI],SOVALDI,SOFOSBUVIR 150 MG,ORAL PELLET
2584199,SBD,SOFOSBUVIR 150 MG / VELPATASVIR 37.5 MG ORAL PELLET [EPCLUSA],EPCLUSA,SOFOSBUVIR 150 MG / VELPATASVIR 37.5 MG,ORAL PELLET
2204092,SBD,SOFOSBUVIR 200 MG ORAL PELLET [SOVALDI],SOVALDI,SOFOSBUVIR 200 MG,ORAL PELLET
2203893,SBD,SOFOSBUVIR 200 MG ORAL TABLET [SOVALDI],SOVALDI,SOFOSBUVIR 200 MG,ORAL TABLET
2584201,SBD,SOFOSBUVIR 200 MG / VELPATASVIR 50 MG ORAL PELLET [EPCLUSA],EPCLUSA,SOFOSBUVIR 200 MG / VELPATASVIR 50 MG,ORAL PELLET
2288816,SBD,SOFOSBUVIR 200 MG / VELPATASVIR 50 MG ORAL TABLET [EPCLUSA],EPCLUSA,SOFOSBUVIR 200 MG / VELPATASVIR 50 MG,ORAL TABLET
1484922,SBD,SOFOSBUVIR 400 MG ORAL TABLET [SOVALDI],SOVALDI,SOFOSBUVIR 400 MG,ORAL TABLET
1799218,SBD,SOFOSBUVIR 400 MG / VELPATASVIR 100 MG ORAL TABLET [EPCLUSA],EPCLUSA,SOFOSBUVIR 400 MG / VELPATASVIR 100 MG,ORAL TABLET
1799212,SCD,SOFOSBUVIR 400 MG / VELPATASVIR 100 MG ORAL TABLET,,SOFOSBUVIR 400 MG / VELPATASVIR 100 MG,ORAL TABLET
1939335,SBD,SOFOSBUVIR 400 MG / VELPATASVIR 100 MG / VOXILAPREVIR 100 MG ORAL TABLET [VOSEVI],VOSEVI,SOFOSBUVIR 400 MG / VELPATASVIR 100 MG / VOXILAPREVIR 100 MG,ORAL TABLET
2689332,SBD,60 ACTUAT SOFPIRONIUM 72 MG/ACTUAT TOPICAL GEL [SOFDRA],SOFDRA,SOFPIRONIUM 72 MG/ACTUAT,TOPICAL GEL
477372,SCD,SOLIFENACIN SUCCINATE 10 MG ORAL TABLET,,SOLIFENACIN SUCCINATE 10 MG,ORAL TABLET
477367,SCD,SOLIFENACIN SUCCINATE 5 MG ORAL TABLET,,SOLIFENACIN SUCCINATE 5 MG,ORAL TABLET
2173841,SBD,SOLRIAMFETOL 150 MG ORAL TABLET [SUNOSI],SUNOSI,SOLRIAMFETOL 150 MG,ORAL TABLET
2121764,SBD,SOLRIAMFETOL 75 MG ORAL TABLET [SUNOSI],SUNOSI,SOLRIAMFETOL 75 MG,ORAL TABLET
2636954,SBD,1.5 ML SOMAPACITAN-BECO 10 MG/ML PEN INJECTOR [SOGROYA],SOGROYA,SOMAPACITAN-BECO 10 MG/ML,PEN INJECTOR
2571805,SBD,1.5 ML SOMAPACITAN-BECO 3.3 MG/ML PEN INJECTOR [SOGROYA],SOGROYA,SOMAPACITAN-BECO 3.3 MG/ML,PEN INJECTOR
2557403,SBD,1.5 ML SOMAPACITAN-BECO 6.7 MG/ML PEN INJECTOR [SOGROYA],SOGROYA,SOMAPACITAN-BECO 6.7 MG/ML,PEN INJECTOR
2644523,SBD,1.2 ML SOMATROGON-GHLA 20 MG/ML PEN INJECTOR [NGENLA],NGENLA,SOMATROGON-GHLA 20 MG/ML,PEN INJECTOR
2644529,SBD,1.2 ML SOMATROGON-GHLA 50 MG/ML PEN INJECTOR [NGENLA],NGENLA,SOMATROGON-GHLA 50 MG/ML,PEN INJECTOR
762833,SBD,0.25 ML SOMATROPIN 0.8 MG/ML PREFILLED SYRINGE [GENOTROPIN],GENOTROPIN,SOMATROPIN 0.8 MG/ML,PREFILLED SYRINGE
762836,SBD,0.25 ML SOMATROPIN 1.6 MG/ML PREFILLED SYRINGE [GENOTROPIN],GENOTROPIN,SOMATROPIN 1.6 MG/ML,PREFILLED SYRINGE
1648160,SBD,SOMATROPIN 10 MG/ML INJECTABLE SOLUTION [ZOMACTON],ZOMACTON,SOMATROPIN 10 MG/ML,INJECTABLE SOLUTION
847245,SBD,1.5 ML SOMATROPIN 10 MG/ML PEN INJECTOR [NORDITROPIN],NORDITROPIN,SOMATROPIN 10 MG/ML,PEN INJECTOR
582971,SBD,SOMATROPIN 12 MG CARTRIDGE [HUMATROPE],HUMATROPE,SOMATROPIN 12 MG,CARTRIDGE
996559,SBD,1 ML SOMATROPIN 12 MG/ML CARTRIDGE [GENOTROPIN],GENOTROPIN,SOMATROPIN 12 MG/ML,CARTRIDGE
762839,SBD,0.25 ML SOMATROPIN 2.4 MG/ML PREFILLED SYRINGE [GENOTROPIN],GENOTROPIN,SOMATROPIN 2.4 MG/ML,PREFILLED SYRINGE
582976,SBD,SOMATROPIN 24 MG CARTRIDGE [HUMATROPE],HUMATROPE,SOMATROPIN 24 MG,CARTRIDGE
762843,SBD,0.25 ML SOMATROPIN 3.2 MG/ML PREFILLED SYRINGE [GENOTROPIN],GENOTROPIN,SOMATROPIN 3.2 MG/ML,PREFILLED SYRINGE
864110,SBD,1.5 ML SOMATROPIN 3.3 MG/ML CARTRIDGE [OMNITROPE],OMNITROPE,SOMATROPIN 3.3 MG/ML,CARTRIDGE
847247,SBD,1.5 ML SOMATROPIN 3.33 MG/ML PEN INJECTOR [NORDITROPIN],NORDITROPIN,SOMATROPIN 3.33 MG/ML,PEN INJECTOR
762875,SBD,0.25 ML SOMATROPIN 4 MG/ML PREFILLED SYRINGE [GENOTROPIN],GENOTROPIN,SOMATROPIN 4 MG/ML,PREFILLED SYRINGE
762849,SBD,0.25 ML SOMATROPIN 4.8 MG/ML PREFILLED SYRINGE [GENOTROPIN],GENOTROPIN,SOMATROPIN 4.8 MG/ML,PREFILLED SYRINGE
751568,SBD,SOMATROPIN 5 MG INJECTION [SEROSTIM],SEROSTIM,SOMATROPIN 5 MG,INJECTION
1648162,SBD,SOMATROPIN 5 MG/ML INJECTABLE SOLUTION [ZOMACTON],ZOMACTON,SOMATROPIN 5 MG/ML,INJECTABLE SOLUTION
645884,SBD,SOMATROPIN 5 MG/ML INJECTABLE SOLUTION [OMNITROPE],OMNITROPE,SOMATROPIN 5 MG/ML,INJECTABLE SOLUTION
763489,SBD,1 ML SOMATROPIN 5 MG/ML CARTRIDGE [GENOTROPIN],GENOTROPIN,SOMATROPIN 5 MG/ML,CARTRIDGE
762852,SBD,0.25 ML SOMATROPIN 5.6 MG/ML PREFILLED SYRINGE [GENOTROPIN],GENOTROPIN,SOMATROPIN 5.6 MG/ML,PREFILLED SYRINGE
751570,SBD,SOMATROPIN 6 MG INJECTION [SEROSTIM],SEROSTIM,SOMATROPIN 6 MG,INJECTION
729234,SBD,SOMATROPIN 6 MG CARTRIDGE [HUMATROPE],HUMATROPE,SOMATROPIN 6 MG,CARTRIDGE
762859,SBD,0.25 ML SOMATROPIN 6.4 MG/ML PREFILLED SYRINGE [GENOTROPIN],GENOTROPIN,SOMATROPIN 6.4 MG/ML,PREFILLED SYRINGE
854302,SBD,1.5 ML SOMATROPIN 6.67 MG/ML CARTRIDGE [OMNITROPE],OMNITROPE,SOMATROPIN 6.67 MG/ML,CARTRIDGE
847348,SBD,1.5 ML SOMATROPIN 6.67 MG/ML PEN INJECTOR [NORDITROPIN],NORDITROPIN,SOMATROPIN 6.67 MG/ML,PEN INJECTOR
762868,SBD,0.25 ML SOMATROPIN 7.2 MG/ML PREFILLED SYRINGE [GENOTROPIN],GENOTROPIN,SOMATROPIN 7.2 MG/ML,PREFILLED SYRINGE
762897,SBD,0.25 ML SOMATROPIN 8 MG/ML PREFILLED SYRINGE [GENOTROPIN],GENOTROPIN,SOMATROPIN 8 MG/ML,PREFILLED SYRINGE
751566,SBD,SOMATROPIN 8 MG/ML INJECTABLE SOLUTION [SEROSTIM],SEROSTIM,SOMATROPIN 8 MG/ML,INJECTABLE SOLUTION
1659927,SBD,SONIDEGIB 200 MG ORAL CAPSULE [ODOMZO],ODOMZO,SONIDEGIB 200 MG,ORAL CAPSULE
615979,SBD,SORAFENIB 200 MG ORAL TABLET [NEXAVAR],NEXAVAR,SORAFENIB 200 MG,ORAL TABLET
597747,SCD,SORAFENIB 200 MG ORAL TABLET,,SORAFENIB 200 MG,ORAL TABLET
2638689,SBD,SOTAGLIFLOZIN 200 MG ORAL TABLET [INPEFA],INPEFA,SOTAGLIFLOZIN 200 MG,ORAL TABLET
2638693,SBD,SOTAGLIFLOZIN 400 MG ORAL TABLET [INPEFA],INPEFA,SOTAGLIFLOZIN 400 MG,ORAL TABLET
1922720,SCD,ATRIAL FIBRILLATION SOTALOL HYDROCHLORIDE 120 MG ORAL TABLET,,SOTALOL HYDROCHLORIDE 120 MG,ORAL TABLET
1923422,SCD,SOTALOL HYDROCHLORIDE 120 MG ORAL TABLET,,SOTALOL HYDROCHLORIDE 120 MG,ORAL TABLET
1922721,SBD,ATRIAL FIBRILLATION SOTALOL HYDROCHLORIDE 120 MG ORAL TABLET [BETAPACE],BETAPACE,SOTALOL HYDROCHLORIDE 120 MG,ORAL TABLET
1923423,SBD,SOTALOL HYDROCHLORIDE 120 MG ORAL TABLET [BETAPACE],BETAPACE,SOTALOL HYDROCHLORIDE 120 MG,ORAL TABLET
1922763,SCD,ATRIAL FIBRILLATION SOTALOL HYDROCHLORIDE 160 MG ORAL TABLET,,SOTALOL HYDROCHLORIDE 160 MG,ORAL TABLET
1923424,SCD,SOTALOL HYDROCHLORIDE 160 MG ORAL TABLET,,SOTALOL HYDROCHLORIDE 160 MG,ORAL TABLET
1923425,SBD,SOTALOL HYDROCHLORIDE 160 MG ORAL TABLET [BETAPACE],BETAPACE,SOTALOL HYDROCHLORIDE 160 MG,ORAL TABLET
1922764,SBD,ATRIAL FIBRILLATION SOTALOL HYDROCHLORIDE 160 MG ORAL TABLET [BETAPACE],BETAPACE,SOTALOL HYDROCHLORIDE 160 MG,ORAL TABLET
904589,SCD,SOTALOL HYDROCHLORIDE 240 MG ORAL TABLET,,SOTALOL HYDROCHLORIDE 240 MG,ORAL TABLET
1593731,SBD,SOTALOL HYDROCHLORIDE 5 MG/ML ORAL SOLUTION [SOTYLIZE],SOTYLIZE,SOTALOL HYDROCHLORIDE 5 MG/ML,ORAL SOLUTION
1923426,SCD,SOTALOL HYDROCHLORIDE 80 MG ORAL TABLET,,SOTALOL HYDROCHLORIDE 80 MG,ORAL TABLET
1922765,SCD,ATRIAL FIBRILLATION SOTALOL HYDROCHLORIDE 80 MG ORAL TABLET,,SOTALOL HYDROCHLORIDE 80 MG,ORAL TABLET
1922766,SBD,ATRIAL FIBRILLATION SOTALOL HYDROCHLORIDE 80 MG ORAL TABLET [BETAPACE],BETAPACE,SOTALOL HYDROCHLORIDE 80 MG,ORAL TABLET
1923427,SBD,SOTALOL HYDROCHLORIDE 80 MG ORAL TABLET [BETAPACE],BETAPACE,SOTALOL HYDROCHLORIDE 80 MG,ORAL TABLET
2678949,BPCK,"{2 (SOTATERCEPT-CSRK 45 MG INJECTION [WINREVAIR]) } PACK [WINREVAIR 45 MG, 2 VIAL KIT]","WINREVAIR 45 MG, 2 VIAL KIT",SOTATERCEPT-CSRK 45 MG,PACK
2678943,SBD,SOTATERCEPT-CSRK 45 MG INJECTION [WINREVAIR],WINREVAIR,SOTATERCEPT-CSRK 45 MG,INJECTION
2678951,BPCK,"{2 (SOTATERCEPT-CSRK 60 MG INJECTION [WINREVAIR]) } PACK [WINREVAIR 60 MG, 2 VIAL KIT]","WINREVAIR 60 MG, 2 VIAL KIT",SOTATERCEPT-CSRK 60 MG,PACK
2678947,SBD,SOTATERCEPT-CSRK 60 MG INJECTION [WINREVAIR],WINREVAIR,SOTATERCEPT-CSRK 60 MG,INJECTION
2550725,SBD,SOTORASIB 120 MG ORAL TABLET [LUMAKRAS],LUMAKRAS,SOTORASIB 120 MG,ORAL TABLET
2687207,SBD,SOTORASIB 240 MG ORAL TABLET [LUMAKRAS],LUMAKRAS,SOTORASIB 240 MG,ORAL TABLET
2628242,SBD,SOTORASIB 320 MG ORAL TABLET [LUMAKRAS],LUMAKRAS,SOTORASIB 320 MG,ORAL TABLET
1799706,SBD,250 ML SOYBEAN OIL 200 MG/ML INJECTION [INTRALIPID],INTRALIPID,SOYBEAN OIL 200 MG/ML,INJECTION
1799890,SBD,500 ML SOYBEAN OIL 200 MG/ML INJECTION [NUTRILIPID],NUTRILIPID,SOYBEAN OIL 200 MG/ML,INJECTION
805131,SBD,SOYBEAN OIL 300 MG/ML INJECTABLE SUSPENSION [INTRALIPID],INTRALIPID,SOYBEAN OIL 300 MG/ML,INJECTABLE SUSPENSION
2630546,SBD,SPARSENTAN 200 MG ORAL TABLET [FILSPARI],FILSPARI,SPARSENTAN 200 MG,ORAL TABLET
2630550,SBD,SPARSENTAN 400 MG ORAL TABLET [FILSPARI],FILSPARI,SPARSENTAN 400 MG,ORAL TABLET
2716697,SBD,2 ML SPESOLIMAB-SBZO 150 MG/ML PREFILLED SYRINGE [SPEVIGO],SPEVIGO,SPESOLIMAB-SBZO 150 MG/ML,PREFILLED SYRINGE
2678984,SBD,1 ML SPESOLIMAB-SBZO 150 MG/ML PREFILLED SYRINGE [SPEVIGO],SPEVIGO,SPESOLIMAB-SBZO 150 MG/ML,PREFILLED SYRINGE
1085816,SCD,SPINOSAD 9 MG/ML MEDICATED SHAMPOO,,SPINOSAD 9 MG/ML,MEDICATED SHAMPOO
1085820,SBD,SPINOSAD 9 MG/ML MEDICATED SHAMPOO [NATROBA],NATROBA,SPINOSAD 9 MG/ML,MEDICATED SHAMPOO
198222,SCD,SPIRONOLACTONE 100 MG ORAL TABLET,,SPIRONOLACTONE 100 MG,ORAL TABLET
313096,SCD,SPIRONOLACTONE 25 MG ORAL TABLET,,SPIRONOLACTONE 25 MG,ORAL TABLET
1943345,SBD,SPIRONOLACTONE 5 MG/ML ORAL SUSPENSION [CAROSPIR],CAROSPIR,SPIRONOLACTONE 5 MG/ML,ORAL SUSPENSION
104232,SCD,SPIRONOLACTONE 5 MG/ML ORAL SUSPENSION,,SPIRONOLACTONE 5 MG/ML,ORAL SUSPENSION
198223,SCD,SPIRONOLACTONE 50 MG ORAL TABLET,,SPIRONOLACTONE 50 MG,ORAL TABLET
200817,SBD,SPIRONOLACTONE 50 MG ORAL TABLET [ALDACTONE],ALDACTONE,SPIRONOLACTONE 50 MG,ORAL TABLET
2055016,SBD,STIRIPENTOL 250 MG POWDER FOR ORAL SUSPENSION [DIACOMIT],DIACOMIT,STIRIPENTOL 250 MG,POWDER FOR ORAL SUSPENSION
2054979,SBD,STIRIPENTOL 250 MG ORAL CAPSULE [DIACOMIT],DIACOMIT,STIRIPENTOL 250 MG,ORAL CAPSULE
2054983,SBD,STIRIPENTOL 500 MG ORAL CAPSULE [DIACOMIT],DIACOMIT,STIRIPENTOL 500 MG,ORAL CAPSULE
2055014,SBD,STIRIPENTOL 500 MG POWDER FOR ORAL SUSPENSION [DIACOMIT],DIACOMIT,STIRIPENTOL 500 MG,POWDER FOR ORAL SUSPENSION
313115,SCD,STREPTOMYCIN 1000 MG INJECTION,,STREPTOMYCIN 1000 MG,INJECTION
207949,SBD,SUCCIMER 100 MG ORAL CAPSULE [CHEMET],CHEMET,SUCCIMER 100 MG,ORAL CAPSULE
313123,SCD,SUCRALFATE 100 MG/ML ORAL SUSPENSION,,SUCRALFATE 100 MG/ML,ORAL SUSPENSION
314234,SCD,SUCRALFATE 1000 MG ORAL TABLET,,SUCRALFATE 1000 MG,ORAL TABLET
208097,SBD,SUCRALFATE 1000 MG ORAL TABLET [CARAFATE],CARAFATE,SUCRALFATE 1000 MG,ORAL TABLET
1484296,SBD,SUCROFERRIC OXYHYDROXIDE 500 MG CHEWABLE TABLET [VELPHORO],VELPHORO,SUCROFERRIC OXYHYDROXIDE 500 MG,CHEWABLE TABLET
208117,SBD,SULCONAZOLE NITRATE 10 MG/ML TOPICAL CREAM [EXELDERM],EXELDERM,SULCONAZOLE NITRATE 10 MG/ML,TOPICAL CREAM
1006120,SCD,SULFACETAMIDE SODIUM 100 MG/ML OPHTHALMIC SOLUTION,,SULFACETAMIDE SODIUM 100 MG/ML,OPHTHALMIC SOLUTION
1006688,SCD,SULFACETAMIDE SODIUM 100 MG/ML TOPICAL LOTION,,SULFACETAMIDE SODIUM 100 MG/ML,TOPICAL LOTION
1006693,SBD,SULFACETAMIDE SODIUM 100 MG/ML TOPICAL LOTION [KLARON],KLARON,SULFACETAMIDE SODIUM 100 MG/ML,TOPICAL LOTION
198228,SCD,SULFADIAZINE 500 MG ORAL TABLET,,SULFADIAZINE 500 MG,ORAL TABLET
313134,SCD,SULFAMETHOXAZOLE 40 MG/ML / TRIMETHOPRIM 8 MG/ML ORAL SUSPENSION,,SULFAMETHOXAZOLE 40 MG/ML / TRIMETHOPRIM 8 MG/ML,ORAL SUSPENSION
208416,SBD,SULFAMETHOXAZOLE 400 MG / TRIMETHOPRIM 80 MG ORAL TABLET [BACTRIM],BACTRIM,SULFAMETHOXAZOLE 400 MG / TRIMETHOPRIM 80 MG,ORAL TABLET
198334,SCD,SULFAMETHOXAZOLE 400 MG / TRIMETHOPRIM 80 MG ORAL TABLET,,SULFAMETHOXAZOLE 400 MG / TRIMETHOPRIM 80 MG,ORAL TABLET
198335,SCD,SULFAMETHOXAZOLE 800 MG / TRIMETHOPRIM 160 MG ORAL TABLET,,SULFAMETHOXAZOLE 800 MG / TRIMETHOPRIM 160 MG,ORAL TABLET
849580,SBD,SULFAMETHOXAZOLE 800 MG / TRIMETHOPRIM 160 MG ORAL TABLET [BACTRIM],BACTRIM,SULFAMETHOXAZOLE 800 MG / TRIMETHOPRIM 160 MG,ORAL TABLET
208437,SBD,SULFASALAZINE 500 MG ORAL TABLET [AZULFIDINE],AZULFIDINE,SULFASALAZINE 500 MG,ORAL TABLET
198232,SCD,SULFASALAZINE 500 MG ORAL TABLET,,SULFASALAZINE 500 MG,ORAL TABLET
313142,SCD,SULFASALAZINE 500 MG DELAYED RELEASE ORAL TABLET,,SULFASALAZINE 500 MG,DELAYED RELEASE ORAL TABLET
724154,SBD,SULFASALAZINE 500 MG DELAYED RELEASE ORAL TABLET [AZULFIDINE],AZULFIDINE,SULFASALAZINE 500 MG,DELAYED RELEASE ORAL TABLET
198238,SCD,SULINDAC 150 MG ORAL TABLET,,SULINDAC 150 MG,ORAL TABLET
198239,SCD,SULINDAC 200 MG ORAL TABLET,,SULINDAC 200 MG,ORAL TABLET
2178073,SBD,SUMATRIPTAN 10 MG/ACTUAT NASAL SPRAY [TOSYMRA],TOSYMRA,SUMATRIPTAN 10 MG/ACTUAT,NASAL SPRAY
313160,SCD,SUMATRIPTAN 100 MG ORAL TABLET,,SUMATRIPTAN 100 MG,ORAL TABLET
284460,SBD,SUMATRIPTAN 100 MG ORAL TABLET [IMITREX],IMITREX,SUMATRIPTAN 100 MG,ORAL TABLET
1739337,SBD,SUMATRIPTAN 11 MG NASAL POWDER [ONZETRA],ONZETRA,SUMATRIPTAN 11 MG,NASAL POWDER
1657151,SCD,0.5 ML SUMATRIPTAN 12 MG/ML AUTO-INJECTOR,,SUMATRIPTAN 12 MG/ML,AUTO-INJECTOR
860088,SBD,0.5 ML SUMATRIPTAN 12 MG/ML CARTRIDGE [IMITREX],IMITREX,SUMATRIPTAN 12 MG/ML,CARTRIDGE
313165,SCD,0.5 ML SUMATRIPTAN 12 MG/ML INJECTION,,SUMATRIPTAN 12 MG/ML,INJECTION
314227,SCD,SUMATRIPTAN 20 MG/ACTUAT NASAL SPRAY,,SUMATRIPTAN 20 MG/ACTUAT,NASAL SPRAY
208450,SBD,SUMATRIPTAN 25 MG ORAL TABLET [IMITREX],IMITREX,SUMATRIPTAN 25 MG,ORAL TABLET
315223,SCD,SUMATRIPTAN 25 MG ORAL TABLET,,SUMATRIPTAN 25 MG,ORAL TABLET
313159,SCD,SUMATRIPTAN 5 MG/ACTUAT NASAL SPRAY,,SUMATRIPTAN 5 MG/ACTUAT,NASAL SPRAY
209169,SBD,SUMATRIPTAN 50 MG ORAL TABLET [IMITREX],IMITREX,SUMATRIPTAN 50 MG,ORAL TABLET
313161,SCD,SUMATRIPTAN 50 MG ORAL TABLET,,SUMATRIPTAN 50 MG,ORAL TABLET
1738581,SBD,0.5 ML SUMATRIPTAN 6 MG/ML AUTO-INJECTOR [ZEMBRACE],ZEMBRACE,SUMATRIPTAN 6 MG/ML,AUTO-INJECTOR
758523,SBD,0.5 ML SUMATRIPTAN 8 MG/ML CARTRIDGE [IMITREX],IMITREX,SUMATRIPTAN 8 MG/ML,CARTRIDGE
616283,SBD,SUNITINIB 12.5 MG ORAL CAPSULE [SUTENT],SUTENT,SUNITINIB 12.5 MG,ORAL CAPSULE
616279,SCD,SUNITINIB 12.5 MG ORAL CAPSULE,,SUNITINIB 12.5 MG,ORAL CAPSULE
616285,SCD,SUNITINIB 25 MG ORAL CAPSULE,,SUNITINIB 25 MG,ORAL CAPSULE
616287,SBD,SUNITINIB 25 MG ORAL CAPSULE [SUTENT],SUTENT,SUNITINIB 25 MG,ORAL CAPSULE
1541890,SCD,SUNITINIB 37.5 MG ORAL CAPSULE,,SUNITINIB 37.5 MG,ORAL CAPSULE
1541928,SBD,SUNITINIB 37.5 MG ORAL CAPSULE [SUTENT],SUTENT,SUNITINIB 37.5 MG,ORAL CAPSULE
616292,SBD,SUNITINIB 50 MG ORAL CAPSULE [SUTENT],SUTENT,SUNITINIB 50 MG,ORAL CAPSULE
616289,SCD,SUNITINIB 50 MG ORAL CAPSULE,,SUNITINIB 50 MG,ORAL CAPSULE
1547110,SBD,SUVOREXANT 10 MG ORAL TABLET [BELSOMRA],BELSOMRA,SUVOREXANT 10 MG,ORAL TABLET
1547114,SBD,SUVOREXANT 15 MG ORAL TABLET [BELSOMRA],BELSOMRA,SUVOREXANT 15 MG,ORAL TABLET
1547118,SBD,SUVOREXANT 20 MG ORAL TABLET [BELSOMRA],BELSOMRA,SUVOREXANT 20 MG,ORAL TABLET
1547575,SBD,SUVOREXANT 5 MG ORAL TABLET [BELSOMRA],BELSOMRA,SUVOREXANT 5 MG,ORAL TABLET
2704839,SBD,SUZETRIGINE 50 MG ORAL TABLET [JOURNAVX],JOURNAVX,SUZETRIGINE 50 MG,ORAL TABLET
313189,SCD,TACROLIMUS 0.0003 MG/MG TOPICAL OINTMENT,,TACROLIMUS 0.0003 MG/MG,TOPICAL OINTMENT
314266,SCD,TACROLIMUS 0.001 MG/MG TOPICAL OINTMENT,,TACROLIMUS 0.001 MG/MG,TOPICAL OINTMENT
2052609,SBD,TACROLIMUS 0.2 MG GRANULES FOR ORAL SUSPENSION [PROGRAF],PROGRAF,TACROLIMUS 0.2 MG,GRANULES FOR ORAL SUSPENSION
313190,SCD,TACROLIMUS 0.5 MG ORAL CAPSULE,,TACROLIMUS 0.5 MG,ORAL CAPSULE
261134,SBD,TACROLIMUS 0.5 MG ORAL CAPSULE [PROGRAF],PROGRAF,TACROLIMUS 0.5 MG,ORAL CAPSULE
1431971,SCD,24 HR TACROLIMUS 0.5 MG EXTENDED RELEASE ORAL CAPSULE,,TACROLIMUS 0.5 MG,EXTENDED RELEASE ORAL CAPSULE
1431977,SBD,24 HR TACROLIMUS 0.5 MG EXTENDED RELEASE ORAL CAPSULE [ASTAGRAF],ASTAGRAF,TACROLIMUS 0.5 MG,EXTENDED RELEASE ORAL CAPSULE
1664458,SBD,24 HR TACROLIMUS 0.75 MG EXTENDED RELEASE ORAL TABLET [ENVARSUS],ENVARSUS,TACROLIMUS 0.75 MG,EXTENDED RELEASE ORAL TABLET
198377,SCD,TACROLIMUS 1 MG ORAL CAPSULE,,TACROLIMUS 1 MG,ORAL CAPSULE
2052704,SBD,TACROLIMUS 1 MG GRANULES FOR ORAL SUSPENSION [PROGRAF],PROGRAF,TACROLIMUS 1 MG,GRANULES FOR ORAL SUSPENSION
1664463,SBD,24 HR TACROLIMUS 1 MG EXTENDED RELEASE ORAL TABLET [ENVARSUS],ENVARSUS,TACROLIMUS 1 MG,EXTENDED RELEASE ORAL TABLET
1431982,SBD,24 HR TACROLIMUS 1 MG EXTENDED RELEASE ORAL CAPSULE [ASTAGRAF],ASTAGRAF,TACROLIMUS 1 MG,EXTENDED RELEASE ORAL CAPSULE
1431980,SCD,24 HR TACROLIMUS 1 MG EXTENDED RELEASE ORAL CAPSULE,,TACROLIMUS 1 MG,EXTENDED RELEASE ORAL CAPSULE
108513,SBD,TACROLIMUS 1 MG ORAL CAPSULE [PROGRAF],PROGRAF,TACROLIMUS 1 MG,ORAL CAPSULE
1664440,SBD,24 HR TACROLIMUS 4 MG EXTENDED RELEASE ORAL TABLET [ENVARSUS],ENVARSUS,TACROLIMUS 4 MG,EXTENDED RELEASE ORAL TABLET
198378,SCD,TACROLIMUS 5 MG ORAL CAPSULE,,TACROLIMUS 5 MG,ORAL CAPSULE
1431987,SBD,24 HR TACROLIMUS 5 MG EXTENDED RELEASE ORAL CAPSULE [ASTAGRAF],ASTAGRAF,TACROLIMUS 5 MG,EXTENDED RELEASE ORAL CAPSULE
108514,SBD,TACROLIMUS 5 MG ORAL CAPSULE [PROGRAF],PROGRAF,TACROLIMUS 5 MG,ORAL CAPSULE
1431985,SCD,24 HR TACROLIMUS 5 MG EXTENDED RELEASE ORAL CAPSULE,,TACROLIMUS 5 MG,EXTENDED RELEASE ORAL CAPSULE
757707,SCD,TADALAFIL 2.5 MG ORAL TABLET,,TADALAFIL 2.5 MG,ORAL TABLET
2110455,SBD,PULMONARY HYPERTENSION TADALAFIL 20 MG ORAL TABLET [ALYQ],ALYQ,TADALAFIL 20 MG,ORAL TABLET
2123194,SCD,PULMONARY HYPERTENSION TADALAFIL 20 MG ORAL TABLET,,TADALAFIL 20 MG,ORAL TABLET
849866,SBD,PULMONARY HYPERTENSION TADALAFIL 20 MG ORAL TABLET [ADCIRCA],ADCIRCA,TADALAFIL 20 MG,ORAL TABLET
2613569,SBD,TADALAFIL 4 MG/ML ORAL SUSPENSION [TADLIQ],TADLIQ,TADALAFIL 4 MG/ML,ORAL SUSPENSION
404711,SBD,TADALAFIL 5 MG ORAL TABLET [CIALIS],CIALIS,TADALAFIL 5 MG,ORAL TABLET
403957,SCD,TADALAFIL 5 MG ORAL TABLET,,TADALAFIL 5 MG,ORAL TABLET
2168540,SBD,TAFAMIDIS 61 MG ORAL CAPSULE [VYNDAMAX],VYNDAMAX,TAFAMIDIS 61 MG,ORAL CAPSULE
2109239,SBD,TAFENOQUINE 150 MG ORAL TABLET [KRINTAFEL],KRINTAFEL,TAFENOQUINE 150 MG,ORAL TABLET
1244611,SCD,TAFLUPROST 0.015 MG/ML OPHTHALMIC SOLUTION,,TAFLUPROST 0.015 MG/ML,OPHTHALMIC SOLUTION
1244616,SBD,TAFLUPROST 0.015 MG/ML OPHTHALMIC SOLUTION [ZIOPTAN],ZIOPTAN,TAFLUPROST 0.015 MG/ML,OPHTHALMIC SOLUTION
2639962,SBD,TALAZOPARIB 0.1 MG ORAL CAPSULE [TALZENNA],TALZENNA,TALAZOPARIB 0.1 MG,ORAL CAPSULE
2099952,SBD,TALAZOPARIB 0.25 MG ORAL CAPSULE [TALZENNA],TALZENNA,TALAZOPARIB 0.25 MG,ORAL CAPSULE
2639966,SBD,TALAZOPARIB 0.35 MG ORAL CAPSULE [TALZENNA],TALZENNA,TALAZOPARIB 0.35 MG,ORAL CAPSULE
2591512,SBD,TALAZOPARIB 0.5 MG ORAL CAPSULE [TALZENNA],TALZENNA,TALAZOPARIB 0.5 MG,ORAL CAPSULE
2591521,SBD,TALAZOPARIB 0.75 MG ORAL CAPSULE [TALZENNA],TALZENNA,TALAZOPARIB 0.75 MG,ORAL CAPSULE
2099956,SBD,TALAZOPARIB 1 MG ORAL CAPSULE [TALZENNA],TALZENNA,TALAZOPARIB 1 MG,ORAL CAPSULE
2716931,SBD,TALETRECTINIB 200 MG ORAL CAPSULE [IBTROZI],IBTROZI,TALETRECTINIB 200 MG,ORAL CAPSULE
198240,SCD,TAMOXIFEN 10 MG ORAL TABLET,,TAMOXIFEN 10 MG,ORAL TABLET
644304,SBD,TAMOXIFEN 2 MG/ML ORAL SOLUTION [SOLTAMOX],SOLTAMOX,TAMOXIFEN 2 MG/ML,ORAL SOLUTION
313195,SCD,TAMOXIFEN 20 MG ORAL TABLET,,TAMOXIFEN 20 MG,ORAL TABLET
863669,SCD,TAMSULOSIN HYDROCHLORIDE 0.4 MG ORAL CAPSULE,,TAMSULOSIN HYDROCHLORIDE 0.4 MG,ORAL CAPSULE
854140,SBD,TAPENTADOL 100 MG ORAL TABLET [NUCYNTA],NUCYNTA,TAPENTADOL 100 MG,ORAL TABLET
825409,SCD,TAPENTADOL 100 MG ORAL TABLET,,TAPENTADOL 100 MG,ORAL TABLET
1148797,SCD,12 HR TAPENTADOL 100 MG EXTENDED RELEASE ORAL TABLET,,TAPENTADOL 100 MG,EXTENDED RELEASE ORAL TABLET
1149367,SBD,12 HR TAPENTADOL 100 MG EXTENDED RELEASE ORAL TABLET [NUCYNTA],NUCYNTA,TAPENTADOL 100 MG,EXTENDED RELEASE ORAL TABLET
1148800,SCD,12 HR TAPENTADOL 150 MG EXTENDED RELEASE ORAL TABLET,,TAPENTADOL 150 MG,EXTENDED RELEASE ORAL TABLET
1149370,SBD,12 HR TAPENTADOL 150 MG EXTENDED RELEASE ORAL TABLET [NUCYNTA],NUCYNTA,TAPENTADOL 150 MG,EXTENDED RELEASE ORAL TABLET
1148803,SCD,12 HR TAPENTADOL 200 MG EXTENDED RELEASE ORAL TABLET,,TAPENTADOL 200 MG,EXTENDED RELEASE ORAL TABLET
1149373,SBD,12 HR TAPENTADOL 200 MG EXTENDED RELEASE ORAL TABLET [NUCYNTA],NUCYNTA,TAPENTADOL 200 MG,EXTENDED RELEASE ORAL TABLET
1148807,SCD,12 HR TAPENTADOL 250 MG EXTENDED RELEASE ORAL TABLET,,TAPENTADOL 250 MG,EXTENDED RELEASE ORAL TABLET
1149376,SBD,12 HR TAPENTADOL 250 MG EXTENDED RELEASE ORAL TABLET [NUCYNTA],NUCYNTA,TAPENTADOL 250 MG,EXTENDED RELEASE ORAL TABLET
1148809,SCD,12 HR TAPENTADOL 50 MG EXTENDED RELEASE ORAL TABLET,,TAPENTADOL 50 MG,EXTENDED RELEASE ORAL TABLET
1149378,SBD,12 HR TAPENTADOL 50 MG EXTENDED RELEASE ORAL TABLET [NUCYNTA],NUCYNTA,TAPENTADOL 50 MG,EXTENDED RELEASE ORAL TABLET
854142,SBD,TAPENTADOL 50 MG ORAL TABLET [NUCYNTA],NUCYNTA,TAPENTADOL 50 MG,ORAL TABLET
825411,SCD,TAPENTADOL 50 MG ORAL TABLET,,TAPENTADOL 50 MG,ORAL TABLET
825413,SCD,TAPENTADOL 75 MG ORAL TABLET,,TAPENTADOL 75 MG,ORAL TABLET
854144,SBD,TAPENTADOL 75 MG ORAL TABLET [NUCYNTA],NUCYNTA,TAPENTADOL 75 MG,ORAL TABLET
2602306,SBD,TAPINAROF 10 MG/ML TOPICAL CREAM [VTAMA],VTAMA,TAPINAROF 10 MG/ML,TOPICAL CREAM
1491624,SBD,TASIMELTEON 20 MG ORAL CAPSULE [HETLIOZ],HETLIOZ,TASIMELTEON 20 MG,ORAL CAPSULE
1490473,SCD,TASIMELTEON 20 MG ORAL CAPSULE,,TASIMELTEON 20 MG,ORAL CAPSULE
2468316,SBD,TASIMELTEON 4 MG/ML ORAL SUSPENSION [HETLIOZ],HETLIOZ,TASIMELTEON 4 MG/ML,ORAL SUSPENSION
1543177,SCD,TAVABOROLE 43.5 MG/ML TOPICAL SOLUTION,,TAVABOROLE 43.5 MG/ML,TOPICAL SOLUTION
212437,SBD,TAZAROTENE 0.0005 MG/MG TOPICAL GEL [TAZORAC],TAZORAC,TAZAROTENE 0.0005 MG/MG,TOPICAL GEL
313199,SCD,TAZAROTENE 0.0005 MG/MG TOPICAL GEL,,TAZAROTENE 0.0005 MG/MG,TOPICAL GEL
313201,SCD,TAZAROTENE 0.001 MG/MG TOPICAL GEL,,TAZAROTENE 0.001 MG/MG,TOPICAL GEL
212438,SBD,TAZAROTENE 0.001 MG/MG TOPICAL GEL [TAZORAC],TAZORAC,TAZAROTENE 0.001 MG/MG,TOPICAL GEL
2267566,SBD,TAZAROTENE 0.45 MG/ML TOPICAL LOTION [ARAZLO],ARAZLO,TAZAROTENE 0.45 MG/ML,TOPICAL LOTION
314268,SCD,TAZAROTENE 0.5 MG/ML TOPICAL CREAM,,TAZAROTENE 0.5 MG/ML,TOPICAL CREAM
284496,SBD,TAZAROTENE 0.5 MG/ML TOPICAL CREAM [TAZORAC],TAZORAC,TAZAROTENE 0.5 MG/ML,TOPICAL CREAM
313200,SCD,TAZAROTENE 1 MG/ML TOPICAL CREAM,,TAZAROTENE 1 MG/ML,TOPICAL CREAM
1293451,SCD,TAZAROTENE 1 MG/ML TOPICAL FOAM,,TAZAROTENE 1 MG/ML,TOPICAL FOAM
284497,SBD,TAZAROTENE 1 MG/ML TOPICAL CREAM [TAZORAC],TAZORAC,TAZAROTENE 1 MG/ML,TOPICAL CREAM
2101459,SBD,1 ML TBO-FILGRASTIM 0.3 MG/ML INJECTION [GRANIX],GRANIX,TBO-FILGRASTIM 0.3 MG/ML,INJECTION
1442681,SBD,0.5 ML TBO-FILGRASTIM 0.6 MG/ML PREFILLED SYRINGE [GRANIX],GRANIX,TBO-FILGRASTIM 0.6 MG/ML,PREFILLED SYRINGE
1442683,SBD,0.8 ML TBO-FILGRASTIM 0.6 MG/ML PREFILLED SYRINGE [GRANIX],GRANIX,TBO-FILGRASTIM 0.6 MG/ML,PREFILLED SYRINGE
1540868,SBD,TEDIZOLID PHOSPHATE 200 MG ORAL TABLET [SIVEXTRO],SIVEXTRO,TEDIZOLID PHOSPHATE 200 MG,ORAL TABLET
1540890,SBD,TEDIZOLID PHOSPHATE 200 MG INJECTION [SIVEXTRO],SIVEXTRO,TEDIZOLID PHOSPHATE 200 MG,INJECTION
1364477,SBD,TEDUGLUTIDE 5 MG INJECTION [GATTEX],GATTEX,TEDUGLUTIDE 5 MG,INJECTION
282755,SCD,TELMISARTAN 20 MG ORAL TABLET,,TELMISARTAN 20 MG,ORAL TABLET
205304,SCD,TELMISARTAN 40 MG ORAL TABLET,,TELMISARTAN 40 MG,ORAL TABLET
205305,SCD,TELMISARTAN 80 MG ORAL TABLET,,TELMISARTAN 80 MG,ORAL TABLET
1872458,SBD,TELOTRISTAT ETHYL 250 MG ORAL TABLET [XERMELO],XERMELO,TELOTRISTAT ETHYL 250 MG,ORAL TABLET
208464,SBD,TEMAZEPAM 15 MG ORAL CAPSULE [RESTORIL],RESTORIL,TEMAZEPAM 15 MG,ORAL CAPSULE
198241,SCD,TEMAZEPAM 15 MG ORAL CAPSULE,,TEMAZEPAM 15 MG,ORAL CAPSULE
485489,SCD,TEMAZEPAM 22.5 MG ORAL CAPSULE,,TEMAZEPAM 22.5 MG,ORAL CAPSULE
539384,SBD,TEMAZEPAM 22.5 MG ORAL CAPSULE [RESTORIL],RESTORIL,TEMAZEPAM 22.5 MG,ORAL CAPSULE
208465,SBD,TEMAZEPAM 30 MG ORAL CAPSULE [RESTORIL],RESTORIL,TEMAZEPAM 30 MG,ORAL CAPSULE
198242,SCD,TEMAZEPAM 30 MG ORAL CAPSULE,,TEMAZEPAM 30 MG,ORAL CAPSULE
208463,SBD,TEMAZEPAM 7.5 MG ORAL CAPSULE [RESTORIL],RESTORIL,TEMAZEPAM 7.5 MG,ORAL CAPSULE
198243,SCD,TEMAZEPAM 7.5 MG ORAL CAPSULE,,TEMAZEPAM 7.5 MG,ORAL CAPSULE
2199685,SBD,TENAPANOR 50 MG ORAL TABLET [IBSRELA],IBSRELA,TENAPANOR 50 MG,ORAL TABLET
1858267,SBD,TENOFOVIR ALAFENAMIDE 25 MG ORAL TABLET [VEMLIDY],VEMLIDY,TENOFOVIR ALAFENAMIDE 25 MG,ORAL TABLET
1243346,SBD,TENOFOVIR DISOPROXIL FUMARATE 0.04 MG/MG ORAL POWDER [VIREAD],VIREAD,TENOFOVIR DISOPROXIL FUMARATE 0.04 MG/MG,ORAL POWDER
1243326,SBD,TENOFOVIR DISOPROXIL FUMARATE 150 MG ORAL TABLET [VIREAD],VIREAD,TENOFOVIR DISOPROXIL FUMARATE 150 MG,ORAL TABLET
1243330,SBD,TENOFOVIR DISOPROXIL FUMARATE 200 MG ORAL TABLET [VIREAD],VIREAD,TENOFOVIR DISOPROXIL FUMARATE 200 MG,ORAL TABLET
1243229,SBD,TENOFOVIR DISOPROXIL FUMARATE 250 MG ORAL TABLET [VIREAD],VIREAD,TENOFOVIR DISOPROXIL FUMARATE 250 MG,ORAL TABLET
349251,SCD,TENOFOVIR DISOPROXIL FUMARATE 300 MG ORAL TABLET,,TENOFOVIR DISOPROXIL FUMARATE 300 MG,ORAL TABLET
352050,SBD,TENOFOVIR DISOPROXIL FUMARATE 300 MG ORAL TABLET [VIREAD],VIREAD,TENOFOVIR DISOPROXIL FUMARATE 300 MG,ORAL TABLET
2477272,SBD,TEPOTINIB 225 MG ORAL TABLET [TEPMETKO],TEPMETKO,TEPOTINIB 225 MG,ORAL TABLET
313215,SCD,TERAZOSIN 1 MG ORAL CAPSULE,,TERAZOSIN 1 MG,ORAL CAPSULE
260376,SCD,TERAZOSIN 10 MG ORAL CAPSULE,,TERAZOSIN 10 MG,ORAL CAPSULE
313217,SCD,TERAZOSIN 2 MG ORAL CAPSULE,,TERAZOSIN 2 MG,ORAL CAPSULE
313219,SCD,TERAZOSIN 5 MG ORAL CAPSULE,,TERAZOSIN 5 MG,ORAL CAPSULE
313222,SCD,TERBINAFINE 250 MG ORAL TABLET,,TERBINAFINE 250 MG,ORAL TABLET
857677,SCD,TERBUTALINE SULFATE 2.5 MG ORAL TABLET,,TERBUTALINE SULFATE 2.5 MG,ORAL TABLET
857683,SCD,TERBUTALINE SULFATE 5 MG ORAL TABLET,,TERBUTALINE SULFATE 5 MG,ORAL TABLET
313226,SCD,TERCONAZOLE 4 MG/ML VAGINAL CREAM,,TERCONAZOLE 4 MG/ML,VAGINAL CREAM
313227,SCD,TERCONAZOLE 8 MG/ML VAGINAL CREAM,,TERCONAZOLE 8 MG/ML,VAGINAL CREAM
198245,SCD,TERCONAZOLE 80 MG VAGINAL INSERT,,TERCONAZOLE 80 MG,VAGINAL INSERT
1310525,SCD,TERIFLUNOMIDE 14 MG ORAL TABLET,,TERIFLUNOMIDE 14 MG,ORAL TABLET
1310531,SBD,TERIFLUNOMIDE 14 MG ORAL TABLET [AUBAGIO],AUBAGIO,TERIFLUNOMIDE 14 MG,ORAL TABLET
1310533,SCD,TERIFLUNOMIDE 7 MG ORAL TABLET,,TERIFLUNOMIDE 7 MG,ORAL TABLET
1310535,SBD,TERIFLUNOMIDE 7 MG ORAL TABLET [AUBAGIO],AUBAGIO,TERIFLUNOMIDE 7 MG,ORAL TABLET
1435117,SBD,28 ACTUAT TERIPARATIDE 0.02 MG/ACTUAT PEN INJECTOR [FORTEO],FORTEO,TERIPARATIDE 0.02 MG/ACTUAT,PEN INJECTOR
1435115,SCD,28 ACTUAT TERIPARATIDE 0.02 MG/ACTUAT PEN INJECTOR,,TERIPARATIDE 0.02 MG/ACTUAT,PEN INJECTOR
2716408,SBD,28 ACTUAT TERIPARATIDE 0.02 MG/ACTUAT PEN INJECTOR [BONSITY],BONSITY,TERIPARATIDE 0.02 MG/ACTUAT,PEN INJECTOR
2693643,SBD,0.56 ML TERIPARATIDE 0.3 MG/ML PEN INJECTOR [YORVIPATH],YORVIPATH,TERIPARATIDE 0.3 MG/ML,PEN INJECTOR
2693646,SBD,0.98 ML TERIPARATIDE 0.3 MG/ML PEN INJECTOR [YORVIPATH],YORVIPATH,TERIPARATIDE 0.3 MG/ML,PEN INJECTOR
2693648,SBD,1.4 ML TERIPARATIDE 0.3 MG/ML PEN INJECTOR [YORVIPATH],YORVIPATH,TERIPARATIDE 0.3 MG/ML,PEN INJECTOR
2719316,SBD,TESAMORELIN 11.6 MG INJECTION [EGRIFTA],EGRIFTA,TESAMORELIN 11.6 MG,INJECTION
1044591,SBD,TESAMORELIN 2 MG INJECTION [EGRIFTA],EGRIFTA,TESAMORELIN 2 MG,INJECTION
1597132,SBD,5000 MG TESTOSTERONE 0.01 MG/MG TOPICAL GEL [TESTIM],TESTIM,TESTOSTERONE 0.01 MG/MG,TOPICAL GEL
1597129,SCD,5000 MG TESTOSTERONE 0.01 MG/MG TOPICAL GEL,,TESTOSTERONE 0.01 MG/MG,TOPICAL GEL
1597123,SCD,2500 MG TESTOSTERONE 0.01 MG/MG TOPICAL GEL,,TESTOSTERONE 0.01 MG/MG,TOPICAL GEL
1597134,SBD,5000 MG TESTOSTERONE 0.01 MG/MG TOPICAL GEL [VOGELXO],VOGELXO,TESTOSTERONE 0.01 MG/MG,TOPICAL GEL
1597126,SCD,2500 MG TESTOSTERONE 0.0162 MG/MG TOPICAL GEL,,TESTOSTERONE 0.0162 MG/MG,TOPICAL GEL
1597120,SCD,1250 MG TESTOSTERONE 0.0162 MG/MG TOPICAL GEL,,TESTOSTERONE 0.0162 MG/MG,TOPICAL GEL
1596780,SCD,60 ACTUAT TESTOSTERONE 12.5 MG/ACTUAT TOPICAL GEL,,TESTOSTERONE 12.5 MG/ACTUAT,TOPICAL GEL
1596785,SBD,60 ACTUAT TESTOSTERONE 12.5 MG/ACTUAT TOPICAL GEL [VOGELXO],VOGELXO,TESTOSTERONE 12.5 MG/ACTUAT,TOPICAL GEL
1597076,SCD,60 ACTUAT TESTOSTERONE 20.25 MG/ACTUAT TOPICAL GEL,,TESTOSTERONE 20.25 MG/ACTUAT,TOPICAL GEL
1599949,SCD,60 ACTUAT TESTOSTERONE 30 MG/ACTUAT TOPICAL SOLUTION,,TESTOSTERONE 30 MG/ACTUAT,TOPICAL SOLUTION
835829,SCD,TESTOSTERONE CYPIONATE 100 MG/ML INJECTABLE SOLUTION,,TESTOSTERONE CYPIONATE 100 MG/ML,INJECTABLE SOLUTION
835831,SBD,TESTOSTERONE CYPIONATE 100 MG/ML INJECTABLE SOLUTION [DEPO-TESTOSTERONE],DEPO-TESTOSTERONE,TESTOSTERONE CYPIONATE 100 MG/ML,INJECTABLE SOLUTION
835840,SCD,TESTOSTERONE CYPIONATE 200 MG/ML INJECTABLE SOLUTION,,TESTOSTERONE CYPIONATE 200 MG/ML,INJECTABLE SOLUTION
835842,SBD,TESTOSTERONE CYPIONATE 200 MG/ML INJECTABLE SOLUTION [DEPO-TESTOSTERONE],DEPO-TESTOSTERONE,TESTOSTERONE CYPIONATE 200 MG/ML,INJECTABLE SOLUTION
2047882,SCD,1 ML TESTOSTERONE CYPIONATE 200 MG/ML INJECTION,,TESTOSTERONE CYPIONATE 200 MG/ML,INJECTION
2099691,SBD,0.5 ML TESTOSTERONE ENANTHATE 100 MG/ML AUTO-INJECTOR [XYOSTED],XYOSTED,TESTOSTERONE ENANTHATE 100 MG/ML,AUTO-INJECTOR
2099697,SBD,0.5 ML TESTOSTERONE ENANTHATE 150 MG/ML AUTO-INJECTOR [XYOSTED],XYOSTED,TESTOSTERONE ENANTHATE 150 MG/ML,AUTO-INJECTOR
2099686,SBD,0.5 ML TESTOSTERONE ENANTHATE 200 MG/ML AUTO-INJECTOR [XYOSTED],XYOSTED,TESTOSTERONE ENANTHATE 200 MG/ML,AUTO-INJECTOR
835809,SCD,TESTOSTERONE ENANTHATE 200 MG/ML INJECTABLE SOLUTION,,TESTOSTERONE ENANTHATE 200 MG/ML,INJECTABLE SOLUTION
2599060,SBD,TESTOSTERONE UNDECANOATE 112.5 MG ORAL CAPSULE [TLANDO],TLANDO,TESTOSTERONE UNDECANOATE 112.5 MG,ORAL CAPSULE
2609607,SBD,TESTOSTERONE UNDECANOATE 150 MG ORAL CAPSULE [KYZATREX],KYZATREX,TESTOSTERONE UNDECANOATE 150 MG,ORAL CAPSULE
2201640,SBD,TESTOSTERONE UNDECANOATE 158 MG ORAL CAPSULE [JATENZO],JATENZO,TESTOSTERONE UNDECANOATE 158 MG,ORAL CAPSULE
2201642,SBD,TESTOSTERONE UNDECANOATE 198 MG ORAL CAPSULE [JATENZO],JATENZO,TESTOSTERONE UNDECANOATE 198 MG,ORAL CAPSULE
2609611,SBD,TESTOSTERONE UNDECANOATE 200 MG ORAL CAPSULE [KYZATREX],KYZATREX,TESTOSTERONE UNDECANOATE 200 MG,ORAL CAPSULE
2121776,SBD,TESTOSTERONE UNDECANOATE 237 MG ORAL CAPSULE [JATENZO],JATENZO,TESTOSTERONE UNDECANOATE 237 MG,ORAL CAPSULE
1490667,SBD,3 ML TESTOSTERONE UNDECANOATE 250 MG/ML INJECTION [AVEED],AVEED,TESTOSTERONE UNDECANOATE 250 MG/ML,INJECTION
805464,SCD,TETRABENAZINE 12.5 MG ORAL TABLET,,TETRABENAZINE 12.5 MG,ORAL TABLET
805466,SBD,TETRABENAZINE 12.5 MG ORAL TABLET [XENAZINE],XENAZINE,TETRABENAZINE 12.5 MG,ORAL TABLET
805462,SBD,TETRABENAZINE 25 MG ORAL TABLET [XENAZINE],XENAZINE,TETRABENAZINE 25 MG,ORAL TABLET
199592,SCD,TETRABENAZINE 25 MG ORAL TABLET,,TETRABENAZINE 25 MG,ORAL TABLET
313252,SCD,TETRACYCLINE HYDROCHLORIDE 250 MG ORAL TABLET,,TETRACYCLINE HYDROCHLORIDE 250 MG,ORAL TABLET
198250,SCD,TETRACYCLINE HYDROCHLORIDE 250 MG ORAL CAPSULE,,TETRACYCLINE HYDROCHLORIDE 250 MG,ORAL CAPSULE
198252,SCD,TETRACYCLINE HYDROCHLORIDE 500 MG ORAL CAPSULE,,TETRACYCLINE HYDROCHLORIDE 500 MG,ORAL CAPSULE
313254,SCD,TETRACYCLINE HYDROCHLORIDE 500 MG ORAL TABLET,,TETRACYCLINE HYDROCHLORIDE 500 MG,ORAL TABLET
2628923,SBD,1.91 ML TEZEPELUMAB-EKKO 110 MG/ML AUTO-INJECTOR [TEZSPIRE],TEZSPIRE,TEZEPELUMAB-EKKO 110 MG/ML,AUTO-INJECTOR
404449,SBD,THALIDOMIDE 100 MG ORAL CAPSULE [THALOMID],THALOMID,THALIDOMIDE 100 MG,ORAL CAPSULE
213360,SBD,THALIDOMIDE 50 MG ORAL CAPSULE [THALOMID],THALOMID,THALIDOMIDE 50 MG,ORAL CAPSULE
844590,SBD,THEOPHYLLINE 100 MG EXTENDED RELEASE ORAL CAPSULE [THEO-24],THEO-24,THEOPHYLLINE 100 MG,EXTENDED RELEASE ORAL CAPSULE
237178,SCD,THEOPHYLLINE 100 MG EXTENDED RELEASE ORAL TABLET,,THEOPHYLLINE 100 MG,EXTENDED RELEASE ORAL TABLET
844813,SBD,THEOPHYLLINE 200 MG EXTENDED RELEASE ORAL CAPSULE [THEO-24],THEO-24,THEOPHYLLINE 200 MG,EXTENDED RELEASE ORAL CAPSULE
346574,SCD,THEOPHYLLINE 200 MG EXTENDED RELEASE ORAL TABLET,,THEOPHYLLINE 200 MG,EXTENDED RELEASE ORAL TABLET
317769,SCD,THEOPHYLLINE 300 MG EXTENDED RELEASE ORAL TABLET,,THEOPHYLLINE 300 MG,EXTENDED RELEASE ORAL TABLET
844591,SBD,THEOPHYLLINE 300 MG EXTENDED RELEASE ORAL CAPSULE [THEO-24],THEO-24,THEOPHYLLINE 300 MG,EXTENDED RELEASE ORAL CAPSULE
313291,SCD,THEOPHYLLINE 400 MG EXTENDED RELEASE ORAL TABLET,,THEOPHYLLINE 400 MG,EXTENDED RELEASE ORAL TABLET
844829,SBD,THEOPHYLLINE 400 MG EXTENDED RELEASE ORAL CAPSULE [THEO-24],THEO-24,THEOPHYLLINE 400 MG,EXTENDED RELEASE ORAL CAPSULE
314241,SCD,THEOPHYLLINE 450 MG EXTENDED RELEASE ORAL TABLET,,THEOPHYLLINE 450 MG,EXTENDED RELEASE ORAL TABLET
313306,SCD,THEOPHYLLINE 5.33 MG/ML ORAL SOLUTION,,THEOPHYLLINE 5.33 MG/ML,ORAL SOLUTION
348472,SCD,THEOPHYLLINE 600 MG EXTENDED RELEASE ORAL TABLET,,THEOPHYLLINE 600 MG,EXTENDED RELEASE ORAL TABLET
105590,SBD,THIOGUANINE 40 MG ORAL TABLET [TABLOID],TABLOID,THIOGUANINE 40 MG,ORAL TABLET
313354,SCD,THIORIDAZINE 10 MG ORAL TABLET,,THIORIDAZINE 10 MG,ORAL TABLET
198270,SCD,THIORIDAZINE 100 MG ORAL TABLET,,THIORIDAZINE 100 MG,ORAL TABLET
198274,SCD,THIORIDAZINE 25 MG ORAL TABLET,,THIORIDAZINE 25 MG,ORAL TABLET
198275,SCD,THIORIDAZINE 50 MG ORAL TABLET,,THIORIDAZINE 50 MG,ORAL TABLET
313362,SCD,THIOTHIXENE 1 MG ORAL CAPSULE,,THIOTHIXENE 1 MG,ORAL CAPSULE
313361,SCD,THIOTHIXENE 10 MG ORAL CAPSULE,,THIOTHIXENE 10 MG,ORAL CAPSULE
313364,SCD,THIOTHIXENE 2 MG ORAL CAPSULE,,THIOTHIXENE 2 MG,ORAL CAPSULE
313366,SCD,THIOTHIXENE 5 MG ORAL CAPSULE,,THIOTHIXENE 5 MG,ORAL CAPSULE
1299903,SCD,TIAGABINE HYDROCHLORIDE 12 MG ORAL TABLET,,TIAGABINE HYDROCHLORIDE 12 MG,ORAL TABLET
1299909,SCD,TIAGABINE HYDROCHLORIDE 16 MG ORAL TABLET,,TIAGABINE HYDROCHLORIDE 16 MG,ORAL TABLET
1299911,SCD,TIAGABINE HYDROCHLORIDE 2 MG ORAL TABLET,,TIAGABINE HYDROCHLORIDE 2 MG,ORAL TABLET
1299917,SCD,TIAGABINE HYDROCHLORIDE 4 MG ORAL TABLET,,TIAGABINE HYDROCHLORIDE 4 MG,ORAL TABLET
1666334,SBD,TICAGRELOR 60 MG ORAL TABLET [BRILINTA],BRILINTA,TICAGRELOR 60 MG,ORAL TABLET
1666332,SCD,TICAGRELOR 60 MG ORAL TABLET,,TICAGRELOR 60 MG,ORAL TABLET
1116635,SCD,TICAGRELOR 90 MG ORAL TABLET,,TICAGRELOR 90 MG,ORAL TABLET
1116639,SBD,TICAGRELOR 90 MG ORAL TABLET [BRILINTA],BRILINTA,TICAGRELOR 90 MG,ORAL TABLET
2583650,SBD,0.5 ML TICK-BORNE ENCEPHALITIS PURIFIED ANTIGEN 0.0048 MG/ML PREFILLED SYRINGE [TICOVAC],TICOVAC,TICK-BORNE ENCEPHALITIS PURIFIED ANTIGEN 0.0048 MG/ML,PREFILLED SYRINGE
2583647,SBD,0.25 ML TICK-BORNE ENCEPHALITIS PURIFIED ANTIGEN 0.0048 MG/ML PREFILLED SYRINGE [TICOVAC],TICOVAC,TICK-BORNE ENCEPHALITIS PURIFIED ANTIGEN 0.0048 MG/ML,PREFILLED SYRINGE
581531,SCD,TIGECYCLINE 50 MG INJECTION,,TIGECYCLINE 50 MG,INJECTION
584201,SBD,TIGECYCLINE 50 MG INJECTION [TYGACIL],TYGACIL,TIGECYCLINE 50 MG,INJECTION
2053458,SBD,1 ML TILDRAKIZUMAB-ASMN 100 MG/ML PREFILLED SYRINGE [ILUMYA],ILUMYA,TILDRAKIZUMAB-ASMN 100 MG/ML,PREFILLED SYRINGE
313407,SCD,TIMOLOL 0.0025 MG/MG OPHTHALMIC GEL,,TIMOLOL 0.0025 MG/MG,OPHTHALMIC GEL
313408,SCD,TIMOLOL 0.005 MG/MG OPHTHALMIC GEL,,TIMOLOL 0.005 MG/MG,OPHTHALMIC GEL
198284,SCD,TIMOLOL 10 MG ORAL TABLET,,TIMOLOL 10 MG,ORAL TABLET
1922877,SBD,PRESERVATIVE-FREE TIMOLOL 2.5 MG/ML OPHTHALMIC SOLUTION [TIMOPTIC],TIMOPTIC,TIMOLOL 2.5 MG/ML,OPHTHALMIC SOLUTION
1923428,SCD,TIMOLOL 2.5 MG/ML OPHTHALMIC SOLUTION,,TIMOLOL 2.5 MG/ML,OPHTHALMIC SOLUTION
1922876,SCD,PRESERVATIVE-FREE TIMOLOL 2.5 MG/ML OPHTHALMIC SOLUTION,,TIMOLOL 2.5 MG/ML,OPHTHALMIC SOLUTION
198285,SCD,TIMOLOL 20 MG ORAL TABLET,,TIMOLOL 20 MG,ORAL TABLET
198286,SCD,TIMOLOL 5 MG ORAL TABLET,,TIMOLOL 5 MG,ORAL TABLET
1992299,SCD,24 HR TIMOLOL 5 MG/ML OPHTHALMIC SOLUTION,,TIMOLOL 5 MG/ML,OPHTHALMIC SOLUTION
1922895,SBD,PRESERVATIVE-FREE TIMOLOL 5 MG/ML OPHTHALMIC SOLUTION [TIMOPTIC],TIMOPTIC,TIMOLOL 5 MG/ML,OPHTHALMIC SOLUTION
1992303,SCD,12 HR TIMOLOL 5 MG/ML OPHTHALMIC SOLUTION,,TIMOLOL 5 MG/ML,OPHTHALMIC SOLUTION
1992300,SBD,24 HR TIMOLOL 5 MG/ML OPHTHALMIC SOLUTION [ISTALOL],ISTALOL,TIMOLOL 5 MG/ML,OPHTHALMIC SOLUTION
1922894,SCD,PRESERVATIVE-FREE TIMOLOL 5 MG/ML OPHTHALMIC SOLUTION,,TIMOLOL 5 MG/ML,OPHTHALMIC SOLUTION
2702393,SCD,TIMOLOL HEMIHYDRATE 5 MG/ML OPHTHALMIC SOLUTION,,TIMOLOL HEMIHYDRATE 5 MG/ML,OPHTHALMIC SOLUTION
1992305,SBD,TIMOLOL HEMIHYDRATE 5 MG/ML OPHTHALMIC SOLUTION [BETIMOL],BETIMOL,TIMOLOL HEMIHYDRATE 5 MG/ML,OPHTHALMIC SOLUTION
1495316,SBD,TIMOTHY GRASS POLLEN EXTRACT 2800 BAU SUBLINGUAL TABLET [GRASTEK],GRASTEK,TIMOTHY GRASS POLLEN EXTRACT 2800 BAU,SUBLINGUAL TABLET
477234,SCD,TINIDAZOLE 250 MG ORAL TABLET,,TINIDAZOLE 250 MG,ORAL TABLET
199519,SCD,TINIDAZOLE 500 MG ORAL TABLET,,TINIDAZOLE 500 MG,ORAL TABLET
2178077,SBD,TIOPRONIN 100 MG DELAYED RELEASE ORAL TABLET [THIOLA],THIOLA,TIOPRONIN 100 MG,DELAYED RELEASE ORAL TABLET
2178075,SCD,TIOPRONIN 100 MG DELAYED RELEASE ORAL TABLET,,TIOPRONIN 100 MG,DELAYED RELEASE ORAL TABLET
198287,SCD,TIOPRONIN 100 MG ORAL TABLET,,TIOPRONIN 100 MG,ORAL TABLET
2702682,SBD,TIOPRONIN 100 MG DELAYED RELEASE ORAL TABLET [VENXXIVA],VENXXIVA,TIOPRONIN 100 MG,DELAYED RELEASE ORAL TABLET
207840,SBD,TIOPRONIN 100 MG ORAL TABLET [THIOLA],THIOLA,TIOPRONIN 100 MG,ORAL TABLET
2702684,SBD,TIOPRONIN 300 MG DELAYED RELEASE ORAL TABLET [VENXXIVA],VENXXIVA,TIOPRONIN 300 MG,DELAYED RELEASE ORAL TABLET
2178081,SBD,TIOPRONIN 300 MG DELAYED RELEASE ORAL TABLET [THIOLA],THIOLA,TIOPRONIN 300 MG,DELAYED RELEASE ORAL TABLET
2178079,SCD,TIOPRONIN 300 MG DELAYED RELEASE ORAL TABLET,,TIOPRONIN 300 MG,DELAYED RELEASE ORAL TABLET
1667882,SBD,60 ACTUAT TIOTROPIUM 0.00125 MG/ACTUAT INHALATION SPRAY [SPIRIVA],SPIRIVA,TIOTROPIUM 0.00125 MG/ACTUAT,INHALATION SPRAY
1552004,SBD,60 ACTUAT TIOTROPIUM 0.0025 MG/ACTUAT INHALATION SPRAY [SPIRIVA],SPIRIVA,TIOTROPIUM 0.0025 MG/ACTUAT,INHALATION SPRAY
580261,SBD,TIOTROPIUM 0.018 MG INHALATION POWDER [SPIRIVA],SPIRIVA,TIOTROPIUM 0.018 MG,INHALATION POWDER
485032,SCD,TIOTROPIUM 0.018 MG INHALATION POWDER,,TIOTROPIUM 0.018 MG,INHALATION POWDER
1670322,SBD,TIPIRACIL 6.14 MG / TRIFLURIDINE 15 MG ORAL TABLET [LONSURF],LONSURF,TIPIRACIL 6.14 MG / TRIFLURIDINE 15 MG,ORAL TABLET
1670324,SBD,TIPIRACIL 8.19 MG / TRIFLURIDINE 20 MG ORAL TABLET [LONSURF],LONSURF,TIPIRACIL 8.19 MG / TRIFLURIDINE 20 MG,ORAL TABLET
603378,SBD,TIPRANAVIR 250 MG ORAL CAPSULE [APTIVUS],APTIVUS,TIPRANAVIR 250 MG,ORAL CAPSULE
2471100,SBD,TIRBANIBULIN 0.01 MG/MG TOPICAL OINTMENT [KLISYRI],KLISYRI,TIRBANIBULIN 0.01 MG/MG,TOPICAL OINTMENT
2601746,SBD,0.5 ML TIRZEPATIDE 10 MG/ML AUTO-INJECTOR [MOUNJARO],MOUNJARO,TIRZEPATIDE 10 MG/ML,AUTO-INJECTOR
2669709,SBD,0.5 ML TIRZEPATIDE 10 MG/ML AUTO-INJECTOR [ZEPBOUND],ZEPBOUND,TIRZEPATIDE 10 MG/ML,AUTO-INJECTOR
2734626,SBD,2.4 ML TIRZEPATIDE 12.5 MG/ML PEN INJECTOR [ZEPBOUND],ZEPBOUND,TIRZEPATIDE 12.5 MG/ML,PEN INJECTOR
2669712,SBD,0.5 ML TIRZEPATIDE 15 MG/ML AUTO-INJECTOR [ZEPBOUND],ZEPBOUND,TIRZEPATIDE 15 MG/ML,AUTO-INJECTOR
2601785,SBD,0.5 ML TIRZEPATIDE 15 MG/ML AUTO-INJECTOR [MOUNJARO],MOUNJARO,TIRZEPATIDE 15 MG/ML,AUTO-INJECTOR
2734630,SBD,2.4 ML TIRZEPATIDE 16.7 MG/ML PEN INJECTOR [ZEPBOUND],ZEPBOUND,TIRZEPATIDE 16.7 MG/ML,PEN INJECTOR
2601770,SBD,0.5 ML TIRZEPATIDE 20 MG/ML AUTO-INJECTOR [MOUNJARO],MOUNJARO,TIRZEPATIDE 20 MG/ML,AUTO-INJECTOR
2669715,SBD,0.5 ML TIRZEPATIDE 20 MG/ML AUTO-INJECTOR [ZEPBOUND],ZEPBOUND,TIRZEPATIDE 20 MG/ML,AUTO-INJECTOR
2734634,SBD,2.4 ML TIRZEPATIDE 20.8 MG/ML PEN INJECTOR [ZEPBOUND],ZEPBOUND,TIRZEPATIDE 20.8 MG/ML,PEN INJECTOR
2669718,SBD,0.5 ML TIRZEPATIDE 25 MG/ML AUTO-INJECTOR [ZEPBOUND],ZEPBOUND,TIRZEPATIDE 25 MG/ML,AUTO-INJECTOR
2601776,SBD,0.5 ML TIRZEPATIDE 25 MG/ML AUTO-INJECTOR [MOUNJARO],MOUNJARO,TIRZEPATIDE 25 MG/ML,AUTO-INJECTOR
2734638,SBD,2.4 ML TIRZEPATIDE 25 MG/ML PEN INJECTOR [ZEPBOUND],ZEPBOUND,TIRZEPATIDE 25 MG/ML,PEN INJECTOR
2601758,SBD,0.5 ML TIRZEPATIDE 30 MG/ML AUTO-INJECTOR [MOUNJARO],MOUNJARO,TIRZEPATIDE 30 MG/ML,AUTO-INJECTOR
2669721,SBD,0.5 ML TIRZEPATIDE 30 MG/ML AUTO-INJECTOR [ZEPBOUND],ZEPBOUND,TIRZEPATIDE 30 MG/ML,AUTO-INJECTOR
2734642,SBD,2.4 ML TIRZEPATIDE 4.17 MG/ML PEN INJECTOR [ZEPBOUND],ZEPBOUND,TIRZEPATIDE 4.17 MG/ML,PEN INJECTOR
2669706,SBD,0.5 ML TIRZEPATIDE 5 MG/ML AUTO-INJECTOR [ZEPBOUND],ZEPBOUND,TIRZEPATIDE 5 MG/ML,AUTO-INJECTOR
2601764,SBD,0.5 ML TIRZEPATIDE 5 MG/ML AUTO-INJECTOR [MOUNJARO],MOUNJARO,TIRZEPATIDE 5 MG/ML,AUTO-INJECTOR
2734646,SBD,2.4 ML TIRZEPATIDE 8.33 MG/ML PEN INJECTOR [ZEPBOUND],ZEPBOUND,TIRZEPATIDE 8.33 MG/ML,PEN INJECTOR
2534244,SBD,TIVOZANIB 0.89 MG ORAL CAPSULE [FOTIVDA],FOTIVDA,TIVOZANIB 0.89 MG,ORAL CAPSULE
2534249,SBD,TIVOZANIB 1.34 MG ORAL CAPSULE [FOTIVDA],FOTIVDA,TIVOZANIB 1.34 MG,ORAL CAPSULE
2709438,SBD,TIZANIDINE 0.4 MG/ML ORAL SOLUTION [ONTRALFY],ONTRALFY,TIZANIDINE 0.4 MG/ML,ORAL SOLUTION
583165,SBD,TIZANIDINE 2 MG ORAL CAPSULE [ZANAFLEX],ZANAFLEX,TIZANIDINE 2 MG,ORAL CAPSULE
485486,SCD,TIZANIDINE 2 MG ORAL CAPSULE,,TIZANIDINE 2 MG,ORAL CAPSULE
313412,SCD,TIZANIDINE 2 MG ORAL TABLET,,TIZANIDINE 2 MG,ORAL TABLET
313413,SCD,TIZANIDINE 4 MG ORAL TABLET,,TIZANIDINE 4 MG,ORAL TABLET
583211,SBD,TIZANIDINE 4 MG ORAL CAPSULE [ZANAFLEX],ZANAFLEX,TIZANIDINE 4 MG,ORAL CAPSULE
153735,SBD,TIZANIDINE 4 MG ORAL TABLET [ZANAFLEX],ZANAFLEX,TIZANIDINE 4 MG,ORAL TABLET
485485,SCD,TIZANIDINE 4 MG ORAL CAPSULE,,TIZANIDINE 4 MG,ORAL CAPSULE
580267,SBD,TIZANIDINE 6 MG ORAL CAPSULE [ZANAFLEX],ZANAFLEX,TIZANIDINE 6 MG,ORAL CAPSULE
485484,SCD,TIZANIDINE 6 MG ORAL CAPSULE,,TIZANIDINE 6 MG,ORAL CAPSULE
2723708,SCD,TIZANIDINE 8 MG ORAL CAPSULE,,TIZANIDINE 8 MG,ORAL CAPSULE
2723710,SBD,TIZANIDINE 8 MG ORAL CAPSULE [ZANAFLEX],ZANAFLEX,TIZANIDINE 8 MG,ORAL CAPSULE
207850,SBD,TOBRAMYCIN 0.003 MG/MG OPHTHALMIC OINTMENT [TOBREX],TOBREX,TOBRAMYCIN 0.003 MG/MG,OPHTHALMIC OINTMENT
313416,SCD,TOBRAMYCIN 10 MG/ML INJECTABLE SOLUTION,,TOBRAMYCIN 10 MG/ML,INJECTABLE SOLUTION
1374574,BPCK,{224 (TOBRAMYCIN 28 MG INHALATION POWDER [TOBI]) } PACK [TOBI PODHALER KIT],TOBI PODHALER KIT,TOBRAMYCIN 28 MG,PACK
313415,SCD,TOBRAMYCIN 3 MG/ML OPHTHALMIC SOLUTION,,TOBRAMYCIN 3 MG/ML,OPHTHALMIC SOLUTION
597823,SCD,TOBRAMYCIN 40 MG/ML INJECTABLE SOLUTION,,TOBRAMYCIN 40 MG/ML,INJECTABLE SOLUTION
348719,SCD,TOBRAMYCIN 60 MG/ML INHALATION SOLUTION,,TOBRAMYCIN 60 MG/ML,INHALATION SOLUTION
213194,SBD,TOBRAMYCIN 60 MG/ML INHALATION SOLUTION [TOBI],TOBI,TOBRAMYCIN 60 MG/ML,INHALATION SOLUTION
1596030,SBD,TOBRAMYCIN 60 MG/ML INHALATION SOLUTION [KITABIS],KITABIS,TOBRAMYCIN 60 MG/ML,INHALATION SOLUTION
1314768,SBD,TOBRAMYCIN 75 MG/ML INHALATION SOLUTION [BETHKIS],BETHKIS,TOBRAMYCIN 75 MG/ML,INHALATION SOLUTION
1314763,SCD,TOBRAMYCIN 75 MG/ML INHALATION SOLUTION,,TOBRAMYCIN 75 MG/ML,INHALATION SOLUTION
2106075,SBD,0.9 ML TOCILIZUMAB 180 MG/ML AUTO-INJECTOR [ACTEMRA],ACTEMRA,TOCILIZUMAB 180 MG/ML,AUTO-INJECTOR
1441530,SBD,0.9 ML TOCILIZUMAB 180 MG/ML PREFILLED SYRINGE [ACTEMRA],ACTEMRA,TOCILIZUMAB 180 MG/ML,PREFILLED SYRINGE
2686050,SBD,0.9 ML TOCILIZUMAB-AAZG 180 MG/ML AUTO-INJECTOR [TYENNE],TYENNE,TOCILIZUMAB-AAZG 180 MG/ML,AUTO-INJECTOR
2686057,SBD,0.9 ML TOCILIZUMAB-AAZG 180 MG/ML PREFILLED SYRINGE [TYENNE],TYENNE,TOCILIZUMAB-AAZG 180 MG/ML,PREFILLED SYRINGE
2705432,SBD,0.9 ML TOCILIZUMAB-ANOH 180 MG/ML PREFILLED SYRINGE [AVTOZMA],AVTOZMA,TOCILIZUMAB-ANOH 180 MG/ML,PREFILLED SYRINGE
2705439,SBD,0.9 ML TOCILIZUMAB-ANOH 180 MG/ML AUTO-INJECTOR [AVTOZMA],AVTOZMA,TOCILIZUMAB-ANOH 180 MG/ML,AUTO-INJECTOR
2478437,SBD,TOFACITINIB 1 MG/ML ORAL SOLUTION [XELJANZ],XELJANZ,TOFACITINIB 1 MG/ML,ORAL SOLUTION
2478433,SCD,TOFACITINIB 1 MG/ML ORAL SOLUTION,,TOFACITINIB 1 MG/ML,ORAL SOLUTION
2048568,SBD,TOFACITINIB 10 MG ORAL TABLET [XELJANZ],XELJANZ,TOFACITINIB 10 MG,ORAL TABLET
2048566,SCD,TOFACITINIB 10 MG ORAL TABLET,,TOFACITINIB 10 MG,ORAL TABLET
1741049,SBD,24 HR TOFACITINIB 11 MG EXTENDED RELEASE ORAL TABLET [XELJANZ],XELJANZ,TOFACITINIB 11 MG,EXTENDED RELEASE ORAL TABLET
1741046,SCD,24 HR TOFACITINIB 11 MG EXTENDED RELEASE ORAL TABLET,,TOFACITINIB 11 MG,EXTENDED RELEASE ORAL TABLET
2273115,SBD,24 HR TOFACITINIB 22 MG EXTENDED RELEASE ORAL TABLET [XELJANZ],XELJANZ,TOFACITINIB 22 MG,EXTENDED RELEASE ORAL TABLET
2273113,SCD,24 HR TOFACITINIB 22 MG EXTENDED RELEASE ORAL TABLET,,TOFACITINIB 22 MG,EXTENDED RELEASE ORAL TABLET
1357541,SCD,TOFACITINIB 5 MG ORAL TABLET,,TOFACITINIB 5 MG,ORAL TABLET
1357547,SBD,TOFACITINIB 5 MG ORAL TABLET [XELJANZ],XELJANZ,TOFACITINIB 5 MG,ORAL TABLET
200220,SCD,TOLCAPONE 100 MG ORAL TABLET,,TOLCAPONE 100 MG,ORAL TABLET
153655,SBD,TOLCAPONE 100 MG ORAL TABLET [TASMAR],TASMAR,TOLCAPONE 100 MG,ORAL TABLET
198296,SCD,TOLMETIN 400 MG ORAL CAPSULE,,TOLMETIN 400 MG,ORAL CAPSULE
103161,SBD,TOLMETIN 400 MG ORAL CAPSULE [TOLECTIN DS],TOLECTIN DS,TOLMETIN 400 MG,ORAL CAPSULE
198297,SCD,TOLMETIN 600 MG ORAL TABLET,,TOLMETIN 600 MG,ORAL TABLET
208048,SBD,TOLMETIN 600 MG ORAL TABLET [TOLECTIN 600],TOLECTIN 600,TOLMETIN 600 MG,ORAL TABLET
855178,SCD,TOLTERODINE TARTRATE 1 MG ORAL TABLET,,TOLTERODINE TARTRATE 1 MG,ORAL TABLET
855194,SCD,TOLTERODINE TARTRATE 2 MG ORAL TABLET,,TOLTERODINE TARTRATE 2 MG,ORAL TABLET
855182,SCD,24 HR TOLTERODINE TARTRATE 2 MG EXTENDED RELEASE ORAL CAPSULE,,TOLTERODINE TARTRATE 2 MG,EXTENDED RELEASE ORAL CAPSULE
855189,SCD,24 HR TOLTERODINE TARTRATE 4 MG EXTENDED RELEASE ORAL CAPSULE,,TOLTERODINE TARTRATE 4 MG,EXTENDED RELEASE ORAL CAPSULE
849827,SCD,HYPONATREMIA TOLVAPTAN 15 MG ORAL TABLET,,TOLVAPTAN 15 MG,ORAL TABLET
849831,SBD,HYPONATREMIA TOLVAPTAN 15 MG ORAL TABLET [SAMSCA],SAMSCA,TOLVAPTAN 15 MG,ORAL TABLET
2719335,SCD,TOLVAPTAN 15 MG ORAL TABLET,,TOLVAPTAN 15 MG,ORAL TABLET
2274816,BPCK,{56 (TOLVAPTAN 15 MG ORAL TABLET [JYNARQUE]) } PACK [JYNARQUE 15/15 CARTON],JYNARQUE 15/15 CARTON,TOLVAPTAN 15 MG,PACK
2274815,GPCK,{56 (TOLVAPTAN 15 MG ORAL TABLET) } PACK,,TOLVAPTAN 15 MG,PACK
2044355,SBD,TOLVAPTAN 15 MG ORAL TABLET [JYNARQUE],JYNARQUE,TOLVAPTAN 15 MG,ORAL TABLET
2274813,GPCK,{28 (TOLVAPTAN 15 MG ORAL TABLET) / 28 (TOLVAPTAN 30 MG ORAL TABLET) } PACK,,TOLVAPTAN 15 MG / TOLVAPTAN 30 MG,PACK
2274814,BPCK,{28 (TOLVAPTAN 15 MG ORAL TABLET [JYNARQUE]) / 28 (TOLVAPTAN 30 MG ORAL TABLET [JYNARQUE]) } PACK [JYNARQUE 30/15 CARTON],JYNARQUE 30/15 CARTON,TOLVAPTAN 15 MG / TOLVAPTAN 30 MG,PACK
2044968,GPCK,{28 (TOLVAPTAN 15 MG ORAL TABLET) / 28 (TOLVAPTAN 45 MG ORAL TABLET) } PACK,,TOLVAPTAN 15 MG / TOLVAPTAN 45 MG,PACK
2044969,BPCK,{28 (TOLVAPTAN 15 MG ORAL TABLET [JYNARQUE]) / 28 (TOLVAPTAN 45 MG ORAL TABLET [JYNARQUE]) } PACK [JYNARQUE 45/15 CARTON],JYNARQUE 45/15 CARTON,TOLVAPTAN 15 MG / TOLVAPTAN 45 MG,PACK
849835,SBD,HYPONATREMIA TOLVAPTAN 30 MG ORAL TABLET [SAMSCA],SAMSCA,TOLVAPTAN 30 MG,ORAL TABLET
849833,SCD,HYPONATREMIA TOLVAPTAN 30 MG ORAL TABLET,,TOLVAPTAN 30 MG,ORAL TABLET
2044357,SBD,TOLVAPTAN 30 MG ORAL TABLET [JYNARQUE],JYNARQUE,TOLVAPTAN 30 MG,ORAL TABLET
2719337,SCD,TOLVAPTAN 30 MG ORAL TABLET,,TOLVAPTAN 30 MG,ORAL TABLET
2044967,BPCK,{28 (TOLVAPTAN 30 MG ORAL TABLET [JYNARQUE]) / 28 (TOLVAPTAN 60 MG ORAL TABLET [JYNARQUE]) } PACK [JYNARQUE 60/30 CARTON],JYNARQUE 60/30 CARTON,TOLVAPTAN 30 MG / TOLVAPTAN 60 MG,PACK
2044966,GPCK,{28 (TOLVAPTAN 30 MG ORAL TABLET) / 28 (TOLVAPTAN 60 MG ORAL TABLET) } PACK,,TOLVAPTAN 30 MG / TOLVAPTAN 60 MG,PACK
2044971,BPCK,{28 (TOLVAPTAN 30 MG ORAL TABLET [JYNARQUE]) / 28 (TOLVAPTAN 90 MG ORAL TABLET [JYNARQUE]) } PACK [JYNARQUE 90/30 CARTON],JYNARQUE 90/30 CARTON,TOLVAPTAN 30 MG / TOLVAPTAN 90 MG,PACK
2044970,GPCK,{28 (TOLVAPTAN 30 MG ORAL TABLET) / 28 (TOLVAPTAN 90 MG ORAL TABLET) } PACK,,TOLVAPTAN 30 MG / TOLVAPTAN 90 MG,PACK
1812427,SCD,SPRINKLE 24 HR TOPIRAMATE 100 MG EXTENDED RELEASE ORAL CAPSULE,,TOPIRAMATE 100 MG,EXTENDED RELEASE ORAL CAPSULE
1437285,SBD,24 HR TOPIRAMATE 100 MG EXTENDED RELEASE ORAL CAPSULE [TROKENDI],TROKENDI,TOPIRAMATE 100 MG,EXTENDED RELEASE ORAL CAPSULE
1437283,SCD,24 HR TOPIRAMATE 100 MG EXTENDED RELEASE ORAL CAPSULE,,TOPIRAMATE 100 MG,EXTENDED RELEASE ORAL CAPSULE
151228,SBD,TOPIRAMATE 100 MG ORAL TABLET [TOPAMAX],TOPAMAX,TOPIRAMATE 100 MG,ORAL TABLET
199889,SCD,TOPIRAMATE 100 MG ORAL TABLET,,TOPIRAMATE 100 MG,ORAL TABLET
205316,SCD,TOPIRAMATE 15 MG ORAL CAPSULE,,TOPIRAMATE 15 MG,ORAL CAPSULE
845478,SBD,TOPIRAMATE 15 MG ORAL CAPSULE [TOPAMAX],TOPAMAX,TOPIRAMATE 15 MG,ORAL CAPSULE
1494769,SCD,SPRINKLE 24 HR TOPIRAMATE 150 MG EXTENDED RELEASE ORAL CAPSULE,,TOPIRAMATE 150 MG,EXTENDED RELEASE ORAL CAPSULE
1812419,SCD,SPRINKLE 24 HR TOPIRAMATE 200 MG EXTENDED RELEASE ORAL CAPSULE,,TOPIRAMATE 200 MG,EXTENDED RELEASE ORAL CAPSULE
1437288,SCD,24 HR TOPIRAMATE 200 MG EXTENDED RELEASE ORAL CAPSULE,,TOPIRAMATE 200 MG,EXTENDED RELEASE ORAL CAPSULE
1437290,SBD,24 HR TOPIRAMATE 200 MG EXTENDED RELEASE ORAL CAPSULE [TROKENDI],TROKENDI,TOPIRAMATE 200 MG,EXTENDED RELEASE ORAL CAPSULE
151229,SBD,TOPIRAMATE 200 MG ORAL TABLET [TOPAMAX],TOPAMAX,TOPIRAMATE 200 MG,ORAL TABLET
199890,SCD,TOPIRAMATE 200 MG ORAL TABLET,,TOPIRAMATE 200 MG,ORAL TABLET
152855,SBD,TOPIRAMATE 25 MG ORAL TABLET [TOPAMAX],TOPAMAX,TOPIRAMATE 25 MG,ORAL TABLET
1437278,SCD,24 HR TOPIRAMATE 25 MG EXTENDED RELEASE ORAL CAPSULE,,TOPIRAMATE 25 MG,EXTENDED RELEASE ORAL CAPSULE
1437280,SBD,24 HR TOPIRAMATE 25 MG EXTENDED RELEASE ORAL CAPSULE [TROKENDI],TROKENDI,TOPIRAMATE 25 MG,EXTENDED RELEASE ORAL CAPSULE
199888,SCD,TOPIRAMATE 25 MG ORAL TABLET,,TOPIRAMATE 25 MG,ORAL TABLET
1812421,SCD,SPRINKLE 24 HR TOPIRAMATE 25 MG EXTENDED RELEASE ORAL CAPSULE,,TOPIRAMATE 25 MG,EXTENDED RELEASE ORAL CAPSULE
205315,SCD,TOPIRAMATE 25 MG ORAL CAPSULE,,TOPIRAMATE 25 MG,ORAL CAPSULE
845479,SBD,TOPIRAMATE 25 MG ORAL CAPSULE [TOPAMAX],TOPAMAX,TOPIRAMATE 25 MG,ORAL CAPSULE
2586427,SCD,TOPIRAMATE 25 MG/ML ORAL SOLUTION,,TOPIRAMATE 25 MG/ML,ORAL SOLUTION
2586433,SBD,TOPIRAMATE 25 MG/ML ORAL SOLUTION [EPRONTIA],EPRONTIA,TOPIRAMATE 25 MG/ML,ORAL SOLUTION
1436239,SCD,24 HR TOPIRAMATE 50 MG EXTENDED RELEASE ORAL CAPSULE,,TOPIRAMATE 50 MG,EXTENDED RELEASE ORAL CAPSULE
252413,SCD,TOPIRAMATE 50 MG ORAL CAPSULE,,TOPIRAMATE 50 MG,ORAL CAPSULE
1812425,SCD,SPRINKLE 24 HR TOPIRAMATE 50 MG EXTENDED RELEASE ORAL CAPSULE,,TOPIRAMATE 50 MG,EXTENDED RELEASE ORAL CAPSULE
1436245,SBD,24 HR TOPIRAMATE 50 MG EXTENDED RELEASE ORAL CAPSULE [TROKENDI],TROKENDI,TOPIRAMATE 50 MG,EXTENDED RELEASE ORAL CAPSULE
151227,SBD,TOPIRAMATE 50 MG ORAL TABLET [TOPAMAX],TOPAMAX,TOPIRAMATE 50 MG,ORAL TABLET
151226,SCD,TOPIRAMATE 50 MG ORAL TABLET,,TOPIRAMATE 50 MG,ORAL TABLET
313428,SCD,TOREMIFENE 60 MG ORAL TABLET,,TOREMIFENE 60 MG,ORAL TABLET
198369,SCD,TORSEMIDE 10 MG ORAL TABLET,,TORSEMIDE 10 MG,ORAL TABLET
198370,SCD,TORSEMIDE 100 MG ORAL TABLET,,TORSEMIDE 100 MG,ORAL TABLET
198371,SCD,TORSEMIDE 20 MG ORAL TABLET,,TORSEMIDE 20 MG,ORAL TABLET
2589883,SBD,TORSEMIDE 40 MG ORAL TABLET [SOAANZ],SOAANZ,TORSEMIDE 40 MG,ORAL TABLET
198372,SCD,TORSEMIDE 5 MG ORAL TABLET,,TORSEMIDE 5 MG,ORAL TABLET
2690860,BPCK,{20 (TOVORAFENIB 100 MG ORAL TABLET [OJEMDA]) } PACK [OJEMDA 500 MG ONCE WEEKLY CARTON],OJEMDA 500 MG ONCE WEEKLY CARTON,TOVORAFENIB 100 MG,PACK
2690858,BPCK,{16 (TOVORAFENIB 100 MG ORAL TABLET [OJEMDA]) } PACK [OJEMDA 400 MG ONCE WEEKLY CARTON],OJEMDA 400 MG ONCE WEEKLY CARTON,TOVORAFENIB 100 MG,PACK
2690862,BPCK,{24 (TOVORAFENIB 100 MG ORAL TABLET [OJEMDA]) } PACK [OJEMDA 600 MG ONCE WEEKLY CARTON],OJEMDA 600 MG ONCE WEEKLY CARTON,TOVORAFENIB 100 MG,PACK
2682445,SBD,TOVORAFENIB 300 MG POWDER FOR ORAL SUSPENSION [OJEMDA],OJEMDA,TOVORAFENIB 300 MG,POWDER FOR ORAL SUSPENSION
2739517,SBD,TRADIPITANT 85 MG ORAL CAPSULE [NEREUS],NEREUS,TRADIPITANT 85 MG,ORAL CAPSULE
2589384,SBD,1 ML TRALOKINUMAB-LDRM 150 MG/ML PREFILLED SYRINGE [ADBRY],ADBRY,TRALOKINUMAB-LDRM 150 MG/ML,PREFILLED SYRINGE
2686065,SBD,2 ML TRALOKINUMAB-LDRM 150 MG/ML AUTO-INJECTOR [ADBRY],ADBRY,TRALOKINUMAB-LDRM 150 MG/ML,AUTO-INJECTOR
1148478,SCD,24 HR TRAMADOL HYDROCHLORIDE 100 MG EXTENDED RELEASE ORAL CAPSULE,,TRAMADOL HYDROCHLORIDE 100 MG,EXTENDED RELEASE ORAL CAPSULE
1148482,SBD,24 HR TRAMADOL HYDROCHLORIDE 100 MG EXTENDED RELEASE ORAL CAPSULE [CONZIP],CONZIP,TRAMADOL HYDROCHLORIDE 100 MG,EXTENDED RELEASE ORAL CAPSULE
2179635,SCD,TRAMADOL HYDROCHLORIDE 100 MG ORAL TABLET,,TRAMADOL HYDROCHLORIDE 100 MG,ORAL TABLET
833709,SCD,24 HR TRAMADOL HYDROCHLORIDE 100 MG EXTENDED RELEASE ORAL TABLET,,TRAMADOL HYDROCHLORIDE 100 MG,EXTENDED RELEASE ORAL TABLET
1148485,SCD,24 HR TRAMADOL HYDROCHLORIDE 200 MG EXTENDED RELEASE ORAL CAPSULE,,TRAMADOL HYDROCHLORIDE 200 MG,EXTENDED RELEASE ORAL CAPSULE
1148487,SBD,24 HR TRAMADOL HYDROCHLORIDE 200 MG EXTENDED RELEASE ORAL CAPSULE [CONZIP],CONZIP,TRAMADOL HYDROCHLORIDE 200 MG,EXTENDED RELEASE ORAL CAPSULE
833711,SCD,24 HR TRAMADOL HYDROCHLORIDE 200 MG EXTENDED RELEASE ORAL TABLET,,TRAMADOL HYDROCHLORIDE 200 MG,EXTENDED RELEASE ORAL TABLET
2670390,SCD,TRAMADOL HYDROCHLORIDE 25 MG ORAL TABLET,,TRAMADOL HYDROCHLORIDE 25 MG,ORAL TABLET
1148491,SBD,24 HR TRAMADOL HYDROCHLORIDE 300 MG EXTENDED RELEASE ORAL CAPSULE [CONZIP],CONZIP,TRAMADOL HYDROCHLORIDE 300 MG,EXTENDED RELEASE ORAL CAPSULE
833713,SCD,24 HR TRAMADOL HYDROCHLORIDE 300 MG EXTENDED RELEASE ORAL TABLET,,TRAMADOL HYDROCHLORIDE 300 MG,EXTENDED RELEASE ORAL TABLET
1148489,SCD,24 HR TRAMADOL HYDROCHLORIDE 300 MG EXTENDED RELEASE ORAL CAPSULE,,TRAMADOL HYDROCHLORIDE 300 MG,EXTENDED RELEASE ORAL CAPSULE
835603,SCD,TRAMADOL HYDROCHLORIDE 50 MG ORAL TABLET,,TRAMADOL HYDROCHLORIDE 50 MG,ORAL TABLET
2692878,SCD,TRAMADOL HYDROCHLORIDE 75 MG ORAL TABLET,,TRAMADOL HYDROCHLORIDE 75 MG,ORAL TABLET
2632564,SBD,TRAMETINIB 0.05 MG/ML ORAL SOLUTION [MEKINIST],MEKINIST,TRAMETINIB 0.05 MG/ML,ORAL SOLUTION
1425110,SBD,TRAMETINIB 0.5 MG ORAL TABLET [MEKINIST],MEKINIST,TRAMETINIB 0.5 MG,ORAL TABLET
1425118,SBD,TRAMETINIB 2 MG ORAL TABLET [MEKINIST],MEKINIST,TRAMETINIB 2 MG,ORAL TABLET
199353,SCD,TRANDOLAPRIL 1 MG ORAL TABLET,,TRANDOLAPRIL 1 MG,ORAL TABLET
897781,SCD,24 HR TRANDOLAPRIL 1 MG / VERAPAMIL HYDROCHLORIDE 240 MG EXTENDED RELEASE ORAL TABLET,,TRANDOLAPRIL 1 MG / VERAPAMIL HYDROCHLORIDE 240 MG,EXTENDED RELEASE ORAL TABLET
199351,SCD,TRANDOLAPRIL 2 MG ORAL TABLET,,TRANDOLAPRIL 2 MG,ORAL TABLET
897783,SCD,24 HR TRANDOLAPRIL 2 MG / VERAPAMIL HYDROCHLORIDE 180 MG EXTENDED RELEASE ORAL TABLET,,TRANDOLAPRIL 2 MG / VERAPAMIL HYDROCHLORIDE 180 MG,EXTENDED RELEASE ORAL TABLET
897844,SCD,24 HR TRANDOLAPRIL 2 MG / VERAPAMIL HYDROCHLORIDE 240 MG EXTENDED RELEASE ORAL TABLET,,TRANDOLAPRIL 2 MG / VERAPAMIL HYDROCHLORIDE 240 MG,EXTENDED RELEASE ORAL TABLET
199352,SCD,TRANDOLAPRIL 4 MG ORAL TABLET,,TRANDOLAPRIL 4 MG,ORAL TABLET
897853,SCD,24 HR TRANDOLAPRIL 4 MG / VERAPAMIL HYDROCHLORIDE 240 MG EXTENDED RELEASE ORAL TABLET,,TRANDOLAPRIL 4 MG / VERAPAMIL HYDROCHLORIDE 240 MG,EXTENDED RELEASE ORAL TABLET
883826,SCD,TRANEXAMIC ACID 650 MG ORAL TABLET,,TRANEXAMIC ACID 650 MG,ORAL TABLET
104838,SBD,TRANYLCYPROMINE 10 MG ORAL TABLET [PARNATE],PARNATE,TRANYLCYPROMINE 10 MG,ORAL TABLET
313447,SCD,TRANYLCYPROMINE 10 MG ORAL TABLET,,TRANYLCYPROMINE 10 MG,ORAL TABLET
284008,SCD,TRAVOPROST 0.04 MG/ML OPHTHALMIC SOLUTION,,TRAVOPROST 0.04 MG/ML,OPHTHALMIC SOLUTION
285032,SBD,TRAVOPROST 0.04 MG/ML OPHTHALMIC SOLUTION [TRAVATAN],TRAVATAN,TRAVOPROST 0.04 MG/ML,OPHTHALMIC SOLUTION
2699618,SBD,TRAZODONE HYDROCHLORIDE 10 MG/ML ORAL SOLUTION [RALDESY],RALDESY,TRAZODONE HYDROCHLORIDE 10 MG/ML,ORAL SOLUTION
856373,SCD,TRAZODONE HYDROCHLORIDE 100 MG ORAL TABLET,,TRAZODONE HYDROCHLORIDE 100 MG,ORAL TABLET
856364,SCD,TRAZODONE HYDROCHLORIDE 150 MG ORAL TABLET,,TRAZODONE HYDROCHLORIDE 150 MG,ORAL TABLET
856369,SCD,TRAZODONE HYDROCHLORIDE 300 MG ORAL TABLET,,TRAZODONE HYDROCHLORIDE 300 MG,ORAL TABLET
856377,SCD,TRAZODONE HYDROCHLORIDE 50 MG ORAL TABLET,,TRAZODONE HYDROCHLORIDE 50 MG,ORAL TABLET
2602754,SBD,TREPROSTINIL 0.016 MG INHALATION POWDER [TYVASO],TYVASO,TREPROSTINIL 0.016 MG,INHALATION POWDER
2602770,BPCK,{112 (TREPROSTINIL 0.016 MG INHALATION POWDER [TYVASO]) / 112 (TREPROSTINIL 0.032 MG INHALATION POWDER [TYVASO]) / 28 (TREPROSTINIL 0.048 MG INHALATION POWDER [TYVASO]) } PACK [TYVASO 16-32-48 MCG TITRATION PACK],TYVASO 16-32-48 MCG TITRATION PACK,TREPROSTINIL 0.016 MG / TREPROSTINIL 0.032 MG / TREPROSTINIL 0.048 MG,PACK
2714664,SBD,TREPROSTINIL 0.0265 MG INHALATION POWDER [YUTREPIA],YUTREPIA,TREPROSTINIL 0.0265 MG,INHALATION POWDER
2602758,SBD,TREPROSTINIL 0.032 MG INHALATION POWDER [TYVASO],TYVASO,TREPROSTINIL 0.032 MG,INHALATION POWDER
2641907,BPCK,{112 (TREPROSTINIL 0.032 MG INHALATION POWDER [TYVASO]) / 112 (TREPROSTINIL 0.064 MG INHALATION POWDER [TYVASO]) } PACK [TYVASO 32-64 MCG MAINTENANCE PACK],TYVASO 32-64 MCG MAINTENANCE PACK,TREPROSTINIL 0.032 MG / TREPROSTINIL 0.064 MG,PACK
2602762,SBD,TREPROSTINIL 0.048 MG INHALATION POWDER [TYVASO],TYVASO,TREPROSTINIL 0.048 MG,INHALATION POWDER
2641912,BPCK,{112 (TREPROSTINIL 0.048 MG INHALATION POWDER [TYVASO]) / 112 (TREPROSTINIL 0.064 MG INHALATION POWDER [TYVASO]) } PACK [TYVASO 48-64 MCG MAINTENANCE PACK],TYVASO 48-64 MCG MAINTENANCE PACK,TREPROSTINIL 0.048 MG / TREPROSTINIL 0.064 MG,PACK
2727471,BPCK,{112 (TREPROSTINIL 0.048 MG INHALATION POWDER [TYVASO]) / 112 (TREPROSTINIL 0.08 MG INHALATION POWDER [TYVASO]) } PACK [TYVASO 48-80 MCG MAINTENANCE PACK],TYVASO 48-80 MCG MAINTENANCE PACK,TREPROSTINIL 0.048 MG / TREPROSTINIL 0.08 MG,PACK
2714668,SBD,TREPROSTINIL 0.053 MG INHALATION POWDER [YUTREPIA],YUTREPIA,TREPROSTINIL 0.053 MG,INHALATION POWDER
2602766,SBD,TREPROSTINIL 0.064 MG INHALATION POWDER [TYVASO],TYVASO,TREPROSTINIL 0.064 MG,INHALATION POWDER
2714672,SBD,TREPROSTINIL 0.0795 MG INHALATION POWDER [YUTREPIA],YUTREPIA,TREPROSTINIL 0.0795 MG,INHALATION POWDER
2697739,SBD,TREPROSTINIL 0.08 MG INHALATION POWDER [TYVASO],TYVASO,TREPROSTINIL 0.08 MG,INHALATION POWDER
2714676,SBD,TREPROSTINIL 0.106 MG INHALATION POWDER [YUTREPIA],YUTREPIA,TREPROSTINIL 0.106 MG,INHALATION POWDER
1488667,SBD,12 HR TREPROSTINIL 0.125 MG EXTENDED RELEASE ORAL TABLET [ORENITRAM],ORENITRAM,TREPROSTINIL 0.125 MG,EXTENDED RELEASE ORAL TABLET
2630667,BPCK,{126 (12 HR TREPROSTINIL 0.125 MG EXTENDED RELEASE ORAL TABLET [ORENITRAM]) / 42 (12 HR TREPROSTINIL 0.25 MG EXTENDED RELEASE ORAL TABLET [ORENITRAM]) } PACK [ORENITRAM MONTH 1 TITRATION KIT],ORENITRAM MONTH 1 TITRATION KIT,TREPROSTINIL 0.125 MG / TREPROSTINIL 0.25 MG,PACK
2630669,BPCK,{126 (12 HR TREPROSTINIL 0.125 MG EXTENDED RELEASE ORAL TABLET [ORENITRAM]) / 210 (12 HR TREPROSTINIL 0.25 MG EXTENDED RELEASE ORAL TABLET [ORENITRAM]) } PACK [ORENITRAM MONTH 2 TITRATION KIT],ORENITRAM MONTH 2 TITRATION KIT,TREPROSTINIL 0.125 MG / TREPROSTINIL 0.25 MG,PACK
2630671,BPCK,{126 (12 HR TREPROSTINIL 0.125 MG EXTENDED RELEASE ORAL TABLET [ORENITRAM]) / 42 (12 HR TREPROSTINIL 0.25 MG EXTENDED RELEASE ORAL TABLET [ORENITRAM]) / 84 (12 HR TREPROSTINIL 1 MG EXTENDED RELEASE ORAL TABLET [ORENITRAM]) } PACK [ORENITRAM MONTH 3 TITRATION KIT],ORENITRAM MONTH 3 TITRATION KIT,TREPROSTINIL 0.125 MG / TREPROSTINIL 0.25 MG / TREPROSTINIL 1 MG,PACK
1488671,SBD,12 HR TREPROSTINIL 0.25 MG EXTENDED RELEASE ORAL TABLET [ORENITRAM],ORENITRAM,TREPROSTINIL 0.25 MG,EXTENDED RELEASE ORAL TABLET
1488675,SBD,12 HR TREPROSTINIL 1 MG EXTENDED RELEASE ORAL TABLET [ORENITRAM],ORENITRAM,TREPROSTINIL 1 MG,EXTENDED RELEASE ORAL TABLET
1488679,SBD,12 HR TREPROSTINIL 2.5 MG EXTENDED RELEASE ORAL TABLET [ORENITRAM],ORENITRAM,TREPROSTINIL 2.5 MG,EXTENDED RELEASE ORAL TABLET
1858833,SBD,12 HR TREPROSTINIL 5 MG EXTENDED RELEASE ORAL TABLET [ORENITRAM],ORENITRAM,TREPROSTINIL 5 MG,EXTENDED RELEASE ORAL TABLET
313450,SCD,TRETINOIN 0.0001 MG/MG TOPICAL GEL,,TRETINOIN 0.0001 MG/MG,TOPICAL GEL
208334,SBD,TRETINOIN 0.0001 MG/MG TOPICAL GEL [RETIN-A],RETIN-A,TRETINOIN 0.0001 MG/MG,TOPICAL GEL
313451,SCD,TRETINOIN 0.00025 MG/MG TOPICAL GEL,,TRETINOIN 0.00025 MG/MG,TOPICAL GEL
701305,SBD,TRETINOIN 0.00025 MG/MG TOPICAL GEL [RETIN-A],RETIN-A,TRETINOIN 0.00025 MG/MG,TOPICAL GEL
359050,SCD,TRETINOIN 0.0004 MG/MG TOPICAL GEL,,TRETINOIN 0.0004 MG/MG,TOPICAL GEL
245723,SCD,TRETINOIN 0.0005 MG/MG TOPICAL GEL,,TRETINOIN 0.0005 MG/MG,TOPICAL GEL
749329,SBD,TRETINOIN 0.0005 MG/MG TOPICAL GEL [ATRALIN],ATRALIN,TRETINOIN 0.0005 MG/MG,TOPICAL GEL
1987646,SBD,TRETINOIN 0.0006 MG/MG TOPICAL GEL [RETIN-A],RETIN-A,TRETINOIN 0.0006 MG/MG,TOPICAL GEL
1488047,SBD,TRETINOIN 0.0008 MG/MG TOPICAL GEL [RETIN-A],RETIN-A,TRETINOIN 0.0008 MG/MG,TOPICAL GEL
1488045,SCD,TRETINOIN 0.0008 MG/MG TOPICAL GEL,,TRETINOIN 0.0008 MG/MG,TOPICAL GEL
313453,SCD,TRETINOIN 0.001 MG/MG TOPICAL GEL,,TRETINOIN 0.001 MG/MG,TOPICAL GEL
106302,SCD,TRETINOIN 0.25 MG/ML TOPICAL CREAM,,TRETINOIN 0.25 MG/ML,TOPICAL CREAM
208328,SBD,TRETINOIN 0.25 MG/ML TOPICAL CREAM [RETIN-A],RETIN-A,TRETINOIN 0.25 MG/ML,TOPICAL CREAM
106303,SCD,TRETINOIN 0.5 MG/ML TOPICAL CREAM,,TRETINOIN 0.5 MG/ML,TOPICAL CREAM
208330,SBD,TRETINOIN 0.5 MG/ML TOPICAL CREAM [RETIN-A],RETIN-A,TRETINOIN 0.5 MG/ML,TOPICAL CREAM
2055008,SBD,TRETINOIN 0.5 MG/ML TOPICAL LOTION [ALTRENO],ALTRENO,TRETINOIN 0.5 MG/ML,TOPICAL LOTION
198300,SCD,TRETINOIN 1 MG/ML TOPICAL CREAM,,TRETINOIN 1 MG/ML,TOPICAL CREAM
208331,SBD,TRETINOIN 1 MG/ML TOPICAL CREAM [RETIN-A],RETIN-A,TRETINOIN 1 MG/ML,TOPICAL CREAM
199159,SCD,TRETINOIN 10 MG ORAL CAPSULE,,TRETINOIN 10 MG,ORAL CAPSULE
1085633,SCD,TRIAMCINOLONE ACETONIDE 0.00025 MG/MG TOPICAL OINTMENT,,TRIAMCINOLONE ACETONIDE 0.00025 MG/MG,TOPICAL OINTMENT
1090641,SCD,TRIAMCINOLONE ACETONIDE 0.0005 MG/MG TOPICAL OINTMENT,,TRIAMCINOLONE ACETONIDE 0.0005 MG/MG,TOPICAL OINTMENT
1085636,SCD,TRIAMCINOLONE ACETONIDE 0.001 MG/MG TOPICAL OINTMENT,,TRIAMCINOLONE ACETONIDE 0.001 MG/MG,TOPICAL OINTMENT
1085728,SCD,TRIAMCINOLONE ACETONIDE 0.001 MG/MG ORAL PASTE,,TRIAMCINOLONE ACETONIDE 0.001 MG/MG,ORAL PASTE
2665617,SBD,TRIAMCINOLONE ACETONIDE 0.001 MG/MG ORAL PASTE [KOURZEQ],KOURZEQ,TRIAMCINOLONE ACETONIDE 0.001 MG/MG,ORAL PASTE
1085640,SCD,TRIAMCINOLONE ACETONIDE 0.005 MG/MG TOPICAL OINTMENT,,TRIAMCINOLONE ACETONIDE 0.005 MG/MG,TOPICAL OINTMENT
1085741,SCD,TRIAMCINOLONE ACETONIDE 0.25 MG/ML TOPICAL LOTION,,TRIAMCINOLONE ACETONIDE 0.25 MG/ML,TOPICAL LOTION
1085644,SCD,TRIAMCINOLONE ACETONIDE 0.25 MG/ML TOPICAL CREAM,,TRIAMCINOLONE ACETONIDE 0.25 MG/ML,TOPICAL CREAM
1014314,SCD,TRIAMCINOLONE ACETONIDE 1 MG/ML TOPICAL CREAM,,TRIAMCINOLONE ACETONIDE 1 MG/ML,TOPICAL CREAM
1085745,SCD,TRIAMCINOLONE ACETONIDE 1 MG/ML TOPICAL LOTION,,TRIAMCINOLONE ACETONIDE 1 MG/ML,TOPICAL LOTION
1648999,SBD,TRIAMCINOLONE ACETONIDE 5 MG/ML TOPICAL CREAM [TRIDERM],TRIDERM,TRIAMCINOLONE ACETONIDE 5 MG/ML,TOPICAL CREAM
1085686,SCD,TRIAMCINOLONE ACETONIDE 5 MG/ML TOPICAL CREAM,,TRIAMCINOLONE ACETONIDE 5 MG/ML,TOPICAL CREAM
198312,SCD,TRIAMTERENE 100 MG ORAL CAPSULE,,TRIAMTERENE 100 MG,ORAL CAPSULE
208674,SBD,TRIAMTERENE 100 MG ORAL CAPSULE [DYRENIUM],DYRENIUM,TRIAMTERENE 100 MG,ORAL CAPSULE
198313,SCD,TRIAMTERENE 50 MG ORAL CAPSULE,,TRIAMTERENE 50 MG,ORAL CAPSULE
208675,SBD,TRIAMTERENE 50 MG ORAL CAPSULE [DYRENIUM],DYRENIUM,TRIAMTERENE 50 MG,ORAL CAPSULE
198317,SCD,TRIAZOLAM 0.125 MG ORAL TABLET,,TRIAZOLAM 0.125 MG,ORAL TABLET
198318,SCD,TRIAZOLAM 0.25 MG ORAL TABLET,,TRIAZOLAM 0.25 MG,ORAL TABLET
208720,SBD,TRIENTINE HYDROCHLORIDE 250 MG ORAL CAPSULE [SYPRINE],SYPRINE,TRIENTINE HYDROCHLORIDE 250 MG,ORAL CAPSULE
313472,SCD,TRIENTINE HYDROCHLORIDE 250 MG ORAL CAPSULE,,TRIENTINE HYDROCHLORIDE 250 MG,ORAL CAPSULE
2619912,SCD,TRIENTINE HYDROCHLORIDE 500 MG ORAL CAPSULE,,TRIENTINE HYDROCHLORIDE 500 MG,ORAL CAPSULE
2611550,SBD,TRIENTINE TETRAHYDROCHLORIDE 300 MG ORAL TABLET [CUVRIOR],CUVRIOR,TRIENTINE TETRAHYDROCHLORIDE 300 MG,ORAL TABLET
2205647,SBD,TRIFAROTENE 0.05 MG/ML TOPICAL CREAM [AKLIEF],AKLIEF,TRIFAROTENE 0.05 MG/ML,TOPICAL CREAM
198322,SCD,TRIFLUOPERAZINE 1 MG ORAL TABLET,,TRIFLUOPERAZINE 1 MG,ORAL TABLET
198323,SCD,TRIFLUOPERAZINE 10 MG ORAL TABLET,,TRIFLUOPERAZINE 10 MG,ORAL TABLET
198324,SCD,TRIFLUOPERAZINE 2 MG ORAL TABLET,,TRIFLUOPERAZINE 2 MG,ORAL TABLET
198325,SCD,TRIFLUOPERAZINE 5 MG ORAL TABLET,,TRIFLUOPERAZINE 5 MG,ORAL TABLET
313477,SCD,TRIFLURIDINE 10 MG/ML OPHTHALMIC SOLUTION,,TRIFLURIDINE 10 MG/ML,OPHTHALMIC SOLUTION
2383561,SBD,TRIHEPTANOIN 1000 MG/ML ORAL SOLUTION [DOJOLVI],DOJOLVI,TRIHEPTANOIN 1000 MG/ML,ORAL SOLUTION
905273,SCD,TRIHEXYPHENIDYL HYDROCHLORIDE 0.4 MG/ML ORAL SOLUTION,,TRIHEXYPHENIDYL HYDROCHLORIDE 0.4 MG/ML,ORAL SOLUTION
905269,SCD,TRIHEXYPHENIDYL HYDROCHLORIDE 2 MG ORAL TABLET,,TRIHEXYPHENIDYL HYDROCHLORIDE 2 MG,ORAL TABLET
905283,SCD,TRIHEXYPHENIDYL HYDROCHLORIDE 5 MG ORAL TABLET,,TRIHEXYPHENIDYL HYDROCHLORIDE 5 MG,ORAL TABLET
860771,SCD,TRIMETHOBENZAMIDE HYDROCHLORIDE 300 MG ORAL CAPSULE,,TRIMETHOBENZAMIDE HYDROCHLORIDE 300 MG,ORAL CAPSULE
198332,SCD,TRIMETHOPRIM 100 MG ORAL TABLET,,TRIMETHOPRIM 100 MG,ORAL TABLET
313496,SCD,TRIMIPRAMINE 100 MG ORAL CAPSULE,,TRIMIPRAMINE 100 MG,ORAL CAPSULE
313498,SCD,TRIMIPRAMINE 25 MG ORAL CAPSULE,,TRIMIPRAMINE 25 MG,ORAL CAPSULE
313499,SCD,TRIMIPRAMINE 50 MG ORAL CAPSULE,,TRIMIPRAMINE 50 MG,ORAL CAPSULE
905064,SBD,TRIPTORELIN 11.25 MG INJECTION [TRELSTAR],TRELSTAR,TRIPTORELIN 11.25 MG,INJECTION
905057,SBD,TRIPTORELIN 22.5 MG INJECTION [TRELSTAR],TRELSTAR,TRIPTORELIN 22.5 MG,INJECTION
905059,SBD,TRIPTORELIN 3.75 MG INJECTION [TRELSTAR],TRELSTAR,TRIPTORELIN 3.75 MG,INJECTION
2632863,SBD,TROFINETIDE 200 MG/ML ORAL SOLUTION [DAYBUE],DAYBUE,TROFINETIDE 200 MG/ML,ORAL SOLUTION
2729451,SBD,TROFINETIDE 5000 MG POWDER FOR ORAL SOLUTION [DAYBUE],DAYBUE,TROFINETIDE 5000 MG,POWDER FOR ORAL SOLUTION
2729455,SBD,TROFINETIDE 6000 MG POWDER FOR ORAL SOLUTION [DAYBUE],DAYBUE,TROFINETIDE 6000 MG,POWDER FOR ORAL SOLUTION
2729459,SBD,TROFINETIDE 8000 MG POWDER FOR ORAL SOLUTION [DAYBUE],DAYBUE,TROFINETIDE 8000 MG,POWDER FOR ORAL SOLUTION
857560,SCD,TROSPIUM CHLORIDE 20 MG ORAL TABLET,,TROSPIUM CHLORIDE 20 MG,ORAL TABLET
2694991,SBD,TROSPIUM CHLORIDE 20 MG / XANOMELINE 100 MG ORAL CAPSULE [COBENFY],COBENFY,TROSPIUM CHLORIDE 20 MG / XANOMELINE 100 MG,ORAL CAPSULE
2694993,BPCK,{52 (TROSPIUM CHLORIDE 20 MG / XANOMELINE 100 MG ORAL CAPSULE [COBENFY]) / 4 (TROSPIUM CHLORIDE 20 MG / XANOMELINE 50 MG ORAL CAPSULE [COBENFY]) } PACK [COBENFY 28-DAY STARTER KIT],COBENFY 28-DAY STARTER KIT,TROSPIUM CHLORIDE 20 MG / XANOMELINE 100 MG / XANOMELINE 50 MG,PACK
2694850,SBD,TROSPIUM CHLORIDE 20 MG / XANOMELINE 50 MG ORAL CAPSULE [COBENFY],COBENFY,TROSPIUM CHLORIDE 20 MG / XANOMELINE 50 MG,ORAL CAPSULE
2694855,SBD,TROSPIUM CHLORIDE 30 MG / XANOMELINE 125 MG ORAL CAPSULE [COBENFY],COBENFY,TROSPIUM CHLORIDE 30 MG / XANOMELINE 125 MG,ORAL CAPSULE
857564,SCD,24 HR TROSPIUM CHLORIDE 60 MG EXTENDED RELEASE ORAL CAPSULE,,TROSPIUM CHLORIDE 60 MG,EXTENDED RELEASE ORAL CAPSULE
2361296,SBD,TUCATINIB 150 MG ORAL TABLET [TUKYSA],TUKYSA,TUCATINIB 150 MG,ORAL TABLET
2361300,SBD,TUCATINIB 50 MG ORAL TABLET [TUKYSA],TUKYSA,TUCATINIB 50 MG,ORAL TABLET
1486496,SBD,"0.5 ML TYPHOID VI POLYSACCHARIDE VACCINE, S TYPHI TY2 STRAIN 0.05 MG/ML PREFILLED SYRINGE [TYPHIM VI]",TYPHIM VI,"TYPHOID VI POLYSACCHARIDE VACCINE, S TYPHI TY2 STRAIN 0.05 MG/ML",PREFILLED SYRINGE
2268227,SBD,UBROGEPANT 100 MG ORAL TABLET [UBRELVY],UBRELVY,UBROGEPANT 100 MG,ORAL TABLET
2268231,SBD,UBROGEPANT 50 MG ORAL TABLET [UBRELVY],UBRELVY,UBROGEPANT 50 MG,ORAL TABLET
1539885,SBD,30 ACTUAT UMECLIDINIUM 0.0625 MG/ACTUAT DRY POWDER INHALER [INCRUSE],INCRUSE,UMECLIDINIUM 0.0625 MG/ACTUAT,DRY POWDER INHALER
1539251,SCD,30 ACTUAT UMECLIDINIUM 0.0625 MG/ACTUAT DRY POWDER INHALER,,UMECLIDINIUM 0.0625 MG/ACTUAT,DRY POWDER INHALER
1487527,SCD,30 ACTUAT UMECLIDINIUM 0.0625 MG/ACTUAT / VILANTEROL 0.025 MG/ACTUAT DRY POWDER INHALER,,UMECLIDINIUM 0.0625 MG/ACTUAT / VILANTEROL 0.025 MG/ACTUAT,DRY POWDER INHALER
1487528,SBD,30 ACTUAT UMECLIDINIUM 0.0625 MG/ACTUAT / VILANTEROL 0.025 MG/ACTUAT DRY POWDER INHALER [ANORO],ANORO,UMECLIDINIUM 0.0625 MG/ACTUAT / VILANTEROL 0.025 MG/ACTUAT,DRY POWDER INHALER
2681019,SBD,UPADACITINIB 1 MG/ML ORAL SOLUTION [RINVOQ],RINVOQ,UPADACITINIB 1 MG/ML,ORAL SOLUTION
2196900,SBD,24 HR UPADACITINIB 15 MG EXTENDED RELEASE ORAL TABLET [RINVOQ],RINVOQ,UPADACITINIB 15 MG,EXTENDED RELEASE ORAL TABLET
2590054,SBD,24 HR UPADACITINIB 30 MG EXTENDED RELEASE ORAL TABLET [RINVOQ],RINVOQ,UPADACITINIB 30 MG,EXTENDED RELEASE ORAL TABLET
2596960,SBD,24 HR UPADACITINIB 45 MG EXTENDED RELEASE ORAL TABLET [RINVOQ],RINVOQ,UPADACITINIB 45 MG,EXTENDED RELEASE ORAL TABLET
2477896,SBD,URSODIOL 200 MG ORAL CAPSULE [RELTONE],RELTONE,URSODIOL 200 MG,ORAL CAPSULE
412174,SCD,URSODIOL 200 MG ORAL CAPSULE,,URSODIOL 200 MG,ORAL CAPSULE
858751,SCD,URSODIOL 250 MG ORAL TABLET,,URSODIOL 250 MG,ORAL TABLET
858747,SCD,URSODIOL 300 MG ORAL CAPSULE,,URSODIOL 300 MG,ORAL CAPSULE
2477898,SBD,URSODIOL 400 MG ORAL CAPSULE [RELTONE],RELTONE,URSODIOL 400 MG,ORAL CAPSULE
2376942,SCD,URSODIOL 400 MG ORAL CAPSULE,,URSODIOL 400 MG,ORAL CAPSULE
858733,SCD,URSODIOL 500 MG ORAL TABLET,,URSODIOL 500 MG,ORAL TABLET
1654077,SCD,0.5 ML USTEKINUMAB 90 MG/ML INJECTION,,USTEKINUMAB 90 MG/ML,INJECTION
1654079,SBD,0.5 ML USTEKINUMAB 90 MG/ML INJECTION [STELARA],STELARA,USTEKINUMAB 90 MG/ML,INJECTION
853350,SCD,0.5 ML USTEKINUMAB 90 MG/ML PREFILLED SYRINGE,,USTEKINUMAB 90 MG/ML,PREFILLED SYRINGE
853354,SBD,0.5 ML USTEKINUMAB 90 MG/ML PREFILLED SYRINGE [STELARA],STELARA,USTEKINUMAB 90 MG/ML,PREFILLED SYRINGE
853355,SCD,1 ML USTEKINUMAB 90 MG/ML PREFILLED SYRINGE,,USTEKINUMAB 90 MG/ML,PREFILLED SYRINGE
853356,SBD,1 ML USTEKINUMAB 90 MG/ML PREFILLED SYRINGE [STELARA],STELARA,USTEKINUMAB 90 MG/ML,PREFILLED SYRINGE
2702615,SCD,0.5 ML USTEKINUMAB-AAUZ 90 MG/ML PREFILLED SYRINGE,,USTEKINUMAB-AAUZ 90 MG/ML,PREFILLED SYRINGE
2724431,SBD,0.5 ML USTEKINUMAB-AAUZ 90 MG/ML INJECTION [OTULFI],OTULFI,USTEKINUMAB-AAUZ 90 MG/ML,INJECTION
2702613,SBD,1 ML USTEKINUMAB-AAUZ 90 MG/ML PREFILLED SYRINGE [OTULFI],OTULFI,USTEKINUMAB-AAUZ 90 MG/ML,PREFILLED SYRINGE
2702616,SBD,0.5 ML USTEKINUMAB-AAUZ 90 MG/ML PREFILLED SYRINGE [OTULFI],OTULFI,USTEKINUMAB-AAUZ 90 MG/ML,PREFILLED SYRINGE
2702606,SCD,1 ML USTEKINUMAB-AAUZ 90 MG/ML PREFILLED SYRINGE,,USTEKINUMAB-AAUZ 90 MG/ML,PREFILLED SYRINGE
2705401,SBD,1 ML USTEKINUMAB-AEKN 90 MG/ML PREFILLED SYRINGE [SELARSDI],SELARSDI,USTEKINUMAB-AEKN 90 MG/ML,PREFILLED SYRINGE
2705400,SCD,1 ML USTEKINUMAB-AEKN 90 MG/ML PREFILLED SYRINGE,,USTEKINUMAB-AEKN 90 MG/ML,PREFILLED SYRINGE
2705393,SCD,0.5 ML USTEKINUMAB-AEKN 90 MG/ML PREFILLED SYRINGE,,USTEKINUMAB-AEKN 90 MG/ML,PREFILLED SYRINGE
2705398,SBD,0.5 ML USTEKINUMAB-AEKN 90 MG/ML PREFILLED SYRINGE [SELARSDI],SELARSDI,USTEKINUMAB-AEKN 90 MG/ML,PREFILLED SYRINGE
2726118,SBD,0.5 ML USTEKINUMAB-AEKN 90 MG/ML INJECTION [SELARSDI],SELARSDI,USTEKINUMAB-AEKN 90 MG/ML,INJECTION
2700692,SBD,1 ML USTEKINUMAB-AUUB 90 MG/ML PREFILLED SYRINGE [WEZLANA],WEZLANA,USTEKINUMAB-AUUB 90 MG/ML,PREFILLED SYRINGE
2700689,SBD,0.5 ML USTEKINUMAB-AUUB 90 MG/ML PREFILLED SYRINGE [WEZLANA],WEZLANA,USTEKINUMAB-AUUB 90 MG/ML,PREFILLED SYRINGE
2700682,SBD,0.5 ML USTEKINUMAB-AUUB 90 MG/ML INJECTION [WEZLANA],WEZLANA,USTEKINUMAB-AUUB 90 MG/ML,INJECTION
2725100,SBD,1 ML USTEKINUMAB-HMNY 90 MG/ML PREFILLED SYRINGE [STARJEMZA],STARJEMZA,USTEKINUMAB-HMNY 90 MG/ML,PREFILLED SYRINGE
2725094,SBD,0.5 ML USTEKINUMAB-HMNY 90 MG/ML PREFILLED SYRINGE [STARJEMZA],STARJEMZA,USTEKINUMAB-HMNY 90 MG/ML,PREFILLED SYRINGE
2725106,SBD,0.5 ML USTEKINUMAB-HMNY 90 MG/ML INJECTION [STARJEMZA],STARJEMZA,USTEKINUMAB-HMNY 90 MG/ML,INJECTION
2705597,SBD,0.5 ML USTEKINUMAB-KFCE 90 MG/ML PREFILLED SYRINGE [YESINTEK],YESINTEK,USTEKINUMAB-KFCE 90 MG/ML,PREFILLED SYRINGE
2705603,SBD,0.5 ML USTEKINUMAB-KFCE 90 MG/ML INJECTION [YESINTEK],YESINTEK,USTEKINUMAB-KFCE 90 MG/ML,INJECTION
2705600,SBD,1 ML USTEKINUMAB-KFCE 90 MG/ML PREFILLED SYRINGE [YESINTEK],YESINTEK,USTEKINUMAB-KFCE 90 MG/ML,PREFILLED SYRINGE
2717083,SBD,0.5 ML USTEKINUMAB-SRLF 90 MG/ML PREFILLED SYRINGE [IMULDOSA],IMULDOSA,USTEKINUMAB-SRLF 90 MG/ML,PREFILLED SYRINGE
2717086,SBD,1 ML USTEKINUMAB-SRLF 90 MG/ML PREFILLED SYRINGE [IMULDOSA],IMULDOSA,USTEKINUMAB-SRLF 90 MG/ML,PREFILLED SYRINGE
2700409,SBD,0.5 ML USTEKINUMAB-STBA 90 MG/ML PREFILLED SYRINGE [STEQEYMA],STEQEYMA,USTEKINUMAB-STBA 90 MG/ML,PREFILLED SYRINGE
2700412,SBD,1 ML USTEKINUMAB-STBA 90 MG/ML PREFILLED SYRINGE [STEQEYMA],STEQEYMA,USTEKINUMAB-STBA 90 MG/ML,PREFILLED SYRINGE
2740800,SBD,0.5 ML USTEKINUMAB-STBA 90 MG/ML INJECTION [STEQEYMA],STEQEYMA,USTEKINUMAB-STBA 90 MG/ML,INJECTION
2713887,SBD,0.5 ML USTEKINUMAB-TTWE 90 MG/ML INJECTION [PYZCHIVA],PYZCHIVA,USTEKINUMAB-TTWE 90 MG/ML,INJECTION
2713885,SCD,0.5 ML USTEKINUMAB-TTWE 90 MG/ML INJECTION,,USTEKINUMAB-TTWE 90 MG/ML,INJECTION
2705573,SBD,0.5 ML USTEKINUMAB-TTWE 90 MG/ML PREFILLED SYRINGE [PYZCHIVA],PYZCHIVA,USTEKINUMAB-TTWE 90 MG/ML,PREFILLED SYRINGE
2705568,SCD,0.5 ML USTEKINUMAB-TTWE 90 MG/ML PREFILLED SYRINGE,,USTEKINUMAB-TTWE 90 MG/ML,PREFILLED SYRINGE
2705576,SBD,1 ML USTEKINUMAB-TTWE 90 MG/ML PREFILLED SYRINGE [PYZCHIVA],PYZCHIVA,USTEKINUMAB-TTWE 90 MG/ML,PREFILLED SYRINGE
2720516,SBD,0.5 ML USTEKINUMAB-TTWE 90 MG/ML AUTO-INJECTOR [PYZCHIVA],PYZCHIVA,USTEKINUMAB-TTWE 90 MG/ML,AUTO-INJECTOR
2721431,SBD,1 ML USTEKINUMAB-TTWE 90 MG/ML AUTO-INJECTOR [PYZCHIVA],PYZCHIVA,USTEKINUMAB-TTWE 90 MG/ML,AUTO-INJECTOR
2705575,SCD,1 ML USTEKINUMAB-TTWE 90 MG/ML PREFILLED SYRINGE,,USTEKINUMAB-TTWE 90 MG/ML,PREFILLED SYRINGE
313564,SCD,VALACYCLOVIR 1000 MG ORAL TABLET,,VALACYCLOVIR 1000 MG,ORAL TABLET
212448,SBD,VALACYCLOVIR 1000 MG ORAL TABLET [VALTREX],VALTREX,VALACYCLOVIR 1000 MG,ORAL TABLET
313565,SCD,VALACYCLOVIR 500 MG ORAL TABLET,,VALACYCLOVIR 500 MG,ORAL TABLET
108780,SBD,VALACYCLOVIR 500 MG ORAL TABLET [VALTREX],VALTREX,VALACYCLOVIR 500 MG,ORAL TABLET
2680780,SBD,SPRINKLE VALBENAZINE 40 MG ORAL CAPSULE [INGREZZA],INGREZZA,VALBENAZINE 40 MG,ORAL CAPSULE
1918230,SBD,VALBENAZINE 40 MG ORAL CAPSULE [INGREZZA],INGREZZA,VALBENAZINE 40 MG,ORAL CAPSULE
2054269,BPCK,{7 (VALBENAZINE 40 MG ORAL CAPSULE [INGREZZA]) / 21 (VALBENAZINE 80 MG ORAL CAPSULE [INGREZZA]) } PACK [INGREZZA],INGREZZA,VALBENAZINE 40 MG / VALBENAZINE 80 MG,PACK
2680782,SBD,SPRINKLE VALBENAZINE 60 MG ORAL CAPSULE [INGREZZA],INGREZZA,VALBENAZINE 60 MG,ORAL CAPSULE
2541513,SBD,VALBENAZINE 60 MG ORAL CAPSULE [INGREZZA],INGREZZA,VALBENAZINE 60 MG,ORAL CAPSULE
2680784,SBD,SPRINKLE VALBENAZINE 80 MG ORAL CAPSULE [INGREZZA],INGREZZA,VALBENAZINE 80 MG,ORAL CAPSULE
1986331,SBD,VALBENAZINE 80 MG ORAL CAPSULE [INGREZZA],INGREZZA,VALBENAZINE 80 MG,ORAL CAPSULE
313566,SCD,VALGANCICLOVIR 450 MG ORAL TABLET,,VALGANCICLOVIR 450 MG,ORAL TABLET
863562,SBD,VALGANCICLOVIR 50 MG/ML ORAL SOLUTION [VALCYTE],VALCYTE,VALGANCICLOVIR 50 MG/ML,ORAL SOLUTION
863559,SCD,VALGANCICLOVIR 50 MG/ML ORAL SOLUTION,,VALGANCICLOVIR 50 MG/ML,ORAL SOLUTION
1099681,SCD,VALPROIC ACID 250 MG ORAL CAPSULE,,VALPROIC ACID 250 MG,ORAL CAPSULE
1099687,SCD,VALPROIC ACID 50 MG/ML ORAL SOLUTION,,VALPROIC ACID 50 MG/ML,ORAL SOLUTION
349201,SCD,VALSARTAN 160 MG ORAL TABLET,,VALSARTAN 160 MG,ORAL TABLET
351762,SBD,VALSARTAN 160 MG ORAL TABLET [DIOVAN],DIOVAN,VALSARTAN 160 MG,ORAL TABLET
349200,SCD,VALSARTAN 320 MG ORAL TABLET,,VALSARTAN 320 MG,ORAL TABLET
352001,SBD,VALSARTAN 320 MG ORAL TABLET [DIOVAN],DIOVAN,VALSARTAN 320 MG,ORAL TABLET
1996254,SCD,VALSARTAN 4 MG/ML ORAL SOLUTION,,VALSARTAN 4 MG/ML,ORAL SOLUTION
349483,SCD,VALSARTAN 40 MG ORAL TABLET,,VALSARTAN 40 MG,ORAL TABLET
352274,SBD,VALSARTAN 40 MG ORAL TABLET [DIOVAN],DIOVAN,VALSARTAN 40 MG,ORAL TABLET
351761,SBD,VALSARTAN 80 MG ORAL TABLET [DIOVAN],DIOVAN,VALSARTAN 80 MG,ORAL TABLET
349199,SCD,VALSARTAN 80 MG ORAL TABLET,,VALSARTAN 80 MG,ORAL TABLET
2669810,SBD,VAMOROLONE 40 MG/ML ORAL SUSPENSION [AGAMREE],AGAMREE,VAMOROLONE 40 MG/ML,ORAL SUSPENSION
239209,SCD,VANCOMYCIN 100 MG/ML INJECTABLE SOLUTION,,VANCOMYCIN 100 MG/ML,INJECTABLE SOLUTION
1807513,SCD,VANCOMYCIN 1000 MG INJECTION,,VANCOMYCIN 1000 MG,INJECTION
201848,SBD,VANCOMYCIN 125 MG ORAL CAPSULE [VANCOCIN],VANCOCIN,VANCOMYCIN 125 MG,ORAL CAPSULE
313570,SCD,VANCOMYCIN 125 MG ORAL CAPSULE,,VANCOMYCIN 125 MG,ORAL CAPSULE
2000133,SBD,VANCOMYCIN 25 MG/ML ORAL SOLUTION [FIRVANQ],FIRVANQ,VANCOMYCIN 25 MG/ML,ORAL SOLUTION
2000127,SCD,VANCOMYCIN 25 MG/ML ORAL SOLUTION,,VANCOMYCIN 25 MG/ML,ORAL SOLUTION
313571,SCD,VANCOMYCIN 250 MG ORAL CAPSULE,,VANCOMYCIN 250 MG,ORAL CAPSULE
201849,SBD,VANCOMYCIN 250 MG ORAL CAPSULE [VANCOCIN],VANCOCIN,VANCOMYCIN 250 MG,ORAL CAPSULE
2725135,SBD,200 ML VANCOMYCIN 5 MG/ML INJECTION [TYZAVAN],TYZAVAN,VANCOMYCIN 5 MG/ML,INJECTION
2000136,SBD,VANCOMYCIN 50 MG/ML ORAL SOLUTION [FIRVANQ],FIRVANQ,VANCOMYCIN 50 MG/ML,ORAL SOLUTION
2000134,SCD,VANCOMYCIN 50 MG/ML ORAL SOLUTION,,VANCOMYCIN 50 MG/ML,ORAL SOLUTION
1807516,SCD,VANCOMYCIN 500 MG INJECTION,,VANCOMYCIN 500 MG,INJECTION
1807518,SCD,VANCOMYCIN 750 MG INJECTION,,VANCOMYCIN 750 MG,INJECTION
1114074,SBD,VANDETANIB 100 MG ORAL TABLET [CAPRELSA],CAPRELSA,VANDETANIB 100 MG,ORAL TABLET
1114096,SBD,VANDETANIB 300 MG ORAL TABLET [CAPRELSA],CAPRELSA,VANDETANIB 300 MG,ORAL TABLET
2572371,SBD,VARENICLINE 0.03 MG/ACTUAT NASAL SPRAY [TYRVAYA],TYRVAYA,VARENICLINE 0.03 MG/ACTUAT,NASAL SPRAY
637188,SBD,VARENICLINE 0.5 MG ORAL TABLET [CHANTIX],CHANTIX,VARENICLINE 0.5 MG,ORAL TABLET
636671,SCD,VARENICLINE 0.5 MG ORAL TABLET,,VARENICLINE 0.5 MG,ORAL TABLET
749289,GPCK,{11 (VARENICLINE 0.5 MG ORAL TABLET) / 42 (VARENICLINE 1 MG ORAL TABLET) } PACK,,VARENICLINE 0.5 MG / VARENICLINE 1 MG,PACK
795737,BPCK,{11 (VARENICLINE 0.5 MG ORAL TABLET [CHANTIX]) / 42 (VARENICLINE 1 MG ORAL TABLET [CHANTIX]) } PACK [CHANTIX FIRST MONTH OF THERAPY],CHANTIX FIRST MONTH OF THERAPY,VARENICLINE 0.5 MG / VARENICLINE 1 MG,PACK
749788,GPCK,{56 (VARENICLINE 1 MG ORAL TABLET) } PACK,,VARENICLINE 1 MG,PACK
637190,SBD,VARENICLINE 1 MG ORAL TABLET [CHANTIX],CHANTIX,VARENICLINE 1 MG,ORAL TABLET
795735,BPCK,{56 (VARENICLINE 1 MG ORAL TABLET [CHANTIX]) } PACK [CHANTIX CONTINUING MONTHS OF THERAPY],CHANTIX CONTINUING MONTHS OF THERAPY,VARENICLINE 1 MG,PACK
636676,SCD,VARENICLINE 1 MG ORAL TABLET,,VARENICLINE 1 MG,ORAL TABLET
1986830,SBD,"0.5 ML VARICELLA ZOSTER VIRUS GLYCOPROTEIN E, RECOMBINANT 0.1 MG/ML INJECTION [SHINGRIX]",SHINGRIX,"VARICELLA ZOSTER VIRUS GLYCOPROTEIN E, RECOMBINANT 0.1 MG/ML",INJECTION
2719778,SBD,"0.5 ML VARICELLA ZOSTER VIRUS GLYCOPROTEIN E, RECOMBINANT 0.1 MG/ML PREFILLED SYRINGE [SHINGRIX]",SHINGRIX,"VARICELLA ZOSTER VIRUS GLYCOPROTEIN E, RECOMBINANT 0.1 MG/ML",PREFILLED SYRINGE
1292459,SBD,0.5 ML VARICELLA-ZOSTER VIRUS VACCINE LIVE (OKA-MERCK) STRAIN 2700 UNT/ML INJECTION [VARIVAX],VARIVAX,VARICELLA-ZOSTER VIRUS VACCINE LIVE (OKA-MERCK) STRAIN 2700 UNT/ML,INJECTION
2667342,SBD,0.68 ML VEDOLIZUMAB 159 MG/ML AUTO-INJECTOR [ENTYVIO],ENTYVIO,VEDOLIZUMAB 159 MG/ML,AUTO-INJECTOR
1147228,SBD,VEMURAFENIB 240 MG ORAL TABLET [ZELBORAF],ZELBORAF,VEMURAFENIB 240 MG,ORAL TABLET
1747577,SBD,VENETOCLAX 10 MG ORAL TABLET [VENCLEXTA],VENCLEXTA,VENETOCLAX 10 MG,ORAL TABLET
1747580,BPCK,{14 (VENETOCLAX 10 MG ORAL TABLET [VENCLEXTA]) / 21 (VENETOCLAX 100 MG ORAL TABLET [VENCLEXTA]) / 7 (VENETOCLAX 50 MG ORAL TABLET [VENCLEXTA]) } PACK [VENCLEXTA STARTING PACK],VENCLEXTA STARTING PACK,VENETOCLAX 10 MG / VENETOCLAX 100 MG / VENETOCLAX 50 MG,PACK
1747567,SBD,VENETOCLAX 100 MG ORAL TABLET [VENCLEXTA],VENCLEXTA,VENETOCLAX 100 MG,ORAL TABLET
1747579,SBD,VENETOCLAX 50 MG ORAL TABLET [VENCLEXTA],VENCLEXTA,VENETOCLAX 50 MG,ORAL TABLET
313580,SCD,VENLAFAXINE 100 MG ORAL TABLET,,VENLAFAXINE 100 MG,ORAL TABLET
2605950,SCD,24 HR VENLAFAXINE 112.5 MG EXTENDED RELEASE ORAL TABLET,,VENLAFAXINE 112.5 MG,EXTENDED RELEASE ORAL TABLET
313581,SCD,24 HR VENLAFAXINE 150 MG EXTENDED RELEASE ORAL CAPSULE,,VENLAFAXINE 150 MG,EXTENDED RELEASE ORAL CAPSULE
808744,SCD,24 HR VENLAFAXINE 150 MG EXTENDED RELEASE ORAL TABLET,,VENLAFAXINE 150 MG,EXTENDED RELEASE ORAL TABLET
729931,SBD,24 HR VENLAFAXINE 150 MG EXTENDED RELEASE ORAL CAPSULE [EFFEXOR],EFFEXOR,VENLAFAXINE 150 MG,EXTENDED RELEASE ORAL CAPSULE
808748,SCD,24 HR VENLAFAXINE 225 MG EXTENDED RELEASE ORAL TABLET,,VENLAFAXINE 225 MG,EXTENDED RELEASE ORAL TABLET
313582,SCD,VENLAFAXINE 25 MG ORAL TABLET,,VENLAFAXINE 25 MG,ORAL TABLET
313583,SCD,24 HR VENLAFAXINE 37.5 MG EXTENDED RELEASE ORAL CAPSULE,,VENLAFAXINE 37.5 MG,EXTENDED RELEASE ORAL CAPSULE
729932,SBD,24 HR VENLAFAXINE 37.5 MG EXTENDED RELEASE ORAL CAPSULE [EFFEXOR],EFFEXOR,VENLAFAXINE 37.5 MG,EXTENDED RELEASE ORAL CAPSULE
313584,SCD,VENLAFAXINE 37.5 MG ORAL TABLET,,VENLAFAXINE 37.5 MG,ORAL TABLET
808751,SCD,24 HR VENLAFAXINE 37.5 MG EXTENDED RELEASE ORAL TABLET,,VENLAFAXINE 37.5 MG,EXTENDED RELEASE ORAL TABLET
314277,SCD,VENLAFAXINE 50 MG ORAL TABLET,,VENLAFAXINE 50 MG,ORAL TABLET
313586,SCD,VENLAFAXINE 75 MG ORAL TABLET,,VENLAFAXINE 75 MG,ORAL TABLET
808753,SCD,24 HR VENLAFAXINE 75 MG EXTENDED RELEASE ORAL TABLET,,VENLAFAXINE 75 MG,EXTENDED RELEASE ORAL TABLET
729929,SBD,24 HR VENLAFAXINE 75 MG EXTENDED RELEASE ORAL CAPSULE [EFFEXOR],EFFEXOR,VENLAFAXINE 75 MG,EXTENDED RELEASE ORAL CAPSULE
313585,SCD,24 HR VENLAFAXINE 75 MG EXTENDED RELEASE ORAL CAPSULE,,VENLAFAXINE 75 MG,EXTENDED RELEASE ORAL CAPSULE
897584,SCD,24 HR VERAPAMIL HYDROCHLORIDE 100 MG EXTENDED RELEASE ORAL CAPSULE,,VERAPAMIL HYDROCHLORIDE 100 MG,EXTENDED RELEASE ORAL CAPSULE
897659,SCD,VERAPAMIL HYDROCHLORIDE 120 MG EXTENDED RELEASE ORAL TABLET,,VERAPAMIL HYDROCHLORIDE 120 MG,EXTENDED RELEASE ORAL TABLET
897666,SCD,VERAPAMIL HYDROCHLORIDE 120 MG ORAL TABLET,,VERAPAMIL HYDROCHLORIDE 120 MG,ORAL TABLET
897612,SCD,24 HR VERAPAMIL HYDROCHLORIDE 120 MG EXTENDED RELEASE ORAL CAPSULE,,VERAPAMIL HYDROCHLORIDE 120 MG,EXTENDED RELEASE ORAL CAPSULE
897640,SCD,VERAPAMIL HYDROCHLORIDE 180 MG EXTENDED RELEASE ORAL TABLET,,VERAPAMIL HYDROCHLORIDE 180 MG,EXTENDED RELEASE ORAL TABLET
897618,SCD,24 HR VERAPAMIL HYDROCHLORIDE 180 MG EXTENDED RELEASE ORAL CAPSULE,,VERAPAMIL HYDROCHLORIDE 180 MG,EXTENDED RELEASE ORAL CAPSULE
897590,SCD,24 HR VERAPAMIL HYDROCHLORIDE 200 MG EXTENDED RELEASE ORAL CAPSULE,,VERAPAMIL HYDROCHLORIDE 200 MG,EXTENDED RELEASE ORAL CAPSULE
897649,SCD,VERAPAMIL HYDROCHLORIDE 240 MG EXTENDED RELEASE ORAL TABLET,,VERAPAMIL HYDROCHLORIDE 240 MG,EXTENDED RELEASE ORAL TABLET
897624,SCD,24 HR VERAPAMIL HYDROCHLORIDE 240 MG EXTENDED RELEASE ORAL CAPSULE,,VERAPAMIL HYDROCHLORIDE 240 MG,EXTENDED RELEASE ORAL CAPSULE
897596,SCD,24 HR VERAPAMIL HYDROCHLORIDE 300 MG EXTENDED RELEASE ORAL CAPSULE,,VERAPAMIL HYDROCHLORIDE 300 MG,EXTENDED RELEASE ORAL CAPSULE
897630,SCD,24 HR VERAPAMIL HYDROCHLORIDE 360 MG EXTENDED RELEASE ORAL CAPSULE,,VERAPAMIL HYDROCHLORIDE 360 MG,EXTENDED RELEASE ORAL CAPSULE
897722,SCD,VERAPAMIL HYDROCHLORIDE 40 MG ORAL TABLET,,VERAPAMIL HYDROCHLORIDE 40 MG,ORAL TABLET
897683,SCD,VERAPAMIL HYDROCHLORIDE 80 MG ORAL TABLET,,VERAPAMIL HYDROCHLORIDE 80 MG,ORAL TABLET
2475852,SBD,VERICIGUAT 10 MG ORAL TABLET [VERQUVO],VERQUVO,VERICIGUAT 10 MG,ORAL TABLET
2475856,SBD,VERICIGUAT 2.5 MG ORAL TABLET [VERQUVO],VERQUVO,VERICIGUAT 2.5 MG,ORAL TABLET
2475860,SBD,VERICIGUAT 5 MG ORAL TABLET [VERQUVO],VERQUVO,VERICIGUAT 5 MG,ORAL TABLET
2472321,SBD,VIBEGRON 75 MG ORAL TABLET [GEMTESA],GEMTESA,VIBEGRON 75 MG,ORAL TABLET
1812951,SBD,VIBRIO CHOLERAE CVD 103-HGR STRAIN LIVE ANTIGEN 12000000 UNT/ML ORAL SUSPENSION [VAXCHORA],VAXCHORA,VIBRIO CHOLERAE CVD 103-HGR STRAIN LIVE ANTIGEN 12000000 UNT/ML,ORAL SUSPENSION
2685223,SBD,VIGABATRIN 100 MG/ML ORAL SOLUTION [VIGAFYDE],VIGAFYDE,VIGABATRIN 100 MG/ML,ORAL SOLUTION
2642353,SBD,VIGABATRIN 500 MG ORAL TABLET [VIGADRONE],VIGADRONE,VIGABATRIN 500 MG,ORAL TABLET
860895,SBD,VIGABATRIN 500 MG ORAL TABLET [SABRIL],SABRIL,VIGABATRIN 500 MG,ORAL TABLET
250820,SCD,VIGABATRIN 500 MG POWDER FOR ORAL SOLUTION,,VIGABATRIN 500 MG,POWDER FOR ORAL SOLUTION
199521,SCD,VIGABATRIN 500 MG ORAL TABLET,,VIGABATRIN 500 MG,ORAL TABLET
2047868,SBD,VIGABATRIN 500 MG POWDER FOR ORAL SOLUTION [VIGADRONE],VIGADRONE,VIGABATRIN 500 MG,POWDER FOR ORAL SOLUTION
860898,SBD,VIGABATRIN 500 MG POWDER FOR ORAL SOLUTION [SABRIL],SABRIL,VIGABATRIN 500 MG,POWDER FOR ORAL SOLUTION
1086772,SCD,VILAZODONE HYDROCHLORIDE 10 MG ORAL TABLET,,VILAZODONE HYDROCHLORIDE 10 MG,ORAL TABLET
1086776,SBD,VILAZODONE HYDROCHLORIDE 10 MG ORAL TABLET [VIIBRYD],VIIBRYD,VILAZODONE HYDROCHLORIDE 10 MG,ORAL TABLET
1086778,SCD,VILAZODONE HYDROCHLORIDE 20 MG ORAL TABLET,,VILAZODONE HYDROCHLORIDE 20 MG,ORAL TABLET
1086780,SBD,VILAZODONE HYDROCHLORIDE 20 MG ORAL TABLET [VIIBRYD],VIIBRYD,VILAZODONE HYDROCHLORIDE 20 MG,ORAL TABLET
1086784,SCD,VILAZODONE HYDROCHLORIDE 40 MG ORAL TABLET,,VILAZODONE HYDROCHLORIDE 40 MG,ORAL TABLET
1086786,SBD,VILAZODONE HYDROCHLORIDE 40 MG ORAL TABLET [VIIBRYD],VIIBRYD,VILAZODONE HYDROCHLORIDE 40 MG,ORAL TABLET
2536554,SBD,24 HR VILOXAZINE 100 MG EXTENDED RELEASE ORAL CAPSULE [QELBREE],QELBREE,VILOXAZINE 100 MG,EXTENDED RELEASE ORAL CAPSULE
2536752,SBD,24 HR VILOXAZINE 150 MG EXTENDED RELEASE ORAL CAPSULE [QELBREE],QELBREE,VILOXAZINE 150 MG,EXTENDED RELEASE ORAL CAPSULE
2536758,SBD,24 HR VILOXAZINE 200 MG EXTENDED RELEASE ORAL CAPSULE [QELBREE],QELBREE,VILOXAZINE 200 MG,EXTENDED RELEASE ORAL CAPSULE
2705412,SBD,VIMSELTINIB 14 MG ORAL CAPSULE [ROMVIMZA],ROMVIMZA,VIMSELTINIB 14 MG,ORAL CAPSULE
2705416,SBD,VIMSELTINIB 20 MG ORAL CAPSULE [ROMVIMZA],ROMVIMZA,VIMSELTINIB 20 MG,ORAL CAPSULE
2705420,SBD,VIMSELTINIB 30 MG ORAL CAPSULE [ROMVIMZA],ROMVIMZA,VIMSELTINIB 30 MG,ORAL CAPSULE
1242998,SBD,VISMODEGIB 150 MG ORAL CAPSULE [ERIVEDGE],ERIVEDGE,VISMODEGIB 150 MG,ORAL CAPSULE
2475406,SBD,VOCLOSPORIN 7.9 MG ORAL CAPSULE [LUPKYNIS],LUPKYNIS,VOCLOSPORIN 7.9 MG,ORAL CAPSULE
2669513,SBD,VONOPRAZAN 10 MG ORAL TABLET [VOQUEZNA],VOQUEZNA,VONOPRAZAN 10 MG,ORAL TABLET
2669515,SBD,VONOPRAZAN 20 MG ORAL TABLET [VOQUEZNA],VOQUEZNA,VONOPRAZAN 20 MG,ORAL TABLET
2690659,SBD,VORASIDENIB 10 MG ORAL TABLET [VORANIGO],VORANIGO,VORASIDENIB 10 MG,ORAL TABLET
2690663,SBD,VORASIDENIB 40 MG ORAL TABLET [VORANIGO],VORANIGO,VORASIDENIB 40 MG,ORAL TABLET
349434,SCD,VORICONAZOLE 200 MG ORAL TABLET,,VORICONAZOLE 200 MG,ORAL TABLET
351209,SCD,VORICONAZOLE 200 MG INJECTION,,VORICONAZOLE 200 MG,INJECTION
352220,SBD,VORICONAZOLE 200 MG INJECTION [VFEND],VFEND,VORICONAZOLE 200 MG,INJECTION
465355,SCD,VORICONAZOLE 40 MG/ML ORAL SUSPENSION,,VORICONAZOLE 40 MG/ML,ORAL SUSPENSION
546624,SBD,VORICONAZOLE 40 MG/ML ORAL SUSPENSION [VFEND],VFEND,VORICONAZOLE 40 MG/ML,ORAL SUSPENSION
349435,SCD,VORICONAZOLE 50 MG ORAL TABLET,,VORICONAZOLE 50 MG,ORAL TABLET
668606,SBD,VORINOSTAT 100 MG ORAL CAPSULE [ZOLINZA],ZOLINZA,VORINOSTAT 100 MG,ORAL CAPSULE
1790886,SBD,VORTIOXETINE 10 MG ORAL TABLET [TRINTELLIX],TRINTELLIX,VORTIOXETINE 10 MG,ORAL TABLET
1790890,SBD,VORTIOXETINE 20 MG ORAL TABLET [TRINTELLIX],TRINTELLIX,VORTIOXETINE 20 MG,ORAL TABLET
1790892,SBD,VORTIOXETINE 5 MG ORAL TABLET [TRINTELLIX],TRINTELLIX,VORTIOXETINE 5 MG,ORAL TABLET
2586369,SBD,VOSORITIDE 0.4 MG INJECTION [VOXZOGO],VOXZOGO,VOSORITIDE 0.4 MG,INJECTION
2586373,SBD,VOSORITIDE 0.56 MG INJECTION [VOXZOGO],VOXZOGO,VOSORITIDE 0.56 MG,INJECTION
2586377,SBD,VOSORITIDE 1.2 MG INJECTION [VOXZOGO],VOXZOGO,VOSORITIDE 1.2 MG,INJECTION
855288,SCD,WARFARIN SODIUM 1 MG ORAL TABLET,,WARFARIN SODIUM 1 MG,ORAL TABLET
855292,SBD,WARFARIN SODIUM 1 MG ORAL TABLET [JANTOVEN],JANTOVEN,WARFARIN SODIUM 1 MG,ORAL TABLET
855296,SCD,WARFARIN SODIUM 10 MG ORAL TABLET,,WARFARIN SODIUM 10 MG,ORAL TABLET
855300,SBD,WARFARIN SODIUM 10 MG ORAL TABLET [JANTOVEN],JANTOVEN,WARFARIN SODIUM 10 MG,ORAL TABLET
855302,SCD,WARFARIN SODIUM 2 MG ORAL TABLET,,WARFARIN SODIUM 2 MG,ORAL TABLET
855306,SBD,WARFARIN SODIUM 2 MG ORAL TABLET [JANTOVEN],JANTOVEN,WARFARIN SODIUM 2 MG,ORAL TABLET
855312,SCD,WARFARIN SODIUM 2.5 MG ORAL TABLET,,WARFARIN SODIUM 2.5 MG,ORAL TABLET
855316,SBD,WARFARIN SODIUM 2.5 MG ORAL TABLET [JANTOVEN],JANTOVEN,WARFARIN SODIUM 2.5 MG,ORAL TABLET
855318,SCD,WARFARIN SODIUM 3 MG ORAL TABLET,,WARFARIN SODIUM 3 MG,ORAL TABLET
855322,SBD,WARFARIN SODIUM 3 MG ORAL TABLET [JANTOVEN],JANTOVEN,WARFARIN SODIUM 3 MG,ORAL TABLET
855324,SCD,WARFARIN SODIUM 4 MG ORAL TABLET,,WARFARIN SODIUM 4 MG,ORAL TABLET
855328,SBD,WARFARIN SODIUM 4 MG ORAL TABLET [JANTOVEN],JANTOVEN,WARFARIN SODIUM 4 MG,ORAL TABLET
855332,SCD,WARFARIN SODIUM 5 MG ORAL TABLET,,WARFARIN SODIUM 5 MG,ORAL TABLET
855336,SBD,WARFARIN SODIUM 5 MG ORAL TABLET [JANTOVEN],JANTOVEN,WARFARIN SODIUM 5 MG,ORAL TABLET
855338,SCD,WARFARIN SODIUM 6 MG ORAL TABLET,,WARFARIN SODIUM 6 MG,ORAL TABLET
855342,SBD,WARFARIN SODIUM 6 MG ORAL TABLET [JANTOVEN],JANTOVEN,WARFARIN SODIUM 6 MG,ORAL TABLET
855344,SCD,WARFARIN SODIUM 7.5 MG ORAL TABLET,,WARFARIN SODIUM 7.5 MG,ORAL TABLET
855348,SBD,WARFARIN SODIUM 7.5 MG ORAL TABLET [JANTOVEN],JANTOVEN,WARFARIN SODIUM 7.5 MG,ORAL TABLET
1658241,SBD,0.5 ML YELLOW FEVER VIRUS STRAIN 17D-204 LIVE ANTIGEN 4000 UNT/ML INJECTION [YF-VAX],YF-VAX,YELLOW FEVER VIRUS STRAIN 17D-204 LIVE ANTIGEN 4000 UNT/ML,INJECTION
313758,SCD,ZAFIRLUKAST 10 MG ORAL TABLET,,ZAFIRLUKAST 10 MG,ORAL TABLET
199655,SCD,ZAFIRLUKAST 20 MG ORAL TABLET,,ZAFIRLUKAST 20 MG,ORAL TABLET
313761,SCD,ZALEPLON 10 MG ORAL CAPSULE,,ZALEPLON 10 MG,ORAL CAPSULE
313762,SCD,ZALEPLON 5 MG ORAL CAPSULE,,ZALEPLON 5 MG,ORAL CAPSULE
759473,SBD,20 ACTUAT ZANAMIVIR 5 MG/ACTUAT DRY POWDER INHALER [RELENZA],RELENZA,ZANAMIVIR 5 MG/ACTUAT,DRY POWDER INHALER
2719223,SBD,ZANUBRUTINIB 160 MG ORAL TABLET [BRUKINSA],BRUKINSA,ZANUBRUTINIB 160 MG,ORAL TABLET
2637980,SBD,ZAVEGEPANT 10 MG NASAL SPRAY [ZAVZPRET],ZAVZPRET,ZAVEGEPANT 10 MG,NASAL SPRAY
755298,SBD,ZIDOVUDINE 10 MG/ML ORAL SOLUTION [RETROVIR],RETROVIR,ZIDOVUDINE 10 MG/ML,ORAL SOLUTION
756209,SCD,ZIDOVUDINE 10 MG/ML ORAL SOLUTION,,ZIDOVUDINE 10 MG/ML,ORAL SOLUTION
198352,SCD,ZIDOVUDINE 100 MG ORAL CAPSULE,,ZIDOVUDINE 100 MG,ORAL CAPSULE
201907,SBD,ZIDOVUDINE 100 MG ORAL CAPSULE [RETROVIR],RETROVIR,ZIDOVUDINE 100 MG,ORAL CAPSULE
199663,SCD,ZIDOVUDINE 300 MG ORAL TABLET,,ZIDOVUDINE 300 MG,ORAL TABLET
2725996,SBD,ZIFTOMENIB 200 MG ORAL CAPSULE [KOMZIFTI],KOMZIFTI,ZIFTOMENIB 200 MG,ORAL CAPSULE
730834,SCD,12 HR ZILEUTON 600 MG EXTENDED RELEASE ORAL TABLET,,ZILEUTON 600 MG,EXTENDED RELEASE ORAL TABLET
2672505,SBD,0.574 ML ZILUCOPLAN 40 MG/ML PREFILLED SYRINGE [ZILBRYSQ],ZILBRYSQ,ZILUCOPLAN 40 MG/ML,PREFILLED SYRINGE
2672502,SBD,0.416 ML ZILUCOPLAN 40 MG/ML PREFILLED SYRINGE [ZILBRYSQ],ZILBRYSQ,ZILUCOPLAN 40 MG/ML,PREFILLED SYRINGE
2672507,SBD,0.81 ML ZILUCOPLAN 40 MG/ML PREFILLED SYRINGE [ZILBRYSQ],ZILBRYSQ,ZILUCOPLAN 40 MG/ML,PREFILLED SYRINGE
351223,SCD,ZIPRASIDONE 20 MG INJECTION,,ZIPRASIDONE 20 MG,INJECTION
285127,SBD,ZIPRASIDONE 20 MG ORAL CAPSULE [GEODON],GEODON,ZIPRASIDONE 20 MG,ORAL CAPSULE
314286,SCD,ZIPRASIDONE 20 MG ORAL CAPSULE,,ZIPRASIDONE 20 MG,ORAL CAPSULE
352228,SBD,ZIPRASIDONE 20 MG INJECTION [GEODON],GEODON,ZIPRASIDONE 20 MG,INJECTION
284548,SBD,ZIPRASIDONE 40 MG ORAL CAPSULE [GEODON],GEODON,ZIPRASIDONE 40 MG,ORAL CAPSULE
313776,SCD,ZIPRASIDONE 40 MG ORAL CAPSULE,,ZIPRASIDONE 40 MG,ORAL CAPSULE
284549,SBD,ZIPRASIDONE 60 MG ORAL CAPSULE [GEODON],GEODON,ZIPRASIDONE 60 MG,ORAL CAPSULE
313777,SCD,ZIPRASIDONE 60 MG ORAL CAPSULE,,ZIPRASIDONE 60 MG,ORAL CAPSULE
284550,SBD,ZIPRASIDONE 80 MG ORAL CAPSULE [GEODON],GEODON,ZIPRASIDONE 80 MG,ORAL CAPSULE
313778,SCD,ZIPRASIDONE 80 MG ORAL CAPSULE,,ZIPRASIDONE 80 MG,ORAL CAPSULE
153353,SBD,ZOLMITRIPTAN 2.5 MG ORAL TABLET [ZOMIG],ZOMIG,ZOLMITRIPTAN 2.5 MG,ORAL TABLET
200193,SCD,ZOLMITRIPTAN 2.5 MG ORAL TABLET,,ZOLMITRIPTAN 2.5 MG,ORAL TABLET
284201,SCD,ZOLMITRIPTAN 2.5 MG DISINTEGRATING ORAL TABLET,,ZOLMITRIPTAN 2.5 MG,DISINTEGRATING ORAL TABLET
1483677,SCD,ZOLMITRIPTAN 2.5 MG/ACTUAT NASAL SPRAY,,ZOLMITRIPTAN 2.5 MG/ACTUAT,NASAL SPRAY
1483679,SBD,ZOLMITRIPTAN 2.5 MG/ACTUAT NASAL SPRAY [ZOMIG],ZOMIG,ZOLMITRIPTAN 2.5 MG/ACTUAT,NASAL SPRAY
213167,SBD,ZOLMITRIPTAN 5 MG ORAL TABLET [ZOMIG],ZOMIG,ZOLMITRIPTAN 5 MG,ORAL TABLET
200194,SCD,ZOLMITRIPTAN 5 MG ORAL TABLET,,ZOLMITRIPTAN 5 MG,ORAL TABLET
351134,SCD,ZOLMITRIPTAN 5 MG DISINTEGRATING ORAL TABLET,,ZOLMITRIPTAN 5 MG,DISINTEGRATING ORAL TABLET
402169,SBD,ZOLMITRIPTAN 5 MG/ACTUAT NASAL SPRAY [ZOMIG],ZOMIG,ZOLMITRIPTAN 5 MG/ACTUAT,NASAL SPRAY
402000,SCD,ZOLMITRIPTAN 5 MG/ACTUAT NASAL SPRAY,,ZOLMITRIPTAN 5 MG/ACTUAT,NASAL SPRAY
1232194,SCD,ZOLPIDEM TARTRATE 1.75 MG SUBLINGUAL TABLET,,ZOLPIDEM TARTRATE 1.75 MG,SUBLINGUAL TABLET
854875,SBD,ZOLPIDEM TARTRATE 10 MG ORAL TABLET [AMBIEN],AMBIEN,ZOLPIDEM TARTRATE 10 MG,ORAL TABLET
854873,SCD,ZOLPIDEM TARTRATE 10 MG ORAL TABLET,,ZOLPIDEM TARTRATE 10 MG,ORAL TABLET
836645,SBD,ZOLPIDEM TARTRATE 10 MG SUBLINGUAL TABLET [EDLUAR],EDLUAR,ZOLPIDEM TARTRATE 10 MG,SUBLINGUAL TABLET
854882,SBD,ZOLPIDEM TARTRATE 12.5 MG EXTENDED RELEASE ORAL TABLET [AMBIEN],AMBIEN,ZOLPIDEM TARTRATE 12.5 MG,EXTENDED RELEASE ORAL TABLET
854880,SCD,ZOLPIDEM TARTRATE 12.5 MG EXTENDED RELEASE ORAL TABLET,,ZOLPIDEM TARTRATE 12.5 MG,EXTENDED RELEASE ORAL TABLET
1232202,SCD,ZOLPIDEM TARTRATE 3.5 MG SUBLINGUAL TABLET,,ZOLPIDEM TARTRATE 3.5 MG,SUBLINGUAL TABLET
836649,SBD,ZOLPIDEM TARTRATE 5 MG SUBLINGUAL TABLET [EDLUAR],EDLUAR,ZOLPIDEM TARTRATE 5 MG,SUBLINGUAL TABLET
854876,SCD,ZOLPIDEM TARTRATE 5 MG ORAL TABLET,,ZOLPIDEM TARTRATE 5 MG,ORAL TABLET
854878,SBD,ZOLPIDEM TARTRATE 5 MG ORAL TABLET [AMBIEN],AMBIEN,ZOLPIDEM TARTRATE 5 MG,ORAL TABLET
854896,SBD,ZOLPIDEM TARTRATE 6.25 MG EXTENDED RELEASE ORAL TABLET [AMBIEN],AMBIEN,ZOLPIDEM TARTRATE 6.25 MG,EXTENDED RELEASE ORAL TABLET
854894,SCD,ZOLPIDEM TARTRATE 6.25 MG EXTENDED RELEASE ORAL TABLET,,ZOLPIDEM TARTRATE 6.25 MG,EXTENDED RELEASE ORAL TABLET
2637353,SCD,ZOLPIDEM TARTRATE 7.5 MG ORAL CAPSULE,,ZOLPIDEM TARTRATE 7.5 MG,ORAL CAPSULE
2721615,SBD,ZONGERTINIB 60 MG ORAL TABLET [HERNEXEOS],HERNEXEOS,ZONGERTINIB 60 MG,ORAL TABLET
284408,SBD,ZONISAMIDE 100 MG ORAL CAPSULE [ZONEGRAN],ZONEGRAN,ZONISAMIDE 100 MG,ORAL CAPSULE
314285,SCD,ZONISAMIDE 100 MG ORAL CAPSULE,,ZONISAMIDE 100 MG,ORAL CAPSULE
2606788,SBD,ZONISAMIDE 20 MG/ML ORAL SUSPENSION [ZONISADE],ZONISADE,ZONISAMIDE 20 MG/ML,ORAL SUSPENSION
403966,SCD,ZONISAMIDE 25 MG ORAL CAPSULE,,ZONISAMIDE 25 MG,ORAL CAPSULE
404725,SBD,ZONISAMIDE 25 MG ORAL CAPSULE [ZONEGRAN],ZONEGRAN,ZONISAMIDE 25 MG,ORAL CAPSULE
403967,SCD,ZONISAMIDE 50 MG ORAL CAPSULE,,ZONISAMIDE 50 MG,ORAL CAPSULE
2669916,SBD,ZURANOLONE 20 MG ORAL CAPSULE [ZURZUVAE],ZURZUVAE,ZURANOLONE 20 MG,ORAL CAPSULE
2669920,SBD,ZURANOLONE 25 MG ORAL CAPSULE [ZURZUVAE],ZURZUVAE,ZURANOLONE 25 MG,ORAL CAPSULE
2669924,SBD,ZURANOLONE 30 MG ORAL CAPSULE [ZURZUVAE],ZURZUVAE,ZURANOLONE 30 MG,ORAL CAPSULE
