5654
5657
5658
16248
22794
98648
99360
99467
99526
102042
102740
104221
106278
107219
107600
107773
108766
108767
108807
112081
113445
116104
118205
128523
128525
132400
132406
137209
137701
145409
147985
150533
151080
151194
151198
152292
152295
153463
157332
162054
171391
175160
182893
189609
239330
319049
319665
323132
324888
325207
326037
326370
326731
327167
327807
329448
329531
332613
336171
337055
337340
337577
337578
337579
339080
341803
342839
344185
345011
345523
346469
347026
348598
348599
349289
349379
350370
352899
352902
352903
353558
354364
355921
356631
358928
359446
359970
359971
362083
364655
365704
367910
367936
367937
368104
369978
369979
369980
370416
370478
371071
371074
371076
371081
372844
373984
374912
374913
376967
377045
379587
379588
381253
381795
384245
384603
385712
386077
386124
386127
386326
387903
388180
388221
390171
391553
393658
393659
400767
402013
403620
403621
405626
405703
406486
407519
407657
408934
413797
415241
415601
415602
415990
415991
417107
417401
418192
418342
428970
497960
518242
630518
635774
670695
765205
765887
766938
767394
768768
773525
775361
775501
776381
776792
780253
780256
781407
781408
781409
782246
785126
786050
786946
789182
789415
790981
791296
791772
792801
794599
795090
798749
800726
800758
800759
800762
800764
800776
800778
800976
800978
800980
800982
800983
803229
803289
803291
803292
803640
806893
807051
807506
809628
809786
811745
813145
815154
815155
815551
816845
818474
821080
825922
828153
828636
828638
828773
828775
828778
829316
829326
829419
829422
829555
857098
943150
1004038
1088948
1089365
1089594
1089619
1089879
1091715
1092604
1095466
1095840
1098298
1098994
1099837
1099905
1101550
1102692
1104464
1104736
1106027
1106173
1107207
1107272
1108289
1108290
1122451
1127201
1142854
1168294
1202996
1237088
1274962
1286863
1287041
1287279
1288673
1290483
1291833
1291863
1291864
1292333
1296792
1299684
1299689
1299696
1301888
1304717
1304731
1306551
1345213
1348471
1385906
1386476
1390963
1391995
1393974
1397371
1398445
1398902
1398903
1399654
1399655
1400559
1401681
1401688
1402732
1404712
1404741
1404820
1405794
1406420
1406495
1406878
1406881
1407833
1408263
1408264
1408265
1408700
1409483
1414861
1415080
1415816
1419371
1422364
1427282
1428900
1428985
1430743
1430890
1430975
1433393
1433400
1434939
1434955
1434963
1434964
1434965
1434967
1434968
1434969
1435630
1436155
1437222
1441510
1443241
1447447
1447449
1448602
1453151
1453518
1453530
1456337
1456961
1459553
1462057
1462274
1464538
1464539
1464540
1464709
1464710
1468968
1469013
1469925
1472189
1472875
1473863
1473864
1473866
1478496
1483636
1484613
1488655
1490455
1490707
1495460
1496152
1496485
1496489
1497779
1499484
1500049
1500288
1500289
1500292
1500908
1503044
1505158
1506908
1506947
1507214
1507381
1508243
1508283
1509045
1511909
1511968
1512912
1513380
1513497
1518314
1518614
1518993
1524521
1527880
1528135
1528223
1528224
1530737
1532732
1533385
1535870
1538039
1538537
1540264
1540371
1540419
1541452
1542360
1542448
1543314
1544533
1545182
1545468
1546999
1548124
1548533
1548721
1548956
1549391
1549392
1550829
1552631
1553133
1555785
1556057
1556360
1556373
1556533
1556797
1556881
1558431
1558636
1558637
1559325
1559412
1559418
1559419
1559421
1559425
1559721
1559722
1559724
1559727
1559728
1560658
1560659
1560661
1560984
1561364
1562938
1563287
1563523
1563954
1563955
1564905
1572819
1574196
1574347
1574779
1574781
1574787
1575628
1575805
1575806
1576575
1577378
1579275
1579952
1580078
1580833
1583916
1583921
1585467
1585925
1587985
1590115
1592272
1592605
1593038
1593916
1595699
1595713
1596220
1597760
1600680
1601290
1601291
1605766
1605992
1606821
1607165
1607573
1609179
1610240
1612722
1614232
1614335
1614380
1614382
1614471
1614559
1616410
1618398
1619251
1619253
1619369
1621191
1621641
1622470
1626551
1626554
1626555
1627002
1631602
1632151
1632152
1633665
1640217
1640619
1640766
1641432
1642527
1644412
1644504
1660445
1672699
1677077
1694548
1720521
1722136
1728098
1729586
1729587
1729632
1729947
1729949
1729955
1730404
1731136
1731717
1732178
1732377
1732852
1732855
1734164
1735333
1735546
1736022
1736198
1736857
1737705
1737706
1737709
1739037
1739054
1739155
1739466
1740292
1740618
1741787
1742006
1743458
1743500
1743969
1743971
1743974
1744236
1744497
1744953
1744960
1745133
1745618
1746579
1746760
1746796
1747173
1748373
1748375
1750850
1751902
1753187
1753270
1754266
1754268
1754269
1759239
1760785
1761307
1761308
1761313
1762980
1763540
1763774
1764161
1766480
1766909
1768298
1769756
1769757
1775354
1778484
1778557
1778558
1778559
1778568
1779014
1780159
1784553
1787065
1787072
1789069
1789073
1791790
1794675
1795388
1795745
1800575
1800576
1801190
1801289
1802522
1805844
1813532
1813555
1814995
1815004
1816341
1816783
1820148
1824459
1826493
1826496
1829708
1829711
1829712
1829713
1833338
1833339
1838268
1838269
1841567
1849110
1852457
1857432
1857568
1857913
1861117
1861118
1863176
1865384
1865546
1867544
1869247
1869249
1870663
1871584
1872247
1872498
1874511
1876394
1877421
1878115
1879182
1880480
1880481
1880890
1880891
1882319
1882358
1884925
1885130
1885201
1885868
1887242
1887827
1888092
1888252
1894203
1898646
1899455
1899895
1900091
1900894
1901565
1902268
1902269
1902293
1903520
1904316
1904390
1904518
1905110
1905393
1906167
1906564
1906590
1907430
1907594
1907803
1908597
1908811
1909128
1909288
1909354
1910066
1910185
1910210
1910277
1910657
1913496
1916722
1916723
1917442
1919491
1920722
1921653
1921933
1922989
1923266
1923537
1923542
1923653
1923736
1925983
1925984
1925988
1926300
1928087
1928935
1929689
1929920
1930584
1931332
1931340
1937443
1937445
1942022
1942412
1942420
1944025
1945351
1945445
1947315
1948465
1949877
1949912
1950886
1951363
1951812
1953229
1956348
1956635
1958915
1961168
1961288
1961303
1962297
1984356
1984713
1986321
1988319
1989221
1989468
1990118
1992718
1993525
1993526
1993527
1993528
1993538
1993610
1993616
1995977
1996594
1996827
1999641
1999738
2001566
2001567
2001572
2001860
2002938
2003488
2004864
2005941
2008017
2008193
2010209
2010212
2010662
2012040
2016169
2016839
2017124
2017641
2017642
2017651
2020067
2020068
2020069
2020072
2021462
2021466
2023015
2023667
2027629
2027987
2029100
2030424
2030888
2031228
2031231
2034498
2035300
2037215
2040881
2041117
2042658
2043013
2045045
2045055
2046122
2046557
2046558
2046559
2046560
2048799
2050222
2055755
2056290
2056612
2056627
2057653
2060434
2061054
2061534
2061985
2063252
2064094
2066556
2067032
2067166
2068327
2069666
2071105
2071306
2072430
2072770
2074905
2100984
2103158
2104666
2104669
2104821
2104926
2105401
2105404
2105736
2105904
2106592
2106625
2107155
2107765
2108201
2108202
2108596
2108840
2108917
2109105
2109738
2109742
2109847
2110054
2110992
2111273
2113024
2113065
2113104
2113544
2113548
2114593
2114795
2115496
2115614
2115900
2116384
2116615
2117221
2117670
2118337
2118489
2119240
2120313
2120321
2120473
2120474
2120475
2120476
2120477
2120478
2120658
2120660
2120793
2121023
2121054
2121071
2121304
2121306
2121634
2121638
2121812
2121920
2122176
2122260
2122333
2123839
2124590
2125749
2127389
2127479
2128817
2130895
2132551
2133979
2134748
2134749
2134987
2136657
2136663
2136668
2138147
2139004
2139009
2142129
2142130
2142132
2142133
2142136
2142384
2143668
2145223
2145224
2145226
2145228
2147384
2148303
2148304
2148305
2148312
2148313
2156767
2162630
2163950
2179065
2179108
2179437
2179490
2179703
2179705
2180127
2180846
2182493
2182494
2182495
2182496
2182499
2183054
2183059
2183724
2184387
2185184
2185579
2185598
2185796
2185982
2185983
2187752
2187917
2188303
2188703
2188793
2190904
2191165
2191899
2191900
2191998
2192285
2192567
2193206
2193455
2193676
2193677
2193680
2193869
2193871
2193965
2194171
2195252
2195310
2195488
2195713
2196308
2197213
2197375
2197451
2197769
2198673
2198674
2198675
2198762
2199414
2199551
2199863
2199912
2200744
2200747
2200895
2200934
2203587
2203670
2204649
2204672
2204852
2205073
2205092
2205218
2205323
2205441
2205562
2205757
2205765
2206088
2211129
2211132
2211175
2212443
2212892
2213462
2214062
2215275
2215781
2216155
2216512
2217565
2222096
2222561
2224322
2225818
2227786
2227787
2227894
2227896
2228460
2228524
2232922
2233646
2234135
2234676
2237579
2241442
2241520
2242287
2242900
2246462
2246639
2248264
2250728
2264945
2266010
2266921
2267808
2270149
2270678
2273218
2273377
2274317
2274898
2275317
2278285
2284626
2287998
2287999
2292741
2292999
2297378
2299893
2304015
2305917
2312963
2315744
2320247
2333709
2333866
2371704
2384249
2390140
2391640
2402159
2402175
2403444
2403469
2403661
2403968
2404099
2404169
2404402
2404416
2404844
2404848
2404915
2405096
2405247
2405364
2405376
2405503
2405825
2406398
2407419
2407776
2408035
2408811
2491799
2492065
2492086
2492214
2492371
2492675
2492754
2492795
2492981
2493073
2493111
2493113
2493332
2493359
2493418
2493525
2493679
2493790
2494096
2494127
2494134
2494370
2494396
2495241
2495499
2495778
2496020
2496308
2496483
2496513
2496599
2497036
2497082
2497086
2497273
2497320
2497566
2497639
2497950
2498527
2498583
2498854
2498970
2499116
2499279
2499529
2499557
2500298
2500309
2500520
2500893
2501596
2501875
2502768
2502976
2503556
2503728
2503891
2503898
2504093
2504266
2504916
2505002
2505078
2505613
2505615
2506848
2507364
2507431
2507432
2507615
2507616
2507623
2507625
2507989
2509538
2509911
2509912
2510100
2510508
2511531
2512462
2513371
2513471
2514369
2515553
2517223
2517983
2517984
2517985
2523342
2523343
2523344
2523346
2526085
2526088
2526090
2529208
2529213
2529214
2529217
2531933
2533172
2533173
2533176
2534153
2535580
2546987
2555317
2564896
2568830
2569240
2577829
2583693
2605905
2632423
2641737
2642460
2642604
2642779
2642889
2643556
2643720
2643774
2644163
2644529
2644741
2644831
2645795
2646201
2646610
2646875
2646887
2647065
2647090
2647879
2647902
2648073
2648167
2648168
2648203
2648322
2648637
2648638
2648639
2649306
2649432
2649695
2649697
2649698
2649702
2649753
2649773
2649774
2649797
2650666
2651258
2651261
2651263
2651264
2651265
2651276
2651807
2651929
2652004
2652035
2652298
2652370
2653366
2653998
2653999
2654000
2654001
2654152
2654278
2654326
2654604
2654605
2655510
2655628
2656487
2656489
2656829
2656845
2656850
2657075
2657530
2659025
2659038
2659490
2659836
2660310
2661402
2661487
2661488
2661608
2661705
2661745
2661746
2661755
2661874
2661875
2662068
2662485
2663766
2663930
2664596
2665465
2666274
2666300
2666914
2667507
2668153
2668235
2669350
2669591
2670732
2671827
2671951
2672803
2672804
2672805
2674450
2674647
2675374
2675885
2676816
2676817
2676818
2676825
2676835
2677122
2677214
2677217
2677219
2677726
2677845
2680664
2681064
2681339
2681340
2681527
2681860
2681913
2682165
2682270
2683812
2683813
2683814
2683903
2685318
2685481
2685613
2685619
2685671
2685672
2685774
2686079
2687152
2687433
2687455
2687740
2688168
2689572
2689576
2689857
2689939
2690311
2690874
2691193
2691288
2691379
2691382
2691545
2691600
2691959
2693578
2693582
2694841
2696788
2697304
2697543
2697679
2719053
2721970
2730438
2732810
2739040
2745709
2745743
2753253
2769101
2774542
2778477
2802362
2802890
2862522
2865512
2882744
2884273
2887499
2901436
2902055
2910158
2911615
2916887
2928970
2931366
2931368
2931370
2933334
2933335
2937726
2937728
2942475
2942477
2942479
2942480
2942481
2942484
2944838
2947857
2947858
2947859
2948028
2951332
2951333
2951335
2951336
2951337
2951338
2954911
2954913
2954930
2956242
2956635
2958410
2958412
2958413
2961693
2961694
2961695
2961696
2961697
2961698
2961700
2964094
2968312
2968314
2968315
2968318
2972620
2972621
2972622
2972623
2976049
2976050
2980752
2980878
2980906
2980915
2980933
2988478
2991109
3009746
3014557
3042266
3042511
3042844
3042845
3044959
3044963
3044966
3044970
3044971
3044972
3045555
3045557
3047578
3047755
3048119
3048578
3049294
3049752
3049895
3049970
3050169
3050170
3050171
3050173
3050174
3051496
3051679
3051680
3051695
3051697
3052475
3053007
3053008
3053393
3053398
3053401
3053998
3054054
3054178
3054187
3054352
3054469
3054582
3054583
3054819
3055899
3057037
3057113
3057114
3058072
3058099
3059201
3060449
3060450
3060561
3060562
3061015
3062127
3062357
3062394
3063464
3063640
3063642
3064368
3064589
3064624
3066566
3066567
3066732
3066733
3066734
3067573
3068108
3068109
3068197
3068824
3069310
3069312
3069899
3069900
3069901
3072037
3072038
3072878
3078545
3078558
3079833
3079880
3080276
3080599
3080615
3080617
3080623
3080680
3080687
3080884
3080906
3080907
3081422
3081462
3081732
3081772
3081809
3082192
3082193
3082211
3082260
3082261
3082269
3082395
3082470
3082501
3083160
3083272
3083311
3083701
3084161
3084395
3084888
3084930
3084976
3084993
3085062
3085071
3085522
3086199
3086640
3086684
3086720
3086793
3087150
3087376
3087689
3087855
3088088
3088092
3088099
3088190
3088341
3088503
3088595
3088702
3089968
3090378
3090497
3090503
3090977
3091235
3091335
3091868
3092161
3093365
3093783
3094373
3095186
3095266
3095267
3095605
3095714
3095943
3097385
3097962
3098098
3098381
3098447
3098497
3098659
3098670
3098671
3098827
3099106
3099233
3100069
3100879
3100951
3101227
3102171
3102172
3102173
3102334
3102335
3102344
3102403
3103243
3103998
3104189
3104192
3104193
3104523
3105123
3106265
3106266
3107366
3107407
3107408
3107449
3107792
3108316
3108664
3108747
3108846
3108911
3109267
3110043
3110242
3110341
3110657
3110719
3111277
3111317
3112537
3112696
3112858
3112971
3113224
3113239
3113835
3114171
3114635
3114824
3115124
3116893
3117487
3117672
3117866
3118066
3118284
3119172
3119447
3119867
3119975
3120064
3121258
3121530
3121720
3121774
3121951
3121955
3121957
3121958
3122364
3122365
3122544
3122652
3122708
3123516
3123542
3123815
3123929
3124271
3124682
3125015
3125500
3125801
3126157
3126489
3127322
3127598
3127642
3127709
3127713
3127741
3128126
3128149
3128196
3128306
3128956
3129234
3129256
3129340
3129353
3129939
3130032
3130322
3130323
3130421
3130422
3130617
3131544
3131554
3131599
3131601
3131678
3131679
3131890
3132430
3132500
3132596
3132597
3132626
3132700
3132957
3133323
3133524
3133592
3134036
3134581
3134621
3134835
3135155
3135279
3135385
3135419
3135983
3136205
3137146
3137514
3137667
3137670
3137809
3137854
3138173
3138302
3138507
3138508
3138663
3138668
3138671
3138672
3139014
3139375
3139735
3139941
3139942
3140153
3140278
3140466
3140664
3140756
3140757
3140758
3141632
3141725
3141854
3142326
3143261
3143268
3143282
3143283
3143921
3144174
3145394
3147936
3147996
3148129
3148650
3148679
3149307
3149539
3149542
3150190
3159668
3159670
3159672
3159673
3159674
3161907
3185650
3186560
3275570
3275574
3275576
3275577
3275893
3276229
3276595
3276596
3276603
3276606
3276609
3276610
3276611
3276751
3276766
3276839
3277426
3277451
3277604
3278043
3278236
3278411
3278963
3278989
3279781
3279934
3280452
3280453
3280455
3280458
3280459
3281035
3281422
3281630
3283010
3283012
3283019
3283020
3283023
3283027
3283168
3284847
3285332
3286474
3286811
3286913
3288547
3288549
3288552
3288818
3289422
3290081
3290082
3290083
3290322
3290859
3291402
3291591
3291622
3292695
3292995
3293387
3293462
3293603
3293905
3294055
3294562
3294563
3294565
3294566
3294744
3295007
3295423
3295424
3296748
3297974
3297976
3297979
3297985
3300302
3300339
3301621
3301622
3301745
3302100
3302318
3302324
3302794
3305270
3305271
3305291
3305296
3305298
3305419
3305426
3305674
3306387
3306528
3306993
3308640
3308672
3308673
3308674
3308676
3309756
3312460
3312472
3313809
3314911
3315430
3315918
3315942
3315943
3315947
3316123
3316367
3317142
3317150
3318481
3318614
3319888
3320191
3320592
3321522
3321523
3321696
3322189
3323007
3323294
3323384
3323542
3327007
3328839
3329426
3329427
3330409
3332560
3334407
3338309
3368397
3379988
3380972
3408332
3434625
3448824
3510154
3510156
3510157
3510959
3511081
3512401
3512405
3512407
3512483
3512895
3512927
3513010
3513453
3513656
3513680
3513934
3514419
3514497
3515193
3516545
3516850
3516854
3517126
3517513
3519073
3519405
3519408
3519422
3519423
3519425
3519426
3519530
3519534
3519732
3519991
3520779
3522397
3522398
3522402
3522403
3522404
3522485
3522714
3522794
3522802
3523067
3523536
3525375
3525376
3525377
3525467
3525468
3525727
3525784
3526157
3526567
3526907
3527547
3527916
3527936
3527938
3527939
3527940
3527941
3528051
3528509
3528854
3528939
3529464
3530129
3530961
3530963
3530965
3530967
3531877
3532198
3532426
3532772
3533013
3533749
3534006
3534067
3534178
3534652
3536717
3536724
3536725
3537348
3537875
3538664
3538965
3538966
3539745
3539747
3539748
3540182
3540325
3540332
3540748
3541019
3541389
3541477
3541710
3542789
3542791
3542792
3542795
3542796
3543204
3543596
3544441
3544997
3545649
3545697
3545738
3545792
3546043
3546054
3546055
3546056
3546058
3546059
3546061
3546063
3546064
3546068
3546757
3546759
3546968
3547068
3547069
3547070
3547634
3547684
3548529
3548860
3548863
3548865
3549518
3549526
3550046
3550549
3551179
3551193
3551194
3551594
3552324
3552517
3552933
3552936
3552938
3552943
3552944
3552949
3553286
3553306
3553954
3555024
3555124
3555127
3567804
3589336
3607634
3619226
3621895
3629316
3635387
3740682
3771196
3791099
3794266
3811057
3880596
3881674
3884306
3884856
3885301
3885480
3886517
3886518
3887051
3888232
3888811
3889580
3889645
3889734
3889860
3889861
3890231
3890531
3891576
3891577
3891669
3892007
3892059
3892499
3894202
3894203
3894207
3894666
3894945
3895105
3895530
3895754
3897021
3897023
3897714
3897866
3898827
3898873
3899899
3899994
3900453
3901399
3902612
3904431
3904625
3905552
3905565
3905569
3905570
3905572
3905573
3905709
3905711
3905943
3906295
3906457
3907056
3907097
3907337
3908551
3908552
3909006
3911046
3911047
3912450
3913629
3913631
3913632
3914217
3915050
3917422
3917441
3917466
3917494
3917891
3917893
3917971
3918090
3918186
3918438
3918525
3918545
3918807
3918922
3918925
3919081
3919082
3919083
3919255
3919294
3919296
3919298
3919299
3919417
3919623
3919696
3920171
3920601
3920783
3920789
3921332
3921494
3921782
3921836
3921844
3921893
3922228
3922874
3923148
3923448
3923597
3923846
3924006
3924540
3924742
3925330
3925775
3925879
3925901
3926622
3926623
3926624
3926717
3926718
3926721
3926860
3927015
3927018
3927164
3927205
3927385
3927487
3927693
3927694
3927697
3927925
3928619
3928914
3928986
3928988
3929229
3929757
3930378
3930595
3930964
3931329
3932258
3932692
3932694
3932853
3932976
3933046
3933334
3933336
3933453
3934037
3934056
3934232
3934326
3934471
3934488
3934489
3934490
3934491
3934492
3934493
3934571
3934625
3935016
3935429
3935520
3935713
3935715
3935716
3935717
3935718
3936872
3937761
3938455
3938456
3938484
3939154
3941696
3951116
3952529
3981590
4020907
4031340
4063903
4155920
4182703
4197154
4198223
4198655
4201076
4202521
4202555
4204539
4206812
4208892
4215737
4227613
4261336
4262810
4266713
4266928
4272486
4278089
4324338
4348570
4388411
4392208
4418274
4550218
4550957
4551117
4552852
4554510
4554837
4554840
4555988
4557345
4560321
4561403
4566217
4566428
4569601
4569666
4570363
4573219
4574423
4574973
4577466
4577670
4582558
4583750
4589389
4590307
4590649
4593607
4596832
4597821
4599543
4601399
4604449
4606480
4607253
4607254
4610448
4612086
4612260
4612262
4613519
4613520
4617775
4618208
4618551
4618982
4619923
4621992
4624661
4626171
4628239
4628380
4630724
4631057
4632190
4632873
4670616
4861457
4862293
4862294
4862908
4863203
4863218
4863383
4864334
4866249
4867816
4868684
4870210
4871618
4871821
4872697
4873782
4874274
4875872
4886179
4886494
4891293
4892984
4894374
4894553
4894581
4894755
4894977
4895366
4899822
4900553
4903086
4903357
4907026
4908760
4911496
4911585
4914743
4917411
4920889
4927224
4928704
4928957
4931255
4933555
4935168
4936361
4937158
4938871
4940688
4940804
4940838
4941456
4945643
4949265
4950135
4950735
4950738
4950741
4950742
4950751
4950754
4965835
4967019
4967020
4967431
4970968
4970969
4970971
4970974
4970976
4971581
4973254
4973441
4976392
4978150
4978400
4981616
4981628
4984170
4984844
4985281
4989389
4990951
4994497
4999671
5003980
5004348
5005714
5118681
5175670
5175708
5327613
5329713
5329946
5330076
5331366
5333972
5335886
5336482
5336592
5340094
5340755
5341019
5341909
5341935
5342083
5342728
5342749
5343128
5343241
5348496
5546360
5795699
5848099
5900712
5907608
5931119
5931653
5932223
5932224
5933453
5943312
5948209
5948438
5951981
6101364
6104383
6105232
6138329
6146765
6147466
6211157
6215346
6219945
6219949
6226608
6229051
6229487
6232435
6233356
6233905
6234872
6237054
6237991
6237992
6237993
6237994
6237999
6240464
6240465
6240466
6240468
6336832
6337337
6337352
6338777
6341448
6343321
6344296
6344537
6345086
6345707
6345946
6346098
6346868
6347973
6348137
6348175
6348959
6350360
6350746
6350881
6350897
6351528
6352170
6352784
6352824
6353913
6355179
6355256
6355780
6355940
6356414
6356896
6357989
6358307
6358527
6358927
6359182
6361260
6361505
6361588
6361633
6362419
6364002
6365731
6365842
6366039
6366556
6366559
6367044
6369177
6370360
6371527
6371596
6371598
6371599
6372451
6373670
6373671
6375334
6375357
6375358
6375384
6375385
6375386
6376020
6376428
6376610
6377073
6377232
6377534
6377932
6380251
6380277
6380329
6381400
6381773
6381920
6382013
6382322
6382612
6383416
6383710
6383974
6384018
6384165
6384789
6385310
6385445
6385496
6386650
6387198
6387325
6389195
6389196
6389309
6389310
6389739
6389887
6390273
6391161
6391185
6391186
6391808
6392478
6392932
6393046
6393392
6393451
6394123
6394463
6401270
6401415
6402441
6402444
6403213
6405277
6408354
6408959
6409840
6409841
6410079
6412180
6412181
6412186
6413930
6413950
6413958
6414101
6414293
6414294
6414295
6414296
6414297
6414298
6414299
6414300
6414301
6414674
6415146
6415183
6415251
6415285
6415495
6415496
6415504
6415554
6415567
6415569
6416743
6417054
6417578
6418041
6418069
6418070
6418071
6418631
6418904
6418974
6418985
6419109
6419187
6420997
6421467
6422170
6422209
6422300
6422363
6422365
6422642
6422643
6422783
6422784
6422785
6422818
6422909
6423253
6423467
6423511
6423787
6424015
6424070
6424073
6424075
6424076
6425468
6425579
6425716
6425717
6425718
6425719
6425720
6425721
6425722
6425723
6425784
6425810
6426030
6426413
6426753
6427085
6427091
6427092
6427093
6427094
6427138
6428110
6428220
6428236
6428255
6428258
6428289
6428376
6428494
6429531
6429633
6429637
6429640
6429653
6430780
6430840
6431204
6431313
6431338
6431342
6431344
6431803
6432663
6432665
6433024
6433196
6433246
6433248
6433706
6434234
6434251
6434399
6434597
6434996
6435162
6435271
6435934
6435935
6436186
6436347
6436591
6436702
6436703
6437325
6438023
6438213
6438511
6439808
6439937
6440034
6440051
6440069
6440095
6440568
6440843
6440844
6440846
6442258
6442259
6442260
6442351
6445331
6445332
6450153
6453837
6455372
6455539
6460445
6460697
6460699
6461599
6480890
6503827
6539797
6557258
6621115
6630825
6643644
6650561
6656330
6700276
6717350
6721011
6731566
6733635
6742268
6749642
6751591
6751963
6752274
6752717
6754306
6754322
6756423
6756523
6757785
6758150
6759032
6759601
6761308
6765742
6772886
6772950
6774067
6776306
6777288
6779018
6785665
6796788
6801398
6801867
6802005
6802480
6803160
6803272
6810174
6810180
6813220
6813735
6813738
6815532
6861639
6927511
6985684
6987148
6987151
6987152
6988318
6990279
6991967
6993333
6993543
6995843
6998849
6998924
7001155
7001375
7003394
7004188
7005393
7008670
7009497
7012626
7015136
7017531
7019036
7019040
7019710
7019798
7021049
7021479
7021656
7021658
7024463
7027047
7031383
7032285
7033348
7033740
7034248
7034293
7035331
7035405
7035540
7035542
7035944
7035954
7037594
7038412
7038449
7038495
7039312
7040202
7040837
7042194
7042800
7043116
7043328
7044936
7044937
7044939
7044940
7048052
7049897
7050235
7050386
7050715
7051420
7081237
7114058
7142932
7148872
7201677
7230933
7240608
7259351
7270779
7364395
7385849
7458385
7472628
7474019
7474198
7475401
7475404
7475419
7477222
7478356
7479179
7480608
7481929
7484585
7487263
7487774
7491314
7492022
7494080
7495605
7500532
7500660
7508727
7523036
7528957
7535167
7536479
7541583
7542817
7544931
7546095
7549627
7552581
7554632
7557493
7557721
7557934
7558542
7559277
7560709
7561458
7562126
7565555
7565562
7567039
7567359
7571211
7572958
7573622
7574955
7581344
7581602
7581604
7582274
7585386
7586250
7586464
7589726
7591040
7591371
7591497
7591752
7591779
7594138
7596210
7597606
7598567
7598774
7600797
7601513
7601517
7601518
7602043
7602245
7603895
7606674
7607891
7609237
7609681
7610641
7613596
7614227
7614326
7614344
7614444
7622088
7627215
7627352
7630447
7631941
7632123
7634887
7635328
7635329
7635755
7635756
7636125
7637403
7637404
7641085
7641933
7644449
7646745
7648855
7649461
7649752
7655527
7656080
7656998
7657212
7657214
7657245
7657256
7657909
7659456
7661068
7666214
7666841
7666842
7666919
7669195
7671115
7673793
7673905
7677524
7681201
7684526
7698067
7699190
7699484
7700288
7700820
7701578
7704118
7704685
7707080
7711780
7712246
7713621
7713731
7713735
7717705
7717835
7719794
7721585
7721587
7722546
7723858
7728028
7728703
7729135
7731275
7731279
7731282
7731581
7738321
7738525
7739080
7739273
7739275
7739276
7739478
7740826
7740907
7741610
7741822
7743454
7745909
7747202
7748586
7753986
7755229
7757844
7760578
7762375
7769771
7773903
7774780
7775734
7776499
7777093
7777443
7780455
7782800
7787473
7787474
7790227
7792627
7801976
7808384
7811598
7814274
7814787
7815903
7815904
7816464
7823650
7823655
7824695
7828127
7830478
7836073
7839971
7844322
7844323
7844325
7846619
7850551
7859443
7859444
7860350
7860965
7860966
7860967
7865037
7866440
7868023
7868037
7868042
7871803
7880373
7881619
7882101
7884493
7885423
7885430
7885589
7892473
7892923
7892924
7896550
7896551
7897006
7898942
7918169
7918817
7918890
7920783
7921060
7922987
7923655
7924492
7928373
7930859
7932080
7932262
7933229
7934269
7934275
7935241
7935312
7943477
7947865
7954163
7955238
7959123
7959126
7959136
7960096
7965192
7966845
7966877
7967849
7967854
7967855
7969566
7970399
7970403
7974270
7978689
7979836
7981250
7988990
7989008
7989010
7989736
7990207
7993154
7996576
7997219
7997711
8001696
8002295
8002304
8002829
8003157
8004625
8004948
8005789
8007902
8009423
8009452
8010200
8012454
8014365
8014413
8014414
8014424
8014736
8018003
8021021
8023822
8028403
8031266
8035141
8036532
8037012
8037013
8038825
8039679
8039682
8042133
8044051
8044053
8044223
8046093
8046375
8047518
8047743
8048432
8048441
8048442
8049891
8052203
8053629
8055064
8056369
8056379
8056393
8056603
8056604
8056815
8056822
8056953
8057066
8057964
8058169
8059627
8059883
8059887
8059897
8063566
8064278
8064752
8067627
8067631
8069277
8069352
8069355
8069356
8069480
8072395
8072909
8076879
8077636
8078163
8082522
8082529
8084351
8084356
8085958
8087792
8087793
8088560
8089540
8090042
8090046
8090168
8091237
8092903
8097646
8102228
8104278
8106295
8106994
8107450
8108072
8113058
8117481
8117483
8120353
8120964
8122947
8124490
8130904
8135311
8135688
8135997
8135999
8136003
8136004
8137197
8139301
8144833
8145602
8145603
8145605
8153769
8154555
8156865
8157848
8158571
8159343
8159344
8161727
8165474
8165996
8166520
8167537
8168908
8169590
8170030
8172225
8173649
8173661
8176152
8176827
8176828
8176832
8180290
8181308
8182839
8182975
8183517
8188070
8188158
8189452
8189775
8191496
8194996
8195768
8196119
8196141
8201278
8203668
8203989
8206761
8210779
8211993
8213466
8213796
8213802
8215638
8215755
8216680
8219306
8222255
8225003
8225348
8225667
8226025
8227927
8228139
8228615
8232056
8232628
8232664
8233208
8237039
8238633
8239953
8240098
8240545
8240557
8244251
8245380
8245806
8246640
8248867
8248962
8256143
8258536
8260138
8262803
8262811
8263235
8268126
8268510
8268511
8270425
8272363
8272984
8275173
8277130
8277800
8285192
8285796
8285806
8288404
8288405
8289102
8291382
8291386
8291398
8292133
8292638
8293376
8293897
8294662
8296695
8297486
8297490
8302105
8302321
8302344
8303327
8304755
8311891
8311893
8311901
8312078
8314106
8314407
8315687
8317779
8318682
8319020
8319451
8320103
8320436
8321171
8323590
8325083
8325455
8325516
8326773
8327260
8328163
8328615
8332332
8333388
8336507
8336509
8336512
8337688
8338060
8339240
8340211
8340558
8341355
8341356
8341357
8341358
8342287
8342292
8344820
8344821
8345341
8345386
8345626
8345632
8345930
8347365
8347844
8350900
8350901
8350903
8352270
8352413
8353211
8353564
8354790
8357900
8361508
8362887
8363718
8363927
8364284
8365660
8366683
8367363
8368060
8368199
8368203
8375261
8375809
8375810
8377142
8379547
8379801
8383557
8383780
8386551
8387352
8392832
8397621
8397702
8397709
8398226
8404447
8406781
8406782
8406783
8406784
8407339
8409182
8409251
8411477
8411478
8411484
8412391
8412392
8413171
8413437
8414009
8417221
8417270
8417583
8417710
8418385
8419278
8419861
8420541
8421364
8422203
8423117
8423966
8424723
8424724
8425737
8425788
8426443
8426663
8426756
8428744
8428810
8429854
8429965
8429969
8432628
8433422
8433575
8434284
8438967
8438971
8438982
8439464
8439673
8439674
8444432
8446140
8446146
8446404
8449778
8450824
8451739
8454128
8454311
8454312
8454314
8454315
8454821
8455667
8455851
8457089
8457158
8458621
8458883
8459185
8461211
8462963
8462965
8463107
8463513
8463534
8463638
8463684
8463786
8464247
8464248
8464251
8465259
8468873
8469317
8469994
8470258
8470843
8470971
8471273
8473277
8475267
8475920
8477535
8478955
8479763
8481886
8484833
8486888
8486895
8487026
8487414
8487422
8487447
8487449
8488914
8489392
8490286
8490554
8491632
8492236
8492586
8492788
8492789
8492791
8493028
8494209
8494463
8497297
8497298
8500083
8501995
8503100
8503101
8505398
8505617
8505813
8508655
8509012
8509017
8509347
8510387
8510600
8510780
8510959
8511932
8514442
8514499
8514948
8515416
8516605
8519167
8522910
8524595
8526673
8526702
8528432
8528433
8528825
8534190
8537224
8546103
8547795
8552359
8552754
8554475
8557428
8558612
8558614
8564509
8565923
8567075
8567079
8567082
8569653
8570494
8570495
8571621
8571975
8572344
8584465
8596243
8596840
8597906
8598687
8598949
8600191
8601824
8603325
8604414
8604797
8606318
8606560
8607926
8608041
8608051
8609682
8609691
8609771
8613711
8614134
8614167
8615710
8615934
8617094
8617612
8617903
8618366
8625239
8628041
8628849
8629629
8629724
8632730
8632737
8637306
8640249
8640263
8642819
8643816
8643819
8648578
8650711
8651251
8652169
8653479
8653921
8657910
8659497
8659605
8663855
8674007
8675275
8675278
8675435
8681632
8682331
8685363
8690337
8690339
8690349
8690355
8690366
8690367
8690368
8690371
8691178
8695131
8698585
8703179
8703185
8704502
8704833
8704847
8708301
8709663
8709874
8710337
8711786
8716019
8716326
8717931
8719064
8722072
8726210
8738811
8747642
8750526
8751177
8751503
8763776
8763782
8768411
8768919
8769543
8769904
8771977
8772274
8772324
8774206
8774372
8774373
8775246
8776294
8777030
8777703
8788682
8788781
8788787
8790184
8790240
8794283
8799042
8799354
8799358
8803739
8804267
8815852
8815948
8819708
8820294
8822027
8822238
8826135
8826221
8827197
8833578
8834288
8834695
8837122
8837148
8837637
8838067
8840777
8840780
8840781
8842929
8843927
8844087
8845997
8847764
8847771
8852170
8854515
8854525
8854527
8854528
8855643
8855651
8862244
8862245
8863756
8869049
8871492
8872783
8873955
8879678
8883460
8883461
8883462
8886549
8888324
8888480
8893425
8893628
8893629
8895630
8898796
8900695
8900778
8906702
8913220
8914212
8916518
8920311
8920312
8920579
8920583
8922961
8922969
8928597
8930437
8932401
8932402
8935352
8935974
8940715
8941675
8948383
8951298
8952326
8954369
8954440
8957345
8966479
8970312
8972933
8973077
8976323
8979190
8980331
8982518
8982990
8985445
8990335
8991251
8991252
8991260
8991269
8991270
8991278
8991279
8992803
8993073
8996482
9002927
9002929
9002930
9003171
9004118
9004663
9004692
9005161
9005259
9009944
9010172
9016148
9017950
9018214
9018288
9018953
9018955
9018962
9018963
9021414
9023135
9025386
9025726
9028381
9031012
9031649
9032146
9033525
9036330
9036800
9037283
9037336
9040319
9042845
9046554
9046712
9051045
9052070
9055546
9055567
9057120
9057121
9059432
9060278
9062136
9062137
9064191
9066226
9068227
9068243
9068512
9068514
9069309
9069744
9070185
9075223
9077385
9078982
9083607
9084469
9086663
9086667
9086669
9086674
9086675
9087034
9087136
9089451
9090249
9090250
9090520
9090676
9090731
9097880
9098304
9099347
9100542
9102021
9103099
9104048
9106642
9107433
9107615
9108807
9113939
9116526
9118680
9120619
9124133
9125007
9125895
9127230
9128887
9132373
9133875
9141097
9143731
9146162
9146250
9150673
9152056
9155789
9158574
9158585
9158589
9158933
9159707
9159708
9159717
9160065
9164096
9164101
9164610
9165786
9166537
9168074
9168681
9169657
9169658
9169894
9178788
9179048
9180615
9180616
9180661
9184682
9186074
9187170
9188304
9188317
9191706
9192561
9197631
9199542
9201169
9203261
9203262
9203264
9203755
9203801
9204787
9205204
9207658
9209261
9212600
9214153
9214401
9214526
9214534
9216581
9217570
9219704
9219707
9221441
9223934
9224073
9226146
9228441
9228914
9230650
9230836
9231946
9233239
9234822
9238135
9240104
9240281
9240512
9240773
9243653
9245245
9248148
9252841
9253786
9256189
9256816
9256852
9256860
9259428
9259700
9260086
9261238
9262755
9262757
9264582
9266787
9266793
9266872
9267384
9268256
9270452
9270555
9272016
9274198
9274270
9276067
9279036
9279303
9279852
9279855
9281917
9282044
9283858
9283864
9286140
9286571
9287756
9287766
9287772
9288011
9288019
9288023
9290548
9291245
9291448
9293829
9300009
9304657
9304907
9305115
9306781
9307348
9307587
9308387
9309104
9309108
9309977
9314673
9314674
9314675
9314686
9314688
9322419
9323395
9324013
9325757
9325787
9325902
9326057
9327363
9327810
9327812
9328370
9329495
9329875
9330084
9334791
9336135
9337174
9337572
9337807
9338527
9339162
9339783
9341307
9343053
9343452
9343894
9347446
9347905
9349245
9351167
9353104
9356682
9356684
9356685
9357038
9357341
9357343
9361655
9362576
9362580
9362601
9362864
9363959
9363960
9366301
9366643
9366700
9366891
9369806
9371106
9372714
9372995
9374621
9374623
9375478
9379237
9379242
9382381
9383720
9384125
9385152
9385203
9385719
9390537
9391378
9391431
9395027
9395960
9395966
9396129
9397658
9397718
9398763
9399116
9399748
9400094
9400099
9401890
9402512
9402906
9403400
9403526
9406260
9409591
9410340
9410347
9411266
9413306
9413312
9413313
9413665
9415089
9416071
9418626
9418631
9419470
9419481
9420378
9421980
9423372
9423445
9424065
9425858
9428446
9429530
9430191
9430452
9431214
9431246
9431332
9432988
9433640
9434652
9434675
9437161
9437168
9437170
9437457
9437568
9439952
9439954
9440187
9440665
9441576
9442764
9443725
9444097
9444202
9444450
9448467
9449594
9451157
9451172
9455014
9455016
9455026
9455033
9456941
9458672
9460011
9460484
9464007
9468972
9469110
9470196
9472207
9472229
9472230
9474916
9475467
9475474
9475897
9479152
9480449
9481285
9483710
9484286
9486609
9489245
9490930
9491059
9494804
9494818
9502708
9506359
9507263
9512279
9513230
9516296
9518965
9520952
9523750
9523773
9529532
9531172
9531941
9534402
9540264
9540352
9540454
9541706
9542702
9543944
9544184
9544588
9544658
9548578
9549217
9549532
9552090
9553445
9553516
9553522
9554423
9555428
9555773
9557387
9558780
9558782
9558794
9558795
9558796
9559250
9560077
9561023
9563919
9564219
9564246
9564250
9564898
9565897
9566940
9568496
9570168
9570181
9577536
9579196
9580713
9581225
9583320
9583964
9587095
9588375
9588380
9588924
9589235
9589239
9590984
9591809
9592520
9592924
9594948
9595903
9596060
9596062
9597016
9597017
9597018
9598505
9598854
9599865
9601113
9601363
9604663
9609643
9609852
9609862
9609918
9611478
9611507
9611519
9611550
9611628
9611834
9612733
9612740
9612741
9614800
9615294
9618666
9618668
9618672
9624935
9625171
9625195
9625201
9625402
9626003
9626641
9626709
9629040
9630122
9631159
9631768
9633776
9638393
9639334
9639962
9640852
9644389
9644396
9644400
9646731
9646788
9652288
9652469
9653441
9653601
9654578
9655719
9659630
9661233
9667826
9669378
9670868
9671067
9672909
9673460
9674347
9674613
9674615
9674616
9676049
9676062
9678000
9679895
9679997
9682590
9683095
9685118
9685147
9690179
9691556
9691562
9691565
9691943
9695696
9695697
9697598
9702958
9702959
9702960
9706192
9706898
9708049
9708113
9708147
9708497
9708587
9708590
9709096
9709361
9710645
9710646
9713434
9715001
9715610
9719225
9719337
9719778
9719781
9719787
9719788
9720555
9722851
9724474
9725271
9725365
9726200
9726202
9726314
9727301
9727464
9729961
9729991
9734428
9735473
9735475
9735958
9736004
9736112
9736151
9736859
9737609
9737840
9738144
9738690
9739530
9740647
9740893
9741032
9742037
9745176
9745626
9748982
9748988
9749488
9754394
9755276
9757608
9759095
9759687
9762019
9762975
9766771
9768723
9768743
9768943
9769807
9770560
9770566
9775577
9777531
9777904
9777967
9780540
9782682
9782722
9782850
9782937
9783624
9786799
9791637
9795318
9796181
9796182
9798014
9798034
9802052
9805334
9806181
9807419
9807530
9808103
9809058
9809059
9809061
9809496
9809693
9809758
9820371
9823291
9824954
9824958
9829421
9829564
9829565
9831425
9832090
9832581
9832920
9839253
9839257
9842361
9842949
9843290
9844351
9847828
9847832
9848813
9849120
9849503
9849505
9850104
9851402
9852879
9853279
9855878
9855951
9856633
9862949
9862953
9866541
9868653
9871389
9872192
9874412
9874919
9878649
9879177
9883772
9884263
9884274
9887163
9887169
9887170
9888732
9892380
9892386
9892388
9893690
9915295
9915296
9916356
9916367
9916368
9916616
9916617
9916619
9916620
9917473
9919044
9919055
9919138
9920955
9922011
9924159
9925147
9925193
9926642
9926644
9926645
9926646
9926647
9926648
9926650
9926651
9926652
9926654
9926656
9926657
9926660
9926661
9926663
9926780
9928971
9929536
9930463
9933269
9934006
9934008
9935359
9949641
9951259
9952203
9987339
9987360
9987374
9987462
9988285
9988293
9989100
9989579
10024123
10024755
10024793
10026541
10026549
10028518
10028774
10029122
10029498
10029507
10030165
10030223
10030482
10030513
10036399
10036417
10036916
10037332
10049195
10052442
10052449
10053183
10067359
10069100
10071972
10072215
10073200
10074772
10075533
10075621
10076247
10076406
10079746
10080562
10080590
10083588
10086695
10089561
10091449
10094051
10094052
10094058
10095530
10097605
10098358
10098561
10103322
10103406
10103509
10103693
10104486
10105259
10105282
10106167
10106247
10106279
10106280
10106309
10106313
10106314
10106323
10106325
10106337
10106342
10106345
10106356
10106357
10106358
10106359
10106360
10106366
10106378
10106380
10106392
10106393
10106415
10106424
10106426
10106430
10106441
10106444
10106451
10106453
10106457
10106458
10106467
10106470
10106471
10106472
10106474
10106481
10106482
10106487
10106495
10106509
10106510
10106514
10106528
10106529
10106530
10106534
10106544
10106545
10106547
10106551
10106553
10106555
10106558
10106567
10106579
10106584
10106586
10106602
10106603
10106604
10106606
10106610
10106614
10106616
10106622
10106623
10106626
10106628
10106630
10106631
10106660
10106661
10106668
10106680
10106681
10106682
10106684
10106689
10106692
10106705
10106709
10106713
10106714
10106715
10106724
10106726
10106729
10106739
10106742
10106758
10106759
10106760
10106770
10106785
10106786
10106790
10106794
10106809
10106814
10106815
10106821
10106827
10106830
10106840
10106852
10106853
10106854
10106861
10106876
10106879
10106880
10106888
10106901
10106902
10106909
10106910
10106911
10106938
10106940
10106953
10106954
10106955
10106958
10106968
10106975
10106980
10106982
10106998
10107013
10107019
10107026
10107028
10107096
10107235
10107250
10107298
10107359
10107360
10107363
10107364
10107433
10107452
10107500
10107508
10107534
10107539
10107563
10107814
10107816
10107845
10107851
10107866
10107869
10107879
10107910
10107911
10107912
10107915
10108081
10108103
10108107
10108159
10108199
10108307
10108318
10108344
10108530
10108580
10108587
10108588
10108605
10108656
10108663
10108665
10108707
10108709
10108714
10108757
10108838
10108839
10108962
10109014
10109024
10109025
10109026
10109140
10109141
10109161
10109177
10109187
10109192
10109193
10109228
10109241
10109268
10109292
10109297
10109303
10109308
10109387
10109388
10109395
10109408
10109409
10109421
10109426
10109457
10109638
10109643
10109653
10109720
10109722
10109751
10109777
10109779
10109780
10109794
10109860
10109866
10109868
10109893
10109944
10109951
10110056
10110057
10110103
10110117
10110125
10110128
10110142
10110165
10110167
10110273
10110282
10110283
10110291
10110293
10110311
10110319
10110377
10110457
10110459
10110470
10110490
10110522
10110534
10110535
10110564
10110604
10110614
10110621
10110622
10110623
10110624
10110704
10110713
10110724
10110725
10110749
10110756
10110760
10110761
10110778
10110873
10110876
10110965
10110984
10111014
10111129
10111148
10111152
10111227
10111331
10111358
10111363
10111420
10111429
10111513
10111572
10111596
10111674
10111676
10111713
10111723
10111759
10111816
10111817
10111832
10111837
10111877
10111891
10111923
10111937
10111945
10111946
10111947
10111988
10112027
10112049
10112056
10112111
10112179
10112205
10112210
10112222
10112223
10112284
10112285
10112286
10112287
10112358
10112379
10112384
10112460
10112494
10112497
10112498
10112504
10112545
10112632
10112658
10112694
10112725
10112726
10112731
10112735
10112768
10112769
10112770
10112868
10112905
10112971
10113014
10113023
10113061
10113079
10113081
10113093
10113120
10113140
10113141
10113193
10113199
10113221
10113234
10113235
10113238
10113243
10113255
10113267
10113269
10113270
10113271
10113274
10113275
10113278
10113290
10113297
10113333
10113339
10113392
10113395
10113397
10113398
10113399
10113404
10113406
10113427
10113432
10113433
10113437
10113438
10113456
10113457
10113459
10113463
10113465
10113466
10113472
10113485
10113514
10113519
10113532
10113533
10113537
10113542
10113543
10113559
10113561
10113564
10113566
10113567
10113569
10113570
10113573
10113584
10113589
10113596
10113610
10113611
10113612
10113628
10113637
10113645
10113662
10113675
10113699
10113700
10113701
10113716
10113806
10113816
10113829
10113843
10113844
10113845
10113846
10113847
10113849
10113930
10113932
10114026
10114084
10114138
10114193
10114213
10114223
10114229
10114286
10114303
10114369
10114374
10114375
10114400
10114403
10114404
10114405
10114415
10114527
10114538
10114567
10114568
10114581
10114589
10114602
10114603
10114626
10114634
10114644
10114688
10114702
10114719
10114785
10114804
10114879
10114901
10114903
10114931
10114934
10114937
10114944
10114995
10115031
10115060
10115076
10115190
10115194
10115212
10115275
10115340
10115356
10115384
10115447
10115459
10115462
10115561
10115562
10115563
10115596
10115597
10115647
10115657
10115700
10115701
10115702
10115802
10115822
10115831
10115835
10115896
10115914
10115924
10115935
10115996
10116027
10116030
10116037
10116062
10116069
10116101
10116102
10116103
10116104
10116105
10116113
10116115
10116134
10116172
10116178
10116207
10116220
10116245
10116248
10116256
10116296
10116399
10116401
10116456
10116500
10116562
10116571
10116628
10116634
10116680
10116681
10116684
10116712
10116763
10116769
10116774
10116783
10116841
10116842
10116876
10116887
10116901
10116904
10117011
10117013
10117048
10117065
10117071
10117114
10117119
10117120
10117153
10117241
10117256
10117270
10117284
10117296
10117330
10117334
10117337
10117365
10117403
10117413
10117424
10117425
10117491
10117496
10117539
10117541
10117567
10117568
10117582
10117598
10117630
10117637
10117668
10117691
10117726
10117761
10117798
10117808
10117822
10117836
10117875
10117939
10117941
10117942
10117958
10117991
10118008
10118030
10118051
10118105
10118107
10118162
10118232
10118338
10118387
10118397
10118406
10118453
10118499
10118503
10118510
10118520
10118562
10118582
10118586
10118633
10118635
10118694
10118825
10118839
10118863
10118867
10118946
10119122
10119141
10119147
10119194
10119202
10119296
10119318
10119324
10119326
10119362
10119380
10119412
10119413
10119461
10119464
10119487
10119510
10119529
10119535
10119596
10119598
10119685
10119755
10119764
10119771
10119780
10119833
10119850
10119867
10119873
10119887
10119972
10120159
10120160
10120175
10120176
10120179
10120182
10120183
10120185
10120186
10120211
10120238
10120240
10120259
10120336
10120381
10120387
10120418
10120444
10120557
10120719
10120938
10120953
10121005
10121078
10121108
10121133
10121161
10121189
10121192
10121194
10121198
10121256
10121298
10121365
10121370
10121421
10121472
10121473
10121566
10121570
10121579
10121663
10121693
10121698
10121699
10121700
10121772
10121775
10121910
10121915
10121916
10121917
10121918
10121920
10121989
10121990
10122001
10122053
10122080
10122113
10122167
10122174
10122185
10122209
10122210
10122254
10122359
10122360
10122362
10122391
10122483
10122522
10122616
10122659
10122660
10122715
10122723
10122727
10122759
10122810
10122811
10122813
10122873
10122874
10122879
10122882
10122883
10122886
10122887
10122908
10122940
10122976
10123007
10123048
10123078
10123133
10123157
10123209
10123227
10123294
10123314
10123371
10123434
10123483
10123520
10123626
10123752
10123773
10123928
10123975
10123996
10123997
10124002
10124006
10124033
10124081
10124091
10124117
10124122
10124129
10124200
10124301
10124352
10124386
10124395
10124432
10124435
10124436
10124437
10124438
10124439
10124441
10124486
10124518
10124624
10124631
10124639
10124677
10124741
10124762
10124807
10124875
10125029
10125077
10125128
10125173
10125175
10125227
10125295
10125328
10125343
10125459
10125662
10125738
10125831
10125851
10125940
10125979
10125996
10126030
10126032
10126101
10126166
10126235
10126306
10126322
10126363
10126378
10126380
10126407
10126432
10126434
10126495
10126541
10126542
10126543
10126603
10126604
10126792
10126810
10126929
10126973
10126974
10126976
10127008
10127095
10127123
10127144
10127234
10127238
10127239
10127266
10127410
10127415
10127417
10127445
10127446
10127447
10127448
10127449
10127450
10127452
10127453
10127454
10127455
10127456
10127457
10127482
10127492
10127796
10127851
10127921
10127963
10128023
10128041
10128067
10128078
10128269
10128309
10128332
10128333
10128461
10128500
10128531
10128614
10128634
10128704
10128828
10128890
10128896
10128900
10128909
10129087
10129091
10129297
10129311
10129398
10129450
10129485
10129508
10129534
10129611
10129618
10129621
10129623
10129625
10129627
10129628
10129769
10129798
10129837
10129922
10129999
10130020
10130106
10130169
10130202
10130237
10130272
10130274
10130276
10130291
10130294
10130306
10130368
10130369
10130399
10130407
10130532
10130571
10130572
10130573
10130574
10130575
10130576
10130578
10130582
10130583
10130585
10130586
10130611
10130650
10130674
10130782
10130783
10130784
10130816
10130817
10130839
10130877
10131026
10131153
10131179
10131223
10131226
10131259
10131303
10131414
10131429
10131524
10131705
10131706
10131707
10131709
10131710
10131711
10131713
10131714
10131752
10131753
10131793
10131911
10132032
10132098
10132135
10132232
10132315
10132541
10132561
10132666
10132686
10132726
10132731
10132746
10132795
10132913
10133023
10133064
10133066
10133073
10133074
10133079
10133081
10133083
10133091
10133107
10133110
10133111
10133112
10133193
10133201
10133207
10133297
10133310
10133377
10133412
10133583
10133594
10133703
10133705
10133708
10133710
10133711
10133714
10133794
10133948
10133950
10134030
10134033
10134252
10134257
10134267
10134320
10134321
10134323
10134329
10134331
10134346
10134398
10134406
10134416
10134418
10134433
10134436
10134511
10134536
10134537
10134540
10134557
10134665
10134732
10134836
10134856
10134920
10134971
10135124
10135125
10135128
10135138
10135196
10135296
10135322
10135331
10135332
10135333
10135339
10135341
10135342
10135344
10135345
10135346
10135367
10135380
10135381
10135421
10135428
10135448
10135494
10135716
10135993
10135995
10136014
10136015
10136016
10136041
10136115
10136150
10136206
10136264
10136416
10136453
10136490
10136491
10136551
10136682
10136692
10136910
10136912
10136914
10136937
10137030
10137206
10137225
10137230
10137370
10137427
10137634
10137635
10137639
10137642
10137650
10137653
10137677
10137767
10137792
10137799
10137811
10137815
10137987
10138076
10138119
10138156
10138182
10138193
10138269
10138287
10138365
10138510
10138557
10138704
10138796
10138801
10138803
10138804
10138844
10138854
10138905
10138978
10138981
10139059
10139124
10139125
10139173
10139204
10139211
10139218
10139258
10139332
10139345
10139400
10139436
10139508
10139573
10139577
10139600
10139647
10139658
10139772
10139784
10139785
10139787
10139952
10139992
10140069
10140150
10140151
10140152
10140153
10140154
10140156
10140160
10140205
10140270
10140274
10140275
10140289
10140306
10140432
10140554
10140560
10140596
10140634
10140675
10140693
10140829
10140898
10140904
10140986
10140988
10141073
10141111
10141115
10141155
10141214
10141219
10141220
10141277
10141298
10141337
10141345
10141395
10141396
10141401
10141404
10141425
10141479
10141493
10141598
10141646
10141654
10141781
10141784
10141795
10141914
10141958
10142042
10142055
10142087
10142088
10142090
10142160
10142208
10142209
10142249
10142283
10142310
10142313
10142346
10142366
10142367
10142368
10142370
10142371
10142374
10142397
10142517
10142550
10142566
10142568
10142570
10142577
10142579
10142586
10142690
10142712
10142722
10142729
10142745
10142800
10142805
10142828
10142867
10142905
10142941
10142951
10142978
10142990
10143069
10143073
10143147
10143178
10143253
10143274
10143352
10143394
10143395
10143396
10143401
10143542
10143576
10143588
10143604
10143611
10143655
10143656
10143663
10143760
10143762
10143946
10143947
10143987
10144146
10144174
10144192
10144194
10144195
10144287
10144321
10144393
10144396
10144424
10144467
10144469
10144516
10144732
10144810
10144818
10144836
10144844
10144861
10144869
10144886
10144891
10144932
10144934
10144957
10144983
10144989
10145166
10145212
10145237
10145264
10145277
10145286
10145293
10145369
10145393
10145397
10145413
10145414
10145421
10145430
10145457
10145459
10145462
10145472
10145474
10145494
10145510
10145514
10145519
10145530
10145531
10145548
10145552
10145562
10145606
10145609
10145611
10145627
10145638
10145650
10145689
10145723
10145730
10145735
10145738
10145741
10145750
10145751
10145752
10145792
10145840
10145855
10145879
10145883
10145887
10145899
10145911
10145916
10145932
10145949
10145969
10145976
10146002
10146021
10146092
10146094
10146097
10146112
10146131
10146180
10146219
10146625
10146667
10146906
10146933
10147660
10148138
10148889
10148936
10148942
10148943
10149621
10149727
10150119
10150431
10150794
10151091
10151107
10151126
10151132
10151150
10151161
10151177
10151178
10151180
10151181
10151184
10151195
10151231
10151232
10151236
10151242
10151249
10151252
10151253
10151254
10151394
10151400
10151401
10151441
10151454
10151468
10151471
10151513
10151555
10151597
10151603
10151652
10151653
10151660
10151664
10151665
10151670
10151675
10151681
10151697
10151854
10151857
10151860
10151889
10151890
10151892
10151894
10151906
10151910
10151911
10151912
10151916
10151917
10152003
10152007
10152038
10152044
10152147
10152192
10152322
10152332
10152399
10152411
10152433
10152451
10152472
10152564
10152568
10152634
10152637
10152654
10152675
10152684
10152686
10152687
10152697
10152745
10152826
10152831
10152871
10152872
10152883
10152925
10152957
10152983
10153030
10153034
10153037
10153066
10153070
10153133
10153201
10153219
10153318
10153373
10153383
10153443
10153451
10153465
10153468
10153469
10153471
10153472
10153473
10153477
10153492
10153534
10153602
10153679
10153735
10153787
10153790
10153804
10153817
10153819
10153832
10153977
10153985
10154001
10154062
10154081
10154094
10154095
10154114
10154118
10154133
10154137
10154148
10154173
10154174
10154177
10154178
10154184
10154225
10154260
10154326
10154357
10154432
10154435
10154525
10154546
10154548
10154562
10154584
10154617
10154632
10154752
10154789
10154794
10154864
10154883
10154885
10154904
10154928
10155009
10155017
10155827
10155829
10155947
10156028
10156111
10156204
10156505
10156506
10156532
10156557
10156582
10156584
10156685
10156691
10156794
10156815
10156900
10156910
10156954
10156990
10156995
10157099
10157258
10157321
10157371
10157372
10157373
10157374
10157375
10157376
10157377
10157378
10157379
10157380
10157382
10157383
10157423
10157476
10157514
10157535
10157685
10157686
10157688
10157695
10157702
10157703
10157707
10157731
10157735
10157746
10157749
10157759
10157768
10157807
10157811
10157967
10158064
10158066
10158070
10158072
10158153
10158176
10158213
10158221
10158222
10158247
10158290
10158306
10158331
10158463
10158470
10158550
10158580
10158603
10158605
10158608
10158638
10158672
10158702
10158726
10158728
10158731
10158732
10158733
10158734
10158735
10158736
10158737
10158846
10158897
10158919
10158985
10159024
10159033
10159095
10159173
10159193
10159305
10159343
10159360
10159433
10159479
10159594
10159700
10159702
10159783
10159820
10159835
10159932
10159974
10159981
10159982
10159996
10159998
10159999
10160016
10160034
10160066
10160135
10160136
10160139
10160357
10160363
10160444
10160564
10160738
10161127
10161410
10161440
10161451
10161507
10161555
10161557
10161559
10161598
10161624
10161628
10161631
10161639
10161661
10161667
10161673
10161723
10161790
10161791
10161814
10161819
10161917
10161967
10162008
10162167
10162169
10162171
10162227
10162245
10162250
10162251
10162266
10162341
10162355
10162394
10162547
10162548
10162551
10162593
10162617
10162624
10162671
10162686
10162701
10162741
10162789
10162839
10162851
10162854
10162879
10162900
10162927
10162946
10163000
10163018
10163024
10163072
10163177
10163178
10163191
10163209
10163213
10163275
10163278
10163443
10163478
10163701
10163864
10163870
10163875
10163950
10163996
10164011
10164015
10164136
10164154
10164173
10164183
10164274
10164302
10164348
10164361
10164362
10164443
10164476
10164500
10164523
10164527
10164531
10164547
10164571
10164620
10164632
10164656
10164679
10164683
10164708
10164710
10164712
10164715
10164718
10164765
10164794
10164808
10164833
10164834
10164851
10164874
10164936
10164940
10164942
10164954
10164960
10164978
10164984
10165000
10165031
10165032
10165034
10165035
10165047
10165070
10165071
10165152
10165168
10165202
10165242
10165263
10165264
10165284
10165331
10165370
10165388
10165415
10165416
10165417
10165418
10165440
10165441
10165453
10165481
10165487
10165512
10165617
10165642
10165666
10165675
10165703
10165706
10165707
10165708
10165709
10165710
10165712
10165713
10165714
10165745
10165748
10165800
10165830
10165849
10165881
10165882
10165885
10165904
10165907
10165908
10165909
10165930
10165959
10165964
10165987
10165993
10165997
10166059
10166069
10166124
10166152
10166154
10166178
10166182
10166186
10166190
10166259
10166276
10166280
10166283
10166423
10166468
10166567
10166575
10166652
10166653
10166726
10166744
10166796
10166826
10166834
10166837
10166860
10166868
10166882
10167020
10167024
10167031
10167074
10167092
10167143
10167154
10167156
10167209
10167266
10167295
10167398
10167412
10167524
10167525
10167527
10167528
10167529
10167531
10167534
10167554
10167555
10167556
10167563
10167564
10167622
10167630
10167731
10167792
10167793
10167804
10167810
10167823
10167835
10167836
10167851
10167852
10167853
10167854
10167855
10167856
10167858
10167859
10167860
10167861
10167862
10167913
10167927
10167937
10167957
10167969
10167970
10168001
10168054
10168062
10168064
10168074
10168077
10168130
10168171
10168181
10168182
10168183
10168235
10168237
10168238
10168242
10168286
10168346
10168363
10168392
10168418
10168424
10168431
10168434
10168489
10168509
10168523
10168585
10168589
10168635
10168648
10168658
10168695
10168701
10168712
10168781
10168795
10168798
10168809
10168828
10168837
10168838
10168848
10168850
10168851
10169021
10169027
10169036
10169038
10169055
10169081
10169093
10169101
10169106
10169125
10169130
10169131
10169142
10169143
10169193
10169194
10169199
10169264
10169340
10169341
10169439
10169453
10169455
10169480
10169489
10169515
10169524
10169525
10169574
10169668
10169724
10169727
10169728
10169732
10169734
10169767
10169823
10169829
10169836
10169837
10169839
10169848
10169903
10169926
10169928
10169952
10169954
10169955
10169987
10169991
10170013
10170042
10170043
10170084
10170117
10170121
10170122
10170140
10170247
10170259
10170280
10170307
10170318
10170347
10170348
10170349
10170350
10170351
10170352
10170378
10170382
10170396
10170414
10170420
10170427
10170471
10170490
10170501
10170503
10170512
10170513
10170519
10170543
10170544
10170552
10170578
10170579
10170585
10170586
10170598
10170651
10170682
10170706
10170712
10170731
10170736
10170741
10170759
10170761
10170765
10170805
10170806
10170807
10170815
10170847
10170849
10170874
10170877
10170878
10170880
10170889
10170891
10170901
10170902
10170921
10170922
10170934
10170944
10170980
10170997
10171021
10171030
10171250
10171272
10171307
10171308
10171317
10171355
10171356
10171359
10171378
10171380
10171404
10171419
10171450
10171489
10171490
10171512
10171714
10171738
10171754
10171786
10171815
10171835
10171865
10171896
10171898
10171899
10171924
10171938
10172157
10172166
10172208
10172228
10172299
10172375
10172426
10172428
10172429
10172473
10172479
10172492
10172559
10172569
10172614
10172615
10172626
10172666
10172678
10172715
10172747
10172805
10172855
10172856
10172875
10172881
10172912
10172925
10172929
10172990
10173020
10173021
10173124
10173129
10173231
10173272
10173281
10173291
10173441
10173525
10173552
10173602
10173611
10173637
10173643
10173720
10173733
10173739
10173755
10173777
10173792
10173838
10173861
10173862
10173870
10173875
10173876
10173877
10173879
10173880
10173882
10173883
10173884
10173960
10173964
10173965
10173967
10173969
10174062
10174093
10174106
10174115
10174118
10174156
10174238
10174239
10174248
10174392
10174422
10174462
10174470
10174478
10174528
10174554
10174572
10174573
10174577
10174659
10174712
10174775
10174787
10174810
10174834
10174851
10174858
10174859
10174860
10174861
10174862
10174864
10174866
10174867
10174870
10174871
10174874
10174875
10174876
10174879
10174880
10174881
10174882
10174883
10174887
10174917
10174918
10174924
10174974
10174980
10174993
10175024
10175035
10175053
10175077
10175078
10175085
10175086
10175088
10175090
10175091
10175093
10175114
10175115
10175133
10175187
10175222
10175223
10175253
10175281
10175320
10175487
10175515
10175519
10175520
10175531
10175533
10175536
10175563
10175566
10175573
10175584
10175592
10175607
10175609
10175630
10175717
10175718
10175719
10175720
10175721
10175723
10175752
10175787
10175791
10175801
10175803
10175808
10175811
10175829
10175835
10175883
10175896
10175908
10175928
10175942
10175951
10176031
10176036
10176063
10176066
10176067
10176112
10176178
10176182
10176192
10176196
10176330
10176356
10176400
10176403
10176436
10176441
10176444
10176456
10176514
10176568
10176569
10176571
10176572
10176574
10176577
10176578
10176603
10176605
10176607
10176609
10176627
10176660
10176682
10176728
10176758
10176800
10176804
10176838
10176858
10176874
10176898
10176912
10176937
10176954
10176976
10177021
10177059
10177061
10177062
10177096
10177097
10177098
10177099
10177100
10177157
10177180
10177185
10177186
10177289
10177292
10177293
10177307
10177312
10177313
10177315
10177316
10177318
10177319
10177323
10177324
10177330
10177331
10177335
10177349
10177371
10177372
10177373
10177375
10177399
10177400
10177401
10177507
10177510
10177537
10177569
10177571
10177573
10177574
10177618
10177619
10177620
10177621
10177632
10177633
10177634
10177635
10177682
10177719
10177735
10177737
10177744
10177747
10177750
10177753
10177757
10177758
10177766
10177802
10177813
10177816
10177817
10177818
10177851
10177852
10177879
10177922
10177932
10177948
10177981
10177982
10178007
10178020
10178023
10178029
10178030
10178031
10178032
10178033
10178034
10178035
10178036
10178037
10178038
10178039
10178041
10178042
10178060
10178067
10178072
10178109
10178171
10178203
10178258
10178265
10178279
10178323
10178364
10178397
10178408
10178419
10178422
10178517
10178528
10178541
10178542
10178556
10178598
10178743
10178751
10178761
10178762
10178765
10178769
10178795
10178818
10178873
10178894
10178896
10178897
10178924
10178935
10178957
10179065
10179095
10179114
10179149
10179181
10179193
10179204
10179244
10179277
10179304
10179310
10179330
10179331
10179337
10179338
10179339
10179345
10179394
10179397
10179398
10179400
10179434
10179438
10179440
10179442
10179444
10179497
10179680
10179696
10179804
10179852
10179866
10179868
10179897
10179898
10179899
10179900
10179901
10179910
10179920
10179929
10179931
10179977
10179993
10179997
10179998
10179999
10180000
10180001
10180002
10180003
10180004
10180011
10180014
10180029
10180041
10180046
10180108
10180116
10180123
10180129
10180187
10180235
10180242
10180252
10180254
10180262
10180267
10180276
10180283
10180295
10180300
10180327
10180328
10180329
10180456
10180467
10180493
10180604
10180605
10180633
10180642
10180643
10180645
10180673
10180697
10180698
10180699
10180700
10180701
10180702
10180703
10180708
10180807
10180810
10180811
10180838
10180839
10180844
10180852
10180894
10180897
10180933
10180946
10180947
10180967
10181053
10181064
10181100
10181113
10181120
10181243
10181251
10181276
10181279
10181280
10181281
10181286
10181304
10181358
10181393
10181410
10181416
10181470
10181513
10181532
10181569
10181579
10181597
10181607
10181613
10181614
10181658
10181659
10181663
10181664
10181682
10181683
10181692
10181696
10181697
10181703
10181712
10181715
10181718
10181721
10181732
10181734
10181750
10181767
10181768
10181785
10181805
10181842
10181849
10181858
10181938
10181941
10181951
10181958
10181972
10181975
10181979
10181981
10181983
10182011
10182019
10182025
10182031
10182034
10182210
10182222
10182227
10182228
10182229
10182232
10182271
10182284
10182327
10182339
10182358
10182359
10182369
10182527
10182532
10182533
10182568
10182575
10182640
10182644
10182687
10182718
10182727
10182729
10182731
10182732
10182750
10182779
10182788
10182808
10182830
10182856
10182862
10182864
10182873
10182879
10182884
10182885
10182889
10182897
10182904
10182905
10182906
10182909
10182925
10182987
10182997
10183043
10183048
10183079
10183080
10183094
10183095
10183210
10183291
10183414
10183503
10183504
10183559
10183602
10183644
10183660
10183814
10183815
10183877
10183915
10183936
10184075
10184130
10184188
10184268
10184355
10184357
10184365
10184434
10184481
10184489
10184532
10184556
10184603
10184669
10184670
10184727
10184825
10184841
10184861
10184911
10184958
10184985
10185017
10185022
10185054
10185062
10185064
10185110
10185147
10185194
10185223
10185227
10185240
10185256
10185257
10185259
10185266
10185279
10185315
10185348
10185349
10185350
10185352
10185357
10185359
10185364
10185366
10185367
10185382
10185397
10185476
10185479
10185527
10185543
10185550
10185557
10185562
10185572
10185578
10185594
10185598
10185603
10185612
10185617
10185621
10185637
10185682
10185703
10185727
10185775
10185799
10185800
10185801
10185816
10185817
10185818
10185822
10185839
10185840
10185841
10185844
10185854
10185855
10185858
10185898
10185914
10185939
10185940
10185942
10185944
10185965
10185966
10186023
10186024
10186060
10186073
10186076
10186078
10186115
10186124
10186126
10186127
10186132
10186206
10186286
10186294
10186328
10186330
10186343
10186350
10186368
10186391
10186606
10186670
10186786
10186792
10186796
10186798
10186800
10186819
10186851
10186856
10186858
10186863
10186875
10186878
10186900
10186916
10186925
10187077
10187115
10187125
10187151
10187152
10187153
10187154
10187155
10187156
10187157
10187167
10187171
10187172
10187190
10187192
10187193
10187216
10187239
10187273
10187306
10187314
10187326
10187330
10187332
10187342
10187343
10187368
10187386
10187401
10187402
10187403
10187407
10187408
10187409
10187424
10187426
10187427
10187477
10187511
10187512
10187519
10187535
10187536
10187545
10187571
10187604
10187605
10187679
10187696
10187712
10187715
10188398
10190350
10190378
10192683
10196889
10196951
10198653
10198688
10199672
10199676
10199679
10199681
10201654
10201850
10201851
10201852
10201853
10202060
10203116
10206597
10207394
10207571
10217386
10220476
10220604
10220636
10223010
10227617
10228128
10228201
10235101
10242150
10246616
10247839
10249518
10259797
10260666
10261284
10262535
10264237
10264699
10265357
10267760
10269772
10270030
10271137
10271138
10271146
10273005
10273224
10273375
10273376
10273388
10273428
10273433
10273444
10273449
10273453
10273454
10273455
10273462
10273479
10273487
10273503
10273538
10273564
10273862
10274587
10274828
10275562
10277104
10277580
10278642
10278734
10281354
10281761
10281834
10282456
10284220
10284618
10285445
10286167
10286350
10287634
10289996
10290122
10292371
10293167
10293600
10293612
10294095
10295871
10296124
10296523
10296524
10297010
10297014
10297052
10297055
10297137
10297140
10297141
10297190
10297192
10297193
10297194
10297198
10297202
10297204
10297229
10297230
10297232
10297234
10297235
10297243
10297256
10297260
10297266
10297275
10297301
10297302
10297303
10297321
10297324
10297325
10297327
10297330
10297332
10297386
10297388
10297389
10297399
10297400
10297401
10297405
10297406
10297407
10297408
10297409
10297414
10297424
10297434
10297435
10297437
10297442
10297453
10297454
10297460
10297470
10297504
10297510
10297518
10297524
10297529
10297533
10297534
10297535
10297536
10297538
10297539
10297544
10297551
10297552
10297556
10297564
10297574
10297578
10297595
10297596
10297598
10297611
10297618
10297619
10297626
10297631
10297634
10297637
10297638
10297645
10297646
10297655
10297668
10297679
10297682
10297683
10297684
10297686
10297687
10297689
10297691
10297692
10297693
10297707
10297708
10297709
10297721
10297723
10297749
10297751
10297753
10297754
10297766
10297769
10297771
10297772
10297795
10297805
10297806
10297822
10297825
10297855
10297857
10297859
10297869
10297881
10297892
10297893
10297894
10297895
10297899
10297910
10297911
10297912
10297923
10297924
10297930
10297940
10297941
10297942
10297943
10297949
10297968
10297973
10297988
10297990
10297994
10297997
10298000
10298004
10298013
10298014
10298015
10298029
10298032
10298042
10298049
10298057
10298061
10298063
10298064
10298067
10298068
10298069
10298072
10298074
10298075
10298076
10298077
10298078
10298079
10298080
10298094
10298104
10298112
10298113
10298115
10298117
10298124
10298146
10298147
10298156
10298160
10298174
10298176
10298182
10298183
10298190
10298192
10298211
10298213
10298214
10298215
10298216
10298227
10298228
10298230
10298238
10298239
10298240
10298241
10298252
10298255
10298261
10298269
10298272
10298282
10298287
10298292
10298293
10298299
10298300
10298301
10298302
10298305
10298312
10298320
10298332
10298336
10298337
10298339
10298357
10298358
10298360
10298366
10298370
10298380
10298385
10298403
10298404
10298407
10298409
10298416
10298422
10298427
10298428
10298430
10298446
10298456
10298457
10298464
10298466
10298473
10298486
10298487
10298491
10298493
10298494
10298508
10298509
10298513
10298514
10298515
10298521
10298524
10298535
10298538
10298546
10298547
10298557
10298565
10298574
10298579
10298581
10298586
10298609
10298610
10298612
10298614
10298616
10298641
10298644
10298645
10298652
10298670
10298676
10298683
10298684
10298686
10298696
10298720
10298734
10298736
10298762
10298786
10298787
10298790
10298792
10298793
10298800
10298801
10298806
10298807
10298810
10298817
10298825
10298842
10298853
10298855
10298856
10298857
10298864
10298872
10298874
10298892
10298897
10298898
10298915
10298918
10298921
10298925
10298926
10298934
10298936
10298939
10298940
10298943
10298946
10298951
10298952
10298953
10298956
10298957
10298959
10298962
10298963
10298964
10298968
10298970
10298971
10298974
10298975
10298976
10298979
10298983
10298993
10299002
10299020
10299035
10299038
10299042
10299043
10299045
10299055
10299061
10299062
10299069
10299079
10299092
10299096
10299102
10299104
10299106
10299107
10299108
10299109
10299110
10299112
10299114
10299116
10299118
10299121
10299124
10299126
10299127
10299128
10299129
10299130
10299132
10299136
10299146
10299149
10299150
10299152
10299178
10299181
10299186
10299187
10299188
10299189
10299193
10299194
10299210
10299211
10299213
10299217
10299223
10299224
10299242
10299243
10299244
10299245
10299246
10299248
10299249
10299267
10299269
10299271
10299280
10299283
10299286
10299287
10299290
10299292
10299295
10299296
10299311
10299318
10299320
10299327
10299340
10299343
10299344
10299358
10299359
10299361
10299369
10299370
10299371
10299372
10299382
10299383
10299384
10299391
10299395
10299396
10299415
10299418
10299419
10299421
10299427
10299430
10299443
10299444
10299446
10299448
10299449
10299450
10299451
10299452
10299453
10299467
10299471
10299473
10299475
10299476
10299477
10299482
10299484
10299485
10299486
10299500
10299502
10299509
10299511
10299521
10299522
10299523
10299531
10299533
10299535
10299538
10299543
10299544
10299545
10299552
10299554
10299558
10299559
10299560
10299562
10299564
10299567
10299568
10299569
10299570
10299577
10299587
10299594
10299596
10299597
10299605
10299606
10299607
10299617
10299632
10299633
10299643
10299645
10299646
10299647
10299656
10299657
10299662
10299670
10299674
10299681
10299693
10299694
10299696
10299697
10299706
10299712
10299718
10299721
10299729
10299739
10299740
10299748
10299754
10299759
10299762
10299768
10299775
10299776
10299791
10299792
10299794
10299796
10299797
10299798
10299799
10299804
10299809
10299825
10299835
10299838
10299843
10299853
10299854
10299861
10299866
10299869
10299870
10299883
10299885
10299894
10299897
10299898
10299902
10299911
10299912
10299924
10299926
10299928
10299935
10299937
10299953
10299955
10299960
10299961
10299962
10299966
10299971
10299974
10299984
10299985
10299989
10299990
10299991
10299992
10299994
10299999
10300006
10300007
10300018
10300020
10300022
10300024
10300025
10300026
10300028
10300034
10300035
10300038
10300041
10300047
10300048
10300049
10300055
10300058
10300059
10300063
10300068
10300071
10300072
10300074
10300075
10300078
10300081
10300088
10300094
10300095
10300096
10300117
10300118
10300121
10300125
10300126
10300138
10300146
10300147
10300148
10300151
10300157
10300159
10300163
10300164
10300165
10300167
10300175
10300176
10300177
10300181
10300186
10300194
10300195
10300198
10300200
10300204
10300205
10300217
10300218
10300220
10300221
10300223
10300224
10300244
10300245
10300248
10300251
10300252
10300253
10300268
10300269
10300270
10300271
10300272
10300281
10300289
10300291
10300293
10300297
10300306
10300311
10300318
10300321
10300324
10300328
10300330
10300331
10300336
10300338
10300340
10300351
10300356
10300358
10300359
10300360
10300363
10300365
10300373
10300374
10300377
10300378
10300388
10300396
10300397
10300401
10300403
10300406
10300407
10300415
10300422
10300423
10300429
10300434
10300435
10300436
10300439
10300443
10300451
10300452
10300454
10300456
10300457
10300458
10300459
10300475
10300476
10300478
10300488
10300489
10300491
10300492
10300494
10300502
10300504
10300512
10300518
10300519
10300525
10300526
10300527
10300528
10300531
10300532
10300544
10300545
10300548
10300555
10300558
10300559
10300566
10300567
10300571
10300572
10300574
10300575
10300579
10300585
10300594
10300607
10300608
10300612
10300614
10300615
10300617
10300618
10300630
10300633
10300635
10300636
10300639
10300643
10300665
10300669
10300670
10300671
10300677
10300678
10300679
10300680
10300681
10300682
10300683
10300684
10300687
10300712
10300713
10300722
10300723
10300733
10300734
10300736
10300746
10300747
10300754
10300756
10300758
10300761
10300763
10300783
10300784
10300785
10300786
10300795
10300807
10300810
10300814
10300823
10300825
10300827
10300831
10300834
10300835
10300848
10300849
10300853
10300857
10300859
10300860
10300862
10300867
10300869
10300885
10300891
10300894
10300897
10300898
10300899
10300900
10300919
10300920
10300926
10300940
10300942
10300948
10300959
10300969
10300970
10300971
10300972
10300973
10300974
10300976
10300983
10300984
10300985
10300987
10300988
10300989
10300991
10300992
10301001
10301008
10301012
10301018
10301041
10301042
10301043
10301046
10301056
10301057
10301065
10301069
10301086
10301088
10301089
10301098
10301099
10301102
10301108
10301109
10301116
10301122
10301123
10301124
10301140
10301143
10301144
10301161
10301162
10301167
10301171
10301184
10301187
10301194
10301215
10301216
10301219
10301220
10301223
10301232
10301234
10301238
10301239
10301241
10301244
10301261
10301262
10301264
10301267
10301269
10301272
10301275
10301283
10301290
10301298
10301303
10301309
10301317
10301320
10301325
10301333
10301335
10301337
10301339
10301342
10301352
10301358
10301359
10301366
10301368
10301393
10301405
10301407
10301409
10301410
10301411
10301422
10301430
10301431
10301433
10301440
10301452
10301453
10301454
10301455
10301461
10301462
10301473
10301480
10301482
10301483
10301485
10301488
10301489
10301490
10301507
10301516
10301523
10301535
10301538
10301542
10301545
10301546
10301548
10301554
10301562
10301563
10301570
10301572
10301574
10301576
10301583
10301600
10301611
10301612
10301632
10301634
10301636
10301638
10301645
10301646
10301650
10301653
10301654
10301659
10301660
10301661
10301662
10301663
10301664
10301665
10301673
10301698
10301721
10301728
10301729
10301742
10301744
10301751
10301762
10301764
10301766
10301767
10301769
10301782
10301783
10301784
10301786
10301801
10301818
10301821
10301830
10301833
10301838
10301839
10301840
10301841
10301842
10301845
10301849
10301857
10301858
10301859
10301862
10301863
10301864
10301865
10301879
10301880
10301882
10301891
10301893
10301896
10301897
10301898
10301900
10301902
10301903
10301905
10301911
10301918
10301923
10301934
10301935
10301936
10301938
10301939
10301955
10301972
10301976
10301978
10301987
10301988
10301992
10301993
10301994
10302001
10302004
10302008
10302020
10302031
10302032
10302034
10302037
10302038
10302039
10302043
10302059
10302064
10302066
10302093
10302095
10302096
10302097
10302103
10302105
10302108
10302111
10302116
10302127
10302133
10302141
10302155
10302172
10302184
10302185
10302186
10302187
10302197
10302202
10302203
10302216
10302226
10302227
10302228
10302229
10302247
10302248
10302249
10302254
10302259
10302263
10302267
10302268
10302271
10302272
10302273
10302274
10302275
10302276
10302277
10302278
10302284
10302286
10302308
10302313
10302314
10302316
10302319
10302329
10302330
10302335
10302337
10302342
10302343
10302351
10302352
10302358
10302372
10302375
10302387
10302389
10302402
10302414
10302416
10302432
10302442
10302446
10302457
10302458
10302468
10302471
10302475
10302507
10302511
10302524
10302541
10302560
10302568
10302571
10302575
10302579
10302582
10302590
10302598
10302599
10302606
10302609
10302616
10302617
10302618
10302622
10302623
10302632
10302634
10302636
10302648
10302649
10302653
10302654
10302655
10302660
10302662
10302680
10302688
10302729
10302736
10302742
10302767
10302768
10302772
10302773
10302775
10302778
10302785
10302793
10302795
10302797
10302798
10302799
10302804
10302818
10302826
10302827
10302828
10302829
10302837
10302846
10302847
10302879
10302880
10302881
10302884
10302890
10302893
10302898
10302907
10302911
10302923
10302925
10302929
10302930
10302931
10302932
10302939
10302953
10302975
10302982
10303007
10303009
10303014
10303022
10303025
10303031
10303034
10303041
10303042
10303043
10303044
10303045
10303046
10303048
10303050
10303060
10303069
10303073
10303083
10303095
10303096
10303099
10303105
10303109
10303110
10303113
10303150
10303151
10303169
10303171
10303173
10303176
10303201
10303202
10303203
10303207
10303209
10303215
10303218
10303225
10303239
10303240
10303241
10303245
10303247
10303255
10303259
10303270
10303274
10303277
10303279
10303280
10303285
10303287
10303288
10303294
10303298
10303301
10303317
10303318
10303320
10303321
10303326
10303331
10303332
10303333
10303334
10303335
10303344
10303346
10303352
10303355
10303356
10303359
10303360
10303395
10303404
10303405
10303418
10303419
10303437
10303444
10303455
10303456
10303472
10303473
10303483
10303510
10303516
10303521
10303529
10303536
10303539
10303546
10303553
10303563
10303566
10303597
10303598
10303599
10303622
10303636
10303647
10303648
10303656
10303665
10303688
10303696
10303702
10303703
10303704
10303705
10303706
10303707
10303711
10303712
10303734
10303750
10303753
10303763
10303773
10303776
10303790
10303792
10303804
10303818
10303819
10303826
10303827
10303828
10303829
10303830
10303831
10303850
10303855
10303867
10303873
10303878
10303880
10303881
10303882
10303883
10303884
10303885
10303891
10303915
10303924
10303947
10303959
10303963
10303964
10303979
10303983
10303984
10303985
10303989
10304004
10304016
10304035
10304040
10304042
10304043
10304044
10304055
10304068
10304069
10304074
10304075
10304077
10304083
10304085
10304087
10304124
10304137
10304138
10304151
10304153
10304158
10304159
10304160
10304161
10304178
10304187
10304188
10304189
10304200
10304215
10304216
10304234
10304255
10304257
10304284
10304290
10304291
10304292
10304300
10304363
10304419
10304433
10304446
10304447
10304495
10304528
10304973
10305011
10305219
10305236
10305311
10305703
10305814
10306198
10306326
10306509
10306560
10306701
10306902
10307013
10307207
10307333
10307337
10307814
10307878
10308009
10308140
10308258
10308501
10308620
10308656
10308658
10308727
10308773
10308882
10308946
10308959
10309049
10309053
10309054
10309105
10309112
10309113
10309134
10309135
10309136
10309221
10309222
10309224
10309260
10309325
10309327
10309328
10309331
10309364
10309365
10309466
10309470
10309473
10309474
10309475
10309476
10309559
10309574
10309593
10309594
10309599
10309600
10309602
10309630
10309631
10309639
10309718
10309719
10309720
10309731
10309732
10309746
10309747
10309751
10309753
10309758
10309759
10309770
10309781
10309792
10309793
10309797
10309830
10309843
10309855
10309861
10309867
10309909
10309925
10309926
10309937
10309960
10309998
10310000
10310002
10310013
10310022
10310028
10310056
10310089
10310114
10310125
10310129
10310144
10310162
10310163
10310164
10310165
10310166
10310168
10310184
10310223
10310248
10310250
10310251
10310253
10310258
10310271
10310274
10310275
10310276
10310279
10310280
10310291
10310295
10310300
10310302
10310303
10310309
10310314
10310334
10310380
10310395
10310398
10310431
10310439
10310446
10310481
10310490
10310525
10310527
10310530
10310560
10310586
10310595
10310601
10310613
10310621
10310631
10310652
10310743
10310744
10310784
10310790
10310847
10310848
10310856
10310861
10310863
10310864
10310878
10310879
10310882
10310919
10310928
10310943
10310944
10310945
10310948
10310949
10310952
10310953
10310956
10310958
10310974
10310980
10311006
10311009
10311011
10311015
10311022
10311029
10311030
10311041
10311042
10311043
10311053
10311065
10311067
10311077
10311079
10311080
10311083
10311094
10311096
10311103
10311105
10311109
10311115
10311123
10311124
10311132
10311134
10311135
10311139
10311147
10311152
10311153
10311154
10311155
10311158
10311159
10311163
10311171
10311172
10311173
10311174
10311183
10311188
10311204
10311220
10311224
10311227
10311228
10311244
10311246
10311255
10311294
10311300
10311310
10311313
10311317
10311318
10311319
10311339
10311343
10311348
10311363
10311365
10311371
10311378
10311395
10311400
10311401
10311410
10311414
10311416
10311418
10311419
10311428
10311437
10311448
10311449
10311460
10311465
10311475
10311477
10311487
10311488
10311495
10311496
10311497
10311498
10311499
10311507
10311515
10311521
10311537
10311553
10311563
10311594
10311599
10311604
10311624
10311634
10311653
10311667
10311672
10311674
10311676
10311680
10311684
10311685
10311688
10311691
10311704
10311727
10311732
10311749
10311776
10311778
10311780
10311781
10311782
10311831
10311843
10311870
10311893
10311898
10311916
10311921
10311924
10311925
10311926
10311935
10311939
10311941
10311959
10312010
10312011
10312012
10312014
10312031
10312032
10312053
10312057
10312078
10312099
10312112
10312113
10312115
10312116
10312117
10312120
10312125
10312127
10312128
10312131
10312150
10312157
10312161
10312168
10312184
10312185
10312187
10312188
10312193
10312211
10312224
10312249
10312269
10312272
10312273
10312274
10312276
10312282
10312290
10312317
10312321
10312363
10312369
10312386
10312387
10312390
10312391
10312392
10312397
10312402
10312403
10312405
10312412
10312421
10312433
10312462
10312467
10312468
10312472
10312482
10312505
10312507
10312515
10312517
10312519
10312521
10312522
10312533
10312539
10312549
10312565
10312572
10312578
10312586
10312597
10312626
10312629
10312630
10312635
10312672
10312687
10312706
10312715
10312764
10312783
10312784
10312785
10312810
10312816
10312817
10312818
10312819
10312820
10312821
10312822
10312825
10312834
10312835
10312837
10312883
10312893
10312909
10312914
10312917
10312960
10312967
10312973
10312976
10312999
10313006
10313041
10313047
10313052
10313081
10313084
10313085
10313089
10313090
10313091
10313094
10313095
10313096
10313100
10313101
10313103
10313104
10313108
10313110
10313125
10313152
10313166
10313190
10313196
10313200
10313201
10313202
10313204
10313236
10313238
10313249
10313252
10313261
10313262
10313265
10313274
10313277
10313278
10313281
10313313
10313314
10313315
10313326
10313333
10313334
10313349
10313350
10313352
10313354
10313356
10313358
10313365
10313372
10313375
10313379
10313414
10313450
10313451
10313452
10313454
10313456
10313474
10313478
10313479
10313515
10313516
10313517
10313586
10313587
10313590
10313600
10313687
10313718
10313719
10313725
10313731
10313814
10313815
10313816
10313829
10314109
10314138
10314159
10314336
10314365
10314409
10314416
10314472
10314497
10314498
10314549
10314602
10314643
10314646
10314981
10315036
10315187
10315192
10315241
10315273
10315295
10315304
10315305
10315306
10315318
10315319
10315377
10315379
10315381
10315414
10315415
10315428
10315485
10315525
10315567
10315576
10315580
10315622
10315646
10315680
10315693
10315717
10315773
10316300
10316572
10316749
10316854
10316939
10317187
10317188
10317200
10317238
10317270
10317271
10317297
10317387
10317549
10317628
10317629
10317630
10317646
10317658
10317670
10317672
10317740
10317754
10317817
10317880
10317894
10317928
10317944
10317947
10317963
10317967
10317982
10317985
10317994
10318007
10318015
10318017
10318060
10318103
10318107
10318120
10318133
10318156
10318185
10318250
10318253
10318260
10318292
10318314
10318336
10318353
10318358
10318368
10318370
10318486
10318580
10318635
10318640
10319738
10320224
10321356
10321424
10321599
10323648
10324349
10324732
10324735
10324736
10324739
10324740
10324741
10324745
10324753
10324756
10324761
10324762
10324774
10324776
10324782
10324791
10324799
10324804
10324806
10324809
10324813
10324814
10324816
10324822
10324824
10324826
10324832
10324833
10324837
10324839
10324841
10324843
10324846
10324847
10324849
10324854
10324856
10324857
10324858
10324861
10324866
10324868
10324874
10324879
10324881
10324884
10324887
10324896
10324900
10324901
10324903
10324904
10324906
10324907
10324918
10324923
10324924
10324929
10324934
10324945
10324946
10324952
10324953
10324955
10324958
10325042
10325063
10325065
10325066
10325068
10325070
10325072
10325079
10325082
10325093
10325097
10325098
10325101
10325106
10325107
10325109
10325110
10325111
10325112
10325113
10325116
10325198
10326358
10326689
10328103
10328725
10335188
10335217
10335314
10338711
10338721
10338752
10338795
10338797
10338801
10338820
10338823
10338843
10338857
10338875
10338884
10338894
10338895
10338901
10338934
10338942
10338943
10339009
10339080
10339105
10339119
10339124
10339134
10339135
10339138
10339147
10339152
10339158
10339159
10339167
10339191
10339248
10339260
10339270
10342931
10342964
10342972
10342999
10343022
10344803
10344805
10344811
10344821
10344841
10344853
10344897
10344898
10344933
10344972
10344983
10344996
10344997
10344998
10344999
10345042
10345055
10345065
10345098
10345140
10345227
10345228
10345230
10345231
10345232
10345263
10345337
10345341
10345352
10345367
10345398
10345401
10345402
10345404
10345409
10345411
10345415
10345444
10345449
10345450
10345459
10345461
10345480
10345486
10345487
10345490
10345530
10345553
10345586
10345594
10345612
10345698
10345732
10345749
10345786
10345801
10345820
10345823
10345841
10345847
10345851
10345855
10345876
10345914
10345923
10345947
10345966
10345978
10345981
10345999
10346023
10346081
10346125
10346147
10346154
10346186
10346195
10346210
10346212
10346221
10346359
10346361
10346367
10346386
10346487
10346491
10346493
10346494
10346495
10346497
10346500
10346501
10346504
10346534
10346536
10346548
10346550
10346554
10346611
10346644
10346654
10346713
10347513
10350301
10350831
10350881
10350882
10350883
10350884
10350885
10350886
10350989
10351008
10351010
10351021
10351057
10351062
10351066
10351088
10351108
10351112
10351191
10351249
10351321
10351336
10351356
10351368
10351383
10351385
10351393
10351420
10351423
10351447
10351510
10351552
10351557
10351615
10351617
10351622
10351626
10351627
10351628
10351652
10351689
10351701
10351704
10351705
10351716
10351752
10351753
10351817
10353091
10355205
10356684
10357289
10358472
10358506
10358679
10358692
10360133
10361866
10362004
10363009
10363475
10363854
10366176
10366357
10366368
10370279
10370928
10373158
10373721
10373722
10373723
10378113
10378343
10380394
10382406
10382435
10382495
10384252
10386089
10386565
10387154
10387157
10387158
10387159
10387160
10387179
10387251
10387278
10387357
10387358
10387395
10387396
10387422
10387427
10387428
10387435
10387451
10387531
10387532
10387534
10387535
10387556
10387561
10387562
10387563
10387567
10387641
10387724
10387740
10387741
10387752
10387843
10387867
10387869
10387870
10387871
10387889
10387898
10388197
10388218
10390185
10392591
10395156
10395430
10398616
10399654
10399894
10401740
10402537
10402550
10403347
10404667
10404865
10405674
10409942
10410010
10410011
10413745
10414628
10414724
10418403
10419321
10422989
10423469
10423474
10424115
10424333
10424642
10425838
10425842
10425845
10425865
10431009
10432327
10432332
10433536
10434765
10437332
10437333
10445896
10445897
10448724
10450544
10450551
10451272
10461435
10462853
10463556
10467202
10469739
10470547
10474308
10475667
10478067
10479107
10484246
10484247
10484263
10484308
10484993
10485178
10488274
10492314
10492841
10493199
10493470
10495610
10496700
10497753
10498463
10498484
10499692
10499939
10502937
10504939
10505533
10507201
10509089
10510608
10510986
10511591
10511618
10511752
10511753
10512437
10512518
10514895
10515768
10519898
10521159
10522971
10523099
10524381
10524401
10524429
10526731
10526734
10527164
10528046
10531863
10533497
10536975
10537396
10537397
10537398
10537399
10537401
10537426
10537466
10537480
10537481
10537496
10537503
10537507
10537511
10537574
10537613
10537614
10537621
10537622
10537625
10537786
10537871
10537916
10537921
10537965
10538052
10538072
10538074
10538099
10538100
10538101
10538125
10538193
10538247
10538248
10538249
10538254
10538260
10538266
10538272
10538310
10538428
10538429
10538447
10538448
10538449
10538459
10538465
10538476
10538477
10538490
10538536
10538568
10538612
10538633
10538679
10538683
10538686
10538691
10538696
10538772
10538818
10538841
10538843
10538844
10538879
10538887
10538891
10538892
10538893
10538948
10538957
10538958
10538964
10538996
10539053
10539065
10539089
10539090
10539091
10539192
10539197
10539198
10539216
10539264
10539329
10539339
10539350
10539440
10539445
10539463
10539465
10539466
10539471
10539473
10539474
10539481
10539511
10539513
10539517
10539521
10539522
10539524
10539530
10539531
10539534
10539618
10539667
10539675
10539685
10539724
10539728
10541022
10543855
10544314
10544346
10547408
10547904
10548816
10553268
10554733
10557385
10557394
10557408
10557458
10557531
10557587
10557594
10557722
10557727
10557735
10557736
10557740
10557744
10557746
10557777
10557797
10557803
10557819
10557874
10557913
10557975
10557978
10557982
10558002
10558005
10558007
10558010
10558014
10558016
10558017
10558018
10558019
10558026
10558060
10558088
10558110
10558113
10558114
10558115
10558117
10558119
10558120
10558134
10558136
10558137
10558141
10558165
10558168
10558246
10558249
10558263
10558295
10558397
10558402
10558413
10558483
10558504
10558509
10558574
10558576
10558584
10558587
10558601
10558604
10558605
10558615
10561999
10562077
10562155
10565666
10568649
10569901
10570382
10570661
10570662
10572154
10572161
10573717
10575386
10575387
10577311
10577434
10578728
10580819
10582386
10589207
10590924
10592762
10592770
10593785
10597115
10597679
10598987
10599606
10603912
10605662
10605663
10606300
10607354
10608582
10608940
10610446
10610450
10610627
10613316
10615621
10616022
10620856
10620869
10620879
10620950
10620954
10620989
10621105
10621107
10621108
10621109
10621111
10621113
10621115
10621118
10621132
10621150
10621153
10621199
10621201
10621202
10621203
10621206
10621285
10621374
10621415
10621436
10621440
10621441
10621691
10622800
10622816
10622817
10622819
10622907
10622926
10622949
10622950
10622953
10622954
10622956
10622959
10622961
10622973
10623015
10623016
10623021
10623025
10623027
10623029
10623114
10623124
10623194
10623241
10623248
10623250
10623271
10624028
10626694
10626695
10628127
10630144
10630723
10631391
10632305
10634271
10635678
10638594
10639818
10639888
10641344
10641476
10642209
10645078
10645089
10645758
10645761
10645924
10646316
10646346
10647146
10647469
10647667
10650691
10650696
10650697
10650700
10653361
10654835
10655003
10655856
10656029
10658395
10659687
10659690
10659692
10661952
10661962
10661973
10661981
10662039
10662110
10662112
10662122
10662123
10662124
10662127
10662136
10662137
10662139
10662179
10662183
10662184
10662189
10662192
10662210
10662277
10662281
10662288
10662290
10662296
10662347
10662365
10662399
10662438
10664491
10664492
10666781
10670387
10670645
10672112
10672118
10681289
10681659
10681960
10681961
10682954
10682957
10683365
10685762
10687560
10687647
10687660
10687665
10688241
10689973
10692203
10693575
10695176
10695310
10695682
10703332
10703398
10707270
10708164
10710933
10711138
10711179
10711319
10713018
10715499
10718019
10718022
10718025
10718028
10718034
10718036
10718039
10718041
10718042
10718900
10719766
10723299
10724309
10724562
10724583
10724668
10724769
10728068
10728108
10728112
10728130
10728483
10729176
10729863
10731751
10732367
10732635
10736555
10736556
10736557
10736558
10736559
10737281
10737445
10737810
10737820
10745759
10745770
10745778
10745789
10747457
10747458
10747481
10747485
10747490
10747503
10747511
10747513
10747604
10747606
10747612
10747748
10747753
10747757
10749246
10751466
10751786
10752967
10752968
10752973
10761491
10763618
10765231
10765233
10766001
10766012
10767893
10768815
10771786
10771794
10772376
10776125
10776330
10776980
10777115
10777288
10777973
10778810
10778815
10783425
10786434
10787329
10787482
10787484
10787713
10787747
10787760
10787803
10787812
10787813
10787814
10787815
10787821
10787823
10787881
10787897
10787912
10787923
10787931
10787932
10787937
10787990
10787994
10787998
10787999
10788000
10788004
10788019
10788020
10788088
10788156
10788158
10788159
10788188
10788189
10788190
10788913
10789665
10790700
10791156
10791287
10791511
10791512
10793517
10794192
10796907
10798329
10800979
10802374
10803442
10805827
10807806
10808755
10813259
10815094
10815359
10816629
10819103
10819658
10819741
10823367
10824743
10828102
10830666
10835145
10835151
10835161
10835163
10835798
10835817
10838528
10839007
10840026
10843313
10848095
10848098
10848111
10848203
10850747
10855599
10856411
10857357
10857511
10859583
10861159
10864338
10865251
10865609
10865620
10865640
10866868
10868561
10869927
10870538
10876453
10879213
10879214
10880732
10880775
10881336
10882245
10884968
10886475
10888156
10889676
10889680
10890835
10892330
10892357
10894309
10894325
10896742
10897227
10897718
10901358
10902056
10913465
10913466
10915266
10915273
10915287
10915348
10915349
10915456
10915457
10915462
10915464
10916313
10916511
10916601
10916970
10916977
10916978
10916991
10920127
10921232
10921705
10922306
10923122
10923125
10923126
10923127
10923128
10924029
10924575
10925972
10928335
10929998
10931399
10932466
10934539
10939556
10941323
10943280
10945200
10946484
10947414
10947417
10947454
10947494
10949200
10950062
10953773
10955040
10957881
10964321
10964640
10967626
10968308
10969230
10969321
10970258
10973372
10974796
10977334
10977402
10977438
10977455
10977501
10977507
10977667
10977723
10977784
10981363
10981369
10983913
10984326
10984754
10984761
10985106
10985110
10985111
10985301
10986790
10989482
10992648
10992649
10992650
10992651
10992652
10992653
10992654
10992656
10992668
10992676
10994656
10995085
10996973
10999980
11000722
11000723
11000725
11001464
11003352
11009003
11009673
11009740
11009742
11009784
11009797
11009799
11009827
11009831
11009858
11009873
11009887
11009904
11009922
11009923
11009925
11009927
11009966
11009967
11009988
11009995
11010014
11010022
11010025
11010095
11010101
11010106
11010116
11010141
11010144
11010170
11010178
11010185
11010190
11010206
11010224
11010229
11010249
11010250
11010281
11010298
11010418
11010422
11010442
11010447
11010449
11010451
11010475
11010492
11010497
11010515
11010518
11010521
11010529
11010546
11010617
11010643
11010646
11010662
11010664
11010681
11010690
11010692
11010693
11010708
11010713
11010734
11010737
11010755
11010756
11010757
11011466
11011644
11015245
11015258
11015343
11015519
11015797
11018396
11018618
11021676
11022156
11022161
11025790
11026916
11029930
11029959
11029996
11032512
11033584
11033697
11037009
11037023
11037024
11037938
11039975
11040640
11040643
11042575
11042733
11043029
11043696
11045104
11045708
11050853
11053594
11055452
11059253
11061772
11064555
11066182
11066189
11066240
11066241
11066243
11066244
11066252
11066257
11066262
11066264
11066272
11066302
11066303
11066304
11066306
11066322
11066330
11066335
11066339
11066343
11066344
11066346
11066347
11066387
11066392
11066416
11066428
11066429
11066482
11066522
11066599
11066602
11066611
11066633
11066634
11066647
11066668
11066670
11066677
11066684
11066693
11066698
11066703
11066727
11066728
11066794
11066809
11066822
11066891
11066934
11066935
11066974
11066995
11067005
11067009
11067084
11067113
11067138
11067147
11067159
11067165
11067314
11067319
11067321
11067324
11067325
11067354
11067365
11067410
11067427
11067428
11067434
11067533
11067675
11067677
11067706
11067708
11067709
11067711
11070683
11073555
11074743
11074779
11074954
11074987
11075002
11075010
11075018
11075056
11075057
11075059
11075060
11075063
11076244
11077791
11077908
11078049
11078052
11078053
11078772
11081022
11083311
11083329
11087022
11088085
11095329
11096036
11096414
11097439
11098313
11100209
11100229
11103357
11103629
11104451
11105180
11105511
11107663
11109186
11109304
11111852
11111855
11111858
11112227
11113743
11113744
11113783
11115204
11116643
11116650
11116680
11117000
11125375
11125909
11126458
11126593
11127502
11127690
11130253
11130801
11130806
11131081
11131084
11131761
11132562
11132908
11133332
11135139
11137952
11138375
11138398
11138594
11138597
11138700
11139849
11139905
11140003
11140016
11140548
11140549
11140550
11140551
11141534
11141810
11141843
11141984
11142073
11142178
11142258
11142977
11142979
11142984
11142985
11143081
11143082
11143107
11143175
11143275
11143276
11143278
11143281
11143537
11146273
11146846
11146872
11146902
11146982
11147283
11147286
11147515
11147523
11147535
11148866
11148870
11151322
11151559
11151562
11151830
11155267
11157127
11157290
11157375
11158185
11158849
11159063
11171741
11172943
11174222
11174325
11174772
11176741
11177135
11182910
11182965
11182991
11183004
11183092
11183093
11183112
11183164
11183219
11183220
11183221
11183222
11183264
11183265
11183290
11183291
11183305
11183350
11183396
11183404
11183466
11183468
11183488
11183492
11183493
11183503
11183528
11183531
11183543
11183685
11183855
11183914
11183928
11184005
11184041
11184043
11184098
11184146
11184154
11184157
11184159
11184160
11184172
11184262
11184281
11184295
11184349
11184351
11184362
11184436
11184520
11184521
11184522
11184553
11184587
11184603
11184604
11184628
11184665
11184666
11185124
11185130
11185148
11185255
11185266
11185276
11185328
11185802
11185848
11185860
11186294
11186335
11186337
11186343
11186424
11186502
11186503
11186504
11186533
11186534
11186595
11186617
11186630
11186636
11186643
11186739
11186750
11186756
11186761
11186762
11186785
11186843
11186858
11187259
11187305
11187363
11187413
11187843
11188078
11188079
11188081
11188130
11188224
11188255
11188256
11188285
11188304
11188348
11188350
11188355
11188434
11189826
11190978
11191094
11191096
11191265
11191727
11193951
11194786
11194845
11194852
11194855
11195420
11197088
11198945
11201619
11202535
11202538
11202593
11203887
11207880
11209199
11209210
11209213
11209449
11209647
11210391
11211390
11211399
11211407
11211487
11211488
11211490
11211554
11211555
11213273
11213369
11213762
11213764
11214551
11214560
11215039
11215291
11215506
11216039
11216049
11216055
11216216
11216220
11216224
11216332
11216337
11216816
11218322
11218325
11218794
11218907
11218936
11218941
11219036
11219174
11219180
11219268
11219565
11221440
11221527
11221818
11221819
11225163
11225546
11227642
11228815
11229949
11231708
11231731
11233503
11235495
11236279
11236280
11236460
11236599
11236791
11236792
11236793
11239384
11239385
11242318
11242323
11243961
11244288
11244401
11244403
11245367
11245379
11248628
11249087
11250845
11251746
11252043
11252241
11252372
11252444
11252446
11253447
11253456
11253904
11255699
11255739
11255744
11255745
11255746
11255747
11255749
11255838
11258143
11258165
11258240
11258271
11258291
11258294
11259729
11260930
11260933
11260935
11260937
11260938
11260943
11260944
11260945
11260953
11260954
11260961
11260962
11260979
11261371
11261372
11261379
11261380
11263100
11263101
11270286
11271444
11271447
11271647
11272600
11272955
11272966
11273205
11273878
11274509
11274510
11274630
11276763
11276857
11277039
11277547
11280122
11283139
11287531
11288190
11291002
11291493
11295022
11295684
11299959
11300001
11300010
11300241
11300254
11302054
11303415
11310452
11313073
11315364
11317090
11317093
11317556
11317567
11317578
11317857
11318915
11321926
11327178
11328256
11329518
11329838
11329864
11329865
11329970
11329972
11330990
11331977
11335742
11335752
11335761
11335849
11338897
11339916
11345825
11345903
11345904
11346521
11347497
11347776
11348345
11349539
11349543
11349545
11349549
11349564
11349565
11351394
11351813
11351815
11351848
11351915
11352323
11354722
11357199
11357266
11357435
11357437
11357762
11357770
11357772
11357782
11357784
11357977
11362133
11362733
11362831
11362882
11362941
11363511
11363862
11363934
11364061
11364454
11364488
11364547
11364782
11364924
11365010
11365368
11365612
11365767
11366168
11366240
11366260
11366266
11366304
11366763
11367054
11367064
11367206
11367217
11367458
11368202
11372219
11372232
11372233
11372241
11372488
11373901
11373952
11373961
11374181
11374296
11374298
11376226
11376238
11376239
11376241
11376427
11378977
11378983
11378996
11379569
11380756
11381723
11382692
11384896
11385947
11385948
11386006
11387746
11388160
11388819
11390004
11390526
11391830
11392727
11392738
11392909
11393870
11394332
11394836
11396369
11398491
11398574
11398644
11401608
11402264
11402563
11402776
11402800
11404640
11404644
11406886
11406898
11406978
11407118
11408967
11408984
11411467
11416456
11417169
11418945
11418960
11419029
11419217
11421568
11424538
11424758
11425938
11430167
11430168
11430193
11430221
11432157
11433057
11434365
11434712
11434716
11436393
11436405
11436567
11438414
11439702
11440256
11441742
11442243
11447630
11447642
11448657
11449857
11454115
11455525
11455526
11456211
11458594
11458870
11458966
11463078
11463087
11464567
11467035
11467110
11467116
11467123
11467226
11467227
11467230
11467231
11467233
11468985
11469132
11470393
11471429
11471482
11474977
11475518
11475546
11477948
11478535
11478565
11481724
11481727
11481733
11481737
11481740
11481743
11481748
11481749
11481750
11481751
11481752
11481753
11481757
11481758
11481761
11481766
11481769
11481770
11481774
11481775
11481776
11481778
11481787
11481788
11481810
11481995
11482117
11482118
11482121
11482122
11482123
11482124
11482126
11482127
11482585
11482586
11483457
11484229
11486595
11486669
11487491
11488703
11490045
11490652
11490654
11493139
11494178
11494998
11496036
11496585
11496859
11497027
11497303
11497315
11499280
11499284
11502029
11503645
11503668
11503683
11503688
11503698
11503707
11503732
11503741
11503745
11503756
11503774
11503862
11503875
11503889
11503892
11507784
11508212
11508636
11508637
11509161
11510305
11513489
11515928
11517808
11517833
11518603
11519237
11519241
11521266
11521480
11521483
11523474
11526251
11526859
11527766
11527781
11527783
11527784
11529509
11529517
11530119
11530769
11531175
11532113
11532656
11534222
11534370
11534372
11535750
11544859
11547189
11547390
11547757
11549191
11549213
11549989
11550293
11550436
11551278
11552143
11552302
11552589
11554370
11554391
11555065
11555069
11555718
11556055
11556375
11556552
11556928
11558246
11558708
11558712
11558722
11558723
11558724
11559373
11560540
11561276
11563194
11565186
11565637
11569129
11569307
11569312
11569328
11570138
11570353
11572737
11574972
11576371
11576582
11576886
11577499
11577510
11577631
11581432
11582976
11584647
11584707
11584831
11585166
11585168
11585379
11586609
11586792
11588507
11588865
11588868
11588870
11588871
11588877
11588884
11588887
11589844
11590777
11590778
11590859
11592351
11592751
11594095
11594898
11594903
11602937
11603401
11603410
11606151
11606869
11622341
11641987
11641996
11642098
11642644
11642799
11642981
11643484
11643688
11643788
11643836
11644002
11644010
11644011
11644296
11644891
11645482
11645553
11645636
11645794
11646231
11646237
11646315
11646372
11646425
11646525
11646699
11646841
11646853
11646906
11647172
11647215
11647405
11647816
11647817
11647927
11647934
11648038
11648055
11648252
11648610
11649478
11649923
11650068
11650405
11650406
11650407
11650622
11650691
11650765
11650769
11651031
11651226
11651361
11651593
11651888
11652265
11652367
11652430
11652536
11652650
11652922
11653229
11653523
11653796
11654462
11656307
11656659
11656741
11656873
11657014
11657117
11657405
11657821
11658673
11658685
11658799
11658807
11658906
11658970
11659026
11659037
11659069
11659094
11659107
11659153
11659165
11659203
11659292
11659515
11659734
11659821
11659864
11660235
11660422
11660529
11664544
11665358
11665697
11665701
11666108
11668466
11668824
11669001
11669362
11673155
11674821
11675424
11676455
11676465
11677471
11678070
11678148
11679983
11680097
11680140
11680259
11680274
11680908
11682841
11682929
11685976
11686201
11686202
11686204
11688052
11688055
11688087
11688090
11688094
11688297
11688417
11688418
11688420
11688421
11688423
11688424
11688506
11688508
11688509
11688511
11688617
11688619
11694467
11697026
11698559
11699511
11699848
11700485
11700833
11702377
11702382
11702391
11702393
11702825
11705189
11706430
11706644
11708195
11711692
11715384
11715833
11716311
11716659
11716664
11716798
11717569
11717573
11717617
11718592
11721712
11724038
11724075
11725810
11725812
11726757
11727453
11727457
11727476
11727478
11727748
11729245
11729444
11729448
11729449
11729450
11729451
11729845
11729846
11729850
11731516
11732554
11732556
11734155
11739303
11742059
11744894
11747051
11748549
11751550
11751801
11751803
11756528
11756719
11757190
11757236
11757567
11757576
11758052
11758591
11758597
11759620
11759624
11760363
11760761
11760764
11760765
11761352
11761534
11761731
11762390
11762890
11763658
11763876
11764814
11764816
11764817
11764822
11765272
11765276
11765358
11765633
11765634
11765886
11765888
11767299
11771468
11771489
11773167
11773184
11773924
11775290
11775641
11775665
11778624
11778631
11780186
11780624
11781403
11781407
11781909
11785213
11785227
11788328
11789060
11789643
11790061
11791269
11793128
11793526
11793560
11793569
11793868
11793869
11793908
11794013
11794307
11794497
11794498
11795323
11796802
11797573
11797574
11797588
11797701
11797740
11799852
11800002
11800334
11802642
11802749
11803312
11803761
11803912
11804015
11804883
11806312
11806320
11806322
11806341
11807992
11808044
11808388
11808389
11808413
11808468
11808611
11808620
11809011
11810068
11811194
11811195
11813406
11813453
11813455
11813648
11815524
11815696
11816665
11816666
11816685
11817403
11817419
11818431
11818465
11822184
11822249
11822265
11822276
11823096
11823373
11823988
11824050
11824463
11826209
11827619
11828784
11828803
11828805
11828806
11828808
11828964
11828978
11831277
11831278
11833234
11833240
11833389
11833701
11837144
11837549
11837853
11838649
11839225
11839229
11840627
11840630
11840847
11840902
11842506
11843239
11843481
11843991
11844004
11846117
11846244
11852545
11852546
11852827
11852843
11855201
11855448
11855500
11857855
11857893
11858002
11858325
11859740
11859741
11859822
11859898
11859899
11859900
11859903
11859904
11860077
11860409
11862810
11862817
11865908
11867774
11867775
11868424
11868577
11871278
11871928
11873811
11874934
11877878
11879527
11880794
11883381
11884968
11885591
11885592
11886319
11886320
11887295
11889729
11892237
11892238
11892757
11892762
11892764
11893343
11893789
11893795
11893800
11894342
11897458
11898329
11899727
11899728
11899838
11899910
11900074
11900160
11902342
11903767
11904815
11905450
11905971
11908240
11909892
11911054
11911321
11911325
11911326
11911327
11911328
11911329
11911330
11913058
11913195
11914464
11914889
11915212
11915511
11915512
11915906
11917780
11917833
11918506
11919235
11920345
11920346
11920485
11921488
11921752
11921760
11921761
11922003
11922050
11922051
11922531
11922569
11925680
11925682
11926104
11926107
11926694
11926848
11926851
11927406
11929390
11930896
11932675
11933382
11933491
11936941
11941996
11943046
11943057
11944230
11944813
11948279
11949233
11949521
11949532
11949925
11950127
11950390
11951294
11951307
11951352
11951761
11951766
11951772
11952931
11954011
11954573
11954613
11954619
11957846
11957929
11957934
11958228
11958238
11958494
11961024
11961470
11961471
11961475
11962070
11962152
11962681
11963602
11965207
11966383
11966384
11967396
11967448
11972725
11974410
11977267
11978616
11978724
11979703
11980224
11981141
11982187
11982192
11982200
11982217
11982674
11982680
11984187
11984197
11984913
11984930
11985044
11985240
11985404
11987855
11989167
11989168
11989169
11989311
11992299
11993040
11993041
11993435
11993503
11993504
11994553
11994730
11998267
12001490
12003425
12004480
12004550
12004582
12004599
12004793
12006226
12006229
12007164
12008814
12010140
12013637
12013645
12013646
12013702
12014159
12015242
12017912
12018182
12018685
12018687
12021671
12021685
12021694
12022268
12024504
12024568
12024855
12024858
12025565
12025580
12025615
12025984
12025986
12028225
12028248
12028256
12028257
12028265
12032969
12033049
12035207
12035573
12035992
12035993
12035994
12035999
12036793
12037926
12038155
12038273
12038725
12039993
12040239
12040336
12043525
12043528
12043746
12045864
12046153
12046490
12048664
12049587
12050449
12051254
12053298
12055386
12055449
12055528
12056204
12056221
12056401
12056993
12060935
12061052
12061055
12061157
12061158
12061510
12061518
12063387
12063481
12063815
12065564
12066363
12066364
12066397
12066462
12067034
12067073
12067074
12067078
12068486
12068963
12068967
12071118
12073200
12073395
12073874
12074477
12075271
12075285
12076898
12078924
12078947
12079147
12079148
12079149
12079150
12079151
12079152
12079153
12079154
12083013
12083038
12083159
12083175
12084695
12084792
12085387
12087608
12088200
12090416
12090685
12091963
12092678
12093422
12093665
12095042
12096409
12096410
12096412
12096523
12096552
12096766
12096941
12098344
12098873
12098894
12098979
12100503
12101516
12101876
12108143
12108227
12108228
12108965
12108991
12108995
12109003
12110073
12110750
12110788
12112180
12114374
12115377
12115378
12117076
12117122
12117149
12117155
12117156
12118482
12119831
12120662
12123403
12131619
12131688
12132080
12132180
12132183
12132184
12132600
12133013
12133026
12133159
12134555
12134560
12134561
12134749
12134794
12135021
12135147
12135156
12136712
12138144
12138552
12138920
12138926
12140346
12140833
12140835
12141013
12141014
12141019
12141057
12141059
12141623
12143298
12143797
12143882
12144008
12144981
12144982
12145920
12147182
12148663
12148664
12149158
12149851
12149857
12149868
12152488
12152501
12152512
12152918
12153375
12154548
12159825
12160919
12170229
12170975
12174828
12176687
12177590
12177844
12180165
12181625
12182696
12184077
12186173
12186315
12186321
12187165
12187166
12192028
12196651
12196778
12196934
12205264
12211257
12211294
12213139
12214498
12216362
12218643
12218769
12219041
12219711
12219713
12219714
12221796
12221802
12222011
12222012
12222013
12222014
12224107
12224109
12224358
12224364
12224890
12227153
12227351
12228775
12228931
12229054
12229063
12229565
12229929
12230424
12232927
12233148
12233203
12233763
12234315
12235766
12235979
12235996
12236383
12236387
12237908
12238418
12239275
12239492
12239778
12240698
12241793
12242871
12244767
12262056
12289006
12289325
12290591
12295508
12296364
12298129
12298366
12317777
12318890
12322725
12340180
12344058
12350058
12351800
12353827
12354977
12355978
12357001
12358040
12358270
12361062
12362999
12363162
12365885
12366614
12368713
12370864
12370891
12371335
12371790
12373961
12374063
12375473
12377913
12378762
12378763
12378765
12378781
12378782
12378783
12380100
12380207
12380892
12381233
12382304
12382601
12385043
12385127
12385133
12387236
12388484
12389327
12389328
12389384
12389394
12389803
12395028
12395029
12395164
12396170
12396549
12397816
12397835
12398563
12400188
12400267
12400293
12400740
12401037
12401739
12403504
12405876
12407963
12409564
12409587
12410910
12412316
12412358
12413285
12415132
12416404
12416410
12416413
12418381
12418484
12418941
12420391
12420392
12420396
12420398
12420415
12420430
12420477
12420482
12420483
12420527
12420693
12425124
12425185
12425302
12425540
12426531
12429179
12430363
12430934
12431914
12431915
12432757
12432894
12433017
12434713
12436778
12436897
12436971
12437415
12439468
12440419
12442234
12442852
12442856
12442857
12442859
12442860
12448813
12449902
12450586
12453818
12454825
12455250
12455312
12455486
12455572
12456230
12456953
12457423
12461252
12462656
12462882
12462884
12462890
12463231
12463234
12463779
12464755
12465576
12465630
12465777
12469662
12469663
12469665
12469672
12469674
12471183
12471950
12472144
12473010
12474191
12475119
12475125
12476101
12476707
12479501
12479536
12479540
12481969
12482007
12488680
12489599
12491657
12492209
12493950
12496303
12498019
12498022
12498291
12499470
12500246
12500328
12500335
12500336
12500341
12500344
12500346
12500347
12500354
12500356
12500358
12500359
12500360
12500361
12500363
12500364
12500366
12500367
12500368
12500369
12500370
12500473
12500474
12500475
12500478
12500479
12500586
12500650
12500739
12501591
12502290
12503335
12506150
12506429
12506459
12506729
12506851
12508505
12509729
12510471
12510615
12510665
12511380
12511389
12514575
12514650
12515982
12516162
12516221
12516561
12518555
12523338
12523353
12523364
12525231
12525589
12525724
12526135
12526942
12526957
12527542
12527613
12528224
12528235
12528652
12528656
12528837
12528840
12528845
12528847
12528853
12530248
12530351
12531441
12534144
12534250
12534260
12534761
12536860
12536863
12536870
12536885
12536890
12536962
12538751
12544065
12544544
12544554
12545272
12545599
12545600
12545601
12545602
12545605
12545915
12545997
12546131
12546167
12546281
12546282
12546289
12547872
12548203
12549984
12553227
12553234
12553235
12553236
12554568
12555047
12555048
12555056
12555179
12555456
12555682
12555691
12555728
12555798
12557459
12557466
12557608
12557829
12557830
12557992
12558377
12558483
12558699
12558711
12562344
12563195
12563617
12564401
12564433
12568107
12569743
12572969
12574675
12575502
12575655
12577816
12577861
12577872
12577874
12578484
12578929
12582270
12582271
12582305
12585058
12585302
12585304
12585305
12585777
12585825
12585826
12585832
12585834
12585835
12585836
12585852
12585853
12586813
12587410
12588574
12588580
12588581
12589619
12596432
12596498
12597751
12599219
12602302
12602315
12602316
12605195
12606145
12607901
12611413
12611837
12615558
12616251
12617419
12618641
12618681
12618689
12619294
12619299
12619466
12625260
12629823
12629827
12631142
12632666
12632879
12633068
12635629
12635994
12637481
12637924
12638710
12638711
12638713
12640811
12640813
12641271
12645286
12647521
12647728
12647746
12648031
12650373
12650379
12650382
12650383
12650384
12650389
12650392
12650806
12652514
12655657
12655742
12656026
12656035
12657066
12657073
12658184
12661213
12661401
12661498
12661587
12664938
12666361
12666364
12668743
12669323
12669724
12670845
12671403
12671887
12674416
12674426
12674911
12674954
12675004
12675050
12677072
12677075
12677079
12678008
12678046
12678087
12680435
12681459
12685356
12685428
12685798
12685799
12688082
12690070
12690691
12690692
12690693
12690694
12690695
12690697
12690699
12693392
12693394
12693642
12695310
12695699
12696848
12696849
12698827
12698894
12699110
12700381
12701356
12703238
12703559
12703561
12703563
12703566
12703567
12703568
12703569
12703580
12703581
12703587
12703674
12704963
12705277
12705417
12708246
12711721
12711732
12713068
12715624
12715625
12715797
12715798
12716799
12719182
12719508
12720310
12721137
12722597
12722599
12722904
12723279
12723428
12723580
12729427
12731681
12733550
12734135
12735187
12735188
12735189
12735194
12741218
12741240
12741241
12741259
12741271
12741277
12747021
12747058
12747131
12747155
12749159
12752834
12756080
12757268
12757270
12757271
12757279
12757282
12757285
12757287
12757567
12759323
12760242
12762112
12764288
12764335
12767100
12769084
12769091
12769116
12773649
12773650
12773654
12773674
12773822
12773823
12773824
12773825
12773826
12773827
12773829
12773831
12773832
12773833
12773840
12774534
12774552
12774643
12774732
12775406
12776668
12776671
12776767
12778958
12783915
12784595
12784920
12784922
12785561
12789038
12790063
12791425
12792373
12793250
12793255
12793257
12793277
12793455
12795274
12795306
12795629
12795674
12799405
12800311
12800333
12800433
12800568
12800584
12800633
12800681
12800684
12800686
12800750
12800891
12800893
12802144
12803412
12803443
12803984
12807066
12807123
12807565
12807594
12807643
12809385
12809415
12810898
12811142
12811146
12811171
12811186
12811191
12811192
12811196
12812541
12812609
12816171
12817575
12817614
12817615
12819307
12820295
12820498
12822369
12822398
12822921
12823652
12825205
12827845
12828445
12828693
12831919
12831926
12833719
12833780
12835222
12836639
12836884
12836887
12836908
12836909
12836911
12837866
12841050
12841051
12841077
12846248
12847762
12851277
12852426
12854259
12854982
12856380
12856381
12856660
12856665
12856666
12856668
12856685
12857364
12858093
12858095
12858583
12858633
12858635
12858638
12858717
12858751
12858777
12858782
12859583
12859587
12865723
12866133
12866155
12866423
12866629
12866945
12867234
12868132
12868457
12870521
12872688
12874483
12874567
12875803
12878280
12879627
12881913
12881961
12882105
12882113
12884416
12884702
12884703
12884706
12884728
12884875
12886175
12886714
12888730
12889751
12889761
12889765
12889769
12889771
12890300
12891473
12891794
12891947
12891963
12892054
12894008
12894631
12894633
12894634
12894639
12894640
12898810
12901385
12901386
12901392
12901957
12902561
12905997
12907006
12908160
12908161
12908212
12908213
12911025
12914354
12915368
12915428
12915433
12917856
12918175
12919244
12920629
12920866
12920874
12921241
12924075
12924772
12926411
12929513
12931472
12931477
12934545
12938621
12938684
12938685
12938783
12942688
12949328
12952045
12952054
12952552
12954738
12954898
12955833
12956128
12957109
12959032
12959045
12961794
12961835
12962121
12964475
12964481
12964482
12964484
12964542
12964571
12964574
12965970
12966757
12966758
12966841
12968089
12968093
12968817
12968819
12968823
12970956
12971000
12971007
12971036
12971234
12972517
12974075
13130086
13518970
13586811
13677106
13677564
13989868
14333256
14501301
14501304
14501485
14501801
14503081
14503108
14503144
14503483
14504123
14506113
14507530
14509641
14511163
14512586
14515526
14515808
14515885
14515890
14515897
14516500
14516514
14516542
14516608
14520328
14520632
14520919
14520922
14520997
14523144
14524355
14524369
14525739
14526510
14526742
14527232
14527233
14527234
14527235
14527236
14527251
14527252
14527253
14527256
14528791
14531189
14531233
14533522
14535295
14556372
14556376
14556615
14556618
14557210
14559949
14560527
14560579
14562796
14562797
14562798
14564962
14567273
14567283
14567364
14569101
14570372
14570594
14571245
14571566
14571572
14571575
14571585
14571591
14573736
14574727
14577142
14577385
14577417
14577443
14578543
14581816
14582041
14582045
14583687
14584197
14584199
14584325
14584329
14584332
14587203
14587672
14591431
14592357
14593790
14593907
14595571
14596389
14596390
14596392
14596395
14597503
14598542
14598849
14603943
14604215
14604553
14604563
14606226
14606249
14609021
14609805
14610760
14610761
14610762
14611102
14613372
14613381
14613402
14613438
14613446
14615711
14619126
14619129
14619279
14621460
14621461
14622445
14622614
14625922
14625929
14625939
14625994
14626003
14626294
14626584
14626701
14627059
14627591
14628396
14628397
14628398
14628399
14628400
14628401
14628404
14628405
14629082
14629083
14631661
14631718
14634373
14638349
14640068
14644968
14645304
14645312
14649232
14649428
14649430
14649433
14649440
14649443
14649444
14649654
14649655
14650371
14650773
14650787
14652410
14652515
14652978
14658196
14658201
14661636
14661637
14662097
14665484
14665906
14665970
14666551
14666560
14666562
14666563
14666836
14667961
14668664
14668673
14669458
14669459
14671820
14674342
14674398
14677221
14682345
14686073
14687349
14687350
14689373
14691414
14692079
14693318
14693324
14693959
14695395
14696526
14696530
14696597
14699206
14699371
14700712
14702422
14703637
14705498
14706129
14706907
14707808
14707811
14710725
14711913
14712742
14713734
14713738
14713742
14715324
14716780
14717274
14718811
14719371
14719748
14720300
14722041
14723066
14723078
14723083
14723085
14723088
14723090
14723097
14723167
14726781
14727783
14727802
14728035
14728626
14730163
14730534
14730814
14732807
14733620
14734340
14734341
14734342
14734343
14734344
14734345
14734346
14734946
14734948
14734950
14734953
14734993
14735706
14735768
14736009
14736335
14736346
14738036
14740476
14743586
14743619
14745386
14746107
14748240
14748246
14748297
14748301
14752326
14752973
14753052
14755862
14757597
14758863
14759976
14759977
14761013
14761014
14762861
14762963
14763269
14765316
14767390
14767748
14768419
14768432
14768449
14770424
14959512
14959514
14959515
14959546
14959625
14961016
14962154
14964062
14964162
14964919
14964924
14964926
14964927
14965074
14965080
14965081
14965083
14965156
14966704
14968796
14968797
14969223
14969274
14970150
14974134
14974143
14974436
14975455
14975456
14976479
14976981
14977090
14978319
14978320
14978324
14978325
14980932
14981847
14982073
14983624
14983625
14983626
14983634
14983650
14983708
14983714
14983717
14983773
14984339
14984607
14984616
14985875
14986344
14986488
14986551
14988810
14988967
14990673
14990841
14992217
14992230
14994658
14994832
14996522
14997052
14997691
14997692
14997695
14997696
14997697
14997717
14997720
14997911
14998281
14998289
14999189
14999193
14999883
15000107
15000782
15000796
15000797
15001889
15002182
15002184
15002463
15002631
15002634
15002635
15002637
15002646
15002649
15002654
15005123
15006082
15006083
15009775
15009792
15011479
15011761
15011809
15011972
15015235
15015237
15015238
15015240
15015930
15016692
15017132
15017314
15017496
15017624
15017635
15017921
15018360
15018888
15019762
15021094
15022501
15022661
15024335
15025031
15026670
15026672
15027425
15027453
15029796
15029797
15029798
15031063
15031867
15032149
15032954
15032955
15032957
15032959
15032962
15035048
15035261
15035856
15035857
15035859
15043614
15046128
15046643
15051648
15053007
15053278
15053286
15055066
15060850
15060892
15060894
15061462
15062507
15064206
15065730
15066067
15066078
15066357
15067670
15067937
15067998
15069792
15071272
15072649
15073453
15075415
15076814
15076816
15077347
15077351
15077356
15077503
15078642
15078711
15080603
15082702
15083104
15085622
15085623
15085674
15085679
15086653
15086667
15088495
15095543
15095546
15098290
15098902
15099041
15099188
15101399
15103965
15106328
15107874
15108574
15108769
15109005
15109342
15112378
15112422
15112690
15116511
15117061
15117685
15117700
15118466
15118502
15121969
15124300
15124373
15124374
15124375
15124376
15124378
15124379
15124411
15124413
15124440
15124504
15124520
15125164
15125451
15125824
15127549
15129643
15131415
15132146
15132147
15134022
15134064
15134422
15141573
15141578
15141684
15141687
15141690
15144538
15148045
15148049
15148940
15149474
15149482
15150379
15150911
15151135
15151194
15152066
15152067
15152911
15152914
15152916
15153142
15153143
15154416
15154686
15155051
15155338
15156483
15156697
15158107
15158934
15159271
15160417
15160418
15160781
15161467
15161471
15162627
15162629
15162754
15162757
15164488
15164803
15164808
15166710
15166954
15167319
15167725
15168580
15168582
15168584
15168713
15171118
15171232
15172409
15175454
15176395
15179968
15179970
15179971
15180720
15184777
15184778
15185627
15187617
15188633
15189004
15189758
15191234
15192495
15192894
15194972
15197294
15198104
15198133
15200471
15201415
15202191
15202220
15202221
15202367
15208548
15209601
15210431
15210607
15211450
15211916
15212226
15213485
15214200
15214288
15215798
15216496
15216578
15216616
15216622
15217161
15218201
15218751
15218790
15218820
15221715
15224956
15224962
15225329
15225330
15225331
15228058
15230245
15230926
15230931
15231465
15232932
15233355
15234825
15237650
15239084
15239178
15239406
15239523
15241878
15243198
15243264
15243990
15249565
15249845
15251669
15252003
15252943
15253375
15254986
15255087
15255406
15257650
15259798
15265958
15270177
15270391
15271110
15271115
15271691
15272647
15272807
15273522
15277780
15277781
15279107
15279363
15279501
15281595
15281695
15283500
15287336
15289720
15290903
15290908
15295050
15295825
15295827
15295836
15296500
15297201
15298009
15298013
15298238
15298292
15298304
15300059
15300944
15301140
15301667
15304542
15305422
15306678
15309749
15314535
15314555
15314557
15314561
15315056
15315154
15315279
15315288
15317446
15318393
15318436
15318563
15318571
15318578
15318583
15323579
15324515
15326912
15328327
15328392
15328826
15328929
15329432
15330487
15330488
15330490
15331305
15332517
15332535
15333109
15333110
15333118
15333125
15333335
15334744
15337229
15337801
15339960
15341338
15341412
15341420
15341546
15341555
15341705
15342855
15344303
15353188
15353431
15353440
15354597
15355953
15356983
15357177
15359062
15359433
15359972
15360023
15362292
15366183
15366212
15366790
15367228
15368715
15368819
15369419
15369535
15371388
15372731
15372805
15372818
15373356
15377933
15379404
15384739
15385658
15386668
15386907
15387748
15446231
15446258
15449428
15449430
15449433
15449451
15449879
15450041
15451717
15451743
15451751
15451752
15451952
15451953
15451955
15451967
15451968
15451969
15451972
15451980
15451981
15451984
15452947
15453204
15453205
15454140
15457836
15457891
15457936
15459139
15459294
15460094
15461359
15466092
15467408
15467669
15471205
15471765
15471766
15471771
15471773
15471779
15473044
15473230
15473441
15478142
15478252
15478826
15479770
15482550
15482560
15483025
15484218
15484675
15484842
15486504
15487557
15487559
15487582
15487583
15492046
15492683
15493301
15493305
15493312
15493442
15493448
15496049
15496618
15497562
15498841
15498844
15499682
15499734
15499735
15500013
15501210
15502691
15506136
15506137
15506140
15506142
15506151
15506152
15506159
15506162
15506163
15507164
15507581
15509118
15509811
15511328
15513957
15514637
15515993
15516621
15519009
15520941
15521283
15523017
15523768
15524030
15524035
15524036
15524039
15524148
15524150
15525898
15526810
15526998
15529473
15530184
15532133
15532257
15533179
15533191
15533193
15534555
15535078
15535361
15536211
15536729
15537584
15537590
15537624
15540074
15540401
15540471
15540765
15541624
15542132
15542133
15543088
15543825
15545501
15545504
15545580
15545694
15548124
15550816
15551492
15551493
15551495
15551611
15551849
15552248
15552256
15552257
15553521
15555481
15555485
15557910
15558378
15558803
15559477
15559854
15560146
15560147
15560424
15560432
15560630
15561555
15565750
15566029
15566118
15567645
15569336
15570906
15571537
15571539
15573460
15573814
15575031
15575456
15576522
15579358
15579531
15580711
15581255
15584104
15585734
15586057
15586333
15586832
15586835
15586836
15589079
15590720
15590722
15590958
15592150
15595192
15595218
15595394
15595427
15595947
15596192
15596742
15597407
15597512
15597515
15597700
15598486
15599474
15600104
15600110
15600112
15601664
15601665
15602078
15603245
15603653
15603893
15604838
15605877
15608532
15609134
15609740
15609743
15611210
15611214
15611463
15612156
15612210
15612315
15612318
15612334
15612335
15612336
15612466
15613941
15614080
15614268
15615290
15615820
15616234
15617233
15617318
15617366
15618376
15619764
15623359
15624241
15624749
15625445
15626928
15626933
15628556
15628559
15628657
15628793
15629377
15630768
15631170
15632370
15632484
15632736
15633317
15635118
15637875
15637952
15638338
15640637
15640658
15640975
15641312
15641570
15641578
15641614
15642567
15642813
15643156
15644387
15645582
15646900
15647215
15647216
15647223
15647237
15647239
15647243
15647662
15648218
15648562
15649677
15650491
15651072
15653966
15655180
15655426
15656377
15659496
15659721
15659729
15661581
15663016
15663708
15663752
15667234
15667235
15667378
15669145
15669747
15671464
15671784
15672563
15672899
15672904
15673340
15673348
15674177
15675029
15678603
15678604
15679930
15680118
15681686
15684628
15684629
15684901
15685817
15686328
15687081
15687306
15687837
15688581
15692281
15693440
15693653
15693926
15693933
15695830
15696656
15696865
15696995
15699553
15700872
15700885
15702744
15702745
15704635
15704636
15704637
15704638
15704639
15704642
15704644
15711292
15711342
15713952
15713960
15714032
15717573
15717797
15720016
15720173
15723734
15724309
15724317
15724373
15724452
15724454
15724571
15728678
15729921
15730120
15730195
15732029
15732565
15732883
15732896
15733946
15736325
15736795
15738716
15740171
15741624
15742587
15742590
15742753
15746586
15747382
15747780
15747862
15749942
15751799
15754557
15754807
15755323
15756741
15756774
15757071
15757914
15757920
15757928
15758785
15758786
15759183
15759329
15761340
15762895
15762896
15762897
15762900
15762905
15765836
15766301
15766380
15766816
15768668
15768902
15769760
15769763
15770786
15770898
15771055
15771307
15774350
15776702
15776703
15776958
15777173
15778152
15778173
15778634
15778635
15778636
15779279
15779464
15779471
15782800
15782804
15785173
15785183
15785193
15785881
15786588
15786670
15786851
15786852
15786856
15786857
15787080
15787084
15787098
15787102
15787955
15787956
15788465
15788492
15791679
15793924
15794700
15795987
15800122
15800143
15801288
15802395
15804226
15804322
15804323
15805767
15806702
15807643
15808127
15813207
15813285
15813305
15815155
15815222
15816226
15816233
15816298
15816646
15816652
15817016
15818191
15818651
15818780
15822672
15822723
15822835
15822844
15824296
15824616
15825071
15825613
15825945
15825949
15828628
15829705
15829836
15835206
15835598
15835599
15835600
15838408
15838409
15838416
15839324
15839527
15840625
15840626
15840627
15840979
15842086
15842194
15842568
15847237
15847283
15847284
15852596
15853048
15853085
15855077
15855218
15855567
15856612
15856801
15856815
15856825
15857963
15859047
15859048
15859049
15859054
15859742
15859743
15859837
15859855
15859867
15860790
15860793
15861358
15861576
15862044
15864023
15868259
15870482
15870577
15871169
15871172
15871464
15871641
15871644
15871647
15871883
15875423
15877561
15877798
15879336
15879850
15879851
15880887
15881493
15881784
15882102
15883287
15883352
15883543
15883628
15884422
15884745
15885019
15887774
15887775
15888068
15888706
15889631
15891470
15891471
15891476
15891479
15892195
15894706
15895752
15897340
15898210
15898215
15898261
15898262
15899962
15900618
15900647
15900653
15900654
15901195
15901196
15901581
15901589
15902009
15912042
15912644
15913209
15913227
15916238
15916381
15920005
15920369
15922428
15923911
15923928
15924893
15925650
15926352
15928224
15929257
15930530
15931653
15932007
15932009
15932058
15932833
15934527
15935025
15936561
15938348
15938490
15938492
15939907
15939937
15940585
15941691
15941695
15942702
15943013
15944544
15945225
15945360
15952466
15952468
15954202
15954506
15954727
15954922
15956854
15957334
15960184
15960377
15960696
15960771
15960993
15962438
15962824
15962829
15962830
15962831
15962832
15962833
15962834
15963404
15965377
15966150
15966153
15966156
15967922
15967948
15968014
15970779
15970785
15971788
15973792
15973871
15974407
15975988
15975989
15983287
15984180
15984396
15986564
15986971
15987323
15988464
15988951
15988953
15990746
15991459
15991751
15991760
15995068
15997617
15998928
15999432
15999894
16001490
16001492
16003652
16005533
16006991
16009089
16009867
16010149
16010154
16012141
16012142
16012143
16012154
16012163
16014442
16014982
16014989
16020675
16020809
16021969
16021975
16022234
16026377
16027445
16027450
16027597
16028498
16028499
16028746
16028832
16030370
16033012
16033491
16033495
16034019
16035469
16035473
16039350
16044400
16044883
16046596
16046648
16046654
16047446
16047695
16047703
16047853
16047917
16048115
16048162
16048881
16049135
16050866
16050880
16051913
16055226
16060003
16060098
16060482
16061055
16061160
16075767
16075769
16076234
16076239
16078375
16078963
16079268
16080417
16080665
16082772
16082773
16082871
16083088
16084187
16084442
16085923
16085926
16086009
16086531
16088013
16088018
16089058
16089113
16091408
16091574
16092291
16092292
16092500
16092604
16095077
16095078
16095512
16096395
16097095
16097120
16098432
16100180
16100828
16101248
16103034
16103797
16104340
16104345
16106026
16106549
16106591
16107621
16107622
16107626
16109296
16111014
16111015
16111016
16111496
16112040
16114712
16114823
16116306
16116308
16116354
16116355
16117017
16117076
16117717
16118247
16118367
16118908
16118916
16119130
16119569
16124121
16124140
16124222
16124723
16128320
16128657
16129257
16129386
16129728
16130438
16131401
16131629
16134426
16135830
16136681
16136717
16136722
16136723
16137215
16138031
16138430
16140364
16141089
16141091
16141094
16141098
16148332
16148950
16148951
16148965
16149205
16149253
16150490
16151561
16152903
16152906
16153135
16155348
16157707
16158569
16160555
16160660
16162556
16162557
16162559
16162571
16162764
16163102
16163195
16163791
16166863
16166868
16167399
16168496
16172442
16173198
16174134
16177279
16177432
16177458
16177989
16181181
16181221
16181404
16181843
16183413
16183416
16183428
16184771
16184783
16184868
16184960
16186148
16186150
16186151
16186154
16186156
16186157
16186159
16187448
16187622
16187624
16187648
16187649
16187769
16188517
16189957
16189997
16190111
16192286
16192806
16193229
16193598
16193604
16193606
16193916
16196314
16203688
16203913
16204334
16206397
16206468
16206808
16207657
16207856
16207857
16208822
16209144
16209152
16209973
16211621
16211762
16212300
16212303
16212304
16212309
16212674
16214476
16217003
16217340
16217566
16217568
16218299
16218542
16218761
16218905
16219055
16219591
16220601
16220678
16220821
16221935
16223121
16224301
16224304
16224837
16225358
16225448
16226179
16226326
16229673
16230067
16230270
16230727
16234632
16236016
16238254
16239814
16239826
16240494
16241886
16242824
16244785
16248227
16249248
16249310
16250112
16250144
16250202
16251247
16254232
16255443
16255444
16256757
16257814
16257821
16259092
16260234
16260367
16266007
16267987
16267992
16267995
16268298
16270733
16270738
16273024
16273451
16273713
16274118
16274386
16274489
16275590
16276124
16276125
16276127
16276128
16276130
16276606
16276792
16277038
16278127
16279008
16279969
16280398
16281331
16281466
16282217
16283862
16284032
16284515
16284539
16285149
16285157
16286061
16287953
16288096
16288858
16291779
16291780
16292011
16292012
16294634
16294639
16295186
16295313
16295317
16295633
16295643
16296182
16296205
16296207
16296208
16296563
16296954
16297312
16298233
16299427
16299947
16299986
16300201
16300265
16301598
16302314
16302435
16302441
16304424
16304456
16304733
16305046
16310570
16311987
16313853
16314650
16315391
16315544
16316436
16317209
16317956
16317989
16318038
16320444
16320971
16323971
16325939
16327096
16330670
16332911
16333950
16334003
16334047
16336554
16342369
16344441
16344447
16350776
16351533
16353387
16353389
16353460
16354866
16358933
16360064
16361837
16361853
16365180
16365479
16365544
16365610
16366020
16371546
16372742
16376472
16376701
16378011
16378153
16378784
16380367
16381418
16382056
16382057
16382058
16382116
16382117
16382541
16382645
16382646
16382647
16382655
16385147
16385724
16385725
16388534
16390926
16391209
16392169
16392171
16396119
16396121
16396127
16397962
16397966
16397967
16398889
16400754
16400854
16401051
16401606
16401811
16402503
16402887
16402888
16402889
16403401
16403742
16403746
16403749
16403751
16403752
16403761
16406248
16408125
16410140
16411304
16415414
16416401
16419288
16420203
16422044
16424372
16425607
16425707
16425931
16428151
16428962
16430598
16431834
16432068
16432069
16432358
16433380
16433381
16433385
16433388
16433395
16433767
16433775
16434087
16435676
16438090
16438440
16438470
16438471
16439490
16440454
16442936
16442972
16443958
16443979
16443983
16445102
16445202
16445203
16445210
16446266
16447358
16447806
16447807
16447855
16448380
16449671
16450551
16450658
16450666
16451768
16452282
16452904
16453972
16454063
16454070
16454429
16456947
16460379
16460383
16461977
16463469
16463470
16464188
16465698
16467485
16470101
16470953
16470968
16471271
16471382
16475034
16476592
16477161
16477207
16477208
16477209
16477796
16477884
16477886
16477887
16477888
16479699
16479777
16480097
16482721
16484246
16485623
16485793
16489379
16490588
16490650
16492070
16494129
16494588
16495287
16496506
16499156
16501383
16501391
16501395
16501399
16502733
16502830
16507268
16508473
16508501
16509047
16510811
16511767
16512595
16514785
16514939
16515058
16515080
16519205
16519548
16520153
16521508
16521511
16521618
16522581
16522584
16522603
16522973
16523544
16523594
16524036
16524169
16524358
16526353
16528847
16528852
16528876
16529335
16530618
16530619
16531783
16536159
16537736
16538954
16539973
16541671
16541940
16541941
16541978
16544313
16548653
16550940
16551317
16551642
16552663
16553141
16554444
16557054
16562556
16562557
16564944
16566743
16567144
16567284
16568927
16568928
16569790
16570754
16572183
16573728
16575247
16579104
16579107
16579128
16579133
16579194
16579276
16579424
16579430
16581880
16581881
16581882
16581883
16582791
16582855
16583264
16583504
16583742
16584023
16584457
16584458
16584460
16584465
16585450
16594117
16595021
16595413
16596742
16598201
16602547
16604853
16604928
16604930
16604931
16606425
16608380
16609732
16613415
16614122
16615647
16617717
16617722
16617814
16618242
16620166
16620319
16623183
16623605
16627797
16629238
16629242
16634727
16635978
16636710
16638521
16638525
16641253
16641564
16641568
16641665
16642690
16646773
16649130
16649315
16649317
16651046
16670133
16670141
16671650
16671652
16672867
16672891
16673260
16673632
16673664
16673781
16675773
16676748
16676753
16681229
16681271
16681272
16681347
16682629
16683477
16684735
16684741
16684754
16684762
16684984
16684989
16685778
16685781
16685809
16686099
16686238
16686748
16686810
16686819
16686870
16687350
16687951
16688923
16688927
16689415
16689427
16689708
16696150
16696152
16696154
16697689
16697716
16697717
16698506
16698515
16700904
16704129
16704389
16704507
16704509
16704510
16704511
16706573
16706713
16707999
16708001
16708005
16710928
16711225
16711309
16711628
16715565
16715566
16715733
16717290
16719183
16719434
16720259
16720588
16720823
16722272
16722516
16723104
16725240
16728854
16732002
16732003
16733884
16734040
16735617
16735621
16736908
16737082
16738158
16738266
16738267
16738277
16749219
16749241
16749382
16749514
16749734
16751326
16752856
16752860
16752866
16753411
16753413
16754752
16757385
16760680
16760699
16764536
16765531
16765865
16765872
16767011
16767065
16767193
16770966
16770997
16771195
16773166
16773861
16773868
16773883
16773987
16774291
16774689
16775031
16779307
16779746
16781292
16782513
16783506
16783816
16784001
16784541
16789028
16789456
16789571
16789972
16791996
16792229
16792261
16792442
16792450
16794557
16796243
16796268
16799079
16799360
16801782
16801843
16805056
16805325
16807422
16814955
16815115
16816285
16817250
16818144
16818894
16824166
16824167
16824211
16825670
16826589
16827461
16827476
16827879
16829124
16829331
16829332
16830440
16831484
16832010
16832730
16833008
16833009
16835198
16836015
16837399
16838556
16838804
16838805
16838819
16840376
16840377
16841822
16843784
16845759
16846159
16846169
16849363
16849944
16855016
16858489
16859205
16859229
16860256
16860257
16860260
16861948
16862039
16863491
16865680
16866682
16868221
16868241
16869322
16869328
16870630
16870921
16871309
16871978
16871983
16871985
16872229
16875474
16879704
16882686
16886027
16886716
16893581
16894002
16894826
16894853
16896381
16897690
16898052
16898053
16898054
16898055
16898056
16898057
16898058
16898065
16898331
16898342
16898541
16898553
16899007
16899011
16902658
16902685
16902693
16903653
16905989
16906062
16906190
16906214
16907994
16908083
16908086
16908821
16909825
16910089
16910163
16910226
16910248
16910427
16910433
16910803
16912246
16912996
16913538
16913986
16914694
16915954
16915971
16916055
16918046
16918567
16921666
16921668
16921670
16923412
16925199
16925358
16926180
16926181
16926358
16927163
16932139
16933399
16936484
16936488
16937614
16939034
16941025
16941770
16941778
16941786
16941853
16943703
16950055
16950078
16951114
16952985
16957429
16958187
16958272
16958345
16958380
16960250
16960993
16961441
16961443
16963677
16964721
16964893
16964895
16966626
16966717
16966718
16966719
16966721
16966737
16967561
16967891
16970218
16970656
16972439
16972484
16977905
16977989
16977993
16978001
16979451
16979508
16981478
16983132
16983962
16985402
16985919
16986375
16986407
16987300
16987303
16987305
16988605
16989672
16989679
16990625
16997929
16999365
16999710
17000388
17000710
17000938
17001260
17002484
17003152
17004640
17004643
17007164
17008811
17008940
17009554
17010029
17010030
17013056
17015590
17015592
17015869
17016764
17016926
17017468
17018668
17021267
17021547
17022827
17026415
17026731
17030645
17034888
17035460
17036423
17036427
17036756
17036868
17037271
17038072
17039571
17039641
17039820
17039962
17039971
17040026
17040030
17041485
17041956
17042099
17042950
17045126
17046408
17048341
17048344
17051686
17053372
17055378
17056900
17057054
17057057
17057059
17058468
17058723
17059082
17060288
17061383
17061730
17061913
17062508
17062525
17062860
17062863
17063129
17063134
17063598
17063632
17063677
17065788
17066525
17066526
17067200
17068349
17068352
17068439
17077414
17077740
17078055
17079390
17079763
17079771
17079959
17083728
17086953
17087710
17088576
17089491
17089640
17090739
17090808
17094518
17094721
17096499
17096637
17097173
17097404
17098611
17098622
17098632
17098633
17099025
17099125
17099987
17101392
17101943
17102161
17102168
17102169
17102170
17102171
17102173
17102178
17102182
17102185
17105523
17106004
17106031
17108339
17111534
17111542
17111582
17115881
17116109
17116111
17116113
17116116
17116915
17116918
17118944
17120401
17120938
17120949
17122710
17122718
17122737
17128509
17128582
17128586
17128588
17128943
17128944
17132032
17132952
17132999
17133695
17135105
17135850
17135857
17136631
17137287
17138463
17138498
17138516
17140901
17141078
17146074
17146117
17148490
17148491
17149757
17153048
17153271
17153489
17157582
17157793
17159018
17159036
17160724
17161059
17165214
17165226
17165233
17165241
17167014
17167919
17167940
17168057
17170530
17170537
17171850
17174229
17174737
17175459
17175846
17176363
17176684
17176686
17176965
17176966
17179016
17179020
17179458
17179464
17180846
17181003
17183803
17184045
17184623
17184949
17186591
17187537
17187548
17188219
17190861
17190890
17190891
17192331
17193827
17193936
17194888
17195442
17195783
17198501
17199461
17200047
17202448
17202449
17204347
17205561
17207732
17210382
17210938
17211021
17211023
17211029
17211034
17211041
17211840
17212230
17215470
17215471
17215472
17216180
17216708
17216780
17216784
17218866
17219491
17219727
17219933
17220785
17224517
17224772
17224774
17224775
17224778
17224779
17224780
17227199
17227933
17228194
17229911
17233243
17233244
17233485
17234485
17236305
17236449
17236614
17237524
17238752
17239672
17239673
17239685
17242320
17242388
17242392
17242393
17242532
17242536
17242613
17242614
17243336
17243337
17243344
17243858
17244291
17245802
17249285
17249621
17249843
17250490
17250559
17252081
17252965
17259191
17259196
17259444
17259445
17260547
17260626
17260841
17261113
17261309
17261430
17264354
17266386
17266387
17266390
17269260
17269576
17269838
17269839
17270673
17274246
17274481
17274691
17277254
17283917
17285041
17285895
17286156
17286529
17288066
17288067
17288069
17290625
17290626
17290629
17290630
17290631
17290634
17290635
17290637
17290638
17290640
17290641
17290642
17290645
17290646
17290647
17290648
17290650
17290651
17290658
17290660
17290663
17290667
17290672
17296629
17296664
17296881
17297334
17298955
17299317
17300479
17300489
17302237
17302658
17304078
17305264
17307671
17309363
17310054
17311571
17312326
17312596
17314105
17314702
17319634
17320963
17325102
17327528
17327710
17330975
17330976
17331513
17332446
17334271
17335359
17336711
17338285
17340951
17341139
17341710
17347114
17347117
17347118
17348344
17349943
17351835
17352989
17353711
17354986
17355580
17355581
17355588
17356033
17356440
17356965
17356996
17360991
17360996
17361587
17365356
17366715
17366723
17366730
17366751
17366944
17366945
17366946
17366947
17366997
17367253
17370877
17372933
17373028
17375479
17377017
17377055
17377156
17378701
17380369
17380599
17380712
17380984
17380996
17381615
17382752
17386339
17387349
17387828
17387833
17387854
17387897
17387907
17388250
17388258
17388738
17390437
17390438
17390572
17391423
17392252
17396541
17397444
17402905
17403321
17405650
17407399
17408340
17410403
17411519
17411553
17411558
17411596
17411617
17411619
17411635
17411652
17411665
17411735
17411784
17411835
17411868
17411920
17411937
17411941
17411944
17411963
17412001
17412003
17412007
17412017
17412036
17412041
17412053
17412146
17412151
17412153
17412165
17412167
17412183
17412206
17412239
17412240
17412241
17412242
17412244
17413502
17415026
17420348
17421084
17424725
17425759
17426294
17426492
17426609
17427595
17427596
17427847
17427848
17427885
17428289
17430476
17432256
17438181
17438393
17440123
17442745
17443073
17444082
17444266
17444298
17444393
17444394
17444402
17446828
17449980
17450667
17452174
17455583
17457171
17459502
17460237
17461009
17461376
17462764
17463076
17463406
17463408
17463410
17464692
17466376
17466726
17467607
17468158
17468543
17468650
17469899
17471526
17471886
17472512
17473669
17475506
17475724
17475738
17476011
17476017
17476157
17477191
17477192
17477201
17477317
17478823
17479495
17479499
17481720
17481918
17484249
17485559
17485612
17485740
17485757
17485759
17485760
17489897
17489902
17493198
17493200
17494348
17494350
17494884
17494908
17495582
17496711
17496713
17496714
17497191
17499656
17500097
17500500
17502265
17503103
17504767
17506446
17506601
17507591
17507592
17509280
17509285
17511303
17511305
17511311
17514913
17514914
17515006
17515488
17515778
17515784
17516117
17518116
17518258
17518262
17518319
17518859
17518953
17519443
17520756
17520779
17521022
17523352
17523745
17523750
17530661
17532908
17533665
17533778
17534084
17536252
17536577
17542099
17542102
17542309
17544142
17546802
17549844
17549847
17551130
17552328
17552335
17556923
17556924
17557017
17557694
17557695
17557696
17557703
17557952
17558326
17561597
17565526
17566459
17567236
17567876
17568025
17569453
17571015
17571711
17571715
17571720
17572304
17572499
17572558
17575961
17576885
17577012
17577116
17577915
17577916
17577967
17578300
17579228
17580317
17581479
17581485
17583259
17583264
17587091
17588489
17589238
17590566
17590974
17590975
17591111
17595559
17596574
17598633
17600605
17601217
17601587
17602296
17603984
17604666
17606951
17608119
17608122
17608293
17608876
17608889
17608891
17610439
17610441
17610442
17610443
17611999
17612022
17612310
17612846
17616493
17619490
17620038
17621892
17622035
17622036
17622041
17623992
17624056
17624127
17624131
17625126
17626510
17628295
17630454
17630455
17632396
17635084
17635093
17639869
17640364
17641138
17646498
17646548
17646551
17646552
17650464
17651226
17652645
17652646
17655166
17655170
17658966
17659248
17665462
17667071
17667129
17667305
17667310
17667313
17667493
17674491
17674495
17674935
17675667
17675719
17675720
17676192
17679175
17682243
17682288
17682291
17682536
17683531
17684109
17685149
17687067
17687075
17687141
17687798
17687980
17688013
17688232
17688233
17689029
17691130
17691131
17691217
17691528
17691647
17691648
17691653
17694941
17694942
17696056
17697946
17699219
17699245
17699289
17699349
17699353
17699424
17702908
17708179
17708198
17710352
17710938
17710939
17710941
17711865
17712263
17712912
17713037
17713142
17713991
17713992
17714458
17715877
17715879
17717287
17718355
17718661
17718664
17718665
17719291
17719298
17719512
17722744
17722748
17722750
17722751
17727012
17760400
17762309
17763819
17765157
17765161
17766665
17766799
17784710
17803578
17804839
17804950
17821963
17821964
17822270
17822549
17823094
17823998
17823999
17824111
17824120
17824190
17824262
17824265
17824405
17824475
17824523
17826636
17828632
17828833
17828847
17828848
17844787
17845960
17846186
17847576
17847578
17848444
17848451
17848458
17849727
17849829
17850042
17850529
17850533
17853014
17855227
17855945
17868065
17868234
17870013
17870128
17870150
17873567
17873711
17873825
17874810
17875274
17875841
17876359
17876360
17877264
17878181
17878182
17881621
17882499
17886396
17886397
17886406
17886540
17890988
17890989
17890999
17891856
17893007
17893109
17893309
17893388
17893419
17893700
17896468
17896638
17900201
17900674
17902275
17902601
17903839
17906427
17907334
17907362
17908063
17908880
17909369
17909383
17909385
17909387
17909390
17911496
17914004
17915363
17915387
17916124
17918480
17918481
17918668
17919558
17920356
17923296
17924373
17924748
17927078
17927836
17929601
17933481
17934829
17935198
17935199
17937078
17937116
17937118
17937119
17937120
17937821
17938312
17941236
17941422
17941573
17942795
17942807
17942869
17944892
17947044
17950903
17954867
17955504
17955889
17957880
17957899
17958047
17958193
17959873
17960692
17960694
17960703
17960715
17960717
17964395
17964894
17964895
17964898
17964899
17966310
17969245
17969389
17969742
17970313
17970503
17970611
17971409
17971544
17971552
17971555
17971821
17972408
17972489
17973613
17974090
17974710
17974898
17975365
17977117
17977360
17977366
17978287
17978308
17978374
17978377
17978378
17978379
17978383
17978388
17978393
17982217
17982769
17982835
17984645
17985958
17986478
17987094
17987754
17987877
17989164
17989379
17990482
17992131
17992809
17995554
17996659
17997175
17997503
18006176
18018487
18018786
18018787
18018918
18019951
18025445
18027410
18029541
18029942
18030153
18032257
18033561
18036287
18038483
18038747
18038753
18038867
18041335
18041458
18041870
18041872
18042486
18043787
18044032
18044033
18044084
18047896
18047982
18047983
18048558
18049068
18051022
18056934
18061774
18062388
18062729
18063075
18064773
18066380
18068817
18068818
18068821
18069911
18070331
18070332
18072263
18072273
18072706
18076515
18078139
18079235
18079512
18083449
18085075
18085091
18086124
18086259
18086967
18086971
18090024
18090077
18091115
18095045
18095784
18154464
18155103
18155106
18155107
18155110
18155583
18155983
18156826
18158016
18159058
18161393
18161394
18161426
18161428
18161430
18161669
18162564
18162572
18162790
18162791
18162792
18162793
18162850
18162963
18162965
18162970
18163258
18163861
18164340
18170940
18172142
18172949
18173972
18175592
18176100
18176312
18177212
18177214
18178410
18178923
18180463
18180464
18180465
18180476
18180478
18180491
18180495
18180503
18181013
18181101
18181374
18182537
18184481
18184869
18184981
18186202
18186203
18186205
18187751
18190298
18192127
18192243
18192244
18192246
18192903
18193771
18194592
18195192
18196168
18197744
18198158
18198326
18198733
18199095
18199191
18199847
18199928
18200940
18200943
18200950
18200951
18203358
18203366
18204372
18205560
18207591
18209607
18211522
18211529
18213506
18216358
18216364
18216884
18219239
18219240
18219249
18222051
18222374
18224743
18225625
18226641
18226971
18227358
18229814
18231908
18235081
18236704
18236923
18237069
18237356
18239763
18240022
18240192
18240882
18242525
18242527
18246016
18246017
18252736
18257096
18257865
18257866
18260531
18260582
18261704
18261705
18262137
18263989
18265452
18268820
18270221
18271150
18271437
18271438
18271781
18274374
18277700
18282806
18283969
18284533
18285564
18286896
18286977
18287328
18287419
18290277
18291018
18293080
18294154
18294498
18294921
18295040
18295949
18300560
18301108
18301113
18301201
18301202
18302950
18303038
18306043
18306900
18308138
18309591
18309595
18309601
18309731
18309805
18309808
18309819
18309821
18310529
18312966
18313133
18314459
18314507
18314548
18315690
18316947
18319276
18319501
18320664
18321251
18321581
18322632
18323373
18325897
18326465
18326466
18330339
18330654
18330694
18331119
18331296
18331632
18332276
18332419
18332504
18332742
18333577
18334237
18334238
18335791
18338520
18338734
18341458
18342201
18342660
18342820
18343256
18344793
18344829
18345368
18345555
18345558
18349623
18349744
18349836
18350957
18350970
18350971
18350996
18351196
18351250
18351252
18351256
18354865
18355256
18356617
18360162
18362365
18362586
18362826
18363208
18363266
18363455
18363486
18364367
18364376
18365289
18366327
18366512
18370564
18370964
18370965
18370967
18370975
18372321
18372429
18372674
18374018
18377240
18378837
18380191
18381404
18381471
18383356
18383407
18383912
18385575
18387473
18389915
18389918
18389919
18390123
18393326
18393650
18395020
18397449
18397450
18397454
18402153
18402155
18404862
18405946
18406917
18411888
18412064
18413518
18414955
18416030
18416367
18417743
18419058
18422013
18422564
18422948
18422950
18424875
18425024
18426037
18426055
18429476
18429479
18429558
18429659
18430911
18430912
18434822
18435035
18435093
18435094
18435099
18435128
18435218
18435219
18435220
18435222
18435224
18435225
18435239
18435308
18436731
18437880
18438075
18438192
18438193
18438194
18438195
18438196
18441252
18441608
18441611
18441671
18441966
18442771
18447160
18447704
18447815
18451014
18452864
18453134
18453343
18453644
18454585
18454769
18454770
18454771
18454777
18454778
18454780
18454782
18457062
18457755
18459008
18459280
18461831
18463332
18463337
18464296
18464348
18464351
18464352
18464444
18464449
18464579
18464674
18467282
18467718
18468374
18468375
18468378
18468859
18470572
18471033
18472609
18472703
18474952
18474953
18474973
18474985
18475111
18477714
18477800
18479403
18479405
18479412
18479413
18480016
18481253
18481656
18482299
18483430
18483850
18488796
18488814
18489928
18490399
18491781
18491783
18492554
18492555
18493172
18496056
18498638
18498783
18499180
18499881
18499978
18501786
18501815
18503795
18504914
18505591
18505950
18506545
18507257
18507299
18508963
18509131
18509317
18513507
18513626
18513628
18514362
18514866
18514952
18514954
18514986
18516802
18517056
18518875
18519575
18523501
18524158
18524290
18524292
18524296
18528509
18528511
18534553
18534582
18535425
18535440
18535543
18536140
18536146
18536148
18537774
18539765
18539982
18540793
18544740
18546552
18546968
18551864
18551974
18552571
18554076
18555644
18556680
18556846
18557041
18557049
18557069
18557083
18557087
18557093
18557099
18557226
18557229
18557258
18558171
18558908
18559639
18562909
18562911
18564438
18564557
18565412
18565788
18566925
18566971
18567174
18567240
18567373
18567376
18567388
18567466
18571751
18572718
18572722
18572781
18574349
18580076
18580306
18581187
18581798
18583519
18586338
18586449
18589037
18590079
18590540
18591559
18592323
18595535
18596270
18597574
18597711
18597834
18597877
18605153
18605405
18605408
18607047
18607056
18608077
18610864
18610869
18610872
18610886
18611088
18611090
18611245
18612057
18612116
18612131
18613268
18613344
18616864
18618206
18619088
18619761
18619805
18620852
18621562
18624075
18624077
18624082
18624083
18624084
18624163
18630104
18630194
18630218
18630312
18631956
18634669
18634695
18634700
18635424
18637544
18637545
18637553
18637982
18638173
18638405
18639293
18640487
18641525
18646429
18647249
18649589
18649796
18650414
18650416
18650417
18653416
18654068
18655381
18655618
18657756
18661190
18662170
18662217
18663572
18664832
18665064
18665067
18665855
18666405
18668560
18668577
18669130
18669946
18672611
18673373
18677065
18677828
18677829
18678609
18679090
18679127
18680920
18683410
18683595
18683597
18686893
18687605
18690122
18690143
18690149
18690765
18690766
18690767
18691277
18691590
18692681
18693225
18693779
18694028
18694169
18694496
18694853
18695256
18695697
18697755
18698399
18700386
18700412
18701878
18702423
18703485
18704221
18706552
18706784
18709861
18709862
18709867
18711877
18711883
18711884
18711894
18712470
18714443
18714708
18714755
18716295
18720688
18721743
18722298
18724573
18724592
18725838
18725841
18728293
18728476
18754228
18754256
18755423
18755437
18757328
18758881
18763419
18767382
18767386
18770949
18771454
18771456
18773981
18773986
18774893
18775388
18777603
18777675
18778000
18778007
18778175
18779543
18780435
18780449
18782979
18782992
18783452
18783453
18783457
18783458
18783459
18785944
18786301
18786329
18786746
18787493
18787664
18789642
18789740
18790463
18792493
18794033
18794035
18794546
18794700
18794745
18795527
18795536
18795735
18796673
18797235
18797384
18797386
18797424
18799773
18799782
18800484
18801588
18803007
18804232
18805865
18807648
18808209
18809814
18810785
18810816
18810936
18811093
18811767
18812531
18814559
18814670
18815389
18815499
18815533
18815534
18816378
18818425
18818454
18821013
18823688
18825797
18825811
18826069
18827045
18828246
18828419
18829230
18829927
18831653
18832499
18832506
18833543
18834080
18835680
18835687
18836323
18837269
18837646
18837647
18839708
18839712
18841672
18841682
18842908
18844512
18847098
18847101
18849695
18849716
18850680
18851718
18852363
18852548
18853493
18853534
18853918
18854789
18856047
18922406
18922475
18924268
18924270
18924271
18925906
18926087
18926176
18932243
18936554
18940921
18940976
18942325
18942538
18942918
18942926
18945392
18946259
18948024
18949878
18949882
18949883
18953206
18953228
18953230
18953232
18953234
18953760
18953765
18954245
18954497
18956499
18956537
18957521
18972279
18972327
18972762
18972980
18972992
18972999
18973003
18975400
18975421
18975734
18977551
18979709
18979711
18979854
18979855
18979856
18980549
18980553
18981283
18981753
18981869
18982364
18983206
18983290
18985950
18985953
18985956
18990836
18990842
18990846
18990923
18991476
18991477
18991478
18991479
18991481
18991482
18995214
18996234
18997203
18997211
18997213
18997221
18997222
18997230
18997236
18998064
18998297
18998300
18999274
19000978
19001101
19004297
19006620
19007394
19007395
19008757
19009461
19009855
19010259
19010328
19011417
19015555
19016303
19016939
19019801
19020187
19020464
19020531
19021484
19021489
19024401
19026390
19028045
19029152
19029153
19031302
19032221
19032227
19032448
19033009
19033570
19033590
19033912
19034302
19035029
19035030
19035032
19038877
19038885
19040171
19040173
19040424
19043865
19044078
19047262
19048687
19052002
19054185
19054203
19056754
19061738
19062424
19064238
19064859
19066139
19067086
19068869
19069010
19069283
19070518
19073941
19075204
19076667
19078913
19079738
19084265
19085896
19086739
19086740
19090065
19092599
19093335
19093930
19096279
19097348
19097604
19097621
19099039
19099593
19103608
19104121
19104124
19105515
19105828
19107383
19107594
19109116
19109773
19110679
19111273
19112700
19115709
19115740
19116415
19117126
19119703
19119752
19119769
19119772
19122087
19123735
19124858
19124863
19124865
19124873
19124877
19125547
19125548
19125555
19125556
19125557
19126815
19127761
19127766
19127768
19128865
19130463
19137670
19138308
19142280
19142856
19142878
19143113
19143114
19144138
19146090
19146360
19146364
19147688
19147996
19149317
19150261
19151291
19153319
19155708
19157562
19160634
19160687
19160875
19161636
19164182
19165296
19165807
19166563
19166564
19167603
19167674
19168768
19169012
19169382
19172980
19174383
19174384
19174386
19174387
19174388
19174976
19175217
19175233
19175236
19175240
19175241
19175435
19175438
19175548
19176475
19179234
19179236
19179311
19179637
19179840
19180928
19182092
19182638
19186735
19187185
19187876
19188544
19189165
19189990
19189991
19190486
19191182
19191763
19192527
19192975
19193656
19194125
19194328
19194330
19194333
19194335
19194336
19196592
19196597
19201500
19202038
19203340
19203399
19205911
19209483
19209494
19210153
19211468
19211475
19213124
19213677
19216112
19216670
19217489
19217490
19217495
19217497
19217500
19217747
19219928
19221366
19221367
19221368
19221373
19221375
19227402
19227851
19228700
19228831
19229066
19230085
19230109
19230110
19230492
19231758
19233054
19233069
19235355
19235356
19236134
19236357
19238269
19240055
19242585
19243719
19244145
19246356
19247010
19248431
19249771
19250059
19250444
19251389
19253908
19254049
19258935
19259297
19260973
19263922
19264694
19265091
19265093
19266370
19266760
19273706
19273780
19275009
19275071
19275981
19276022
19276024
19276025
19276026
19276315
19276459
19277859
19278091
19279483
19281936
19282775
19284806
19285286
19289345
19289347
19289351
19291168
19292321
19292625
19292774
19294556
19294978
19297553
19297717
19297802
19298095
19298100
19301435
19305481
19307082
19309470
19318600
19318901
19320083
19320086
19322107
19323584
19327878
19329112
19332436
19333837
19333838
19333841
19336646
19336701
19339327
19339328
19339668
19339721
19339727
19341413
19345769
19350874
19350876
19351306
19356189
19356455
19357067
19357074
19359883
19360741
19361117
19361119
19361130
19361141
19361762
19361763
19362885
19365291
19368582
19372704
19375209
19377352
19377709
19379450
19380564
19380848
19380852
19380857
19382862
19384112
19385108
19385109
19385444
19385825
19386305
19386825
19387750
19388074
19388081
19389327
19389840
19389846
19390093
19390299
19391559
19391566
19392959
19394567
19394577
19395182
19397103
19397240
19398686
19400003
19400386
19401290
19401357
19405359
19405367
19407610
19408114
19412647
19414870
19414883
19414899
19414907
19414909
19415836
19417200
19418653
19422282
19422336
19422338
19423273
19426168
19426528
19429736
19430406
19433853
19434646
19435400
19435770
19435781
19437943
19439739
19443316
19445077
19446122
19446158
19446160
19447325
19447364
19449498
19450072
19450075
19450095
19450747
19450844
19451410
19452679
19453260
19453392
19455607
19455868
19459078
19460914
19461034
19461068
19461834
19463679
19464459
19467026
19467480
19467486
19467487
19467490
19467938
19468015
19469328
19469363
19469671
19470018
19470927
19472832
19472840
19474424
19474641
19475808
19479704
19479901
19480085
19480375
19480383
19484840
19484841
19486180
19487918
19489482
19489483
19489484
19489486
19490159
19490551
19491716
19492630
19492776
19493644
19493804
19494212
19494213
19497495
19500162
19500167
19500238
19502224
19505204
19507331
19508987
19514239
19515100
19521589
19525285
19526826
19527585
19528567
19532112
19534358
19534442
19534443
19534578
19535960
19536001
19536007
19536010
19536011
19536016
19536017
19536019
19536028
19536030
19537225
19541725
19542813
19542814
19543780
19544932
19544936
19548392
19549014
19549968
19552165
19552311
19553643
19553645
19554673
19554759
19554925
19555398
19555910
19558030
19558193
19560067
19560981
19566611
19566615
19566619
19566952
19567440
19570118
19571083
19571283
19572761
19574862
19576945
19577023
19580072
19580218
19580534
19581846
19584376
19584377
19584996
19585178
19585806
19585810
19588630
19589753
19591625
19594718
19597112
19597215
19597227
19601415
19601693
19605801
19605806
19605841
19606579
19606619
19610165
19610166
19610183
19610682
19615623
19615635
19616182
19616804
19618542
19619249
19619347
19619373
19621404
19624274
19625722
19627911
19627948
19628089
19628358
19629789
19631001
19631888
19632593
19634585
19634790
19634795
19635266
19635777
19635784
19637681
19638642
19638917
19639895
19641194
19641433
19643287
19643778
19645179
19645704
19648712
19648833
19648834
19650283
19651260
19651943
19653329
19653603
19653609
19653614
19655538
19656651
19657118
19658324
19658325
19660642
19662907
19662911
19663030
19664735
19668060
19668282
19670955
19670957
19670958
19670959
19672707
19672801
19673059
19673176
19674427
19674430
19674431
19675529
19675993
19678597
19678720
19679438
19680502
19681681
19681687
19681814
19682125
19685587
19685590
19688903
19688904
19688907
19688997
19689001
19689008
19689744
19690820
19691168
19691169
19691170
19691233
19693637
19694939
19697808
19701031
19702053
19702339
19702612
19703760
19703805
19704352
19704354
19705206
19706740
19707830
19708603
19711673
19711716
19712799
19712800
19714839
19714932
19714997
19715380
19716081
19716206
19716545
19719029
19719031
19719032
19719416
19720356
19720776
19721019
19721020
19722371
19723730
19725206
19725219
19728371
19731188
19731508
19731513
19732030
19735904
19737412
19738248
19738254
19738256
19738258
19738267
19738268
19739506
19741220
19743645
19743647
19743711
19744021
19745258
19747023
19747029
19748867
19748868
19748873
19751527
19752015
19752465
19752531
19752635
19752687
19753126
19753910
19753930
19753933
19753934
19754995
19757871
19758304
19758881
19761911
19764364
19764365
19767482
19768843
19768853
19769204
19772049
19776399
19776418
19776559
19778165
19778667
19778781
19778930
19780923
19782524
19783536
19783766
19786904
19786913
19787843
19788100
19789442
19791538
19797277
19797293
19797505
19797701
19799469
19800593
19802824
19803555
19803556
19806761
19806862
19806875
19807003
19807301
19807571
19807600
19807903
19809349
19810157
19810158
19810230
19810651
19811852
19812393
19812416
19813573
19817013
19817527
19820614
19820615
19821195
19827228
19827229
19828486
19833990
19835733
19839739
19840134
19840137
19841125
19843492
19845424
19845587
19847975
19848567
19850788
19854320
19854426
19854747
19856820
19858686
19858694
19862805
19863044
19863705
19874301
19874403
19877107
19877112
19877315
19877316
19878562
19878883
19878884
19878891
19880814
19881893
19882193
19883001
19883886
19883888
19885081
19885101
19886203
19887424
19888657
19891161
19891397
19898096
19899315
19901097
19901171
19901308
19907033
19910217
19911442
19911508
19911705
19917339
19917363
19919555
19920155
19921963
19922988
19923566
19925748
19926311
19926558
19927402
19932230
19933953
19933963
19934462
19936845
19937673
19938394
19940580
19940805
19941588
19946738
19947005
19947332
19948302
19949133
19949141
19949148
19949446
19950278
19952145
19952803
19952887
19953407
19953737
19953792
19953859
19954264
19955515
19955740
19956079
19957416
19959038
19960245
19960801
19961361
19961816
19962680
19965295
19966081
19968885
19972649
19995765
19996006
19996399
19996836
19998565
19998634
19998642
19998662
19998897
19999289
19999457
19999645
19999859
20001948
20002589
20002765
20003294
20006644
20007550
20007553
20008482
20009689
20010011
20010576
20013481
20013862
20014717
20015932
20016016
20016442
20018314
20021586
20021588
20024734
20025698
20025800
20026778
20026921
20026923
20026992
20026993
20026994
20026999
20027000
20027002
20027004
20027005
20031783
20031870
20031894
20032729
20034992
20038192
20039578
20042929
20042930
20042931
20042933
20044846
20046575
20046662
20048355
20048356
20048360
20048361
20048363
20048371
20048376
20050234
20050362
20050487
20050931
20050932
20052561
20054036
20054269
20054732
20056763
20057332
20058371
20059349
20059714
20061833
20063501
20067968
20068431
20069046
20069511
20071994
20073039
20074367
20075305
20075687
20077923
20078013
20078526
20083757
20085391
20087071
20088142
20088309
20088471
20088635
20091840
20092002
20092126
20093522
20097640
20097641
20097642
20098523
20104063
20104796
20105263
20105264
20105268
20107218
20108127
20110033
20110290
20110455
20112756
20116646
20116689
20117575
20121684
20123324
20123667
20123814
20124254
20125044
20125048
20127185
20127564
20128174
20128177
20129216
20129255
20129257
20131695
20131737
20131923
20133357
20135790
20139234
20140642
20141969
20142064
20142080
20143327
20148599
20148611
20148618
20148984
20149970
20150193
20150386
20150899
20152690
20155326
20159119
20159354
20159844
20159846
20159848
20164482
20164483
20166278
20166279
20167626
20167846
20167905
20169019
20169587
20169672
20170309
20170310
20171906
20173259
20176273
20177093
20177163
20177165
20177756
20178397
20180288
20180291
20182269
20182958
20182967
20183948
20183950
20184165
20184166
20184169
20184231
20184504
20186486
20186982
20187272
20190064
20191757
20192063
20193916
20195174
20195175
20197326
20197514
20197534
20198730
20198834
20198835
20200381
20200922
20202511
20204563
20207909
20208211
20212180
20212281
20213234
20213917
20214105
20214117
20215905
20217267
20218067
20218230
20218448
20218453
20219264
20222262
20223620
20225914
20227673
20231734
20233802
20234228
20237214
20237216
20237338
20297561
20298981
20299385
20299841
20302234
20302237
20303459
20303515
20307170
20308507
20309384
20309388
20310051
20311945
20311960
20313363
20313364
20329665
20331323
20331824
20331955
20332336
20333988
20333990
20334751
20335573
20336400
20337735
20344840
20344843
20344863
20345060
20345867
20348198
20349806
20351584
20353602
20354966
20360273
20360501
20363519
20363541
20364492
20364493
20368661
20371758
20371784
20371793
20373635
20373642
20373643
20374550
20375948
20381431
20385289
20386977
20388874
20390732
20391473
20391481
20393360
20394976
20397371
20398146
20398380
20402195
20402207
20402212
20403055
20403056
20403057
20403059
20403066
20406312
20406313
20407117
20407295
20408029
20410368
20410522
20418367
20419756
20420653
20421027
20421543
20421554
20422785
20424253
20426577
20430422
20430501
20430822
20430910
20431360
20433010
20434287
20435243
20435610
20437308
20438420
20439042
20439063
20439092
20439569
20439573
20439655
20439908
20442341
20442392
20445166
20446378
20446424
20446512
20446562
20447000
20447001
20448069
20448072
20448075
20448254
20452907
20452913
20453354
20453368
20454467
20455300
20455637
20455656
20457288
20458098
20463330
20463332
20464838
20465183
20466775
20469420
20472371
20473185
20473197
20478718
20480245
20480785
20481030
20481239
20482324
20484146
20486595
20487622
20489093
20489676
20491172
20491187
20491610
20493465
20495584
20495587
20497733
20498408
20499605
20500223
20502039
20505171
20506886
20506935
20507198
20509247
20509395
20509399
20509544
20509545
20509546
20509548
20511100
20511107
20511108
20511109
20511110
20511111
20511112
20513048
20513687
20513689
20514706
20515007
20516310
20516335
20516414
20518584
20518590
20520042
20521526
20522390
20522394
20523201
20523224
20525522
20525653
20526741
20528341
20528402
20528520
20530242
20530343
20530349
20530353
20530778
20532657
20532660
20536102
20536110
20536625
20538621
20539852
20540196
20543240
20543245
20543257
20546616
20548013
20548014
20549912
20550046
20551297
20551473
20551694
20551997
20552931
20554351
20554587
20555013
20557364
20558507
20560303
20562537
20564077
20564103
20564123
20564128
20564131
20564398
20564835
20566990
20567740
20568081
20569059
20569716
20571181
20572486
20572488
20572518
20575184
20575231
20575238
20575347
20575350
20575352
20575499
20578182
20578430
20579128
20579582
20579771
20581708
20586586
20587643
20587721
20598987
20601347
20602857
20606176
20606177
20606178
20606181
20606183
20606240
20606651
20610226
20613666
20613863
20614652
20617063
20617629
20618109
20618111
20618276
20618289
20619518
20619578
20620010
20620413
20623931
20625564
20625979
20629453
20630002
20630388
20630679
20634324
20635255
20635272
20635488
20636148
20637930
20639608
20641116
20642174
20642406
20642408
20643449
20644184
20645661
20645665
20646101
20647187
20649116
20649172
20650440
20650441
20651002
20651701
20653118
20653420
20658268
20658774
20658834
20660023
20660398
20660473
20660840
20662225
20662954
20663004
20663175
20664028
20665490
20665626
20665908
20665958
20666161
20666661
20668886
20669335
20669378
20669854
20670267
20670317
20670461
20675843
20677415
20677416
20678015
20678949
20679319
20679561
20679649
20680533
20681033
20681488
20681489
20681493
20681502
20682917
20684100
20687318
20687842
20688772
20689382
20690581
20690788
20693237
20693735
20694047
20694537
20695123
20695248
20695319
20695320
20695321
20695322
20695323
20695324
20696721
20696953
20696954
20696956
20698297
20698347
20698899
20700678
20701032
20701834
20702756
20705670
20706044
20706161
20706165
20706167
20706170
20712086
20712087
20712096
20712554
20714785
20714821
20717892
20718149
20718157
20718376
20718379
20718654
20718918
20720234
20722336
20726414
20727154
20729644
20730795
20731011
20731579
20731875
20731891
20733530
20733531
20736158
20736933
20737732
20737737
20738057
20795587
20798250
20798929
20800767
20801060
20801247
20801920
20803669
20803711
20805463
20805548
20805737
20806828
20806864
20809168
20811186
20812458
20812959
20815882
20819106
20820024
20822072
20822620
20823357
20824921
20824923
20825106
20825382
20825784
20826292
20826550
20827867
20828034
20830639
20830996
20830997
20831001
20831715
20831716
20832647
20834022
20837278
20838135
20838414
20838935
20839509
20839513
20839515
20841513
20841581
20843165
20843631
20843702
20843972
20844355
20846318
20847093
20847346
20851485
20851622
20852151
20852153
20852168
20854113
20855801
20855911
20856709
20856752
20859087
20859092
20859193
20859364
20859385
20862915
20863336
20864299
20864712
20864727
20865622
20866163
20866165
20869264
20869624
20874036
20879118
20880043
20880045
20881382
20881875
20882676
20882692
20882786
20888100
20888537
20888544
20890479
20890767
20921256
20921478
20922584
20922897
20922898
20922899
20922901
20922902
20923798
20928958
20929114
20929166
20929172
20933148
20934138
20935248
20935273
20936256
20938006
20939011
20940190
20940384
20940545
20942315
20942325
20942326
20942328
20942875
20945363
20946425
20947723
20951080
20952079
20954538
20954598
20954599
20956769
20957865
20961255
20962196
20963269
20966832
20972641
20973149
20973304
20974322
20975020
20975332
20976794
20978567
20979524
21029085
21029086
21029088
21029175
21029972
21030394
21034182
21040863
21040866
21041346
21041376
21041420
21041563
21041742
21041747
21041750
21042089
21045103
21045583
21046111
21047217
21047226
21049781
21049783
21049811
21053446
21053533
21053640
21053652
21054300
21058500
21058945
21058946
21059976
21061825
21061826
21063231
21067103
21067104
21067255
21071325
21071515
21073016
21073707
21073825
21075675
21076085
21077581
21079224
21079464
21085006
21087284
21088270
21089265
21090033
21090146
21090147
21090196
21090198
21092840
21095276
21098764
21103385
21104574
21108530
21110249
21110251
21110253
21110477
21110483
21110487
21112260
21116141
21117341
21117526
21118320
21121179
21121180
21121181
21121565
21121764
21122709
21122725
21122732
21122775
21123613
21125341
21126815
21129681
21129683
21129684
21131577
21131579
21131673
21131788
21131789
21131794
21134549
21134724
21134924
21134926
21134933
21134934
21135274
21135295
21135326
21137594
21138168
21138352
21139094
21139109
21140173
21140898
21141368
21141646
21142294
21142529
21143346
21148442
21149754
21149840
21150795
21155354
21155416
21157235
21160056
21161738
21162402
21162404
21163804
21166263
21166869
21168902
21170064
21173595
21174232
21175306
21175506
21175835
21176137
21178027
21178851
21182792
21184997
21186702
21186741
21187214
21188512
21189748
21189750
21189754
21190639
21192208
21192209
21192759
21194601
21194658
21196610
21197302
21197900
21197914
21199070
21200221
21200370
21204969
21204970
21204971
21204980
21206296
21207775
21208650
21208778
21208898
21209433
21209434
21209435
21209436
21209453
21211485
21211487
21211761
21211769
21214066
21214067
21214118
21217491
21220586
21220646
21220973
21224739
21225808
21226397
21228314
21228568
21228569
21228670
21233306
21236629
21239950
21241171
21241184
21242376
21242423
21242454
21242560
21243850
21245187
21246529
21247053
21247308
21247309
21247829
21249787
21249795
21249865
21256570
21257009
21261124
21261125
21261127
21261168
21263106
21265385
21265413
21265416
21267047
21267048
21268499
21268550
21270552
21270620
21272533
21275932
21279003
21281379
21282384
21282385
21282695
21285057
21285097
21285424
21285425
21285430
21287774
21288059
21288087
21288089
21289342
21289353
21291131
21291135
21292673
21294148
21297932
21301371
21302179
21302849
21303280
21303996
21306258
21306259
21306287
21306363
21306365
21306366
21306368
21306369
21306370
21309193
21309903
21310390
21311047
21312073
21312268
21314054
21314215
21314216
21314574
21315996
21316132
21316540
21317520
21317822
21319199
21319573
21320939
21322083
21322349
21322464
21322879
21322885
21323538
21323539
21323618
21323619
21323620
21325095
21325183
21325191
21327509
21328117
21328219
21329088
21329098
21329249
21333043
21333423
21333425
21333427
21333428
21333429
21333431
21335515
21337857
21337874
21337974
21338402
21339432
21340480
21341607
21341614
21341641
21344720
21345188
21345216
21348547
21348552
21348555
21348561
21348766
21351678
21351716
21352697
21353819
21356506
21357915
21358299
21361093
21363901
21365630
21365791
21367341
21368681
21368685
21368740
21370539
21370619
21370636
21370707
21371067
21371664
21371666
21371668
21374839
21374861
21376843
21377552
21381508
21381510
21381999
21382799
21382804
21382809
21383366
21383369
21385320
21386081
21386932
21387887
21387895
21387977
21391056
21391059
21391931
21394045
21395352
21395933
21396497
21397779
21397882
21398269
21398271
21400963
21400972
21400973
21401457
21401791
21402294
21402518
21402603
21402604
21404221
21404814
21406648
21407030
21407031
21409872
21410447
21410844
21411263
21411337
21412195
21412380
21413000
21413207
21413208
21413467
21413523
21413538
21413981
21414059
21414557
21418314
21422086
21422839
21422913
21422951
21422956
21425148
21426495
21427334
21427337
21428122
21428759
21430574
21434455
21434698
21446255
21446604
21446780
21449112
21449316
21451160
21451262
21452489
21452493
21452617
21455994
21456048
21456325
21456397
21456424
21456427
21456444
21457256
21457309
21458758
21458761
21462061
21462601
21463367
21463888
21464670
21465705
21465893
21467061
21469033
21469035
21469552
21471490
21471494
21471497
21471756
21473540
21473659
21475624
21476408
21476491
21478193
21478779
21482653
21485631
21485917
21486736
21486737
21487081
21488545
21488560
21489931
21491804
21492158
21493222
21493230
21493407
21494195
21495938
21496142
21496257
21497842
21499825
21500719
21500755
21500756
21501370
21504080
21504263
21505120
21505280
21506191
21506462
21506469
21506726
21506728
21506730
21506734
21509774
21510035
21510038
21510430
21510433
21512359
21512429
21513175
21516618
21517834
21518938
21521853
21524207
21525436
21525437
21527170
21527173
21527898
21529203
21530036
21531966
21532081
21534413
21534689
21536931
21537147
21540420
21540427
21542505
21542511
21544002
21545046
21545050
21545054
21546366
21546636
21546846
21547470
21548399
21548401
21548437
21548539
21548813
21550231
21551939
21552142
21555297
21555301
21555482
21555653
21557034
21557253
21560971
21561341
21561342
21561508
21561517
21563349
21565897
21565981
21566719
21567166
21568226
21568975
21570157
21570523
21572580
21572762
21573051
21575219
21577161
21584667
21585228
21585691
21586710
21586713
21586719
21586907
21587037
21587337
21591483
21591942
21593012
21593611
21595133
21595326
21595342
21595346
21595372
21595398
21596816
21597030
21597521
21598242
21600794
21602194
21602197
21603406
21604407
21604418
21606426
21606895
21608156
21609328
21609330
21609331
21610242
21610423
21612463
21614995
21616691
21616722
21617570
21618817
21620356
21621129
21628079
21632593
21632694
21634263
21634271
21636053
21636817
21639017
21639018
21641062
21641874
21642559
21644388
21644970
21645467
21645802
21646556
21646560
21647797
21649659
21650065
21652560
21655481
21656514
21657175
21657804
21657805
21657807
21658724
21659666
21659964
21661287
21666277
21667374
21667633
21667673
21670102
21670329
21670623
21673117
21673253
21673263
21675007
21675150
21675914
21676024
21676051
21677592
21678588
21678803
21680205
21681222
21682057
21682236
21682238
21683661
21685732
21685810
21688414
21689262
21690428
21690439
21690597
21693550
21700599
21703880
21704489
21704809
21705100
21705154
21707003
21707012
21707015
21709115
21709184
21709691
21710313
21710903
21710950
21711065
21711076
21712720
21714370
21714794
21715104
21718928
21719177
21719309
21719354
21719594
21719631
21723483
21724919
21728057
21729161
21730213
21730240
21730248
21731517
21732823
21734193
21734197
21734199
21734205
21734936
21735047
21735581
21736156
21736184
21736200
21736248
21739675
21739758
21739925
21740201
21745072
21747103
21747113
21748739
21751052
21751755
21752775
21753471
21755571
21755630
21756017
21762141
21762146
21763210
21764008
21764601
21765258
21768535
21768786
21769460
21774138
21774141
21775734
21776940
21776941
21777324
21785058
21785311
21785484
21787029
21787516
21788052
21788540
21788541
21788585
21789943
21790586
21791327
21791689
21793114
21798885
21799362
21800053
21800512
21801959
21802118
21805531
21806563
21806622
21807348
21807824
21809222
21809223
21810708
21810797
21811351
21812067
21812352
21815310
21815547
21815559
21818619
21818878
21819166
21819169
21819170
21819634
21821577
21823107
21823112
21823267
21824822
21824938
21825937
21825973
21828308
21829009
21830252
21830254
21831168
21832214
21834359
21835378
21837374
21837637
21838834
21841296
21842244
21842579
21842802
21843121
21843130
21843415
21843875
21844100
21844812
21845790
21846071
21846860
21847800
21847849
21849871
21850551
21850813
21851143
21851978
21852301
21853579
21853592
21853594
21853603
21857716
21857811
21858847
21860262
21860330
21862716
21862739
21862749
21862905
21864625
21865093
21865367
21865890
21868129
21868621
21870683
21871033
21871039
21871196
21871403
21874914
21877618
21877623
21877664
21878591
21879410
21879892
21879917
21879918
21880872
21881387
21881388
21881401
21881427
21881433
21881551
21882382
21882385
21882387
21882389
21882393
21882513
21883908
21885350
21885578
21885627
21885689
21885948
21886026
21886506
21886519
21886871
21888609
21889755
21894468
21894536
21894648
21894660
21894661
21895771
21896255
21896456
21896522
21897231
21898983
21898985
21899485
21900657
21900662
21900663
21901928
21902485
21903316
21903719
21905437
21905526
21909040
21913605
21913987
21914517
21915759
21916636
21917584
21918179
21918428
21921253
21921794
21922159
21923044
21923067
21923072
21931037
21932490
21932623
21932691
21932980
21933430
21933906
21933965
21934052
21935297
21935718
21936330
21937935
21938828
21938844
21938850
21939830
21939831
21940424
21941925
21942150
21942302
21944221
21945309
21945972
21947679
21954477
21954679
21954686
21956051
21959122
21959600
21959840
21960708
21961381
21962778
21962782
21962785
21963121
21964357
21964957
21966625
21969344
21969642
21970307
21970950
21971384
21971882
21972054
21972303
21972306
21972313
21972379
21972460
21975098
21975317
21975617
21975822
21976086
21976117
21976343
21976417
21977483
21979244
21980197
21980210
21980903
21982520
21983956
21986973
21987867
21989612
21989620
21990175
21990479
21990501
21990546
21991680
21991681
21991839
21991979
21992880
21993273
21993331
21995131
21998979
21999269
22002645
22002646
22003474
22005142
22007045
22009603
22011326
22013631
22014668
22016000
22018160
22020038
22020247
22021538
22022736
22024327
22024619
22024629
22025192
22025352
22025391
22025432
22025433
22025629
22026246
22026394
22028355
22028358
22029221
22029757
22032675
22033718
22033720
22033986
22039606
22039682
22040130
22042613
22043105
22045005
22045907
22046228
22046632
22046633
22046848
22047517
22047561
22049563
22049564
22049566
22049567
22049568
22049783
22049838
22051460
22052080
22052221
22052901
22053642
22053644
22053738
22054637
22054639
22055763
22056542
22057818
22059182
22059280
22060007
22066338
22068191
22068196
22068403
22068407
22069840
22069879
22076070
22078601
22080337
22084339
22084340
22084341
22084342
22084343
22084344
22084345
22084895
22084964
22086805
22089720
22091494
22091922
22092022
22092392
22093050
22094775
22096422
22098657
22101479
22103020
22106644
22106767
22107009
22107156
22107483
22111145
22111198
22111267
22111284
22111495
22111496
22115327
22115328
22116111
22117270
22117866
22119184
22120036
22120269
22123045
22123272
22123793
22125819
22126951
22128492
22128696
22129943
22132712
22136996
22138113
22138230
22139021
22142469
22143455
22145186
22145188
22145798
22146024
22146330
22147865
22149903
22149939
22150176
22150580
22151000
22151011
22152576
22156928
22156930
22157221
22158933
22160485
22165169
22165305
22165463
22167063
22167065
22167990
22168643
22171532
22173619
22175182
22175190
22175191
22175212
22175214
22175657
22175816
22177289
22177373
22178626
22180223
22180544
22180943
22181051
22181052
22184500
22184844
22187962
22188641
22190195
22190888
22192058
22192574
22192688
22193416
22193418
22195308
22198455
22198774
22198978
22200867
22202712
22204151
22204152
22204163
22204167
22205007
22205769
22206096
22206113
22206181
22206743
22209053
22210329
22211127
22214393
22214476
22215163
22216678
22216871
22216872
22216873
22218618
22218626
22220311
22221633
22221634
22223553
22226386
22226698
22227762
22227993
22228606
22229203
22231566
22231864
22231995
22232095
22232101
22232112
22232367
22232472
22233584
22235064
22235548
22236182
22236225
22236314
22236319
22237663
22237664
22238250
22238835
22239281
22239290
22241788
22244295
22245124
22246582
22248516
22249921
22249922
22249926
22250145
22250356
22257048
22257945
22258221
22259874
22259942
22261713
22261939
22263243
22264854
22264969
22264974
22265767
22270098
22270099
22270747
22271119
22271120
22271645
22271806
22276388
22276779
22276781
22277271
22277741
22279727
22283360
22284582
22284901
22291768
22292338
22293549
22295587
22296029
22298064
22298087
22298310
22299175
22299176
22302967
22305701
22310561
22311333
22311955
22311957
22313096
22313439
22313442
22315517
22316446
22319910
22321526
22321800
22322612
22323159
22323167
22323168
22328117
22328832
22329044
22329045
22329118
22329121
22329356
22329745
22329996
22330629
22332260
22332262
22334940
22335186
22335372
22335752
22335753
22335754
22335755
22337216
22337220
22337412
22338728
22340772
22340773
22340774
22340776
22340777
22340779
22340780
22340781
22340782
22341159
22341201
22342212
22343597
22343643
22343814
22354935
22355901
22355910
22355935
22356083
22356263
22357638
22357828
22359758
22359760
22359765
22359767
22359768
22359772
22359793
22359794
22359961
22359963
22362827
22362902
22363058
22363962
22370029
22370955
22371344
22372031
22372032
22372161
22372207
22372298
22372778
22377078
22379427
22379646
22380470
22381270
22381988
22383046
22387371
22389022
22390389
22391432
22391664
22391666
22392661
22392662
22392670
22393093
22393096
22393604
22393666
22396506
22396507
22396510
22396564
22396983
22397061
22397631
22397632
22401147
22402802
22403161
22403844
22404854
22406959
22410427
22411416
22412007
22412009
22412179
22413593
22413597
22413611
22413729
22415166
22415170
22415171
22415469
22415708
22416509
22416985
22417137
22417714
22419800
22420064
22420066
22420135
22420146
22420816
22420974
22421516
22421517
22423527
22425128
22427168
22428177
22428535
22430649
22430925
22433118
22434596
22435368
22435729
22435837
22435908
22436107
22436958
22437623
22439245
22439371
22441047
22441048
22441162
22442180
22442428
22442896
22446295
22448033
22448397
22450213
22450289
22450901
22451235
22451335
22451553
22454448
22454838
22455751
22455752
22455754
22456113
22458104
22458457
22458460
22459132
22459177
22459360
22461919
22462089
22462267
22466046
22466048
22466577
22468734
22468739
22469374
22477473
22477895
22478702
22479970
22482090
22482100
22486429
22487326
22487555
22487711
22488341
22488343
22491543
22492886
22492897
22493465
22493794
22494108
22494600
22494755
22495336
22495811
22495879
22497353
22497360
22497361
22498206
22498674
22498687
22498986
22498989
22499736
22499737
22499738
22499740
22499741
22503007
22505862
22507647
22508663
22509683
22510684
22511746
22512453
22513438
22513878
22515042
22515953
22518002
22518821
22521808
22522515
22524100
22525609
22525715
22527254
22528617
22530292
22530335
22530398
22530601
22531150
22531982
22533271
22533463
22533535
22534588
22534963
22535277
22535501
22535564
22536605
22539797
22541855
22544620
22546389
22548986
22548992
22549332
22549377
22549558
22550187
22550197
22550878
22551108
22551360
22551464
22552984
22553074
22554001
22554140
22554626
22554973
22560316
22560319
22560829
22562407
22563741
22565242
22565349
22565352
22565354
22566017
22566433
22566434
22566435
22566437
22566486
22570568
22571000
22571214
22571215
22573146
22574286
22574325
22575240
22575773
22576847
22578065
22578211
22579074
22579854
22580628
22583449
22583989
22584153
22588167
22590788
22591979
22592042
22593634
22593859
22594055
22596081
22606715
22606718
22606721
22606738
22607213
22608160
22610528
22611648
22616543
22616546
22617045
22617086
22617322
22617697
22618973
22618981
22619770
22619850
22621420
22623591
22626961
22627679
22627717
22627914
22632667
22633340
22640466
22643198
22643256
22643259
22643460
22643491
22648601
22649801
22650015
22652848
22653415
22656915
22656916
22660336
22663169
22663966
22663967
22665815
22665817
22665828
22665829
22665830
22665835
22665837
22665838
22665841
22665843
22666956
22666960
22667028
22667033
22667034
22670106
22670270
22670272
22670533
22672479
22675733
22676164
22681892
22682009
22682794
22683590
22684273
22686456
22687566
22689448
22690981
22692089
22692167
22692958
22693955
22693982
22693983
22694110
22694115
22695206
22695325
22696971
22698548
22700826
22702028
22702464
22706071
22706831
22706851
22706991
22709646
22709929
22710319
22711082
22712097
22712134
22714986
22714987
22715061
22716124
22716651
22717919
22720900
22721670
22725849
22728157
22728579
22730855
22733978
22735360
22737100
22737643
22737760
22737761
22737818
22737819
22738615
22738616
22739257
22739589
22740497
22741279
22741481
22741518
22743870
22743887
22748382
22748787
22748792
22748797
22749267
22749277
22751995
22752029
22752233
22757946
22757949
22760390
22762449
22768442
22770866
22772840
22773335
22773600
22773889
22775075
22776352
22777861
22777881
22781007
22782203
22782213
22782280
22785587
22786651
22787175
22787943
22788025
22788544
22792565
22792586
22792661
22792675
22792676
22797182
22797643
22800855
22802269
22808537
22808540
22808695
22809064
22809982
22810968
22812549
22813722
22813985
22816373
22818247
22820961
22820973
22822012
22822170
22825773
22826013
22826644
22830100
22833452
22834072
22835513
22835558
22835586
22836003
22836133
22840827
22842655
22846144
22849595
22849881
22851110
22852486
22852881
22852883
22853012
22854178
22855102
22855959
22855960
22856104
22858278
22858381
22859438
22862860
22862861
22863459
22863464
22864492
22865644
22868072
22869644
22869652
22869661
22869664
22872070
22872365
22874500
22874501
22875377
22877357
22877806
22879451
22882563
22883981
22885331
22886096
22890248
22892252
22892361
22893083
22894737
22898452
22900643
22901510
22905430
22905603
22905686
22905738
22906992
22908486
22910750
22912980
22913474
22914787
22915436
22915707
22918575
22921326
22921700
22922000
22922432
22922436
22928159
22928178
22928797
22928995
22929551
22930311
22930698
22930970
22932787
22933748
22935116
22935397
22935929
22937544
22937854
22938900
22941703
22942827
22942828
22942834
22944872
22944876
22945812
22946138
22946139
22946248
22946883
22948009
22948931
22949439
22949440
22949441
22949442
22949446
22949454
22949455
22949458
22949459
22949492
22950904
22951045
22951507
22953468
22953772
22954061
22954545
22954546
22958598
22959732
22962638
22964271
22964736
22965567
22965973
22966834
22968890
22968894
22970693
22971204
22973740
22973741
22973899
22977212
22980105
22980311
22982748
22985139
22986842
22987204
22988655
22988667
22988675
22990342
22991868
22992389
22992715
22995803
22996105
22996564
22996857
22996858
22996859
22997110
22998612
22998899
22999147
22999727
22999805
23001279
23002111
23009305
23009306
23009330
23011713
23012766
23013681
23015729
23016263
23017247
23018039
23021138
23023847
23025000
23025861
23025870
23029759
23031625
23032359
23032805
23033411
23033621
23033808
23034187
23035036
23035057
23035270
23035613
23038709
23045329
23045766
23047357
23047360
23047779
23047784
23047790
23048091
23048107
23048108
23048112
23050511
23050513
23050526
23053659
23057092
23057099
23058063
23060272
23061167
23061204
23061243
23061584
23062327
23063058
23063286
23064003
23064276
23066830
23070491
23072736
23074090
23074343
23074496
23074756
23074762
23074766
23077431
23078001
23078007
23078604
23082276
23082349
23083088
23083089
23083857
23087996
23088054
23088391
23088500
23090568
23091841
23092581
23092934
23094352
23094360
23095929
23098286
23102047
23102174
23102682
23102712
23106942
23107903
23108503
23110409
23111302
23111677
23113427
23113483
23113633
23113637
23113832
23113834
23115749
23115885
23116951
23116986
23117108
23117268
23117271
23120940
23121762
23122346
23124788
23126510
23127149
23127460
23128859
23129666
23129669
23129672
23129676
23129677
23130380
23131684
23132199
23132206
23132351
23132781
23134057
23135758
23135888
23136327
23137413
23138040
23139946
23139947
23139948
23142446
23143099
23143283
23143300
23143749
23145404
23145808
23145890
23146199
23147178
23149496
23149497
23150955
23151177
23151591
23152680
23153480
23153481
23155549
23155551
23155552
23155742
23155744
23155836
23155929
23156197
23156200
23156825
23158551
23159982
23162876
23163060
23163218
23163222
23163685
23164382
23164388
23164391
23166934
23166950
23167033
23168769
23168928
23169513
23169520
23169730
23173020
23173361
23173999
23174264
23177730
23177802
23178417
23180999
23181764
23181979
23182523
23182525
23182530
23183337
23184106
23184361
23184670
23187634
23187911
23189994
23193680
23193728
23194035
23194938
23198298
23198304
23204445
23204813
23204817
23205399
23206212
23206213
23206237
23206558
23206643
23206767
23206981
23207458
23210123
23211359
23212885
23213024
23213059
23213144
23213145
23213147
23213148
23213149
23213153
23213854
23213858
23214179
23216513
23216514
23218639
23218806
23218907
23221907
23222011
23222013
23222378
23222466
23222470
23222498
23222500
23224388
23225522
23227573
23229967
23229968
23229982
23229987
23230702
23230913
23230933
23231358
23231947
23238419
23240150
23241499
23241896
23242735
23243199
23243747
23243756
23244252
23244253
23244445
23250933
23251940
23251953
23252543
23252545
23252966
23253259
23253503
23255820
23261892
23263733
23264681
23264968
23265572
23265826
23266922
23268662
23270124
23273532
23273629
23275518
23276510
23277483
23277777
23277901
23278269
23278369
23278400
23279878
23280215
23280216
23280220
23281846
23286675
23287938
23289161
23289640
23290151
23290669
23290677
23290738
23294184
23295438
23295802
23296047
23297275
23297276
23297277
23297279
23297444
23297447
23297474
23297601
23297609
23298948
23300364
23301436
23302260
23303200
23304362
23305877
23307395
23307525
23308378
23311030
23312757
23312820
23314351
23315446
23317633
23319504
23321379
23322285
23322458
23322726
23323721
23324508
23324936
23325005
23327433
23327456
23331797
23332991
23335447
23336095
23337644
23339220
23339229
23339269
23340629
23340634
23340635
23340637
23340638
23340640
23340644
23343827
23344224
23345360
23346946
23347002
23350568
23351208
23353712
23354364
23355120
23357490
23358386
23359048
23359831
23360052
23360957
23362637
23364413
23367582
23369778
23369786
23371419
23372508
23372543
23372583
23373144
23377342
23379012
23379270
23379958
23380210
23381040
23382408
23383702
23384787
23386749
23389484
23389703
23389707
23390695
23390699
23390700
23390701
23391126
23393086
23393475
23393487
23393490
23394485
23395701
23397153
23397248
23398806
23399343
23399371
23399652
23400249
23402010
23403683
23404199
23405387
23405393
23405402
23405558
23406712
23408016
23408126
23409293
23409321
23409325
23412742
23413622
23414696
23415239
23416941
23418021
23418921
23419419
23420798
23420800
23421756
23423411
23424334
23425161
23425291
23425979
23426556
23429659
23429927
23430282
23431684
23435433
23435770
23436312
23437453
23437488
23437583
23442419
23442840
23443438
23443442
23444650
23446843
23447347
23448114
23448115
23448921
23450636
23450972
23451615
23453108
23453358
23453405
23454732
23454987
23459325
23459737
23459739
23459740
23460162
23460330
23462066
23464959
23465162
23468086
23469328
23471099
23471442
23472290
23473816
23476977
23476993
23476994
23477255
23477686
23477884
23479288
23479816
23480716
23480823
23480857
23481033
23481320
23482657
23482676
23483336
23484226
23487898
23487979
23487980
23488061
23488117
23488217
23488393
23488431
23495412
23498299
23499008
23499058
23499749
23500086
23505737
23507120
23507156
23507157
23507158
23507159
23507160
23507164
23507165
23507691
23508797
23512056
23513337
23514437
23514674
23515215
23515912
23517139
23517343
23520983
23521600
23522208
23523207
23524201
23525736
23525835
23526042
23526616
23528289
23530288
23530290
23532118
23532737
23534946
23535630
23537154
23537457
23537567
23538182
23538922
23539229
23539282
23540095
23541628
23541710
23541869
23542023
23542744
23543676
23544760
23544766
23545081
23545710
23546835
23547336
23547426
23547493
23547501
23548119
23549560
23549583
23550670
23551644
23551645
23551646
23552430
23552704
23555680
23556195
23556374
23557215
23559420
23559679
23561382
23562002
23562209
23564325
23565628
23566989
23567991
23569051
23569057
23569060
23569152
23569153
23570137
23570431
23571060
23571623
23571763
23572372
23574988
23575316
23577195
23577526
23581175
23581912
23582619
23583000
23583531
23583856
23584520
23585072
23585144
23585738
23588099
23588123
23588385
23588900
23589485
23590231
23590666
23591094
23591100
23592086
23592104
23592363
23594058
23595937
23597860
23598847
23599409
23599676
23600097
23601620
23602377
23604013
23604016
23607510
23608830
23609928
23610801
23612390
23613017
23614152
23614154
23614158
23614583
23616157
23616719
23617036
23617080
23619936
23620983
23621062
23621892
23622916
23623637
23627577
23628429
23629032
23629077
23629108
23632133
23633218
23633731
23633968
23634383
23634511
23635315
23635879
23636896
23639547
23639565
23640350
23640352
23641136
23643457
23644082
23645571
23646376
23648436
23648470
23648906
23648911
23649225
23649323
23649604
23650313
23650316
23650317
23650318
23650319
23650320
23650321
23650322
23650323
23650327
23650328
23650329
23652981
23656752
23657702
23660182
23662642
23662682
23663197
23663229
23664483
23664964
23666491
23667947
23670114
23670270
23670809
23672566
23675645
23676531
23677575
23677706
23677924
23678788
23678936
23680965
23682791
23684490
23685524
23686511
23687180
23687240
23688540
23690938
23691742
23694928
23696984
23697073
23697475
23699672
23699673
23700325
23700605
23700606
23700754
23701048
23701374
23701733
23703416
23704301
23705177
23705305
23706552
23709404
23712411
23712468
23714567
23715220
23715403
23715968
23716470
23718154
23718160
23719033
23719183
23720486
23721555
23722438
23722579
23725230
23725362
23725537
23726120
23726522
23727207
23729089
23729166
23732266
23733093
23733374
23733563
23733978
23733982
23733986
23735270
23735691
23735963
23737232
23738421
23738761
23742013
23742848
23744862
23746098
23747710
23752219
23752663
23754075
23754804
23756644
23757491
23757758
23757829
23757832
23758582
23759673
23765207
23766576
23768437
23769138
23769330
23770064
23771567
23773373
23773392
23773429
23775433
23775721
23778502
23780467
23780565
23781538
23781870
23781918
23783152
23783750
23785232
23787242
23789660
23791207
23793808
23794367
23794593
23795379
23795640
23796298
23797716
23799930
23802131
23802483
23802935
23804242
23804319
23804411
23805802
23806935
23807100
23807592
23808053
23808801
23809197
23809284
23809368
23811693
23813216
23813265
23814517
23814802
23817521
23817729
23819622
23819957
23820470
23820999
23821000
23821907
23821908
23824508
23827002
23828691
23829089
23829345
23829388
23830758
23835927
23836009
23836732
23836733
23836736
23836737
23836738
23836739
23836742
23836997
23837148
23839732
23839747
23839749
23839750
23841317
23841702
23841764
23842915
23844439
23844707
23844750
23844753
23845765
23850054
23857068
23857864
23859187
23860219
23860982
23862374
23862590
23866367
23866646
23866648
23866657
23867037
23867383
23868082
23868163
23869398
23870733
23873404
23873945
23874355
23875236
23875273
23875278
23875281
23875486
23875513
23877256
23877459
23877460
23877461
23878866
23879214
23880428
23882724
23883376
23883981
23884699
23885387
23885484
23886846
23887575
23887576
23888978
23889201
23889465
23889947
23890435
23891056
23891918
23894182
23895494
23895819
23896450
23898587
23898588
23899853
23900357
23902663
23907756
23909992
23910071
23911179
23911874
23914410
23916799
23916934
23917295
23917296
23917298
23918162
23918478
23918487
23919447
23919488
23921287
23921939
23923144
23923146
23923524
23923525
23923698
23923804
23924155
23924747
23926831
23926902
23927908
23928005
23929029
23929219
23929404
23930562
23932227
23932530
23933053
23933423
23934237
23937101
23937735
23939013
23939411
23941150
23942222
23942680
23942750
23942872
23943387
23943539
23943892
23944019
23944134
23944275
23945063
23945065
23945232
23946263
23946265
23946666
23947269
23947985
23948385
23952526
23952785
23953016
23953280
23953964
23957192
23958236
23960024
23962512
23962514
23964614
23964617
23965045
23965602
23967412
23967497
23968600
23968670
23968787
23969475
23969582
23969590
23969594
23969769
23969801
23972533
23973501
23973925
23975059
23977713
23977715
23977716
23979973
23982211
23982369
23983859
23983876
23986934
23987089
23988600
23988694
23989049
23991521
23991899
23993755
23994132
23994598
23997424
23997674
23998697
24000042
24000580
24001249
24001285
24002296
24002826
24003009
24003757
24004037
24004437
24004712
24005003
24006791
24008077
24008265
24008599
24008956
24009168
24010193
24010239
24010896
24011145
24012920
24015885
24015898
24016378
24018022
24019377
24019378
24020173
24020884
24022077
24022435
24023516
24024249
24024846
24025005
24025363
24025617
24025658
24028309
24028331
24028359
24028697
24030125
24030166
24030558
24030634
24032389
24032551
24033719
24033917
24034511
24035046
24038595
24038833
24038901
24039225
24039312
24039877
24042212
24043289
24044140
24044158
24044191
24044229
24045564
24045820
24046882
24048115
24048800
24049512
24049878
24050527
24050986
24051080
24051454
24054698
24054788
24055071
24055137
24058203
24058388
24059005
24059007
24059408
24059409
24061144
24061199
24061265
24061277
24061394
24063071
24066461
24069794
24070034
24070249
24072010
24072727
24072931
24073030
24073466
24073519
24073983
24074007
24074128
24074258
24075151
24075216
24075858
24077189
24077760
24081284
24081348
24081402
24084804
24084888
24085043
24088208
24088964
24091042
24091047
24091426
24093703
24093861
24093862
24094438
24094912
24100354
24100528
24100532
24101058
24101062
24101063
24101069
24101070
24102408
24104483
24106867
24106954
24106955
24107093
24108392
24111895
24113678
24113816
24114570
24115451
24117032
24117239
24117288
24117371
24118025
24118883
24119332
24119620
24121806
24122849
24127146
24127446
24128617
24128640
24128744
24129880
24133692
24133696
24134773
24134857
24135420
24136648
24136694
24137841
24137882
24139984
24141382
24143851
24145042
24145839
24146343
24148028
24148758
24151328
24151949
24152262
24153137
24155037
24155827
24156646
24156649
24156665
24157349
24157649
24158988
24160283
24160284
24160795
24160819
24160939
24165540
24165760
24167061
24170507
24172581
24173368
24175158
24177138
24177285
24177759
24183369
24183550
24186882
24189028
24189328
24190458
24190958
24191080
24192596
24193610
24195133
24195149
24195341
24195500
24195501
24195723
24195774
24199255
24199517
24204060
24205085
24206862
24211695
24214101
24214289
24214736
24216398
24219928
24219955
24219956
24219958
24220685
24223566
24223977
24225080
24226092
24228291
24228372
24229608
24231453
24236323
24237043
24237095
24239467
24239519
24240934
24240935
24244803
24244980
24244995
24244999
24248417
24249721
24249814
24251430
24251547
24253210
24253214
24253791
24257326
24257656
24257964
24258061
24259647
24259651
24260971
24261356
24261367
24262637
24262795
24273348
24273395
24275127
24279185
24279210
24279724
24279819
24280849
24281470
24281472
24282042
24282839
24283001
24284849
24286307
24286612
24287001
24288801
24294634
24294635
24294636
24296747
24297190
24297563
24298941
24301389
24301398
24303282
24303543
24303627
24304157
24304160
24304256
24305844
24306758
24307196
24307260
24308163
24308304
24308878
24308880
24308881
24308882
24308883
24308884
24312971
24312972
24312988
24314367
24315406
24315770
24316600
24316724
24321220
24321259
24321784
24322961
24322988
24324983
24325040
24327482
24328440
24328726
24329814
24332507
24332969
24334312
24334959
24335076
24335896
24336138
24337312
24337444
24337499
24338041
24338557
24339239
24340356
24340710
24340777
24340823
24342144
24344466
24344860
24348055
24349651
24350590
24350900
24352181
24352196
24353413
24354232
24354235
24354695
24354765
24358285
24359432
24359554
24360903
24361201
24361657
24363118
24363789
24364772
24366366
24366395
24366398
24367124
24368377
24368378
24368471
24368473
24368657
24369072
24370137
24370138
24370501
24370770
24371938
24372456
24372458
24372461
24373166
24374409
24374673
24374772
24375998
24376873
24377835
24381237
24382787
24383134
24383135
24383200
24383436
24384059
24386797
24388973
24389971
24394826
24395018
24395893
24395929
24395937
24395940
24395941
24395947
24398725
24399032
24399416
24400842
24401322
24402075
24404308
24405202
24405615
24407509
24410022
24411509
24411705
24415748
24416171
24416865
24416868
24417012
24417038
24417041
24417309
24419744
24420789
24421560
24422914
24430270
24433487
24433971
24435407
24436032
24437027
24438051
24438713
24439138
24440649
24440868
24441810
24442076
24442687
24443608
24443609
24443726
24443732
24443733
24443765
24443943
24444616
24445166
24445570
24452087
24452655
24452674
24452675
24455820
24456317
24456318
24456319
24458013
24458966
24460431
24461126
24462026
24462496
24462854
24463591
24467883
24474682
24474714
24476706
24476964
24481541
24481684
24482890
24490116
24490324
24490881
24491237
24491447
24492060
24492647
24493502
24493767
24493769
24493780
24493781
24496184
24497600
24497648
24499173
24500644
24505832
24507475
24508194
24508327
24509002
24511767
24511776
24511781
24511884
24511885
24511890
24511995
24512035
24513420
24513860
24518783
24518788
24519300
24519308
24519309
24520683
24521363
24523042
24527115
24527312
24527322
24527512
24527824
24528167
24529210
24529579
24530712
24531515
24533012
24533894
24534753
24535488
24549543
24550087
24552314
24552315
24554458
24558050
24559196
24560166
24561748
24561763
24563667
24563986
24564018
24564809
24564812
24565766
24566250
24566836
24567076
24569001
24569759
24572047
24573712
24574129
24575127
24578240
24579273
24581072
24582998
24584524
24584622
24589160
24589911
24590100
24590101
24590299
24590328
24590448
24590737
24592477
24592493
24592518
24595521
24595670
24595671
24596468
24597082
24597556
24597557
24598714
24600743
24600783
24600787
24600797
24600925
24602994
24606631
24607836
24608404
24608671
24611211
24611226
24611617
24611645
24615310
24615420
24616371
24618799
24618957
24618959
24619923
24621133
24621575
24624469
24625244
24625772
24628495
24629991
24630908
24632686
24632932
24633665
24634620
24636377
24636381
24636641
24636706
24637648
24637730
24640055
24640066
24640386
24640405
24640406
24640618
24641562
24643209
24643730
24643795
24645281
24649731
24651111
24652416
24652944
24654294
24654748
24655931
24657227
24657917
24658484
24658691
24658693
24659243
24661400
24662507
24664991
24668108
24669410
24669412
24671021
24672250
24673303
24676892
24679200
24680050
24682743
24682916
24684644
24684780
24684864
24688029
24688328
24689539
24689543
24690048
24693614
24693646
24693862
24695000
24696877
24696912
24696939
24696969
24697995
24699236
24701840
24702256
24702719
24704800
24705417
24705494
24707623
24711313
24711323
24711331
24711670
24712332
24714600
24715406
24715674
24716386
24717466
24719969
24720010
24720012
24720331
24721370
24721817
24721838
24723081
24724346
24725183
24725770
24727837
24730093
24730109
24730110
24730151
24730155
24730221
24732122
24733199
24733797
24735835
24736291
24736896
24737874
24737875
24738554
24738694
24744059
24745773
24748785
24750510
24752342
24753963
24753964
24753967
24753970
24753971
24753972
24753974
24753976
24753977
24754772
24755661
24756145
24756690
24757748
24758662
24759155
24759199
24759205
24761019
24761330
24761332
24761334
24761335
24761359
24761816
24761819
24761820
24763550
24764521
24765739
24765750
24768077
24768368
24768977
24769270
24770440
24772689
24772886
24773329
24777210
24777473
24777721
24777731
24777939
24779477
24779670
24780283
24780509
24782413
24782424
24783702
24784783
24785973
24787573
24788208
24790397
24791282
24792254
24793038
24793571
24796444
24798240
24798985
24799576
24799578
24799579
24799584
24800136
24800137
24800138
24800141
24800143
24800144
24800145
24800147
24800148
24800151
24800152
24800154
24800155
24800156
24800157
24800158
24800402
24800424
24803384
24803387
24804692
24809301
24809808
24810008
24811933
24812168
24813748
24814420
24816357
24818261
24819824
24820451
24820692
24820900
24823282
24824534
24824538
24825195
24825223
24826402
24826947
24827561
24828481
24828844
24830092
24830094
24830381
24830674
24830997
24832092
24833203
24833895
24834362
24834363
24834368
24835058
24835706
24836614
24837398
24838079
24838351
24838722
24839418
24840868
24841071
24841882
24842419
24842507
24842970
24842972
24844041
24844241
24845773
24847707
24849691
24850524
24851296
24851301
24852172
24852182
24855709
24856591
24856592
24856597
24857142
24858839
24858883
24859718
24861664
24862564
24864168
24865759
24865764
24865849
24866538
24868844
24869596
24869599
24870120
24872908
24872962
24873134
24875731
24876261
24876532
24876600
24879050
24879615
24879655
24881633
24881634
24881635
24881637
24882573
24884863
24885678
24885707
24886580
24887984
24888403
24888673
24889479
24889942
24889943
24889944
24889946
24889950
24889954
24890239
24890251
24890525
24891209
24891231
24891272
24892309
24892964
24897740
24898627
24899211
24899820
24901179
24901270
24902475
24902537
24904218
24910966
24911812
24912560
24912900
24913150
24914506
24914566
24915481
24915864
24916208
24918023
24918828
24919252
24919299
24919300
24919408
24919433
24921116
24924659
24926414
24926415
24926673
24926714
24926733
24927108
24930980
24932840
24932949
24934022
24935201
24935210
24935224
24935526
24935876
24937151
24938347
24938394
24941443
24942781
24942972
24943902
24945038
24945228
24945232
24945696
24945719
24946379
24946380
24946381
24946382
24946669
24949224
24949226
24949281
24950778
24951105
24951268
24951285
24952367
24952694
24952929
24953267
24957469
24957566
24960985
24962452
24962682
24963021
24965027
24967520
24967830
24969384
24969389
24972063
24972123
24973930
24973932
24974568
24976072
24976220
24976252
24977377
24979977
24980272
24980877
24982458
24983063
24983931
24983935
24984407
24984748
24988304
24988821
24988919
24989174
24991318
24991343
24991345
24991346
24991348
24991356
24991375
24991483
24991484
24992050
24993913
24993914
24996751
24996753
24996952
24998035
24999554
25000654
25001114
25002016
25002184
25004083
25005072
25006044
25006135
25006154
25006155
25006156
25008431
25009762
25009868
25011160
25011538
25012671
25012857
25012944
25015076
25015114
25015348
25015766
25016688
25017141
25019148
25019580
25022451
25023911
25023912
25023913
25023914
25024654
25024760
25026946
25027452
25028060
25028539
25029129
25029510
25030411
25031307
25033037
25033309
25033314
25034981
25035197
25035454
25035753
25038783
25039276
25039690
25039842
25040130
25040485
25040588
25040781
25041104
25045406
25046086
25046090
25046390
25047831
25048053
25048534
25049319
25051943
25051995
25052498
25053190
25054826
25055273
25055434
25055997
25057604
25057658
25057665
25057735
25058738
25062077
25062079
25062080
25062390
25062652
25063263
25063264
25063304
25063436
25063908
25065060
25065152
25065814
25066853
25067804
25067840
25067927
25067928
25068076
25068470
25069795
25072017
25074954
25075195
25075535
25077188
25077251
25077252
25077253
25077375
25079971
25080052
25080418
25080655
25082794
25084074
25084077
25084710
25085283
25085322
25085647
25085694
25086957
25087933
25087989
25089592
25089905
25091179
25092226
25092602
25092831
25092843
25092846
25092849
25092852
25094000
25095883
25095884
25097798
25098860
25101752
25103095
25103918
25105356
25108520
25109322
25110923
25112139
25115747
25118124
25118372
25118373
25118989
25119954
25120122
25121217
25121218
25121988
25122530
25122665
25122941
25122944
25122946
25122947
25122948
25123044
25123233
25124026
25125087
25126207
25126215
25126220
25126232
25126238
25126262
25126279
25126286
25126297
25126303
25126307
25126316
25126341
25126346
25126354
25126368
25126370
25126477
25130246
25130308
25130569
25132628
25134149
25135276
25135676
25136140
25138080
25138649
25139630
25139849
25140292
25140954
25141303
25141390
25143440
25144945
25145942
25151259
25153186
25153199
25154125
25154348
25154830
25156306
25158407
25158773
25158915
25160840
25161100
25161812
25164087
25164588
25165796
25166242
25166261
25166295
25166458
25167590
25167592
25168024
25168519
25168522
25169466
25169708
25170174
25170544
25170910
25171313
25171314
25172368
25179533
25179635
25179647
25181566
25181567
25181737
25182516
25182938
25184256
25184473
25185352
25185636
25185975
25187333
25187525
25187970
25188602
25188883
25188893
25188943
25189926
25190121
25194821
25194850
25195218
25195986
25196002
25197946
25198164
25199624
25199898
25201241
25201486
25201540
25203409
25203875
25203884
25208856
25209056
25211355
25211946
25211959
25214820
25215407
25215915
25216882
25217776
25219092
25219179
25219461
25219570
25219655
25219772
25220012
25222387
25222407
25225444
25225450
25225847
25226670
25227742
25229201
25229680
25231751
25231780
25232091
25232189
25232929
25233160
25233282
25233712
25233716
25233762
25233782
25234747
25236842
25237422
25237423
25238050
25238395
25238728
25238884
25239325
25239361
25239362
25240718
25241442
25241450
25241905
25242367
25243096
25243691
25244314
25244721
25245130
25247347
25247511
25247515
25247895
25247906
25248065
25248958
25248963
25249258
25250852
25251347
25254033
25255620
25255621
25255622
25255911
25256091
25256314
25256386
25257366
25257687
25257750
25259551
25260857
25264648
25265784
25267535
25267762
25267775
25268944
25269104
25269980
25271943
25274793
25274868
25275973
25278320
25278321
25278550
25279012
25284636
25286112
25286290
25287521
25287574
25287759
25287826
25288424
25288437
25288448
25289323
25290044
25292402
25294407
25294523
25294554
25295402
25295524
25295543
25295675
25295679
25295791
25298015
25299851
25300034
25300289
25300972
25301501
25302543
25302786
25303367
25305630
25306485
25306847
25308132
25308137
25308917
25310631
25311258
25312277
25314343
25315791
25317378
25317533
25317539
25317871
25317992
25318191
25318264
25318272
25318290
25318311
25321869
25321909
25322259
25322445
25325726
25327166
25327701
25330546
25330704
25332817
25333214
25333529
25334053
25335098
25335141
25335146
25335148
25336401
25336964
25337055
25337956
25338123
25338434
25338761
25339847
25340242
25341547
25342822
25342823
25343058
25347659
25349053
25350548
25350646
25351909
25351970
25351972
25351974
25352528
25352994
25354035
25354105
25354109
25354983
25355431
25356449
25356602
25359400
25360387
25360615
25362348
25363429
25364055
25364625
25364872
25364877
25365285
25365683
25365749
25366248
25366682
25367305
25367477
25367997
25367998
25368001
25369486
25370354
25370912
25371217
25372025
25372054
25372087
25372157
25372243
25372244
25372248
25372306
25372314
25372349
25372496
25372498
25372612
25372698
25372768
25372773
25372855
25372887
25372895
25372977
25372978
25373406
25373609
25373832
25373835
25373925
25375079
25375799
25376056
25376058
25376762
25378357
25378516
25379768
25379981
25380009
25383242
25383920
25384810
25386385
25387186
25387387
25387777
25392276
25392896
25392901
25393312
25396672
25397347
25398955
25399260
25399456
25399457
25399463
25399464
25399465
25399466
25399468
25399473
25399474
25399914
25401043
25402406
25402407
25403061
25403921
25403923
25404599
25409263
25410095
25410260
25410684
25411663
25411684
25412275
25412354
25412430
25412471
25414965
25414986
25415069
25417419
25417856
25418992
25419605
25420131
25420296
25421043
25421044
25421799
25422483
25423385
25423440
25427110
25429755
25431831
25432477
25437013
25437015
25437404
25437407
25439380
25439619
25439776
25440120
25441233
25441573
25442229
25443143
25443144
25443511
25443517
25443528
25444060
25444061
25447837
25448060
25451349
25451992
25452668
25452683
25453539
25454261
25456638
25456875
25457017
25459539
25464163
25465748
25467892
25468783
25470832
25472595
25472915
25472958
25473690
25473697
25473705
25473969
25474799
25475379
25479754
25479890
25479891
25479892
25483469
25483764
25485173
25487246
25489946
25490202
25490325
25490329
25492503
25492832
25492833
25493118
25493360
25495110
25495111
25495112
25495315
25495625
25497144
25497786
25498476
25498551
25498757
25498855
25500361
25500554
25500753
25500754
25504934
25506955
25507411
25508459
25509061
25509455
25511828
25512456
25513701
25514292
25514736
25514737
25514812
25515232
25516035
25516915
25517070
25517071
25518893
25519222
25520987
25521438
25525780
25526471
25526892
25527425
25531108
25531231
25532379
25532680
25533317
25533970
25534379
25534387
25536880
25537919
25539231
25539361
25540299
25541106
25542865
25544552
25545534
25545581
25547107
25547401
25547502
25550125
25550129
25550140
25550272
25552266
25552773
25553782
25554369
25556041
25557562
25557577
25558303
25558426
25558438
25558526
25558531
25558764
25559166
25560850
25561637
25561639
25561641
25561643
25561644
25561645
25561646
25561651
25561655
25562259
25563222
25563701
25563744
25565609
25565612
25565887
25566343
25567774
25569279
25569443
25572503
25573513
25573537
25575148
25575552
25577598
25578247
25578254
25580726
25582894
25585330
25585616
25586868
25587105
25588123
25588620
25588646
25590675
25591029
25591319
25592645
25593414
25596000
25597053
25599673
25602291
25602870
25603104
25607243
25607993
25608114
25608566
25609721
25609987
25610527
25610815
25615005
25615006
25615630
25616412
25617164
25617704
25618301
25618386
25618620
25618988
25620439
25621483
25622024
25622415
25623905
25624027
25624173
25624440
25625264
25626348
25627030
25627740
25627849
25627856
25628506
25632703
25633356
25636151
25637309
25639320
25639857
25640740
25640884
25641061
25641539
25642649
25643578
25643635
25644085
25645038
25645136
25646101
25646102
25646105
25646106
25646114
25646120
25646391
25646745
25646991
25647202
25647205
25647206
25647420
25647516
25647758
25647874
25647889
25647901
25647906
25647918
25648732
25649158
25649675
25650480
25650538
25651604
25651648
25654460
25654587
25654774
25656852
25657171
25657192
25658040
25658223
25658666
25658779
25658784
25659653
25660252
25661896
25663708
25666213
25666229
25667248
25668834
25670007
25671005
25671006
25671851
25671853
25671904
25671916
25672066
25673334
25674506
25675029
25675404
25676960
25679355
25680447
25680450
25680485
25680599
25680919
25684132
25686819
25688677
25690595
25690596
25691670
25693472
25693650
25694010
25694905
25695416
25697968
25698720
25700653
25700662
25702153
25702726
25703178
25704826
25706657
25707363
25710404
25710653
25712181
25712273
25714441
25715225
25716519
25716601
25716751
25719517
25722362
25724608
25724749
25724781
25726980
25727999
25728334
25730348
25730351
25731135
25731768
25731795
25732007
25732277
25732445
25732486
25732489
25732503
25732568
25734174
25734573
25735051
25735807
25736932
25739719
25740967
25741886
25742357
25744009
25744010
25744382
25746577
25746578
25746581
25746745
25746747
25749264
25749265
25750459
25751200
25751585
25752334
25752341
25752473
25754171
25756174
25756438
25757259
25757356
25759433
25760490
25760587
25760660
25760957
25761693
25762207
25765130
25766118
25768058
25769211
25769460
25770364
25770748
25772510
25774449
25775198
25775719
25775904
25776035
25779469
25781423
25783204
25785586
25785818
25786331
25788502
25790394
25791713
25793268
25794090
25794208
25794210
25795154
25797087
25797089
25797727
25797757
25798799
25799611
25799642
25800462
25800944
25802815
25803332
25803763
25803767
25804983
25805367
25807613
25811340
25811494
25811560
25811817
25811825
25811829
25812313
25814418
25817559
25817577
25817733
25819976
25821191
25822546
25824244
25825121
25827965
25828619
25829366
25830170
25830614
25831185
25832142
25832148
25832157
25832665
25834087
25834175
25834196
25834417
25834872
25834875
25837434
25838047
25838443
25838553
25839672
25839707
25842707
25842709
25843540
25845470
25847638
25847640
25847642
25847646
25849354
25851303
25851702
25853527
25853742
25853865
25855836
25855838
25855844
25856411
25856460
25858102
25858186
25860517
25863652
25867180
25869525
25872850
25874463
25875195
25876322
25876371
25876372
25876377
25876384
25876472
25876878
25879121
25879128
25879130
25879132
25879170
25879372
25879990
25880150
25880269
25880361
25880493
25880589
25880625
25882657
25882785
25884399
25884444
25885640
25885745
25889173
25889646
25890873
25890881
25891434
25892492
25893889
25894028
25895838
25899754
25900034
25900105
25900133
25900492
25902381
25903420
25903938
25903981
25905145
25905148
25905150
25905153
25905156
25905939
25906014
25906824
25907393
25907624
25909404
25914405
25915499
25917275
25919016
25919091
25919228
25919512
25919601
25921423
25922314
25922970
25923447
25923973
25925342
25927124
25928734
25928937
25931006
25932895
25933614
25933625
25934683
25938355
25938759
25938803
25938875
25939197
25940305
25941184
25941281
25941284
25941738
25941947
25942507
25942710
25943596
25943686
25943980
25946142
25946281
25946287
25946303
25946890
25947948
25948545
25949512
25951657
25953330
25954786
25955195
25955280
25957147
25957594
25960418
25961185
25963116
25964256
25964396
25964397
25964830
25964908
25964913
25965155
25967043
25970575
25970877
25971298
25972218
25973184
25973276
25975470
25976425
25978503
25978698
25979129
25979130
25979976
25980063
25981863
25984581
25985395
25985480
25986448
25987547
25987915
25988733
25989510
25990046
25990890
25990891
25993241
25993654
25995304
25995491
25997415
26000675
26003157
26003200
26003869
26005516
26010119
26011546
26011547
26011552
26011666
26012119
26013292
26014375
26015274
26015277
26015332
26016175
26016718
26017822
26018176
26018340
26019689
26019986
26021365
26021568
26021814
26022349
26022735
26022753
26026856
26026867
26027503
26027614
26028362
26029009
26030455
26031279
26032695
26033628
26034098
26034099
26034100
26034847
26034944
26035604
26035977
26037481
26040019
26041078
26042320
26042375
26042576
26042742
26042925
26044081
26047398
26047517
26050540
26051667
26052785
26053457
26054402
26055958
26056194
26056196
26056203
26056208
26056210
26056214
26056215
26056829
26057269
26057295
26057296
26057681
26058123
26058264
26058298
26058564
26058922
26060224
26061834
26062334
26065050
26065060
26065065
26065102
26067880
26067882
26067883
26070138
26071116
26071616
26072428
26072441
26072530
26073411
26074029
26075753
26075983
26076440
26078370
26079462
26083410
26084135
26084509
26084972
26085390
26085455
26086239
26087135
26088059
26088767
26089039
26092006
26092305
26093864
26094172
26094225
26094352
26094817
26096365
26096410
26096564
26097517
26105571
26105669
26107376
26108091
26109462
26110068
26110197
26111705
26111791
26112066
26116498
26118943
26119176
26119464
26119569
26119695
26120039
26121061
26121161
26121485
26122106
26124294
26124297
26124300
26124301
26124302
26124303
26124306
26124652
26125483
26126606
26126812
26130817
26131828
26133765
26136851
26138032
26138902
26138947
26140135
26140143
26140454
26141227
26141315
26141469
26141912
26145753
26146526
26149225
26150445
26151148
26151988
26152104
26152439
26153306
26153309
26153312
26154825
26154837
26156435
26158425
26160043
26161282
26161945
26162306
26162653
26163008
26163052
26164050
26164214
26164221
26165953
26167778
26167779
26167783
26169520
26169643
26170153
26172615
26176492
26177526
26179585
26179821
26180520
26181015
26181021
26181086
26182672
26182707
26184387
26185261
26185931
26186425
26187434
26188310
26189318
26189321
26192028
26194150
26195106
26195602
26195675
26195685
26197624
26197692
26197693
26198584
26205260
26209097
26209488
26211481
26212622
26213167
26213607
26214979
26215035
26218148
26218252
26218946
26219031
26219043
26219046
26219050
26219052
26219053
26219055
26219056
26219116
26219118
26220059
26220409
26220668
26220818
26220931
26222981
26223098
26223106
26223113
26223431
26224001
26224186
26224202
26225397
26225430
26226384
26228056
26231991
26233276
26233537
26233540
26236578
26237611
26237942
26237985
26239239
26239948
26240239
26240240
26240241
26240246
26240251
26240252
26241435
26241436
26241733
26241785
26242002
26243389
26244215
26244216
26244787
26244791
26245005
26245022
26245023
26245244
26246263
26246946
26247093
26247580
26247585
26247740
26247783
26248037
26248388
26248390
26248391
26248394
26249639
26250378
26250505
26250506
26250973
26250980
26251122
26251174
26251248
26251349
26251979
26252459
26254301
26254815
26259762
26262080
26264636
26265028
26265172
26265963
26265964
26270002
26270878
26273546
26274881
26278485
26278863
26279786
26281808
26281811
26282952
26283672
26284687
26285338
26286624
26286925
26287859
26287860
26288783
26288866
26289235
26290884
26290893
26290939
26291040
26292192
26292371
26293653
26294267
26295271
26295355
26295437
26296199
26297090
26297372
26298029
26298964
26298965
26299097
26299231
26301454
26302597
26303069
26304183
26304904
26304949
26307621
26308229
26308595
26308961
26310055
26310060
26310500
26311543
26312999
26313120
26313558
26313652
26313895
26314174
26314178
26315321
26315675
26315795
26316622
26319646
26320323
26324510
26328239
26330010
26330452
26333819
26334712
26335345
26338782
26338783
26341554
26343790
26345512
26346526
26346875
26348112
26348621
26348629
26349520
26349953
26350238
26350244
26350680
26350890
26351215
26355062
26355127
26355186
26358055
26359199
26359478
26360337
26360339
26360341
26360960
26361278
26361822
26364017
26364256
26364258
26364324
26364326
26364350
26367518
26368317
26368572
26368581
26372779
26373554
26374088
26375266
26375853
26376433
26376891
26377286
26378349
26378889
26379053
26381559
26382223
26382810
26382813
26384224
26384226
26385160
26385819
26386105
26386779
26386946
26387044
26389150
26389533
26390053
26390068
26390069
26390159
26390323
26390783
26391328
26393850
26394458
26396089
26397178
26397330
26398067
26398068
26399030
26400010
26400868
26401963
26402391
26402394
26402395
26402539
26403092
26403369
26404952
26410348
26411308
26411832
26412010
26412868
26413179
26414882
26415482
26418717
26422645
26423687
26425400
26426130
26427224
26427938
26429611
26432281
26434422
26434423
26435015
26435427
26437137
26438740
26438743
26438750
26438751
26440102
26440215
26443420
26446891
26447413
26448610
26449147
26449148
26451244
26451428
26451633
26455051
26457364
26457643
26460454
26460520
26460814
26462012
26465126
26465696
26466189
26466334
26467045
26468563
26472317
26472609
26473990
26475423
26475637
26477063
26477064
26478102
26480343
26480592
26480597
26480641
26480998
26484036
26485890
26487038
26487210
26487985
26488251
26490388
26491177
26491892
26492756
26493659
26495513
26495797
26496450
26496562
26496934
26498587
26501047
26501052
26501217
26502106
26502115
26502259
26502320
26502380
26502381
26503198
26503577
26507821
26508667
26509237
26509519
26510274
26510587
26510752
26510802
26511267
26511322
26511429
26514108
26515209
26515331
26518163
26521111
26523710
26524244
26524770
26525209
26525638
26525859
26526251
26526465
26526602
26526631
26526797
26527177
26527599
26529104
26535305
26535361
26536505
26540168
26540776
26540938
26541954
26542492
26544814
26545478
26546300
26547386
26547600
26548136
26548400
26548669
26548682
26549194
26551268
26552111
26552112
26552203
26552291
26552509
26553265
26554144
26554267
26555346
26557232
26559570
26562646
26563524
26564253
26565133
26565630
26565644
26565950
26567036
26567370
26567438
26568739
26568741
26569600
26571548
26571969
26573787
26575502
26577228
26577512
26579336
26582045
26582063
26582598
26585253
26586101
26586858
26589675
26591899
26592554
26593970
26594951
26595028
26595224
26595226
26595247
26595256
26595453
26595613
26595974
26595977
26595978
26596190
26596560
26596789
26597091
26603096
26603181
26603185
26603690
26604724
26604871
26606762
26608129
26609506
26610280
26610623
26610649
26613289
26613702
26614880
26614884
26618664
26619689
26619690
26620917
26621417
26621418
26621419
26623456
26624834
26624835
26625898
26630238
26630713
26631283
26631494
26631860
26633155
26633159
26633253
26633254
26636274
26637240
26637519
26637650
26638272
26638303
26638373
26640244
26641470
26641851
26642195
26642578
26642602
26642610
26642644
26643112
26643627
26643629
26643633
26643635
26643636
26644137
26644524
26650938
26654414
26655645
26656392
26657334
26657478
26658232
26658793
26659004
26659430
26660780
26664109
26665242
26665474
26665475
26665533
26665536
26665539
26665891
26665991
26666006
26666088
26669560
26670102
26670134
26670626
26671598
26673674
26673986
26676153
26676898
26678464
26678643
26678948
26679964
26679967
26679968
26680409
26680563
26681394
26683036
26683712
26683782
26684333
26684417
26685369
26686204
26686793
26686965
26688914
26688999
26689000
26691331
26692006
26697974
26702452
26703665
26704653
26705429
26706189
26707033
26707840
26709033
26709341
26712387
26714688
26715288
26715357
26717582
26718956
26719047
26720030
26720032
26720294
26720308
26720436
26720764
26720844
26720853
26720889
26720940
26720983
26721537
26722060
26723859
26724938
26725251
26726942
26727087
26727371
26730804
26731936
26732037
26732499
26733695
26733710
26734757
26738222
26738737
26739476
26739769
26743563
26743665
26743704
26745280
26746377
26747790
26749399
26749773
26750558
26752396
26752483
26755900
26756825
26759470
26759656
26759974
26759975
26759977
26759982
26759983
26760428
26761298
26761728
26761931
26762831
26763083
26763164
26763512
26763824
26764446
26765043
26765148
26767249
26769720
26769984
26769985
26770800
26772175
26772624
26773823
26774883
26774887
26774951
26777577
26777737
26777744
26778716
26779694
26780966
26781192
26781193
26781428
26782133
26782769
26782871
26784114
26784768
26784773
26784776
26786154
26788122
26788616
26788667
26789508
26789853
26789867
26791096
26791112
26791149
26792199
26792814
26793812
26793816
26793822
26794173
26795140
26799124
26799913
26801913
26802753
26802758
26802849
26802919
26803434
26803882
26803894
26804760
26806064
26807077
26808390
26809148
26809690
26812895
26812934
26817267
26817883
26818336
26818406
26819266
26820047
26823052
26823152
26823164
26825149
26825402
26827168
26830069
26831291
26834933
26835739
26835740
26838721
26840452
26841129
26841171
26844142
26844313
26845007
26845307
26845457
26845793
26845818
26847876
26849064
26849561
26853026
26854267
26854294
26855020
26856654
26857275
26857839
26859897
26859898
26860586
26863336
26863835
26865293
26865471
26865591
26866131
26866204
26866866
26869181
26874380
26878308
26878556
26878741
26880071
26880175
26880328
26880395
26880415
26881320
26881358
26882513
26882584
26882649
26882784
26885748
26886810
26886947
26887733
26888260
26889503
26889841
26889994
26889996
26892700
26893135
26893991
26895523
26895807
26895819
26895820
26896700
26898748
26899494
26900886
26902242
26903519
26903783
26903784
26904507
26904907
26904962
26907615
26908020
26908402
26910092
26910198
26910683
26912734
26913512
26913811
26914037
26915596
26916127
26916412
26916929
26916961
26917691
26920552
26921379
26922367
26923728
26927231
26928221
26928820
26930001
26932917
26933845
26935466
26935737
26939292
26939870
26939872
26940380
26940511
26940921
26942368
26942725
26943470
26944036
26945288
26945289
26945297
26946986
26949154
26950718
26951945
26952000
26952688
26953166
26953290
26953293
26953296
26953297
26953298
26953300
26953305
26954045
26954048
26957641
26957667
26958243
26959109
26960412
26961831
26962159
26964413
26964415
26964846
26966083
26966382
26966521
26967190
26967191
26968023
26969578
26969712
26970288
26970829
26970981
26972622
26972900
26972951
26973175
26973757
26973941
26975604
26976701
26977747
26977849
26977981
26977983
26978800
26979519
26979826
26980607
26982244
26982686
26983377
26983948
26984912
26987446
26988352
26989975
26989978
26990009
26990312
26990550
26991652
26991822
26991831
26992175
26992963
26993148
26993691
26994649
26996767
26998645
26999831
26999974
27000333
27003550
27003551
27003552
27003558
27005441
27006643
27007328
27007723
27008053
27009256
27012731
27013232
27014854
27015048
27015051
27015239
27015249
27015251
27015255
27015573
27016715
27016966
27017203
27017809
27018752
27022095
27022228
27023024
27023689
27023693
27025578
27026306
27026369
27026645
27026727
27027617
27028032
27032126
27032166
27032172
27033156
27033861
27034107
27034179
27034437
27035084
27036506
27036921
27036924
27037265
27039481
27039638
27040476
27041989
27042687
27043111
27043112
27043113
27043115
27045928
27048060
27049191
27049220
27049226
27049227
27049914
27051057
27052018
27052055
27052140
27052465
27054176
27054369
27055263
27055338
27055346
27056909
27057661
27057747
27059191
27059192
27060033
27060973
27061765
27062192
27062354
27062903
27063017
27064150
27064307
27065435
27067172
27067173
27067174
27067436
27067758
27071242
27071315
27072855
27074035
27074063
27074392
27075208
27075832
27078604
27078824
27079015
27079029
27079991
27082233
27083513
27083692
27084072
27084330
27084625
27086379
27087386
27087984
27088120
27089148
27089283
27089574
27089670
27091203
27091212
27091516
27091865
27091879
27094322
27095325
27096324
27098971
27099165
27101092
27101532
27101642
27102336
27102582
27102859
27103213
27105464
27105556
27111688
27111760
27111885
27111897
27111937
27113115
27114324
27116765
27116766
27116775
27116776
27116778
27116780
27116783
27116796
27117043
27118099
27118876
27119772
27123180
27123569
27123637
27123910
27124618
27125119
27126831
27127256
27130789
27131511
27132337
27132338
27133087
27133436
27134606
27135458
27135986
27136249
27139259
27140174
27140591
27140980
27140988
27140993
27141000
27143583
27143660
27144847
27144893
27146792
27147205
27148476
27148616
27149092
27149530
27149663
27149753
27150411
27150938
27152319
27152452
27152888
27153050
27154530
27155236
27155998
27156039
27157052
27157120
27157277
27157824
27158856
27159336
27160187
27161970
27163956
27163991
27165664
27166412
27166413
27167208
27167562
27167637
27168600
27168609
27168895
27169211
27169968
27172148
27173946
27174461
27175070
27178092
27178368
27178658
27180473
27180690
27181493
27182428
27183221
27183764
27183773
27184466
27185210
27185520
27185523
27186449
27187302
27189000
27189357
27190068
27190584
27192728
27192729
27192735
27193048
27194496
27195130
27195338
27195640
27196646
27196678
27197358
27197711
27200220
27201133
27202209
27203138
27203535
27210045
27211876
27213088
27213623
27213914
27214597
27214925
27215578
27218793
27219267
27219635
27219637
27222206
27223771
27224297
27224300
27225487
27228520
27228981
27230247
27230259
27231801
27232680
27232684
27233911
27237945
27238000
27238112
27239383
27239384
27241598
27241824
27244084
27244980
27245648
27245855
27245875
27248056
27248616
27249710
27249711
27249755
27249873
27249875
27251110
27252235
27252442
27256134
27256808
27259069
27259290
27260649
27261408
27261420
27261640
27261641
27262420
27262781
27265812
27265921
27265971
27265980
27266952
27266954
27269010
27269018
27270157
27270160
27270161
27270771
27270845
27272894
27273237
27274293
27276523
27282834
27283202
27283463
27284472
27285978
27286291
27287507
27289026
27289297
27294476
27294748
27295289
27295293
27295430
27295521
27295736
27296880
27299607
27299629
27299631
27299952
27300359
27301157
27302814
27302883
27303805
27307350
27307361
27310352
27311117
27311556
27313429
27315562
27318172
27318261
27319366
27319985
27322350
27322485
27323456
27324201
27325324
27325468
27326725
27327285
27329578
27330477
27330654
27332619
27332747
27332765
27334322
27335102
27340280
27341454
27343837
27347621
27348277
27348278
27348280
27348283
27348285
27348286
27348952
27348962
27349340
27349431
27349684
27350022
27350937
27351297
27351768
27351988
27352858
27354313
27354656
27355268
27355812
27355908
27355909
27356110
27357691
27359025
27359279
27359282
27362689
27362690
27363096
27363648
27371621
27372577
27373013
27373701
27373747
27374730
27378581
27378636
27379555
27380649
27382870
27385166
27385233
27385239
27385241
27385242
27386722
27387913
27388928
27389448
27390167
27390922
27393513
27394074
27394148
27394664
27394678
27397691
27399990
27400401
27400435
27400462
27400711
27402050
27402403
27405808
27407027
27408500
27410920
27411572
27412311
27414001
27416886
27418618
27419010
27419662
27420583
27422691
27422947
27422949
27422955
27422958
27423299
27423300
27423398
27423978
27424850
27425041
27425822
27427825
27428819
27430623
27432529
27432867
27435204
27436704
27437035
27437885
27438027
27438085
27438344
27439247
27439979
27441335
27441424
27442965
27443051
27445093
27447434
27448668
27449314
27449718
27451564
27451584
27453380
27453458
27454025
27454424
27454945
27455158
27455361
27455362
27455368
27456449
27457252
27457253
27457471
27457865
27458058
27458315
27459662
27460301
27461237
27461587
27464589
27464679
27465051
27465180
27465766
27465909
27466261
27467539
27468371
27468446
27469017
27471114
27473042
27473636
27473684
27473745
27473817
27475971
27477086
27477614
27479257
27479362
27479694
27480529
27480577
27480817
27483088
27483597
27483974
27486636
27487580
27487706
27488412
27488885
27489314
27489896
27490070
27490413
27491200
27491528
27491950
27492860
27493987
27495053
27495258
27495274
27496113
27496114
27496116
27496300
27496388
27496667
27496834
27497887
27497927
27498088
27499399
27500283
27503440
27503961
27503969
27503970
27503971
27503972
27504528
27506820
27508981
27509170
27510183
27512755
27514105
27516452
27517039
27517331
27520592
27521282
27521608
27521886
27522840
27523283
27524368
27527093
27528703
27529900
27529901
27529902
27531088
27532155
27532826
27532873
27533017
27533635
27535440
27535441
27538106
27539191
27539199
27540015
27540082
27541822
27543139
27543990
27544355
27544939
27546309
27547418
27547861
27547949
27547952
27548843
27549029
27551731
27552166
27552279
27553999
27554694
27556599
27556630
27556829
27556831
27557414
27561170
27561186
27562787
27564212
27565133
27565883
27565940
27565971
27566637
27570871
27571284
27571327
27571642
27571718
27571940
27572064
27574020
27574406
27574868
27575736
27575825
27575977
27576482
27576957
27577241
27577620
27578299
27578387
27579824
27579825
27579826
27579829
27579830
27580479
27581952
27582460
27584825
27584897
27585803
27586403
27587453
27588580
27589987
27590442
27590738
27590922
27591296
27593604
27595426
27595675
27596543
27597241
27597812
27599748
27600192
27600304
27601607
27602410
27604512
27605319
27605542
27605634
27605635
27605638
27605645
27605647
27605648
27605650
27605651
27605654
27605686
27605689
27606039
27606392
27606397
27606399
27607102
27607542
27609303
27610461
27611204
27611713
27612671
27613184
27613220
27614853
27620939
27622235
27622892
27623461
27623484
27624875
27625403
27625744
27626711
27628663
27629239
27630349
27630526
27631062
27632693
27633646
27634819
27637653
27637657
27637821
27637828
27639256
27639556
27641051
27641308
27641686
27642718
27643473
27646014
27646406
27646860
27647612
27647614
27649919
27650421
27650468
27651383
27652520
27653006
27653166
27653385
27653437
27653749
27654970
27655405
27655989
27656748
27657469
27657582
27659408
27661738
27662220
27663391
27663966
27664059
27664341
27664797
27664871
27665313
27668439
27668563
27668564
27668632
27668663
27668674
27668808
27669524
27669667
27670571
27671766
27671904
27672768
27673474
27676124
27676686
27676687
27676688
27678005
27679503
27680759
27681019
27681515
27681745
27681811
27682147
27682525
27684078
27687751
27687916
27687917
27688833
27692535
27692839
27692974
27696099
27696607
27697472
27697564
27697566
27697977
27698180
27698639
27702959
27702961
27702965
27704322
27705094
27706216
27706399
27706473
27706478
27707589
27712125
27712602
27712715
27712937
27714791
27714799
27715355
27716841
27720288
27720289
27720793
27721979
27722187
27723184
27723891
27724055
27725071
27727384
27727412
27729444
27732125
27732713
27733752
27738564
27738848
27739128
27742389
27743069
27744276
27747616
27749319
27749482
27753745
27753746
27754997
27755259
27755264
27755624
27756796
27757333
27759184
27761472
27763962
27763995
27765676
27765713
27766621
27766628
27766634
27767203
27768540
27769219
27769877
27771035
27772640
27772698
27773335
27773529
27773577
27774588
27775766
27775769
27775776
27776094
27776373
27776899
27776908
27778316
27783546
27783548
27783550
27783702
27784054
27785781
27790018
27793623
27798809
27799375
27799594
27803069
27803119
27806171
27806385
27807921
27809567
27811123
27813058
27813327
27814825
27815375
27818428
27819503
27820597
27821091
27821421
27822008
27824404
27825770
27826595
27827434
27828709
27828890
27830968
27831510
27831663
27834262
27834576
27836213
27836368
27836822
27838391
27838725
27845515
27846026
27846324
27848189
27851841
27851859
27853839
27856087
27856211
27856783
27858564
27859057
27859299
27860332
27861719
27861838
27862317
27864706
27864915
27865018
27867823
27870545
27870546
27870563
27870676
27871497
27874884
27876589
27878710
27878715
27880087
27882552
27882650
27882832
27882836
27883872
27884118
27884633
27884649
27884928
27885315
27885590
27885788
27886030
27887968
27888437
27888569
27891603
27891701
27893021
27893025
27893028
27893045
27893313
27893515
27894227
27895533
27896680
27896909
27898132
27899108
27902582
27903191
27904301
27905701
27905814
27905815
27905888
27906530
27906531
27906647
27906931
27913084
27913569
27914950
27914968
27916159
27916358
27917014
27917479
27918869
27919104
27919380
27919450
27920305
27920312
27920317
27922910
27926563
27926614
27926675
27926678
27927342
27927591
27927729
27928462
27928769
27929287
27930356
27932263
27932786
27933568
27934634
27935138
27935741
27938336
27939085
27941434
27943118
27951550
27955633
27955941
27955994
27956005
27956124
27956264
27956404
27957431
27959291
27964962
27965254
27968955
27973984
27973986
27974002
27983624
27983894
27984274
27986487
27986531
27987602
27991746
27992158
27992731
27993208
27993217
27993265
27997238
27997508
27998230
27998232
27998234
27998659
28001019
28005410
28005483
28007135
28007709
28008353
28008597
28009623
28013270
28017274
28017528
28018757
28019009
28024312
28024314
28024653
28024954
28025919
28025920
28025922
28025924
28025927
28027164
28027367
28027805
28027819
28028326
28029298
28029300
28029709
28030476
28031020
28033089
28034069
28034651
28038389
28040076
28042735
28046001
28051841
28055062
28056185
28056832
28057948
28060052
28060228
28060238
28062313
28062678
28062815
28063484
28063614
28063734
28065194
28065452
28067955
28068172
28069138
28069160
28069529
28069850
28069851
28069852
28069856
28070913
28071874
28071882
28072793
28072894
28073062
28073146
28073904
28074495
28075074
28075077
28075695
28075696
28079616
28079709
28079917
28080132
28081832
28082073
28082155
28083166
28083178
28083193
28083214
28083264
28083297
28083317
28083318
28083333
28083336
28083347
28083357
28083358
28083362
28083363
28083364
28083365
28083755
28083829
28085188
28089185
28089217
28089387
28090162
28093055
28093663
28095170
28095780
28099063
28099071
28099378
28099688
28101754
28102893
28102909
28102985
28103923
28105636
28105639
28106520
28106610
28106631
28107294
28107295
28108823
28109347
28109560
28110510
28111062
28111482
28114540
28114631
28114640
28114662
28115082
28116108
28118530
28119391
28121315
28121535
28121550
28121571
28122073
28122756
28122873
28125086
28125371
28125493
28125760
28125950
28126455
28129637
28132584
28132819
28133951
28137536
28138482
28138803
28139416
28141671
28142382
28143604
28143752
28144834
28144977
28145840
28148486
28148599
28149927
28151403
28151545
28151799
28153112
28153856
28153977
28154106
28155515
28157382
28160900
28161033
28161340
28162853
28164250
28165612
28166172
28166331
28166546
28166671
28167228
28167722
28167723
28167725
28169925
28173709
28174070
28174819
28176298
28176307
28177864
28178979
28181058
28181871
28182024
28182472
28182998
28185753
28185755
28185857
28186478
28186715
28189440
28189579
28190600
28190669
28192556
28192676
28195778
28196182
28196448
28196927
28198741
28198746
28199802
28202052
28202501
28202928
28207664
28207744
28210361
28210538
28214074
28214250
28214255
28214902
28215947
28217968
28217974
28218363
28222520
28224100
28224943
28228059
28228176
28228451
28229485
28230421
28230447
28230454
28230457
28230614
28231901
28232047
28233420
28233538
28236080
28237388
28237424
28237627
28237647
28239006
28239220
28240829
28241217
28241763
28242082
28244911
28244918
28245655
28245661
28247921
28248462
28248463
28248465
28248472
28248476
28251556
28252273
28252274
28252514
28252884
28252888
28253468
28254126
28255507
28255991
28255995
28256998
28260880
28262344
28263280
28263920
28264240
28264938
28264942
28264943
28264944
28264957
28264958
28267371
28267393
28267694
28269910
28272217
28272277
28272593
28273626
28274334
28274618
28276256
28277031
28277318
28279405
28279729
28279748
28281245
28283409
28284890
28285039
28285775
28285902
28287043
28288068
28288254
28288564
28289113
28291598
28291599
28292563
28292824
28293491
28295134
28295145
28295261
28295278
28296604
28296605
28296674
28298324
28301213
28301359
28301778
28301976
28306149
28306157
28315803
28318445
28318554
28319580
28319584
28319957
28319988
28320767
28322441
28323465
28325489
28326675
28326905
28329147
28329352
28330970
28333761
28333786
28333812
28333820
28333869
28333918
28336351
28336485
28337732
28338229
28338572
28339001
28339426
28339427
28342272
28342516
28343920
28344140
28344918
28345144
28345444
28346032
28351118
28355174
28356212
28358625
28358948
28359455
28359525
28361225
28362044
28362962
28363701
28364146
28364508
28364988
28365038
28365040
28365041
28365097
28366309
28366578
28369066
28369209
28369402
28369774
28369785
28369885
28370272
28370796
28370957
28371853
28372946
28373329
28373332
28373333
28373334
28373336
28375491
28375497
28375499
28375590
28375795
28376461
28376520
28377248
28378117
28378409
28378960
28379659
28380721
28384680
28384693
28385022
28385023
28385024
28385481
28388292
28388857
28389134
28389136
28389293
28389865
28390774
28391593
28391712
28392293
28392325
28392596
28393573
28395006
28395059
28396043
28396193
28397270
28398419
28399636
28400250
28401424
28402772
28404800
28405871
28408154
28408172
28410338
28410339
28410614
28411013
28411297
28411693
28411706
28411707
28411715
28411717
28412027
28412055
28412109
28412154
28412517
28414044
28416294
28416322
28418280
28418474
28418573
28419487
28420358
28421638
28421672
28421812
28422469
28423147
28424215
28425403
28426189
28426573
28427593
28428922
28433428
28434458
28434597
28434843
28435035
28435485
28435495
28435755
28435756
28437195
28437319
28438333
28438453
28438503
28438589
28438804
28439359
28441110
28441271
28441679
28446159
28447106
28448162
28448555
28448780
28448783
28449837
28453605
28453645
28453694
28454592
28454834
28455116
28455179
28455180
28456561
28456908
28459424
28459621
28460645
28461133
28461351
28461352
28461353
28461355
28461357
28461359
28462252
28462258
28462265
28462283
28462490
28462866
28464137
28464139
28464140
28466088
28468784
28471711
28471793
28471814
28471855
28472547
28473189
28474736
28476495
28476737
28477958
28480286
28480542
28480593
28485111
28486279
28486935
28487001
28489716
28489729
28490435
28492008
28492826
28492828
28496271
28498068
28498094
28498198
28498292
28498498
28498650
28498938
28499746
28501293
28501663
28502247
28502543
28502549
28502551
28502681
28502847
28506855
28506978
28506979
28506980
28507747
28507886
28509578
28509721
28510683
28511773
28511946
28514460
28514487
28518273
28520606
28521884
28522158
28522655
28522924
28524780
28525558
28527935
28528171
28530522
28531012
28531242
28533698
28535101
28536176
28536768
28537346
28537961
28537963
28537965
28538028
28538031
28538133
28538332
28539104
28541791
28544584
28544945
28544946
28545159
28546878
28549000
28549007
28550610
28550908
28550937
28552044
28552517
28553570
28553598
28554205
28554206
28557519
28557597
28558093
28558108
28558604
28559039
28560078
28560726
28560783
28561660
28562166
28562225
28562404
28565923
28566133
28566134
28566990
28568245
28569372
28569663
28570413
28570449
28570794
28571496
28574233
28574240
28574534
28575258
28575767
28575898
28577695
28577702
28578605
28579193
28583251
28583465
28583761
28585094
28585878
28590150
28590385
28590946
28590954
28590958
28591072
28591940
28591975
28594696
28595885
28600452
28600616
28601245
28601373
28602536
28606088
28608451
28611258
28611897
28613436
28613458
28614267
28614579
28614675
28614952
28615193
28617569
28617752
28617837
28619383
28619689
28621152
28622186
28622481
28623156
28624003
28624049
28624065
28625371
28625381
28626508
28626986
28628393
28628533
28629454
28629906
28632589
28633782
28634181
28635549
28635981
28636834
28637460
28637714
28638566
28638604
28639701
28639869
28640073
28641023
28642108
28642335
28644930
28645202
28645284
28645553
28645814
28647038
28647395
28647442
28647804
28648393
28648710
28650248
28650884
28651925
28652320
28652459
28653221
28654621
28654972
28655370
28655476
28655489
28657948
28658482
28658485
28658489
28659159
28660370
28661238
28661800
28661842
28662240
28662244
28663062
28664439
28665550
28665673
28666816
28666824
28668203
28669461
28669568
28671359
28672291
28672304
28673776
28676155
28676305
28677010
28677020
28677991
28678122
28678137
28679095
28679803
28679804
28679819
28679821
28679828
28681664
28682666
28683051
28683219
28685852
28686512
28686758
28687368
28687379
28688150
28688632
28688654
28688994
28689056
28689309
28689708
28691501
28692573
28692717
28692718
28693333
28695907
28696029
28697295
28698770
28699779
28700365
28701128
28704347
28707110
28707258
28707285
28708195
28708876
28709383
28709581
28710221
28712127
28712357
28712578
28712581
28713176
28713293
28714357
28715295
28716014
28717900
28719692
28720635
28721034
28723320
28723720
28723810
28723861
28724553
28725804
28725856
28726119
28726159
28727594
28728524
28729355
28732518
28732836
28733341
28734342
28734684
28735450
28735567
28735956
28736045
28736929
28737983
28737985
28737986
28738897
28739479
28739539
28740620
28741101
28742544
28742681
28742704
28743758
28746719
28747244
28747245
28747463
28748535
28748564
28748715
28749536
28749776
28753760
28754441
28754586
28754790
28754811
28755097
28755967
28757308
28757334
28757449
28759685
28759896
28760001
28760097
28760101
28760216
28760602
28761352
28763549
28766194
28766206
28766225
28766475
28767560
28767603
28774786
28774801
28775998
28776947
28777654
28777716
28778222
28779831
28783272
28783273
28783278
28783289
28784289
28784553
28784728
28784730
28784744
28786137
28786426
28786881
28787210
28787562
28794824
28795170
28796725
28796728
28796858
28796878
28797923
28798017
28798274
28800000
28801110
28801468
28802813
28803811
28805358
28805359
28805360
28805361
28805423
28805473
28805961
28806455
28806891
28807351
28808670
28808869
28809645
28809954
28810011
28810102
28811089
28815161
28815557
28815608
28816929
28817295
28817299
28817376
28817444
28817453
28818215
28818235
28818305
28820513
28823796
28824768
28828915
28829860
28829924
28832865
28834181
28835397
28836269
28837009
28837458
28840507
28840621
28842078
28842974
28844583
28844631
28844824
28845359
28846618
28847009
28847660
28848308
28848899
28848903
28849676
28851374
28851435
28853238
28853305
28856968
28857152
28857156
28857794
28858372
28858388
28858945
28860096
28861535
28863719
28864165
28864408
28865892
28866316
28870030
28871808
28871971
28872535
28873324
28874320
28874480
28874486
28874932
28874935
28874941
28875413
28876281
28878936
28879242
28881902
28884392
28885288
28885293
28885654
28886338
28887270
28887343
28887347
28888521
28888530
28892525
28894587
28894839
28895218
28895223
28895455
28898574
28898808
28899261
28899480
28899705
28899901
28900752
28900839
28902741
28902769
28903137
28905305
28906171
28906313
28906314
28910436
28913498
28914683
28914684
28915166
28916216
28918956
28920643
28920658
28921379
28924623
28925041
28925607
28925664
28926499
28926722
28929867
28929870
28930833
28930892
28931377
28935654
28936862
28937186
28937710
28937935
28939195
28940537
28940546
28941433
28941671
28941749
28942856
28943160
28943353
28944526
28944730
28944733
28945715
28946942
28947293
28948445
28949850
28953066
28953345
28953441
28953717
28954266
28954711
28956027
28957936
28958240
28958349
28958350
28958476
28958606
28958723
28958746
28960723
28961643
28963077
28963260
28964441
28964455
28965684
28965800
28966901
28971479
28971720
28971913
28971930
28972017
28972018
28972386
28972923
28973064
28973385
28975198
28975306
28975850
28976250
28976559
28978563
28979974
28981388
28982525
28982526
28982611
28983220
28983430
28983558
28984638
28984659
28984898
28985276
28985847
28988350
28989837
28990452
28991816
28992824
28993073
28993075
28994109
29016231
29016255
29016566
29016707
29016777
29017421
29017802
29018298
29020290
29020733
29021267
29025270
29025446
29029585
29029669
29031290
29034792
29035618
29035902
29035903
29037365
29039054
29041833
29042398
29043521
29044547
29045205
29045712
29045802
29047322
29049262
29049263
29049468
29049488
29049767
29049768
29049904
29051001
29052693
29053170
29053177
29053232
29053407
29056176
29057152
29057153
29057344
29058344
29058518
29059428
29061275
29063215
29064320
29066070
29066110
29066584
29068187
29068189
29068305
29068312
29068760
29068794
29068906
29069085
29069551
29070036
29070500
29070501
29071708
29073256
29073739
29073847
29074147
29076108
29076236
29078707
29078872
29079120
29079401
29081000
29081271
29082793
29083520
29083968
29083969
29083973
29083974
29083977
29084735
29085229
29085534
29086466
29087143
29087147
29087149
29087150
29087157
29087169
29087635
29087652
29087658
29087981
29088044
29089193
29089307
29089456
29090982
29091373
29094815
29095333
29096971
29097094
29097450
29100592
29101960
29101972
29102459
29102500
29103033
29103917
29104293
29104294
29105343
29106914
29107164
29107575
29110889
29111624
29111953
29112234
29113402
29113640
29116323
29116661
29116680
29116927
29117494
29117740
29117915
29118232
29119824
29121143
29122694
29124737
29124745
29124747
29125368
29125726
29125784
29125908
29126576
29128105
29128178
29128234
29128237
29128869
29129209
29129345
29129650
29129828
29130263
29130267
29130269
29130874
29131324
29131339
29131560
29132952
29132990
29133491
29134630
29135615
29135661
29135780
29135781
29135782
29135882
29137878
29138060
29139055
29139330
29139366
29140064
29140737
29140844
29141457
29141787
29142964
29144718
29144865
29144866
29145584
29146155
29148319
29148323
29148325
29148326
29148328
29148332
29148348
29149139
29149478
29150529
29151591
29151818
29152607
29153119
29153853
29153870
29154018
29154381
29155190
29156054
29157785
29158096
29159676
29160985
29161521
29161972
29162419
29164990
29165019
29165570
29165789
29166787
29166812
29166825
29167859
29167867
29167886
29167903
29168099
29168287
29169547
29169689
29170996
29172973
29172977
29173070
29174407
29175005
29176092
29176111
29176368
29178501
29179718
29180024
29180057
29180092
29180131
29180170
29180558
29181421
29181504
29181511
29182038
29182351
29182358
29186213
29188286
29191068
29191102
29191119
29191139
29192307
29194229
29194621
29195016
29195052
29199056
29199395
29199504
29200327
29200328
29200334
29200335
29200346
29200348
29200350
29200351
29202924
29204518
29205995
29206564
29206577
29206678
29206974
29207938
29208368
29208447
29209722
29210556
29211503
29211623
29212684
29216894
29217445
29220208
29223321
29223986
29223989
29224686
29225892
29226447
29226449
29226777
29226997
29227366
29227443
29227444
29231131
29231672
29231695
29231748
29232069
29232073
29232088
29234722
29235781
29235785
29239004
29240321
29240530
29240798
29240910
29241774
29241809
29241894
29244057
29246525
29246918
29247755
29248055
29248061
29248062
29248102
29248103
29248142
29249645
29252824
29253205
29254441
29254885
29255064
29255065
29255896
29256328
29261241
29261272
29261350
29261440
29261829
29261834
29262984
29263156
29263770
29264205
29264933
29265398
29265906
29266091
29268921
29268944
29269278
29270631
29270633
29271056
29271726
29272908
29273119
29273282
29273289
29273434
29274224
29274521
29274632
29274725
29275078
29275113
29275913
29275914
29275915
29275918
29275975
29276281
29276845
29277399
29277511
29278997
29279295
29279412
29279887
29280445
29280708
29281218
29281233
29282457
29282459
29282464
29282465
29282482
29282705
29282724
29283521
29283522
29283893
29284354
29287033
29289509
29290135
29290172
29290177
29290269
29290333
29290594
29292607
29292662
29294094
29295161
29295772
29295829
29298114
29298177
29298450
29298765
29299473
29299481
29302695
29303823
29304724
29304937
29305075
29305114
29306644
29307258
29308413
29309214
29309217
29309223
29309391
29310332
29311179
29313316
29313653
29314093
29316589
29316590
29316600
29316924
29318267
29319573
29319943
29320340
29321135
29323827
29325725
29326146
29326845
29327034
29327343
29329802
29330245
29331476
29331574
29332137
29334559
29336600
29336858
29339011
29340562
29340564
29340732
29342019
29342070
29342379
29345890
29346522
29351136
29351776
29355363
29355925
29355928
29356436
29357548
29359895
29359902
29360160
29360296
29360298
29360300
29360302
29360303
29360304
29360305
29361658
29361660
29361829
29362017
29363106
29364724
29365282
29365283
29366706
29369128
29369129
29369155
29369980
29370060
29370065
29370425
29370837
29372573
29373212
29373244
29377277
29377919
29378584
29378589
29379950
29381031
29381038
29381112
29381668
29381669
29382212
29382668
29382680
29383481
29388515
29390313
29393807
29396878
29397100
29397807
29398469
29400645
29400936
29401006
29401012
29402418
29403021
29403573
29404575
29404947
29405678
29406300
29406345
29406347
29406526
29406840
29406841
29408153
29408562
29409463
29411401
29411411
29412764
29414554
29415716
29417402
29417574
29417575
29419821
29420318
29420677
29426318
29426383
29426389
29428038
29428738
29428772
29429750
29431013
29433880
29433953
29435488
29435896
29436112
29436260
29437524
29438193
29438262
29439108
29439304
29442297
29442585
29442608
29443257
29443269
29443614
29443634
29443647
29443649
29443722
29443863
29444552
29445028
29445299
29445975
29446065
29446449
29446681
29446874
29447034
29447096
29447098
29447574
29447576
29449133
29449950
29450675
29450753
29451468
29452033
29452514
29452530
29452549
29452558
29452559
29452562
29452626
29453287
29453557
29454442
29455229
29457583
29460710
29461851
29461852
29461992
29462030
29462036
29462043
29462048
29462075
29462076
29462078
29462079
29462124
29462180
29463092
29463382
29464148
29465495
29466551
29467536
29468601
29469245
29470455
29472001
29472301
29473632
29473803
29473945
29474211
29474310
29474311
29474312
29474966
29475841
29477136
29477207
29477248
29477736
29477951
29480084
29480975
29482196
29482262
29482965
29483027
29483052
29484556
29485839
29485947
29485952
29488621
29489411
29489443
29490365
29490533
29490625
29492794
29492807
29492862
29492953
29494747
29494748
29496293
29498290
29499000
29499339
29499815
29499816
29502466
29502654
29505376
29505378
29505624
29506589
29506837
29506839
29506928
29508259
29508975
29509857
29512120
29512154
29512426
29512893
29514568
29517056
29517880
29518439
29519347
29519384
29519585
29519605
29520648
29520748
29521554
29521685
29521892
29523445
29523809
29523864
29524066
29524935
29526254
29528484
29529341
29529616
29530171
29530323
29530887
29532477
29533567
29534155
29534836
29536088
29537684
29539950
29539951
29541757
29544446
29544674
29544708
29545001
29545049
29545676
29546102
29547247
29547994
29549010
29550856
29551404
29551895
29552705
29552746
29553228
29553282
29553283
29554880
29555709
29557872
29558903
29559057
29561339
29561421
29564178
29564518
29565668
29565798
29566642
29566809
29566978
29567642
29567821
29569005
29570048
29570250
29570370
29573215
29574089
29574563
29575978
29576023
29576229
29576231
29576562
29577114
29578109
29578853
29578854
29579474
29580717
29581013
29581222
29582086
29582674
29582719
29584752
29588500
29588607
29593845
29595435
29595462
29601083
29601714
29601715
29601718
29602630
29602658
29602745
29603139
29603389
29603899
29603911
29605378
29606410
29607051
29608345
29608348
29608370
29608782
29609611
29609879
29609892
29610565
29611457
29615268
29615357
29615363
29615376
29615401
29616482
29616500
29616781
29616911
29618934
29620813
29622136
29622493
29623307
29624190
29626051
29628197
29630247
29630463
29630687
29630889
29631060
29631780
29632061
29633125
29633250
29634411
29634615
29634633
29636104
29638299
29638300
29641277
29642087
29643066
29643266
29644145
29648738
29648739
29648923
29649369
29649392
29650707
29650719
29651640
29653631
29653788
29653810
29654201
29655642
29655817
29655823
29655827
29655830
29656305
29656399
29656565
29656670
29656967
29657034
29658847
29661050
29661221
29661367
29663689
29664697
29664860
29665016
29667892
29668209
29668211
29669452
29669607
29670391
29672356
29672366
29672389
29672403
29673803
29673891
29674586
29675692
29677028
29678620
29679224
29680412
29680480
29683249
29684237
29684386
29685701
29685953
29686120
29686121
29687743
29688041
29688663
29688667
29689325
29689434
29691125
29691152
29691171
29691211
29691265
29693229
29693334
29693926
29694273
29694287
29694289
29694290
29694460
29696223
29696508
29696561
29696686
29697446
29697451
29697473
29697574
29697575
29697778
29698288
29700244
29703177
29704683
29706103
29706343
29707736
29708697
29709334
29710095
29710152
29710214
29710217
29710240
29710331
29712491
29712517
29712695
29715114
29716446
29716476
29717616
29717902
29718090
29718565
29719177
29719220
29721713
29722547
29724365
29724482
29724650
29726303
29726671
29726849
29727490
29727608
29728324
29728521
29728524
29729288
29730162
29730609
29730833
29730971
29731116
29733731
29734263
29734570
29734874
29735302
29735377
29735397
29735614
29736143
29736940
29737027
29737532
29739233
29739303
29739799
29739915
29740816
29742280
29742355
29742717
29743214
29744720
29745284
29747862
29747864
29748081
29750893
29753519
29753578
29753629
29753792
29757040
29757314
29757843
29759058
29759290
29760123
29761885
29762075
29762153
29762291
29763786
29764166
29767472
29768309
29770474
29771295
29771481
29771597
29771724
29772692
29772878
29774589
29775130
29776279
29776596
29776984
29779546
29781780
29781923
29783031
29783400
29784549
29784607
29788649
29789045
29789049
29789100
29790162
29791190
29791823
29792836
29793391
29793850
29794588
29796605
29797314
29797584
29799325
29799326
29799328
29799330
29799349
29799360
29800170
29800173
29800182
29800414
29800973
29802592
29802851
29803852
29804795
29804845
29804856
29805139
29806532
29806896
29807786
29807789
29808717
29808770
29809344
29813200
29845468
29845749
29847166
29848066
29848186
29848484
29849450
29851367
29851441
29851442
29851443
29851445
29851910
29851945
29852306
29852776
29853465
29854224
29856308
29857153
29857784
29859707
29859886
29861349
29862504
29863917
29863925
29863927
29863929
29864193
29865931
29868370
29870484
29871945
29873063
29874163
29874382
29874942
29875079
29876778
29877140
29878305
29878968
29879194
29879326
29879718
29880091
29880697
29881754
29881763
29885778
29885945
29887191
29887258
29888626
29889645
29889752
29889758
29891194
29891265
29891521
29893906
29894094
29894134
29896557
29896756
29896771
29897191
29897204
29897206
29897213
29897220
29898619
29898682
29901348
29901494
29901660
29901775
29901800
29902395
29902996
29903936
29904156
29904731
29905454
29905943
29905971
29906211
29906429
29907224
29907225
29907231
29909107
29909862
29909933
29911187
29911331
29912735
29912839
29914819
29916629
29916869
29921451
29925286
29929641
29930970
29931497
29933252
29935451
29935981
29936061
29936292
29936886
29937283
29937286
29938518
29939503
29939507
29939810
29939911
29943107
29944091
29944655
29944803
29944806
29944807
29944812
29944815
29944816
29944819
29944881
29945184
29946682
29946693
29946694
29946798
29948423
29950185
29951996
29954980
29955572
29955812
29955882
29957094
29957124
29957155
29959545
29959759
29961137
29962241
29962244
29967363
29968290
29969207
29969378
29969381
29969539
29969549
29971398
29972589
29973387
29975019
29977955
29978481
29978969
29978986
29979262
29979313
29979841
29979947
29980416
29980972
29982866
29983361
29983370
29983376
29985257
29985685
29985689
29985690
29985691
29985697
29985699
29985703
29985706
29986594
29986985
29987476
29988878
29989896
29990573
29990674
29991105
29991357
29992761
29995367
29995694
29996074
29997201
29998015
29998209
29998292
29998300
29998407
29998776
29998793
29999607
30001250
30003222
30005043
30005519
30005557
30005990
30006419
30007017
30007261
30007836
30010072
30011102
30012014
30012674
30013297
30014133
30015376
30015468
30015667
30015726
30016143
30016636
30017629
30018054
30019762
30019822
30019872
30019875
30019877
30020122
30020740
30020749
30020752
30020753
30020754
30020755
30021090
30021246
30021452
30022411
30022482
30023426
30024278
30024430
30024873
30025217
30026286
30028225
30028676
30028783
30029286
30030731
30030734
30032938
30032942
30033127
30036166
30036235
30036434
30037474
30038063
30038162
30038510
30039170
30039175
30039447
30039449
30041587
30042094
30042145
30044936
30045098
30045191
30045204
30045210
30045344
30046643
30047669
30047697
30047701
30047703
30047708
30047841
30048193
30049173
30049565
30050764
30050797
30051191
30052104
30052186
30052548
30053509
30054114
30054889
30055168
30055685
30057222
30057292
30058011
30058981
30058987
30059375
30059466
30059488
30062684
30063174
30063370
30063509
30063591
30064082
30064593
30064839
30065065
30066389
30066420
30066481
30068346
30068435
30068513
30069509
30069516
30069523
30071816
30073240
30073494
30074701
30074737
30075195
30076108
30076572
30077308
30077751
30078077
30078341
30080343
30080349
30080351
30080364
30080452
30080454
30080469
30082135
30082363
30082981
30083495
30083756
30084266
30084824
30085843
30087045
30088230
30089445
30089680
30091551
30091563
30091862
30093215
30094824
30094837
30095169
30095455
30097976
30099217
30099327
30099349
30099887
30100026
30100041
30100376
30101553
30101633
30102970
30103060
30103840
30104259
30105393
30106839
30107107
30107968
30108035
30110019
30110578
30111251
30112827
30113339
30113340
30113560
30113885
30113936
30117010
30117766
30118370
30119287
30120157
30120466
30121375
30121826
30122084
30122404
30125647
30126333
30130028
30130033
30130047
30130265
30130337
30132334
30133206
30133215
30133235
30133430
30136284
30136815
30138433
30138684
30140125
30140583
30140875
30141733
30141837
30142388
30143368
30143964
30143978
30144442
30144914
30145346
30146274
30148527
30148566
30149739
30151827
30151870
30151882
30151996
30152664
30152665
30152964
30153744
30156456
30156985
30157003
30157583
30158049
30158085
30158087
30159759
30160567
30165123
30166922
30168837
30168926
30170505
30170816
30170821
30172804
30173808
30175401
30175482
30175638
30175678
30176985
30179368
30179377
30179551
30179590
30179625
30179964
30180036
30180080
30181420
30182432
30182756
30183495
30185289
30188401
30188655
30189747
30190063
30190241
30191157
30191353
30191866
30192475
30193258
30193264
30193276
30193277
30193379
30193748
30194227
30195836
30197217
30198670
30198683
30199428
30200746
30202806
30202827
30203921
30204678
30205943
30206936
30207854
30208398
30211186
30211375
30211508
30211809
30215683
30215820
30216153
30217778
30221166
30222181
30222925
30222926
30223013
30224003
30224110
30225443
30225458
30225796
30227192
30227568
30231307
30232793
30233766
30234705
30234797
30234920
30234933
30235951
30236796
30236896
30237302
30238852
30239501
30240486
30242304
30242346
30242381
30242394
30243772
30244924
30244931
30246040
30246368
30246404
30246588
30247102
30247747
30247816
30247932
30247976
30249150
30251553
30251779
30252787
30253236
30253948
30254811
30255802
30255806
30256183
30256281
30257786
30257883
30257919
30258743
30258752
30258756
30260711
30260714
30260912
30261565
30262408
30262642
30263869
30263902
30264858
30265596
30265611
30266495
30266891
30267073
30269730
30269915
30270431
30272419
30272866
30273017
30273018
30273020
30273024
30273030
30273032
30273037
30273040
30273621
30273976
30276073
30276105
30276637
30277324
30277560
30278267
30279275
30281010
30281774
30281783
30282387
30282770
30283835
30283852
30283853
30284237
30285047
30285049
30285285
30286663
30287341
30288419
30288797
30289106
30289860
30290675
30291705
30291706
30291709
30291711
30291715
30291742
30291827
30292465
30292542
30293731
30294709
30295320
30295927
30296321
30296541
30297265
30298445
30298924
30299276
30299591
30300007
30300168
30300977
30301692
30303759
30303844
30304467
30305309
30305349
30306540
30308249
30309443
30311961
30311993
30312286
30312774
30313114
30314479
30314619
30315744
30315778
30315917
30316959
30317547
30318252
30318592
30322282
30322356
30322431
30322435
30322734
30323579
30324292
30325024
30325189
30325193
30325195
30325706
30326488
30326769
30328097
30328762
30334882
30335641
30335646
30336082
30336089
30336732
30336909
30337178
30338068
30339575
30339796
30340585
30340906
30343337
30343347
30343603
30344056
30345223
30345807
30346546
30350717
30354375
30354487
30354548
30354549
30354578
30357822
30358244
30358259
30358260
30358262
30358889
30358960
30359617
30360850
30360950
30361048
30361198
30362863
30363021
30366822
30366823
30367329
30368641
30370362
30371165
30375804
30376259
30376275
30376745
30378454
30379136
30379429
30380389
30382489
30382701
30382801
30383117
30383143
30383157
30383499
30385594
30388250
30389146
30389256
30389494
30389727
30391682
30392803
30394529
30394950
30395422
30395427
30395510
30396744
30398323
30398706
30398715
30398720
30398765
30398782
30398786
30398799
30399234
30399298
30399306
30399308
30401032
30402576
30403534
30406484
30407853
30409245
30410395
30411349
30413549
30413553
30416025
30416066
30417341
30417670
30418243
30418337
30418365
30418374
30419155
30419236
30420363
30420369
30421423
30422403
30423271
30424886
30425010
30427628
30427992
30428053
30428108
30428276
30428781
30429919
30430641
30442360
30442902
30443962
30444425
30444427
30445578
30446883
30448156
30449659
30449764
30451558
30452205
30453324
30453772
30453856
30453901
30454639
30455323
30456275
30456519
30456578
30456771
30456937
30457255
30457290
30457936
30458472
30458904
30458941
30459532
30460178
30461250
30461596
30463662
30464785
30464795
30466795
30467831
30468997
30469449
30470374
30471313
30474769
30475282
30475463
30475471
30475490
30476408
30476989
30479195
30479196
30479198
30479199
30480109
30480116
30480534
30480607
30480714
30480892
30480898
30480899
30481382
30481420
30481426
30484850
30485392
30485403
30489467
30489473
30489546
30489611
30496648
30497468
30497633
30497897
30497899
30498769
30499067
30499721
30499800
30499898
30499902
30500649
30502279
30503702
30506674
30508010
30508291
30509009
30509702
30511284
30511290
30513095
30513182
30513187
30515027
30517970
30518476
30520027
30521712
30521766
30522231
30523373
30523764
30526249
30526719
30527937
30528252
30528815
30530450
30530870
30531207
30531365
30531524
30531621
30532568
30533589
30533997
30534492
30535149
30535822
30536729
30537369
30540156
30540160
30543022
30543367
30544112
30545490
30545657
30547114
30547697
30548280
30548480
30549194
30549428
30550250
30550373
30551838
30552003
30552028
30553739
30553907
30554743
30554974
30555190
30555855
30556761
30557673
30557675
30557871
30557921
30558595
30558611
30558708
30559118
30560178
30562067
30562071
30562073
30562251
30562331
30565050
30565564
30566186
30566426
30566626
30566891
30568865
30570553
30570655
30570664
30571231
30571413
30571491
30571513
30571888
30573327
30573946
30573963
30574824
30575468
30575846
30575868
30576668
30578373
30579452
30579689
30579938
30580129
30580639
30580894
30581030
30584041
30585821
30586111
30586487
30586489
30586490
30586494
30586496
30586747
30587062
30587942
30588047
30588049
30589613
30589629
30589633
30594534
30596411
30597886
30598412
30598414
30600166
30601252
30601414
30601709
30602045
30603118
30604120
30604128
30605357
30606783
30607634
30608471
30608883
30610143
30611380
30611579
30611600
30611660
30611682
30612831
30612919
30613489
30613955
30614218
30615514
30615516
30615518
30615522
30615527
30615534
30616965
30616973
30620133
30620298
30620305
30620308
30620317
30620365
30620366
30620368
30620375
30620617
30621205
30621697
30621803
30622198
30623099
30623386
30623501
30628924
30629017
30629348
30629740
30629910
30630340
30630460
30630732
30632645
30633665
30633671
30633676
30633680
30633681
30633684
30636482
30638730
30638873
30639604
30640242
30640367
30640379
30640783
30641615
30642774
30643562
30645087
30645806
30646077
30646086
30646111
30646120
30646146
30646154
30646177
30646222
30646247
30646294
30646300
30646328
30646342
30646347
30646349
30646352
30647546
30647824
30649137
30649500
30649965
30650094
30650175
30651182
30652243
30652520
30653188
30655203
30657402
30657529
30660451
30662681
30663002
30664603
30665272
30665922
30666635
30667135
30667274
30667609
30667611
30667612
30667613
30668637
30669928
30670027
30672794
30672817
30672862
30673082
30673554
30674080
30676355
30677763
30677845
30679104
30680906
30681303
30681304
30681710
30681785
30681795
30681805
30681809
30682042
30682462
30683175
30683206
30683507
30684485
30684609
30685289
30686022
30688044
30690529
30694161
30694211
30694321
30694769
30695812
30695850
30695855
30698091
30698092
30698096
30698605
30698792
30699322
30700613
30700924
30701188
30701984
30702378
30702444
30703193
30704629
30706655
30709349
30710066
30711389
30712428
30712631
30714001
30715965
30715973
30715978
30715981
30715986
30715989
30715993
30715995
30716241
30716270
30717049
30717060
30717959
30718171
30718186
30719039
30723788
30724092
30724582
30724594
30724682
30724685
30724775
30725531
30726963
30728010
30729864
30730360
30730534
30731402
30733103
30733974
30735244
30736874
30739322
30739739
30742531
30744608
30745217
30746056
30747682
30747957
30748100
30755217
30755375
30756301
30759360
30763292
30767604
30768941
30771834
30772191
30772386
30773181
30773436
30775611
30776053
30776485
30776768
30777381
30777622
30777630
30779455
30782596
30783851
30784323
30785363
30785590
30785591
30785832
30786978
30787128
30788032
30788225
30789539
30790281
30792625
30794221
30796156
30796656
30797112
30797645
30798793
30799268
30799637
30799942
30799943
30801348
30801625
30801639
30801658
30802938
30803489
30805102
30805429
30805824
30807372
30808814
30810103
30811550
30814026
30814027
30815133
30815240
30816813
30816817
30819396
30819468
30819667
30820015
30821669
30822510
30823519
30823694
30824334
30825443
30825757
30826301
30826302
30827983
30829796
30830150
30830243
30830695
30830808
30832276
30832966
30833828
30834553
30835818
30835855
30838768
30838908
30838917
30840047
30840335
30840488
30842132
30843454
30844024
30844028
30845953
30846079
30846093
30846388
30848535
30848808
30850463
30852090
30853155
30853386
30855070
30855307
30855641
30855643
30855652
30855740
30857833
30857937
30859148
30859226
30861148
30863044
30863516
30864065
30864658
30865220
30865568
30866904
30868557
30870086
30870276
30870391
30871697
30874780
30874782
30874787
30874896
30875173
30875175
30876488
30876955
30878319
30878508
30878543
30880532
30881066
30881541
30882412
30882842
30883075
30883318
30883321
30883780
30884954
30885049
30885451
30886816
30887426
30887892
30888534
30889016
30889026
30889049
30889108
30892090
30892572
30895600
30895813
30896632
30897047
30898222
30899910
30900198
30900961
30901047
30902676
30904049
30904362
30904366
30904707
30905368
30905641
30906425
30907776
30908304
30908380
30908492
30909221
30909852
30909904
30912105
30912723
30915925
30917078
30917893
30920263
30920360
30920603
30921048
30921822
30922595
30922865
30922879
30923879
30923880
30924899
30924932
30925124
30925945
30928595
30929115
30929962
30931609
30933243
30933581
30933582
30933587
30933588
30933595
30933596
30933597
30933600
30933606
30933645
30934087
30935802
30935804
30940480
30941767
30943846
30943933
30944071
30944846
30946024
30946429
30946437
30946551
30947770
30947888
30947897
30947899
30950679
30951157
30951228
30952621
30954134
30955357
30955988
30956144
30957311
30959926
30964933
30966757
30967926
30969439
30969620
30971487
30972148
30972612
30973509
30975076
30975464
30978331
30978599
30979036
30980025
30981781
30983530
30984492
30985478
30985864
30986325
30988164
30988171
30989633
30990226
30990594
30991814
30991824
30992000
30992185
30992188
30992236
30993488
30994409
30994523
30995374
30995707
30998420
31000008
31000066
31000338
31001996
31003811
31005463
31005656
31006848
31007255
31008760
31008806
31008892
31008897
31008898
31008899
31009769
31010526
31010786
31011079
31011825
31011967
31012087
31014090
31017490
31017951
31018750
31025305
31025723
31026033
31029647
31029672
31031042
31031120
31031159
31032068
31032917
31033020
31033063
31033492
31033818
31034040
31036451
31038207
31038730
31039058
31040093
31041372
31042801
31044413
31045693
31046504
31047136
31047224
31047391
31048813
31050766
31050779
31053530
31053668
31054699
31055562
31056859
31057693
31058558
31058584
31059355
31059371
31059372
31059373
31062343
31064731
31065556
31066881
31066913
31069903
31070837
31072750
31073549
31073798
31074846
31076329
31076739
31078473
31080149
31080160
31081374
31081414
31083244
31083861
31084197
31084236
31084295
31084519
31086688
31087011
31087319
31087545
31089488
31090893
31091325
31092340
31093839
31094341
31094589
31094731
31096025
31097206
31099878
31100217
31101390
31102115
31102319
31103991
31104328
31104524
31104573
31107269
31107397
31107629
31107801
31108502
31109757
31110144
31110398
31111471
31112105
31112238
31112303
31113371
31114699
31116817
31120268
31120388
31120407
31121632
31122351
31125100
31125323
31125543
31125696
31125697
31126774
31129777
31130443
31130546
31130738
31131069
31131073
31131157
31132789
31133006
31133427
31133572
31134661
31134861
31134865
31135825
31135837
31135838
31135933
31136231
31136381
31136387
31136388
31136392
31136393
31136394
31136395
31144403
31146962
31147114
31147206
31147680
31148491
31150046
31150312
31151093
31151338
31151919
31152690
31155461
31155480
31157819
31157823
31158012
31158017
31158022
31159992
31160037
31160096
31161568
31161571
31161837
31162230
31162560
31162858
31163014
31163016
31164185
31164326
31164917
31166578
31167047
31167525
31168591
31169583
31169918
31170025
31170317
31170802
31171397
31172598
31173121
31175026
31176563
31176805
31180268
31180736
31181068
31181572
31183157
31184771
31184952
31185524
31185734
31188100
31188108
31188114
31188411
31192042
31192918
31193719
31194721
31195350
31198180
31198838
31199445
31202473
31202627
31203016
31203017
31203279
31203856
31203866
31204223
31205180
31205230
31205705
31206128
31206142
31207198
31207399
31207609
31208262
31208422
31208940
31209124
31210142
31210917
31210988
31211547
31211549
31211552
31211556
31211557
31212101
31213113
31213214
31214485
31215259
31215706
31216255
31216945
31218202
31219508
31219520
31219998
31220447
31221257
31221498
31225703
31226386
31226682
31226687
31227472
31228052
31228195
31230581
31230650
31231061
31232205
31232206
31232207
31232218
31232456
31232788
31232798
31232836
31232931
31236309
31237098
31237168
31237433
31237824
31240426
31240808
31242823
31243709
31245566
31248266
31248432
31251394
31251985
31252386
31253517
31254641
31254703
31255186
31255477
31255968
31256638
31258028
31258855
31260343
31260345
31260347
31260351
31260354
31260356
31260361
31260363
31260369
31260370
31260540
31260545
31261197
31262592
31262639
31262649
31263598
31264323
31265802
31265834
31267902
31268495
31268735
31269411
31269735
31270786
31270879
31271082
31271668
31274033
31274814
31274871
31274872
31276019
31276176
31278037
31279008
31279598
31282922
31283702
31285092
31286006
31286831
31287514
31287571
31287929
31288800
31289427
31290170
31290930
31290933
31290989
31291511
31291812
31294276
31294521
31295074
31295188
31295190
31296255
31298709
31298714
31300184
31300566
31300584
31301913
31302055
31303256
31305286
31305912
31305915
31307965
31308609
31309011
31309373
31310287
31310732
31311293
31311342
31313117
31313475
31313621
31314063
31314120
31314726
31314962
31315833
31316691
31317539
31318505
31318510
31318516
31319807
31321195
31322123
31322689
31323403
31324232
31325129
31325139
31326242
31326537
31326924
31326931
31327749
31328798
31330539
31331221
31331236
31331623
31333916
31334822
31334825
31335756
31337552
31337598
31339529
31339816
31340092
31342496
31343732
31344000
31345840
31346366
31346367
31346544
31347977
31347982
31348009
31349841
31350079
31350680
31351077
31351851
31352424
31352489
31357952
31359556
31361851
31361855
31364372
31366268
31367868
31367872
31369041
31369132
31369658
31370974
31371234
31372371
31372990
31374008
31375183
31375287
31376033
31377088
31377207
31377258
31378108
31378703
31379067
31382843
31382958
31383793
31384884
31385213
31386135
31388874
31388912
31388913
31389875
31389880
31389882
31389897
31390030
31390034
31393337
31393806
31393807
31393863
31397320
31397619
31397737
31397864
31399079
31400321
31401711
31403593
31403706
31403717
31404224
31404518
31404657
31404894
31405345
31405521
31405880
31408122
31408881
31410783
31411445
31411635
31411636
31411657
31411663
31411664
31411709
31411981
31411998
31412015
31413065
31413488
31413681
31415099
31415339
31418027
31418877
31419097
31419099
31419102
31419853
31419858
31419880
31419887
31419889
31419893
31419894
31419899
31420652
31420824
31421093
31421362
31421372
31422701
31422809
31423116
31425587
31425875
31426795
31426911
31426927
31427963
31428238
31431954
31432439
31433775
31434095
31434536
31435727
31436621
31436905
31439600
31442011
31443975
31443978
31445254
31445908
31445986
31446770
31446939
31446940
31449139
31449155
31449293
31449674
31449681
31449686
31449789
31450271
31450652
31452032
31452091
31453891
31453892
31454027
31454082
31456492
31456493
31456495
31460932
31461591
31461755
31463941
31464174
31464176
31464767
31465114
31466894
31469397
31469484
31469746
31470974
31472294
31473128
31474135
31474225
31475618
31476777
31476905
31478010
31478323
31479298
31479364
31479378
31482044
31482341
31483578
31483796
31483987
31483988
31485922
31485969
31486727
31487480
31488333
31490537
31490547
31492539
31493277
31495265
31495594
31495766
31498180
31499568
31500975
31501272
31501872
31501882
31502525
31502893
31504343
31506368
31507043
31508440
31508853
31509444
31509489
31513083
31513480
31513511
31514799
31515131
31515234
31515558
31515636
31516084
31517693
31518092
31518093
31518094
31518097
31518098
31518241
31520641
31521124
31521444
31521753
31522924
31523582
31524003
31524746
31526110
31526700
31531288
31531723
31532515
31532740
31532748
31535063
31535596
31536399
31536411
31536845
31537401
31538193
31538250
31539332
31539389
31539811
31541096
31542759
31542875
31543174
31543186
31543443
31544345
31544468
31547772
31548075
31549883
31551827
31553046
31553307
31553402
31556373
31556374
31556375
31556376
31556828
31558498
31559575
31559852
31560384
31560389
31561661
31561998
31562794
31563535
31563829
31564110
31564598
31564888
31566054
31566649
31566742
31566885
31567008
31567346
31567623
31567678
31567860
31568025
31568265
31568520
31568536
31568740
31568936
31569034
31569115
31570653
31571593
31573991
31574148
31575575
31577335
31577346
31577485
31578512
31579681
31580491
31581801
31582133
31583457
31583928
31584462
31584846
31585684
31585724
31587727
31588786
31589086
31589288
31589488
31589557
31590153
31590926
31591011
31592728
31594745
31595720
31596132
31596488
31599789
31599804
31600244
31601455
31602631
31603248
31603486
31604487
31606233
31606360
31607385
31609057
31609397
31609515
31609889
31610277
31610897
31612625
31612924
31613378
31613383
31613721
31618081
31618547
31619229
31619377
31621044
31622135
31622178
31623925
31624783
31625043
31625050
31625131
31626884
31628773
31629799
31630119
31630922
31631828
31632714
31633536
31634253
31634266
31634268
31637314
31637360
31637643
31637655
31637656
31638318
31639322
31639848
31639851
31640837
31641993
31642521
31642575
31642596
31642741
31642805
31642889
31642929
31644441
31645170
31647471
31647506
31647514
31648675
31649206
31650402
31651595
31651741
31651745
31651952
31651954
31653383
31654809
31655466
31655756
31656386
31656403
31657002
31657298
31657838
31658391
31658854
31660223
31661188
31663436
31663456
31663461
31663464
31663614
31664442
31664662
31665461
31665513
31666187
31667454
31667832
31667912
31668011
31668527
31668898
31669152
31669176
31672081
31673643
31673796
31675087
31675247
31675960
31676263
31677061
31678131
31679429
31679862
31679974
31679990
31680102
31680114
31681907
31682343
31682487
31682491
31682493
31682494
31682505
31682513
31682860
31683068
31685153
31685294
31686325
31686350
31686403
31688209
31688416
31688568
31688604
31688873
31690511
31690514
31692400
31693127
31693517
31693529
31694401
31696511
31697307
31697314
31699091
31699514
31699701
31701074
31701466
31702707
31703682
31704224
31704739
31704745
31704751
31708063
31708303
31708388
31708403
31710341
31711129
31711137
31711515
31713030
31713045
31713303
31714306
31714468
31714637
31714808
31715123
31720176
31720809
31720965
31720967
31722633
31724115
31724782
31725022
31725493
31725571
31725657
31725705
31725755
31726287
31726314
31726646
31726882
31726936
31727168
31727745
31730185
31730597
31731271
31732372
31734065
31734120
31734302
31735055
31735254
31735488
31736139
31736191
31737772
31737924
31738371
31738925
31740263
31740396
31741131
31742688
31743076
31745857
31746656
31747234
31747235
31747509
31749079
31750008
31750417
31750598
31752792
31752866
31753083
31753816
31755537
31755949
31755954
31756005
31757261
31759960
31759965
31760519
31761344
31761612
31762150
31763691
31764143
31764246
31764322
31764714
31766937
31767192
31767239
31767364
31768298
31771361
31771758
31771991
31774203
31775246
31775397
31776038
31777291
31778613
31778619
31778622
31778624
31778783
31779036
31779288
31779562
31780042
31780336
31782030
31782129
31784363
31785137
31785254
31789690
31790541
31791322
31792714
31792860
31793335
31794303
31794307
31796890
31797361
31797679
31799878
31800069
31800072
31800090
31801177
31801649
31801659
31804317
31804397
31804867
31804869
31804875
31806259
31806653
31807039
31809291
31811880
31811933
31812334
31812662
31816215
31816254
31818351
31820411
31822956
31823048
31823400
31825528
31826707
31828233
31828610
31829445
31830006
31830213
31830215
31830234
31830386
31830824
31830987
31831064
31832267
31832269
31833859
31834002
31834109
31834398
31835846
31836107
31836345
31837254
31837933
31838919
31841351
31841836
31842107
31843328
31843543
31846127
31846453
31847855
31850951
31850988
31850991
31851028
31851561
31851648
31852048
31854053
31855260
31856962
31857098
31857351
31858322
31859243
31859664
31860233
31860234
31860235
31860249
31860254
31860255
31860540
31861770
31862095
31862097
31864352
31864662
31864886
31866573
31867126
31870135
31870563
31870569
31871221
31872517
31872794
31874282
31876645
31876660
31877209
31879158
31880225
31880232
31880309
31880310
31880803
31880957
31881596
31882148
31883772
31883825
31883842
31884874
31886395
31886758
31890365
31891320
31893952
31895007
31895306
31895307
31895416
31895911
31899091
31899175
31899181
31899389
31899533
31899745
31901442
31902223
31902423
31902476
31903300
31903543
31903544
31904519
31905054
31905057
31905058
31905061
31905062
31905071
31905376
31906426
31907241
31907323
31908062
31909159
31909579
31910208
31911713
31911820
31911843
31911954
31913239
31913495
31913500
31914103
31914189
31914195
31914239
31916072
31916980
31917269
31918457
31918866
31918867
31918964
31918975
31919887
31922610
31923082
31924490
31926591
31926797
31926871
31926877
31926887
31927111
31928515
31930560
31930636
31930736
31932134
31934734
31935163
31936105
31940342
31940401
31941400
31941686
31941721
31943368
31943408
31943972
31944219
31944418
31952628
31952785
31952884
31953113
31954364
31955450
31955692
31956071
31957652
31957657
31957930
31958438
31964574
31967494
31968111
31970252
31971057
31971549
31971674
31972536
31972577
31972677
31973914
31973948
31974557
31976607
31977059
31977081
31977436
31978217
31980241
31980589
31981363
31982243
31983566
31984494
31985585
31985587
31985613
31986526
31986569
31987798
31988046
31989591
31989786
31990120
31990248
31990319
31990828
31994260
31994280
31996642
31998818
31999269
31999298
32000096
32000208
32001083
32001382
32004221
32005195
32005200
32005447
32006487
32006547
32007353
32008721
32010418
32011598
32011599
32011624
32011641
32011933
32011936
32011937
32011939
32011945
32011965
32013762
32013810
32013969
32014405
32015791
32018244
32019644
32019784
32020841
32021153
32022880
32022884
32022948
32023311
32025638
32026380
32027049
32027308
32027436
32028374
32028819
32029349
32029351
32030595
32031644
32034851
32035002
32035106
32035202
32035755
32035849
32037212
32037527
32037553
32037738
32041146
32041898
32042998
32043154
32043281
32043831
32044429
32044867
32045145
32045320
32048013
32048411
32048931
32049303
32049878
32049897
32050306
32051673
32053152
32054390
32054393
32055281
32055932
32057468
32057786
32057804
32058366
32058367
32058368
32058437
32059096
32059097
32059718
32061298
32062784
32065790
32067306
32067558
32067872
32067895
32068038
32069183
32069973
32070657
32072460
32072849
32073487
32073500
32073909
32074011
32074242
32074254
32074286
32076586
32076702
32076864
32076980
32077966
32078480
32078482
32078693
32079873
32080822
32081299
32081500
32081502
32081672
32083143
32083591
32083710
32085767
32087340
32088052
32088982
32089054
32089201
32089273
32090302
32091468
32094244
32095429
32095835
32097027
32099524
32101100
32103440
32103789
32104020
32106169
32108893
32108976
32109576
32111571
32113493
32113626
32115129
32115298
32117753
32119047
32119048
32119053
32119095
32119603
32119617
32119621
32119622
32119623
32119624
32119626
32119630
32119631
32122235
32122736
32123921
32124636
32125398
32125400
32125402
32125699
32125880
32127322
32128371
32128693
32129866
32129868
32130124
32134453
32134731
32134817
32135039
32139273
32140327
32141363
32141652
32144034
32144746
32147020
32147301
32148101
32149345
32150269
32151143
32151568
32154012
32154858
32156164
32156517
32157646
32157811
32159811
32159826
32159828
32159838
32162188
32162983
32163145
32165276
32165278
32167057
32173049
32173107
32173111
32173164
32173191
32173616
32175594
32178528
32179154
32181618
32181626
32181826
32182174
32182206
32184698
32185873
32186746
32187027
32187655
32187664
32191204
32191329
32191331
32192569
32192656
32193022
32193849
32195657
32195720
32196424
32196839
32197728
32199710
32199789
32200537
32201922
32202312
32202604
32202831
32202834
32204646
32205517
32205544
32205789
32205790
32207998
32211811
32212094
32212262
32214288
32214289
32215972
32217062
32217748
32217926
32219047
32219725
32220538
32220577
32222263
32223594
32223601
32224019
32227133
32227181
32227650
32228065
32229093
32229627
32232450
32233970
32234273
32234552
32236500
32237673
32237982
32237986
32238923
32239220
32239232
32240081
32241650
32242212
32242907
32243727
32245714
32247144
32248660
32248964
32249423
32249897
32250432
32250433
32250668
32250691
32251141
32252070
32253027
32253048
32253823
32255386
32255485
32259222
32259263
32266571
32267466
32267818
32268006
32270182
32270480
32270981
32270984
32270989
32271375
32272271
32273240
32274750
32279946
32280977
32281393
32282264
32283077
32283985
32284905
32285332
32286653
32286656
32286692
32287124
32287320
32291400
32291450
32291587
32291713
32293366
32293659
32293925
32294239
32294455
32297905
32298222
32298539
32298685
32299421
32299504
32299597
32299746
32299804
32299847
32300995
32302034
32302272
32303348
32303519
32304445
32306168
32307057
32307319
32308011
32308512
32310250
32310285
32310345
32311305
32311928
32312491
32314153
32314229
32314603
32314606
32315461
32317179
32319017
32320063
32326074
32326420
32327165
32332348
32332445
32334954
32335332
32336226
32336494
32338098
32338422
32338749
32338754
32340826
32342998
32343318
32343321
32343352
32343405
32343925
32344132
32345688
32348262
32349143
32350126
32350680
32352722
32352868
32353006
32353158
32353161
32357084
32358451
32359689
32360915
32362514
32363684
32364573
32364853
32364855
32364859
32364860
32364865
32364869
32364871
32366755
32367326
32370537
32370792
32370938
32370997
32370998
32371535
32376176
32376418
32378008
32378010
32379277
32383783
32384354
32384357
32386072
32387065
32387267
32387543
32387633
32388736
32389176
32389219
32389884
32390453
32393128
32393130
32394720
32396181
32396541
32398483
32398524
32398611
32399772
32401340
32402097
32402701
32404655
32404660
32404683
32406995
32407931
32408860
32409150
32409168
32412069
32412070
32412072
32412076
32412077
32412300
32412635
32412683
32412909
32412949
32412950
32412952
32413517
32413964
32414608
32416367
32416956
32417005
32417249
32417502
32421185
32422072
32422397
32423751
32423758
32425469
32427295
32430522
32431365
32436682
32437284
32437498
32437874
32438468
32439530
32441573
32441795
32441903
32442049
32442709
32443122
32443179
32444233
32446736
32449399
32451244
32451849
32452692
32452696
32453118
32453242
32453434
32453771
32454392
32454786
32456329
32456507
32456785
32459116
32459532
32459533
32459534
32459535
32459566
32459783
32461010
32463077
32463619
32463846
32466506
32467433
32467513
32467813
32468331
32468336
32468418
32469394
32469405
32471754
32472641
32473266
32473345
32473346
32474361
32475276
32475504
32478600
32478992
32479218
32479226
32479227
32479229
32479235
32484382
32484613
32484941
32486844
32487037
32487292
32490048
32492301
32492762
32495087
32496285
32496529
32496874
32501546
32501662
32502880
32502978
32503360
32503772
32504675
32505547
32508982
32510293
32510981
32511188
32512080
32513053
32513158
32513557
32515784
32519325
32520834
32520837
32521732
32522440
32522521
32522555
32525223
32526087
32526349
32527596
32527978
32529001
32529054
32529145
32529967
32530078
32532270
32534133
32534234
32535074
32535153
32536482
32538845
32540226
32540306
32540327
32540507
32544559
32546385
32549055
32549069
32549070
32550091
32551332
32552539
32553682
32554420
32554705
32556651
32558340
32561265
32561996
32562568
32562569
32562612
32562771
32563338
32568369
32569757
32570130
32570508
32571716
32572842
32573765
32574471
32575002
32578036
32578475
32579128
32582468
32582470
32582599
32583340
32584802
32584926
32585114
32586926
32589203
32589212
32590442
32590478
32590666
32591988
32593633
32594283
32597254
32598228
32598460
32599015
32599195
32599257
32600143
32600412
32600512
32600815
32601689
32602571
32602909
32603017
32604238
32605414
32605978
32607728
32608340
32608522
32609039
32609146
32609292
32609338
32610073
32610075
32610170
32610786
32612319
32613050
32613645
32613667
32614612
32614940
32615799
32616444
32616445
32616446
32617594
32617597
32619309
32620320
32628817
32629722
32631181
32631782
32633550
32633907
32634780
32639133
32639309
32639321
32640248
32640249
32641378
32642161
32643493
32644198
32644511
32645049
32645179
32645402
32646277
32646819
32652115
32652979
32653329
32653473
32653652
32654076
32654360
32654903
32654978
32656632
32657481
32659191
32659194
32659953
32660497
32661031
32662528
32662845
32662957
32665974
32666093
32667653
32672914
32672918
32673109
32674872
32677613
32678719
32678860
32680629
32680945
32680949
32682064
32682677
32682776
32682891
32683416
32685569
32687469
32690015
32692133
32692140
32692371
32693045
32693995
32693998
32694145
32694285
32694309
32696719
32697004
32697282
32697479
32697488
32700375
32700385
32700386
32700387
32700388
32700389
32701120
32701687
32702164
32703022
32704557
32705616
32706290
32706381
32709180
32709561
32710381
32710450
32710841
32711856
32711879
32712010
32713725
32714891
32715464
32715848
32715958
32716631
32717340
32718445
32718756
32719129
32719571
32720238
32721025
32721587
32723161
32724502
32726269
32728953
32729984
32730668
32732069
32732162
32732591
32732657
32732673
32732794
32732845
32734247
32735336
32736025
32736989
32737204
32738870
32739255
32739891
32739906
32740053
32740245
32741554
32741709
32742221
32742227
32742743
32742744
32744601
32744734
32744928
32744944
32744949
32745164
32745204
32746848
32747081
32748034
32749490
32749930
32750470
32750999
32754960
32757494
32757774
32757788
32758542
32759065
32762974
32764761
32767723
32768634
32769725
32771281
32771486
32773201
32775119
32775827
32776512
32777229
32777264
32778098
32778384
32779084
32779708
32779996
32780631
32781110
32782900
32782903
32783553
32786004
32789458
32789476
32790231
32791230
32792203
32795731
32798454
32798520
32800655
32800668
32800676
32801809
32803239
32803925
32804613
32804780
32805062
32805532
32805580
32807156
32807374
32807563
32807564
32808362
32808705
32808997
32811335
32812658
32813592
32813601
32815634
32815766
32815827
32816192
32816942
32818317
32819156
32820837
32821579
32822491
32822550
32825665
32825828
32826146
32826423
32826426
32826747
32826748
32827470
32829764
32829971
32830583
32832575
32833006
32833020
32833350
32833416
32833925
32833936
32835462
32835468
32838675
32839063
32840187
32840331
32840459
32842044
32842817
32842858
32842874
32844424
32845288
32845319
32845711
32851849
32852147
32852550
32852787
32853429
32853759
32856545
32857651
32857659
32858514
32858537
32858736
32865462
32865864
32866213
32866277
32866715
32867514
32867584
32869196
32869198
32869199
32869650
32874555
32876650
32876682
32878456
32882045
32882154
32885353
32886027
32886060
32886240
32886897
32889093
32890592
32890650
32891310
32891317
32891834
32894696
32896244
32896694
32897162
32897331
32897336
32897345
32897346
32897384
32897775
32897778
32897780
32897781
32897783
32897786
32897788
32897789
32900469
32900495
32901370
32901439
32902394
32902560
32902630
32902649
32903282
32903885
32905787
32909202
32909227
32909248
32909952
32910148
32910161
32910164
32910320
32910419
32910868
32912737
32913667
32914190
32914353
32915128
32915237
32916184
32918677
32919845
32924322
32924778
32925386
32925414
32925460
32925464
32925467
32925471
32925472
32925473
32925656
32925685
32925688
32925977
32926091
32926262
32926427
32926912
32927325
32928759
32928763
32930328
32930551
32930553
32930558
32930559
32931806
32931874
32932318
32935308
32935561
32936271
32940071
32941996
32942812
32944734
32945737
32946968
32947017
32947286
32947354
32947510
32947511
32948189
32948388
32949433
32949743
32950280
32950338
32951209
32951243
32955107
32955151
32955820
32955821
32956469
32960277
32961390
32962952
32963019
32964422
32964721
32967386
32968557
32969888
32970581
32972496
32975812
32976706
32976835
32978778
32979735
32979774
32981663
32983607
32984813
32985142
32987364
32988223
32988754
32989360
32989361
32991257
32992104
32993719
32994074
32994130
32995762
32995817
32995845
32996226
32996385
32996390
32996396
32996754
32996755
32997100
33000430
33000867
33001201
33002913
33003681
33006083
33006158
33006914
33006939
33008567
33008651
33009097
33009251
33011204
33011357
33011448
33012562
33012614
33016180
33016194
33016241
33017338
33019864
33020920
33021129
33021659
33022084
33022135
33022648
33023286
33023854
33026448
33026682
33027121
33029348
33029948
33030548
33030552
33031696
33031776
33032059
33032737
33034640
33036843
33037142
33038579
33043821
33044848
33046574
33047305
33051838
33051840
33052371
33053281
33054381
33055068
33055585
33057641
33057860
33058791
33059795
33062885
33063608
33065244
33065691
33068540
33068611
33069859
33070305
33070997
33071099
33071158
33073160
33074324
33074907
33075381
33076776
33076955
33077576
33079598
33079898
33082199
33084023
33085154
33086049
33086347
33086524
33087496
33089137
33092860
33093299
33094846
33094939
33094944
33095916
33096552
33097121
33097122
33097433
33097597
33098016
33099173
33104159
33104254
33105015
33106036
33108851
33110024
33110581
33110721
33110732
33112178
33112393
33116454
33118403
33119175
33119441
33119449
33119642
33121848
33122569
33124434
33127018
33128160
33129177
33129181
33129384
33129385
33130002
33130155
33130613
33131488
33132506
33133359
33133360
33136135
33136149
33136241
33136493
33136501
33136503
33137441
33140277
33141096
33141201
33141229
33141484
33141926
33142044
33143867
33143957
33144928
33145400
33145526
33145712
33147087
33147654
33148082
33152053
33152704
33153913
33156064
33156180
33157526
33159396
33165056
33165147
33165221
33165504
33165932
33166482
33168586
33168673
33168678
33168679
33170109
33170241
33170260
33170747
33170867
33171215
33174501
33176461
33176467
33176767
33177162
33177338
33180579
33181381
33181553
33183992
33184000
33184070
33184840
33184854
33184883
33185336
33185678
33186211
33186283
33186769
33187854
33188751
33188862
33188949
33189365
33191063
33191247
33196282
33196287
33196426
33196767
33196808
33197047
33197532
33198843
33201083
33201197
33201235
33201532
33201762
33204825
33207126
33207166
33208121
33209989
33210114
33210371
33211571
33211608
33211679
33211841
33212144
33213189
33214415
33214440
33214469
33214485
33215264
33216139
33216957
33217373
33218843
33218957
33219073
33219715
33220184
33221144
33221466
33222113
33222524
33223073
33225298
33226430
33226698
33228442
33228654
33228683
33230031
33231264
33231638
33231664
33232903
33233016
33233999
33234541
33234542
33234917
33236227
33236394
33237830
33238011
33239148
33241125
33245875
33247301
33248921
33250294
33250425
33251989
33251998
33252621
33253013
33253677
33254370
33255867
33258126
33258130
33258420
33258685
33259573
33267624
33267633
33267718
33268274
33269896
33270223
33271176
33271638
33272871
33273290
33273291
33273294
33273295
33273296
33273408
33276456
33276985
33277226
33277234
33278531
33279331
33280401
33280902
33283988
33284337
33284340
33284527
33285341
33289035
33289268
33292325
33292927
33295629
33298349
33298379
33298705
33298706
33298805
33300364
33300471
33301909
33302235
33306115
33306537
33306559
33306998
33307894
33309078
33309298
33310171
33312678
33312816
33314322
33315326
33315327
33315332
33315626
33315816
33316103
33316331
33316361
33319034
33319197
33320184
33320214
33322938
33322966
33324047
33324132
33324134
33324948
33326023
33326584
33326756
33331651
33331918
33332073
33332297
33334154
33334176
33334926
33337479
33337542
33338680
33339071
33339635
33339763
33340801
33341184
33343252
33343776
33343813
33343821
33346507
33346779
33347621
33347769
33351431
33351455
33351523
33351566
33351693
33351696
33351728
33352580
33353592
33354072
33355602
33355610
33356434
33356680
33356987
33357066
33358372
33358400
33358515
33358690
33359694
33359779
33360953
33361251
33361460
33367287
33368171
33369352
33370820
33371024
33372974
33373460
33373709
33375989
33376689
33376934
33380430
33380928
33380956
33382499
33385884
33388288
33388761
33389087
33390156
33390337
33392903
33393668
33394895
33395242
33395243
33397751
33399500
33400194
33400424
33400425
33400426
33400569
33400571
33400578
33401122
33403573
33409887
33410799
33412264
33412320
33412439
33414026
33416007
33417361
33417480
33417485
33417490
33417841
33419720
33421940
33421991
33422902
33423372
33423848
33427796
33427798
33428262
33430941
33433182
33433365
33433590
33434197
33435794
33438047
33439219
33439600
33441781
33442869
33443908
33443910
33449097
33449809
33452168
33454179
33454793
33457549
33457638
33460128
33460344
33461154
33461199
33462819
33463775
33464331
33464333
33464344
33464940
33465323
33465591
33468016
33469747
33470556
33470834
33471922
33472379
33472483
33475310
33475756
33475757
33476244
33476840
33476882
33479932
33480658
33481263
33481660
33483249
33483441
33483810
33483811
33483817
33483820
33485619
33485907
33486748
33487591
33489537
33491150
33491982
33492665
33493271
33493320
33493888
33496542
33496661
33496775
33496792
33500204
33502430
33502457
33502485
33503408
33504458
33506318
33506684
33506724
33506727
33506728
33506730
33506733
33506734
33507442
33507622
33508455
33511223
33511226
33511747
33511895
33511897
33516154
33516670
33517829
33518026
33522981
33523733
33523736
33523737
33523743
33523745
33523749
33525897
33527190
33527903
33528708
33529794
33532954
33533637
33534188
33534525
33535776
33535846
33539332
33540094
33541688
33543424
33543477
33543782
33543875
33544975
33546868
33546990
33548207
33548415
33548417
33548437
33548544
33549419
33549872
33550025
33550264
33551010
33551197
33551203
33553087
33553094
33554688
33555746
33555783
33555956
33560167
33560329
33560713
33560765
33560785
33560905
33561469
33561570
33563241
33563552
33566436
33569737
33573528
33575264
33575273
33577152
33578297
33578376
33580242
33580849
33581159
33586513
33587472
33587555
33588067
33588617
33588674
33588837
33591365
33595661
33595942
33596330
33596897
33598365
33598500
33598545
33598795
33600384
33600385
33600910
33602327
33602715
33603260
33604436
33604538
33605887
33605989
33606399
33607329
33607853
33608146
33608448
33610652
33612331
33612337
33616065
33616932
33617438
33617630
33617687
33617778
33617790
33617804
33617980
33620184
33620271
33620952
33621315
33621438
33622809
33622810
33622814
33622838
33623386
33623797
33624534
33625057
33625117
33626304
33626314
33629232
33629962
33631053
33631776
33631979
33631982
33632202
33632804
33634414
33634443
33634467
33634723
33637380
33641115
33641126
33641339
33641760
33641774
33643534
33643677
33644623
33644671
33644870
33645238
33645247
33645458
33646272
33646311
33646822
33646861
33646865
33646879
33648491
33651097
33651110
33651532
33651858
33652152
33653116
33653117
33654622
33655145
33655456
33656386
33656528
33657031
33657840
33658767
33661415
33662936
33662965
33663019
33663756
33664010
33665923
33667796
33673781
33675077
33675602
33675881
33677022
33677975
33678125
33678170
33678585
33678682
33678959
33680686
33682120
33683331
33683703
33683840
33684144
33684564
33684590
33685820
33687283
33687462
33688938
33689905
33691059
33691355
33692164
33703939
33704104
33704817
33705365
33706914
33708837
33710133
33711430
33713011
33713754
33713784
33714717
33715280
33715624
33715951
33717229
33718784
33720447
33720762
33720822
33720850
33721340
33722080
33728226
33729504
33730765
33734194
33734196
33734412
33734469
33734903
33736521
33736774
33737438
33738172
33738659
33739932
33740968
33740969
33741244
33742233
33743987
33744006
33744086
33745144
33747382
33748394
33748729
33748892
33749739
33749766
33749769
33750190
33750600
33750751
33751662
33751664
33751911
33752994
33754838
33755063
33755064
33755651
33756057
33757311
33759362
33759609
33761903
33764640
33764793
33764932
33765136
33766548
33768392
33768544
33769412
33769441
33769854
33770557
33771107
33771281
33771334
33771412
33771562
33771566
33772616
33772759
33773308
33774219
33775393
33775540
33776042
33777998
33778651
33778953
33778957
33779246
33779684
33780398
33780544
33782261
33782897
33783630
33785298
33786524
33787424
33788283
33793979
33794136
33795050
33795054
33795055
33795060
33795152
33796983
33797507
33797510
33797753
33798526
33807808
33808769
33811853
33812694
33812713
33814067
33814195
33814217
33818753
33818976
33819084
33819086
33819087
33819100
33819450
33819597
33821414
33823425
33823605
33823685
33823968
33824015
33825802
33826366
33826411
33826855
33831699
33831918
33832424
33833012
33835082
33835310
33836033
33837922
33840424
33840430
33840537
33840541
33841887
33842078
33843253
33843592
33843688
33844130
33844588
33845017
33845661
33846100
33846937
33847511
33847618
33847752
33849727
33849732
33849954
33851113
33851571
33852141
33853209
33853381
33854294
33856306
33857778
33858776
33861656
33865730
33866936
33870486
33872560
33874788
33875252
33875254
33877772
33877776
33877780
33877932
33878343
33882947
33883315
33884306
33887115
33890300
33890909
33892242
33893001
33895702
33896274
33896514
33900501
33900874
33900951
33900954
33901570
33901616
33902371
33902569
33902984
33904043
33904046
33904321
33904347
33904883
33904912
33905136
33905529
33906719
33907412
33908024
33908273
33908274
33908276
33909056
33910041
33910054
33910241
33910261
33913771
33914460
33914476
33914483
33914645
33926476
33927125
33930557
33931227
33931242
33931281
33933250
33933363
33933399
33933617
33936478
33936506
33937457
33939501
33939502
33939507
33939509
33939518
33942535
33942797
33945926
33947341
33948796
33949140
33949958
33950205
33953553
33955037
33955118
33955604
33956937
33957934
33958880
33960968
33961496
33961699
33962388
33962445
33965404
33965608
33965847
33966446
33966911
33969480
33970073
33970186
33970684
33970726
33971727
33973937
33974570
33976074
33978722
33978980
33980409
33981161
33983913
33984405
33984410
33984625
33985644
33986948
33987450
33987658
33987792
33988483
33988709
33989247
33989572
33990475
33990963
33992463
33992563
33993288
33993716
33993751
33993987
33994802
33997642
33999159
33999405
33999571
33999738
34000077
34000731
34000736
34000906
34002960
34002963
34002969
34003275
34003865
34006458
34007601
34007627
34007650
34007674
34009055
34009492
34010026
34010039
34010677
34010861
34011094
34012673
34014561
34014573
34014856
34016014
34016255
34017297
34019086
34019358
34022134
34024227
34026394
34027744
34028028
34029005
34029253
34029970
34030498
34030667
34030672
34030976
34031803
34032130
34032811
34033177
34033616
34034753
34037660
34038773
34041333
34041457
34041510
34041964
34042989
34043456
34045274
34047060
34047761
34047790
34047924
34048403
34049554
34050054
34051309
34053228
34053301
34056780
34056912
34057391
34057396
34058101
34058109
34058111
34061204
34061852
34062131
34062148
34062277
34062498
34062620
34062839
34070282
34074139
34075411
34075587
34076341
34077674
34080188
34080234
34081425
34081676
34081884
34082835
34084946
34085283
34087621
34088764
34088819
34090674
34091509
34091580
34091857
34095966
34097002
34097507
34097512
34097513
34097514
34098827
34099272
34099351
34099373
34099411
34100239
34100464
34100866
34101945
34104573
34105257
34106650
34107542
34107791
34108424
34110394
34115665
34115993
34120277
34120982
34121367
34124776
34125219
34126842
34127301
34127372
34128627
34129153
34131086
34133709
34133724
34134884
34136336
34136739
34142090
34142979
34143189
34144082
34144725
34144726
34145495
34145566
34145567
34146922
34147085
34148659
34148829
34148850
34150425
34151635
34151777
34152532
34152847
34153101
34153493
34154448
34156223
34156732
34157960
34158004
34158154
34158181
34158205
34158210
34159340
34160609
34161136
34162276
34162498
34162500
34163258
34164557
34164951
34166267
34166332
34167389
34170229
34170251
34171423
34173227
34173231
34175773
34176279
34176319
34176569
34176753
34176907
34181623
34183427
34183547
34183622
34184420
34185009
34185069
34185555
34185558
34185560
34185579
34186164
34187087
34187520
34187842
34189077
34190172
34191751
34192344
34194129
34197284
34198334
34210627
34211109
34212777
34213557
34214399
34215158
34216400
34219530
34220292
34220661
34223664
34224527
34224882
34225274
34225785
34227736
34227885
34228050
34228198
34229532
34229901
34231409
34232161
34232192
34235874
34235968
34236113
34236409
34236601
34236603
34237447
34237628
34237766
34237769
34238657
34240289
34240512
34240615
34241627
34242060
34242898
34243148
34243668
34243966
34245753
34247459
34247588
34247872
34247954
34252061
34252170
34253112
34253586
34254329
34255290
34255545
34256152
34256642
34260509
34261109
34264812
34264834
34264928
34265455
34266666
34267494
34267862
34268081
34269086
34272764
34275580
34277071
34277970
34278596
34279572
34279578
34279583
34279653
34280299
34283840
34286315
34286818
34287846
34288254
34288901
34291654
34291695
34291817
34292263
34292583
34292766
34292838
34293915
34294415
34297073
34297220
34301470
34303762
34304018
34304917
34306877
34308554
34309099
34309621
34309976
34310377
34312740
34313701
34314117
34314124
34314266
34314297
34314672
34316520
34316627
34318499
34318879
34319281
34319383
34319539
34319560
34320822
34322679
34322684
34323431
34325106
34328444
34328502
34330019
34330094
34332717
34333699
34334737
34337452
34337984
34337985
34337988
34337989
34337992
34339156
34339237
34339245
34339513
34339684
34339685
34339686
34339687
34339688
34339689
34340925
34342653
34342961
34346786
34348410
34348559
34350339
34350589
34350819
34353597
34355751
34357841
34359045
34362596
34363294
34364841
34366496
34367750
34369456
34372976
34373612
34374604
34375465
34375479
34375561
34376317
34378113
34378167
34378775
34379100
34379323
34379923
34380194
34380592
34380640
34381255
34381300
34381411
34383060
34383580
34384880
34386450
34387052
34387132
34387967
34388141
34390701
34391340
34391670
34392617
34397191
34397512
34398193
34400079
34402039
34402828
34402829
34403856
34404255
34404607
34405350
34405899
34406402
34406816
34406820
34407629
34408927
34409377
34409589
34412813
34413910
34414245
34416368
34416720
34417071
34417385
34418111
34419007
34419378
34420191
34420974
34421297
34422397
34422987
34427383
34428088
34428186
34428311
34428924
34430717
34431578
34432696
34432767
34435406
34435990
34448123
34448418
34449270
34452652
34452701
34452823
34452832
34452847
34453437
34454849
34457180
34459392
34459494
34460176
34460290
34461376
34463337
34463922
34463969
34464211
34465124
34465525
34466768
34467032
34467067
34467387
34467388
34467771
34468453
34468909
34468969
34469069
34469348
34469925
34470508
34473259
34473964
34474928
34477169
34478869
34478945
34479764
34481954
34482947
34484877
34484885
34484888
34484929
34487016
34487350
34488657
34490641
34493144
34493457
34495296
34495730
34495734
34498695
34501275
34505103
34505178
34506089
34506324
34506325
34506344
34508034
34508035
34508797
34509379
34510080
34510413
34510453
34512929
34513780
34514431
34515063
34515084
34517399
34518196
34518888
34522535
34523127
34523132
34524386
34524396
34524836
34529516
34530688
34531121
34533575
34533829
34533907
34533910
34534186
34534491
34535323
34535408
34535447
34535558
34537797
34538412
34540140
34542565
34543249
34543408
34543743
34546201
34546823
34546883
34546884
34546898
34547406
34547445
34547529
34548222
34550384
34550648
34551389
34554196
34554236
34554681
34555340
34559014
34559227
34559404
34560296
34562329
34563142
34563716
34564835
34565660
34567391
34569623
34570040
34570170
34570172
34570810
34574821
34579697
34580825
34581189
34581258
34582262
34582397
34582410
34582887
34583514
34585380
34587751
34588211
34588245
34588267
34589910
34590090
34590091
34592509
34592578
34593708
34593710
34594546
34595946
34595949
34595952
34595957
34597265
34597380
34597415
34599037
34599349
34600217
34600741
34600796
34600896
34607872
34608563
34608989
34609498
34609761
34609983
34610872
34611459
34612519
34614552
34615667
34617838
34618553
34619346
34620648
34621956
34623408
34623412
34624200
34625283
34626322
34626478
34626697
34627781
34628015
34628440
34628959
34631040
34632169
34632322
34633420
34633623
34634973
34636807
34643472
34644284
34644516
34644532
34644664
34645318
34646593
34647312
34648179
34649754
34652235
34652789
34653571
34654021
34661600
34661662
34662150
34663083
34666775
34667003
34668195
34668424
34668674
34668678
34670037
34673965
34677088
34678044
34678085
34678215
34678850
34682829
34687550
34689869
34691748
34693261
34693271
34694578
34694928
34695123
34695553
34696173
34696736
34698554
34698614
34698839
34699651
34704836
34705479
34705494
34705847
34709061
34709365
34710578
34711064
34711359
34711361
34713288
34714336
34714340
34714795
34715987
34716766
34717859
34720145
34724423
34725672
34726499
34726500
34726745
34727316
34727742
34730000
34730477
34730504
34736128
34736357
34736640
34736865
34736911
34738965
34738967
34739080
34739412
34739413
34739415
34740596
34742590
34743787
34746992
34747185
34748054
34748364
34748913
34750282
34750676
34751675
34751709
34751724
34754205
34755712
34755977
34756520
34758246
34758500
34761093
34761689
34762097
34762611
34762965
34763603
34763722
34764025
34766950
34767534
34767538
34767541
34767638
34772476
34772873
34773311
34773520
34773706
34774543
34775348
34778738
34778785
34779844
34779852
34780299
34780926
34780946
34780962
34781343
34781717
34783462
34783925
34784146
34784149
34786796
34787552
34787635
34788158
34788163
34788416
34788505
34790530
34793857
34796618
34796703
34797370
34797614
34797617
34798000
34799260
34801189
34806171
34806174
34806212
34807258
34807532
34807552
34808108
34808280
34812788
34812789
34812849
34813570
34814771
34816186
34816438
34817542
34818087
34820527
34820598
34822016
34823366
34823659
34823710
34823855
34826370
34828471
34836659
34836905
34838802
34839750
34841400
34842072
34842508
34845677
34846071
34846241
34846317
34846318
34846528
34846531
34847506
34847874
34850379
34852255
34853853
34854310
34854909
34855069
34856156
34856159
34856585
34857485
34858120
34859429
34861316
34864860
34865693
34870619
34870678
34871069
34871073
34871077
34872105
34872859
34873980
34874402
34876428
34877032
34879702
34879998
34881737
34882180
34882484
34886682
34889109
34889576
34889580
34890371
34894758
34895427
34897506
34898056
34898513
34899285
34901518
34901691
34901925
34902037
34902095
34902514
34902638
34903040
34904802
34906627
34907901
34910144
34910596
34911718
34913164
34913359
34913805
34913872
34914661
34914823
34919346
34921108
34921737
34922920
34923069
34926805
34930112
34932108
34932592
34932999
34933241
34933272
34933596
34933874
34934773
34935720
34936087
34936634
34937038
34937664
34938673
34938996
34939012
34940785
34940861
34940880
34940987
34941594
34942158
34942171
34942346
34946479
34948528
34949119
34949437
34949527
34950029
34950744
34952582
34953091
34953483
34954063
34954065
34954099
34955191
34958404
34958742
34961839
34964665
34965511
34968650
34971591
34971649
34972001
34972865
34973189
34973811
34973814
34974490
34975355
34976658
34977609
34977648
34978531
34979301
34981362
34981366
34982096
34982097
34982629
34982632
34982635
34982636
34982740
34982781
34983855
34984413
34984991
34985912
34987079
34988738
34989798
34990000
34990092
34991133
34991363
34991404
34991981
34993872
34994028
34995081
35000586
35001448
35006019
35006585
35010718
35013916
35014774
35015122
35015587
35015737
35018567
35018570
35019968
35020156
35021183
35022130
35022958
35023004
35023194
35023807
35024690
35024763
35025121
35026363
35027354
35029845
35030180
35030249
35030562
35030565
35031495
35032242
35033299
35034108
35034795
35036132
35037723
35038572
35039232
35040106
35040886
35043397
35043402
35044466
35045365
35047708
35048082
35048298
35049260
35049264
35050420
35051143
35051609
35056408
35057913
35059641
35061797
35062844
35063288
35063398
35064328
35064522
35064552
35067477
35071832
35071980
35072889
35073213
35074583
35074767
35077894
35079829
35083654
35084462
35085067
35085114
35085660
35086694
35088556
35089352
35090128
35090747
35091031
35093015
35093545
35097468
35098745
35098752
35100533
35101064
35103858
35106347
35107716
35108176
35108291
35112306
35113164
35114697
35116210
35119911
35120445
35120693
35123048
35123365
35124801
35124817
35125336
35127974
35128533
35128596
35129210
35131061
35132546
35132551
35132687
35133417
35133421
35133478
35133895
35134969
35135749
35135961
35136920
35137699
35139002
35139107
35139292
35139297
35139298
35140117
35141655
35146072
35147043
35148642
35149160
35149337
35150787
35153101
35154624
35156205
35157059
35157302
35157616
35157893
35165657
35171876
35172166
35172954
35173003
35174250
35174927
35175284
35175448
35176030
35176893
35178702
35179584
35180750
35181518
35183380
35183711
35184815
35186596
35187240
35187480
35188321
35188480
35189202
35189291
35189295
35190241
35191195
35192843
35195684
35196482
35201308
35210395
35211322
35211958
35211963
35212670
35212769
35212878
35213212
35213426
35218052
35221327
35222258
35225071
35225719
35226075
35226305
35227508
35227815
35228377
35230625
35231014
35231025
35231622
35232678
35232884
35232885
35233120
35234409
35234482
35234657
35234708
35234722
35234831
35235213
35236149
35237902
35238397
35238454
35241295
35243439
35243741
35243776
35243953
35245265
35248752
35249967
35253771
35254434
35254775
35254927
35254931
35254938
35255893
35261348
35261710
35261712
35261717
35261937
35262444
35262712
35262903
35264292
35264862
35265701
35266127
35266129
35267033
35270472
35272342
35272346
35272505
35273051
35274625
35274711
35275456
35276272
35276480
35276633
35278213
35278670
35279838
35282179
35283232
35283235
35284775
35285487
35285592
35287181
35287693
35288083
35288084
35288836
35289055
35289764
35290271
35292340
35292833
35294074
35294411
35296719
35297507
35297974
35298784
35300953
35301856
35303163
35304739
35306585
35307529
35308954
35308997
35309566
35310403
35310534
35312661
35312788
35314072
35314286
35314601
35315376
35315377
35315795
35315914
35316744
35317602
35317683
35320025
35322778
35322965
35322977
35323993
35325566
35330421
35331076
35331570
35331992
35332788
35332790
35332972
35333338
35334463
35337237
35337788
35338613
35339393
35340726
35341699
35342936
35343468
35344378
35346753
35346807
35346955
35347007
35348251
35349621
35351602
35353051
35353618
35354101
35354598
35354933
35355261
35355630
35357456
35357729
35358991
35360916
35360968
35361221
35361344
35361444
35361641
35362157
35362863
35363189
35363373
35363833
35364090
35364341
35367057
35367564
35368225
35368560
35368570
35368776
35368785
35369114
35371865
35377304
35377405
35377425
35377713
35377748
35377757
35377759
35377762
35377765
35378234
35379027
35380876
35383606
35383715
35384064
35384917
35385085
35388413
35388512
35389931
35390120
35392681
35393108
35394350
35394512
35394941
35395728
35397113
35397521
35397539
35397646
35398167
35403467
35403537
35404544
35404546
35404547
35404553
35404554
35405264
35405381
35410751
35411261
35411550
35411724
35413730
35414302
35416360
35416474
35416783
35418811
35419505
35420449
35420641
35420745
35420980
35421820
35426737
35427203
35427376
35428687
35429453
35429662
35430735
35436258
35438771
35439440
35440927
35442134
35442413
35442439
35443908
35445202
35446338
35446953
35447387
35447845
35450909
35452088
35460314
35462869
35465259
35467448
35467963
35468476
35468735
35469809
35471065
35471070
35471517
35471520
35471521
35471522
35472007
35472042
35472578
35474656
35476066
35476739
35476819
35477150
35477772
35483335
35483436
35484640
35484941
35486398
35487347
35487811
35488147
35488291
35488709
35488715
35490792
35490932
35490977
35491268
35491381
35491756
35494293
35499667
35500176
35500186
35500188
35500193
35501106
35502614
35502786
35503515
35503528
35503689
35503691
35503990
35506181
35506691
35507330
35507547
35508434
35508681
35510091
35510142
35512990
35513536
35514016
35521293
35522231
35523499
35523691
35524229
35525300
35532549
35533825
35533876
35534219
35535794
35538008
35542975
35542996
35549529
35550347
35550453
35550731
35551235
35554530
35559807
35559870
35559905
35559949
35560685
35560995
35562640
35564905
35567379
35568812
35569000
35574885
35575024
35576338
35576587
35579187
35579386
35579821
35580316
35583388
35583547
35584242
35584317
35585537
35585635
35586512
35586615
35586617
35588946
35589364
35589388
35589389
35592815
35593136
35593901
35594945
35595208
35595567
35595633
35595639
35597963
35598763
35603773
35603854
35604547
35604657
35604684
35605235
35606835
35607291
35607437
35608039
35608114
35608799
35609345
35610765
35612267
35612386
35612464
35612546
35612811
35613687
35614009
35614298
35617528
35617640
35619240
35619977
35620775
35620814
35621720
35621724
35635250
35635334
35635471
35636263
35636667
35637647
35639008
35640790
35641056
35643182
35643842
35644222
35644248
35646267
35646758
35648063
35648400
35650468
35652541
35652763
35652764
35654334
35655167
35656730
35657629
35658639
35658730
35658904
35659803
35660232
35665913
35666070
35666412
35666977
35667412
35668238
35671058
35671942
35673771
35675641
35678243
35678410
35679046
35679173
35679174
35680013
35680053
35680547
35686356
35686435
35688406
35689161
35690399
35690402
35690403
35690408
35690575
35690944
35691490
35692189
35695133
35695271
35695495
35696151
35696311
35696500
35696507
35696512
35696516
35697870
35699853
35699954
35699983
35700384
35703041
35705496
35706716
35708679
35709015
35712323
35712325
35712326
35714549
35716831
35717274
35717421
35718315
35718715
35719744
35719747
35720451
35722829
35723576
35724380
35724735
35725537
35726464
35727582
35728787
35728830
35729404
35729493
35729891
35730585
35731514
35732464
35734055
35734243
35737360
35737856
35737859
35738162
35738223
35738713
35740574
35741305
35747043
35747541
35748685
35750504
35751085
35755094
35757920
35758317
35759264
35759464
35759770
35760109
35760715
35764287
35767247
35767266
35767355
35768062
35768200
35768676
35769935
35770512
35772480
35772928
35772945
35773660
35773787
35774712
35775579
35776567
35779447
35779968
35780015
35780214
35780718
35781346
35782473
35784301
35784967
35787081
35787290
35787803
35788369
35788670
35790308
35791447
35792555
35794514
35794626
35796766
35797497
35797658
35798450
35798857
35799098
35800803
35801188
35803847
35804258
35808929
35808991
35809649
35809919
35810791
35812267
35816318
35816646
35817447
35819308
35819862
35820784
35821496
35822418
35822659
35830889
35833345
35834844
35837511
35837522
35837526
35837532
35837723
35837728
35838270
35838557
35838668
35839466
35841036
35841318
35842201
35843240
35843725
35847836
35849155
35849829
35852873
35852881
35852885
35852888
35854163
35854303
35854715
35857326
35858604
35859543
35861714
35861780
35861797
35861820
35864053
35864353
35866553
35866561
35866713
35867529
35868423
35870018
35872133
35875601
35876190
35876294
35877090
35878815
35879977
35880524
35880769
35881325
35881418
35887865
35893600
35894062
35895043
35895063
35895580
35896038
35896926
35898692
35900736
35900739
35900746
35901252
35901439
35902910
35904015
35904218
35904781
35906141
35906723
35907186
35908757
35909141
35910670
35911284
35912507
35913674
35913706
35914212
35918053
35921121
35921664
35922014
35922135
35923666
35924640
35925591
35925951
35926104
35928922
35930603
35930751
35931137
35931911
35932162
35932187
35932261
35932872
35932885
35932996
35933076
35934633
35934823
35934923
35935734
35937187
35937442
35938828
35939048
35939325
35939833
35940052
35941491
35942689
35943115
35944123
35945471
35946837
35947517
35947881
35948232
35950930
35951484
35960735
35960986
35961410
35961563
35961665
35963441
35964881
35968531
35972261
35972738
35973742
35975139
35976050
35976183
35976635
35976863
35977168
35977175
35977183
35977185
35977188
35977203
35977204
35977206
35977213
35977218
35977221
35977222
35977223
35977225
35977230
35977232
35977235
35977244
35977252
35977261
35977264
35977268
35977279
35977280
35977281
35977285
35977292
35977296
35977297
35977300
35977302
35977305
35977307
35977308
35977311
35977316
35977323
35977686
35979528
35979807
35980640
35981123
35981125
35981128
35981658
35981764
35984657
35987495
35987557
35987887
35991000
35991674
35991693
35991908
35992245
35993313
35995654
35997854
35997977
35997982
35998803
35999142
35999503
35999874
36000415
36001323
36006783
36007202
36007237
36008228
36028278
36031609
36032372
36033824
36035616
36037509
36038518
36039373
36039504
36039963
36040744
36041194
36041953
36041992
36042414
36042655
36044213
36048895
36051002
36052410
36052688
36052841
36054295
36054345
36054666
36054987
36055581
36055940
36056366
36056796
36057903
36058382
36058401
36058433
36058455
36060289
36061492
36062118
36062306
36062489
36062563
36063414
36065176
36065815
36065839
36066306
36066895
36067428
36067429
36067432
36067434
36067437
36067441
36067442
36069831
36071015
36075080
36075282
36075538
36076333
36081309
36081697
36082144
36082506
36082966
36083847
36085121
36085593
36088216
36088988
36089760
36092131
36095159
36096965
36098417
36098437
36098727
36098731
36099174
36099549
36102675
36102831
36103147
36106508
36108785
36108786
36112374
36112955
36114638
36114772
36115725
36119910
36120854
36121363
36121367
36121885
36121905
36125056
36125812
36126131
36126138
36127537
36127650
36127766
36128029
36128256
36128316
36129680
36131064
36131505
36136402
36136435
36137095
36137225
36138250
36138275
36147599
36147760
36148338
36148654
36148727
36149611
36149657
36150035
36150636
36155985
36157618
36158745
36159622
36160445
36160652
36162617
36163016
36163529
36164763
36165248
36166229
36166877
36167762
36170903
36170959
36171495
36171732
36173630
36174243
36175167
36175713
36175757
36178687
36178694
36179786
36181075
36182086
36182098
36183182
36183417
36184326
36184658
36184773
36187071
36190393
36190490
36190725
36191021
36191927
36192293
36192728
36193658
36193708
36193751
36194414
36194417
36194574
36194915
36195163
36196272
36197021
36197562
36197659
36198435
36198492
36199623
36200665
36201213
36201651
36202343
36202531
36203129
36204191
36205227
36205599
36205683
36205707
36205710
36206006
36206501
36206644
36206978
36207000
36207987
36208983
36209151
36209889
36214125
36214126
36214218
36214586
36216076
36216707
36216754
36217375
36217874
36218523
36218568
36218590
36218665
36218674
36218682
36218739
36218748
36218842
36218881
36218911
36218933
36218935
36218937
36218939
36218946
36218947
36218951
36218980
36218991
36219028
36219030
36219114
36219120
36219177
36219633
36219712
36220494
36220564
36222016
36222194
36223138
36223537
36227612
36227614
36227851
36227937
36228059
36228178
36229377
36237997
36238010
36238012
36238015
36238018
36239470
36240214
36241012
36243278
36244224
36244827
36245086
36251292
36251774
36252170
36252171
36252173
36252177
36254727
36255428
36255438
36256681
36256698
36256804
36257345
36257700
36259235
36260036
36262427
36264547
36265174
36265812
36267250
36269338
36270432
36270972
36274555
36280161
36280339
36281568
36281668
36282256
36282270
36282932
36282933
36282937
36283883
36283991
36285666
36288089
36288722
36289455
36293929
36299751
36300666
36301560
36301570
36301585
36303400
36303444
36303710
36306380
36306953
36307366
36307556
36308452
36309320
36309878
36310448
36313004
36314139
36314932
36315914
36316068
36316586
36318635
36318943
36321398
36322058
36322084
36324696
36325498
36325518
36326168
36329451
36330687
36331442
36331505
36334026
36334276
36334680
36334980
36335072
36336461
36336488
36336523
36341079
36342359
36342487
36342716
36343313
36345739
36346180
36346421
36348153
36349964
36350094
36350471
36351331
36351338
36353435
36355045
36355374
36356283
36356289
36356705
36357711
36360469
36360987
36366776
36367729
36367757
36368009
36369622
36371209
36371372
36372056
36372843
36373871
36374659
36375090
36376095
36376143
36376628
36376906
36378770
36378897
36379922
36380895
36381185
36387266
36387477
36387928
36394182
36394461
36394784
36394872
36395112
36395168
36399360
36399450
36399714
36399802
36402940
36403269
36405932
36406973
36407913
36408973
36409474
36409511
36409946
36410561
36413364
36413375
36414805
36415620
36416004
36416252
36417176
36417781
36418205
36420540
36423653
36423893
36424017
36427426
36427602
36427644
36428178
36428284
36435050
36435358
36438954
36440797
36441366
36443083
36444507
36444529
36446042
36446250
36446662
36446722
36448466
36454304
36455101
36455841
36456387
36456400
36458806
36459161
36461929
36462207
36463009
36463813
36466559
36468401
36468538
36468908
36468964
36469005
36469318
36469350
36469828
36470567
36470690
36470707
36472193
36472196
36472594
36472595
36476450
36477545
36477931
36477980
36479003
36480649
36481091
36481285
36481354
36482692
36483433
36484345
36494716
36494765
36495290
36495541
36502319
36504261
36505980
36508218
36509691
36515928
36518357
36520224
36521347
36521579
36522229
36523254
36524477
36525275
36525322
36525552
36525572
36525656
36525660
36526252
36529155
36529380
36529552
36534375
36537696
36538355
36538612
36538926
36539693
36540151
36541229
36542379
36543011
36543263
36543656
36546368
36547947
36547948
36548154
36548928
36549175
36549726
36550805
36554035
36562247
36564259
36566119
36567314
36568920
36571515
36573335
36575329
36576383
36576990
36578585
36579038
36579742
36579962
36580126
36580325
36581135
36582653
36583085
36583540
36584973
36585607
36585871
36585893
36586221
36586768
36588042
36588062
36589917
36590742
36590892
36593482
36593982
36594496
36594828
36594954
36594976
36594990
36596321
36598254
36598848
36599102
36601414
36602454
36602800
36602811
36603182
36605496
36606360
36607626
36608013
36608017
36608102
36609900
36610689
36612723
36612775
36621403
36622650
36623215
36623216
36623611
36624271
36624592
36626214
36626306
36626695
36627836
36628658
36629087
36629973
36630145
36630526
36630561
36631820
36633356
36634112
36634300
36634884
36635096
36635684
36636124
36636148
36636202
36637822
36638009
36638330
36638930
36642254
36642257
36642556
36649185
36650330
36650332
36650510
36650722
36652174
36653224
36653910
36655392
36655591
36655745
36656275
36657098
36657498
36660109
36662504
36662505
36681241
36681977
36684570
36686081
36686594
36690313
36690878
36691454
36692384
36692880
36692881
36692967
36693726
36695654
36696111
36698622
36700751
36701265
36701590
36701935
36705281
36705284
36705285
36705758
36705916
36708247
36709525
36709918
36710098
36712314
36712831
36714286
36714974
36715293
36716017
36718774
36720020
36722719
36723465
36723804
36723938
36724402
36724523
36727728
36727914
36728061
36728379
36728398
36728406
36728775
36728785
36729031
36729431
36729433
36729516
36729581
36729797
36730588
36730660
36731798
36734862
36735406
36736461
36736631
36736933
36739106
36740488
36743233
36745407
36745766
36745837
36745989
36747159
36747175
36748065
36749879
36749936
36752354
36752379
36752496
36752533
36753276
36753557
36754133
36755372
36758003
36763363
36763364
36763370
36763812
36764827
36773448
36773663
36774319
36775644
36776124
36777316
36778081
36778940
36779619
36781061
36781115
36782143
36787139
36787404
36789014
36789608
36790769
36791320
36791674
36792348
36792379
36794863
36794910
36795382
36797678
36798053
36801465
36802824
36802837
36802866
36803060
36803677
36805543
36805798
36807378
36808240
36808746
36808929
36811270
36811931
36811982
36811990
36812148
36813369
36815107
36816170
36817274
36820630
36821057
36822841
36824839
36826717
36826828
36826829
36827627
36828053
36840533
36840959
36840960
36841074
36841851
36842898
36843859
36843957
36846440
36847139
36848086
36848122
36849275
36852191
36852758
36852834
36853249
36853864
36855242
36857734
36859285
36859787
36860179
36861790
36862568
36863863
36864584
36864906
36865640
36866121
36866284
36867460
36868299
36870271
36871653
36872191
36872894
36873608
36875712
36876246
36877102
36877782
36879048
36880485
36881008
36882312
36883853
36884250
36889515
36892825
36893409
36893412
36893422
36893766
36894411
36894493
36894510
36894900
36895552
36896936
36897581
36897588
36898290
36898417
36900681
36900766
36905100
36905138
36906192
36908502
36912541
36912682
36912828
36913142
36914983
36915021
36916061
36916142
36917743
36918110
36918389
36918394
36919110
36919206
36919680
36921652
36922091
36922153
36926488
36926509
36928457
36928830
36930254
36932940
36933082
36933140
36934070
36935064
36935217
36935284
36939371
36939617
36939668
36940119
36940175
36940373
36941423
36942280
36943210
36943266
36943925
36944449
36944474
36946183
36946713
36947013
36947014
36947016
36947022
36947715
36947974
36950040
36950456
36951416
36952081
36952083
36958897
36958952
36961089
36961119
36961460
36961786
36962575
36963741
36966480
36970321
36971040
36971086
36972047
36972139
36972146
36972248
36972544
36972766
36972856
36973924
36975798
36976591
36976786
36977902
36983747
36987566
36987886
36988958
36988959
36989445
36989448
36989452
36989688
36990851
36990926
36992575
36992748
36993436
36994701
36994931
36995083
36996336
36996774
36996867
37000146
37000433
37001939
37002010
37002146
37005969
37006516
37006887
37007662
37007869
37007922
37009418
37010377
37011308
37011311
37011314
37011319
37011520
37011907
37012618
37013423
37014080
37014950
37015104
37015322
37015340
37016340
37016876
37016902
37017218
37017940
37019310
37019381
37019746
37020208
37021770
37021967
37023418
37023922
37024051
37024760
37027159
37027316
37028913
37029034
37029039
37030057
37031015
37032236
37036165
37036727
37036816
37037326
37038308
37039754
37039760
37039798
37040464
37043552
37045519
37045537
37047848
37049516
37051707
37055010
37055156
37057687
37061822
37062248
37064308
37064589
37066110
37067741
37067794
37068023
37068113
37068938
37070244
37070609
37070972
37071095
37071422
37073412
37074340
37074951
37075235
37076113
37077324
37081305
37081673
37082299
37083665
37084324
37084398
37084771
37085668
37085885
37086823
37087458
37088104
37088446
37088870
37090984
37092977
37093019
37093607
37093703
37094233
37094279
37094631
37095287
37095329
37095331
37095390
37096786
37097000
37097432
37098854
37102126
37102376
37102473
37103403
37103437
37103501
37103502
37103884
37103940
37104832
37104837
37105730
37107960
37109000
37113163
37114981
37115543
37116720
37119952
37120135
37120509
37121249
37121252
37125546
37126015
37126379
37126744
37126750
37126752
37126754
37126757
37128943
37129357
37130678
37130988
37132277
37132520
37133331
37133808
37137475
37137734
37138327
37138351
37139147
37139503
37139931
37140895
37141046
37141180
37145398
37145424
37145457
37145467
37145584
37145594
37145610
37145621
37145776
37145928
37146176
37148177
37148626
37148906
37149270
37155181
37155661
37156187
37156229
37157005
37161918
37162039
37163154
37163624
37163657
37165866
37166742
37166790
37167418
37167587
37167598
37168051
37168417
37170479
37170909
37171797
37171854
37172757
37173743
37182603
37183001
37183095
37183162
37183707
37183832
37183836
37183861
37184723
37184869
37185146
37188056
37189227
37192103
37192412
37193770
37195661
37195983
37196210
37196395
37199046
37199402
37202354
37203592
37204378
37204409
37204793
37207663
37208673
37208726
37208921
37210267
37211091
37212148
37214060
37214264
37214883
37219337
37219368
37219396
37219822
37221135
37221660
37222672
37224422
37224594
37224968
37225284
37225352
37225364
37225365
37225635
37226484
37226551
37227243
37227730
37227986
37229783
37229787
37229789
37230522
37231574
37231984
37233399
37234016
37234597
37235562
37235801
37235803
37236842
37243674
37244412
37244455
37245619
37245685
37246228
37246362
37248148
37248765
37251369
37251986
37252740
37252789
37253194
37253245
37254021
37254439
37255044
37257142
37259490
37260622
37261826
37263074
37265164
37266181
37266819
37267875
37268533
37269776
37271183
37271443
37271457
37271821
37272069
37273205
37274014
37275770
37276034
37276171
37276474
37276480
37276598
37278568
37278795
37279847
37280157
37282606
37283776
37284307
37285318
37285910
37285915
37286060
37286404
37286455
37286961
37287226
37287898
37290029
37290401
37293373
37294103
37294182
37294347
37295979
37296355
37296509
37297591
37300105
37300109
37300132
37300212
37300223
37300394
37300486
37301223
37301224
37305100
37306413
37307000
37308120
37308126
37309071
37311698
37312121
37312293
37312341
37312355
37312390
37313079
37313647
37313983
37314222
37314806
37315269
37316114
37316312
37316990
37316993
37317353
37317455
37317461
37318805
37321655
37322894
37323180
37323995
37326906
37328408
37329265
37329626
37330130
37330627
37330720
37331480
37331999
37334101
37334700
37334885
37335260
37337449
37339237
37339585
37340109
37340256
37341420
37341978
37342041
37343279
37343281
37343282
37343304
37343833
37345769
37346012
37347476
37347479
37347766
37348455
37349639
37349643
37350423
37350467
37351074
37351873
37351874
37352661
37353335
37354538
37354540
37355641
37355996
37356068
37356460
37356820
37361364
37362390
37362513
37363121
37364570
37365418
37365904
37366297
37370093
37370754
37376906
37377037
37377446
37377892
37378470
37379501
37380139
37380147
37383875
37383884
37385166
37388826
37389887
37390592
37390850
37391377
37392261
37392562
37394060
37394794
37395381
37399633
37399927
37399975
37400103
37400793
37404067
37404069
37404071
37404075
37405245
37405746
37405748
37406195
37406227
37406230
37406231
37406232
37406238
37406298
37407104
37409930
37410623
37415496
37417550
37417689
37417796
37421405
37422076
37422131
37422307
37422754
37422799
37422889
37423345
37423646
37425438
37428503
37428504
37429029
37429365
37429747
37429849
37430413
37431362
37431671
37432283
37432699
37432772
37433198
37433620
37434333
37435610
37435746
37436137
37439019
37439033
37440224
37440438
37440716
37448423
37449357
37450327
37450703
37451401
37453303
37454127
37454432
37454554
37456616
37458696
37460092
37461819
37462386
37462712
37463114
37463305
37464149
37464510
37466190
37466980
37467396
37468023
37468093
37470176
37471084
37474408
37477925
37479124
37481600
37482188
37485957
37486161
37486673
37486868
37487474
37487736
37487930
37489003
37493280
37495842
37497876
37497877
37498619
37498775
37498914
37501527
37505173
37505487
37505495
37505506
37516196
37516353
37517129
37517349
37517509
37517679
37519272
37523184
37523625
37525280
37525446
37525743
37526044
37526814
37526982
37527287
37527853
37529818
37530955
37531024
37532440
37532984
37535374
37535458
37535704
37535797
37537015
37537088
37537809
37537819
37537821
37537835
37538837
37539063
37540515
37540524
37541357
37542373
37543752
37544137
37545165
37545400
37546959
37548953
37549329
37549368
37549756
37549883
37550162
37551376
37551694
37551695
37553801
37556455
37556602
37556869
37557920
37557935
37559305
37561458
37562330
37566535
37568060
37568523
37568779
37572871
37573165
37573935
37577160
37578377
37579737
37580638
37582296
37582298
37584861
37584883
37586066
37586561
37587643
37587771
37588413
37589985
37590496
37591264
37592047
37592563
37592671
37592686
37592708
37594033
37594744
37594745
37594760
37595648
37595678
37596713
37597260
37598613
37598659
37599142
37599673
37600283
37602243
37602532
37603335
37603632
37604630
37605082
37610114
37610115
37611680
37612890
37615821
37616151
37616154
37616440
37619868
37620715
37623261
37624518
37624611
37625696
37626335
37626682
37632810
37632903
37634548
37634876
37636523
37638728
37639318
37639348
37641048
37643168
37643276
37643638
37643824
37644406
37644697
37644739
37645614
37646166
37646170
37647135
37647820
37651080
37651120
37653151
37653447
37653507
37655560
37655686
37656075
37656192
37657653
37661946
37662025
37662308
37662372
37662657
37663011
37663317
37663585
37664083
37664692
37664842
37667099
37667973
37668467
37668743
37669483
37669489
37669490
37669492
37669498
37671461
37671492
37674152
37674681
37675010
37675758
37676189
37676831
37678254
37678834
37681315
37682553
37682556
37683879
37683933
37684548
37685633
37686609
37688666
37690631
37694164
37694820
37695513
37696350
37696431
37696498
37698273
37698975
37699226
37699763
37701309
37702636
37702967
37704394
37704403
37704487
37708208
37708348
37710262
37712715
37712739
37713209
37713210
37715099
37715508
37716980
37717574
37718184
37718564
37718630
37721734
37721983
37725308
37727389
37728932
37728991
37729529
37733920
37734569
37736459
37736469
37737570
37737738
37740146
37740872
37741315
37741565
37742742
37742991
37744310
37746725
37746921
37748132
37748421
37748680
37751289
37753323
37753648
37754206
37755921
37756235
37756368
37757521
37757637
37757995
37766740
37767861
37768730
37769250
37771715
37775961
37776118
37776119
37776567
37778164
37778479
37778640
37779234
37779816
37781805
37782869
37782880
37782901
37783147
37783836
37786615
37787758
37787992
37788174
37789941
37790499
37790662
37791014
37796198
37796479
37797070
37797195
37801550
37801999
37805375
37806216
37807891
37811672
37812974
37814182
37815324
37817320
37819215
37819669
37820288
37820847
37821710
37822769
37826848
37827714
37828119
37831043
37831591
37831663
37831947
37832304
37833463
37834881
37837998
37839800
37839968
37844607
37844791
37846192
37846202
37847112
37847273
37847750
37851289
37851410
37855097
37855157
37855205
37855681
37855832
37856709
37857442
37857986
37860840
37861186
37862035
37862860
37864573
37864803
37865897
37866490
37866820
37868798
37870232
37870435
37870543
37870544
37870545
37870550
37871678
37872971
37874565
37877198
37877939
37878306
37879000
37879723
37880692
37881443
37881944
37883488
37883647
37883883
37884057
37884615
37887697
37888893
37889363
37889865
37889870
37890179
37890905
37891082
37891102
37898281
37898982
37901307
37902443
37903644
37903750
37903950
37904571
37906366
37907359
37907436
37908033
37909353
37910514
37910860
37913606
37914071
37914999
37916681
37916945
37917533
37917798
37923023
37923570
37926924
37926972
37927043
37927325
37927521
37927527
37927639
37928991
37931188
37931202
37931897
37933243
37935313
37935855
37936540
37938131
37938464
37938810
37939845
37940105
37940435
37940475
37941099
37943220
37943589
37948064
37948646
37950184
37952783
37952874
37953067
37955955
37957523
37957537
37958345
37960866
37961765
37962403
37962423
37962726
37963031
37963032
37963605
37965783
37966874
37967100
37967477
37969229
37970709
37972381
37972411
37972431
37972473
37972665
37972717
37973049
37973707
37976019
37976134
37979121
37980229
37982595
37983024
37983100
37983338
37985466
37986276
37988075
37988077
37988089
37988092
37988093
37988094
37988095
37988096
37988311
37988804
37990545
37990675
37991752
37991783
37991899
37991926
37991988
37992189
37993089
37993872
37995813
37997296
37998471
37999856
38011034
38011172
38011506
38011709
38011716
38014117
38014884
38015801
38015812
38019561
38020046
38020493
38022301
38022848
38023063
38031293
38031495
38033273
38033283
38035325
38036026
38036315
38036460
38036867
38037716
38037867
38038277
38038359
38039002
38041409
38041834
38042334
38042365
38043544
38043994
38044348
38044572
38045938
38047230
38048063
38050764
38051169
38051277
38052419
38053065
38054851
38055925
38058143
38058380
38059275
38060044
38060239
38060993
38063013
38063566
38063582
38064217
38064239
38064240
38064482
38066550
38069618
38070989
38071603
38072014
38072097
38072324
38072334
38072386
38079170
38084864
38085076
38085316
38085319
38085463
38085993
38086003
38086013
38087286
38087704
38090620
38090805
38091503
38092284
38093533
38094932
38095888
38099517
38099518
38099519
38100095
38100460
38102650
38103012
38103968
38105584
38105673
38108685
38109111
38112033
38112087
38112382
38113134
38113202
38113701
38113754
38114452
38115716
38117154
38117923
38123044
38123063
38126756
38126801
38127588
38128449
38134403
38135120
38135157
38135304
38135484
38140901
38140903
38140915
38144872
38145237
38145955
38146178
38146764
38146905
38147497
38147713
38148257
38149076
38149109
38149692
38149769
38150228
38151246
38151763
38151795
38153736
38153863
38154005
38155916
38157238
38158598
38159098
38159910
38160119
38160236
38163021
38165452
38166921
38170516
38170528
38171033
38172410
38173136
38175534
38176956
38180126
38182001
38184119
38184309
38186232
38190592
38190594
38190959
38191081
38192236
38193303
38193801
38193960
38193961
38194303
38195324
38197638
38197907
38198140
38199291
38199616
38199624
38204397
38204443
38204970
38205402
38205638
38205662
38205933
38206064
38213845
38213847
38214919
38214920
38215268
38215924
38215934
38218555
38219348
38219607
38219740
38222923
38223313
38223490
38225679
38225880
38226396
38226652
38227380
38227901
38228492
38228534
38231356
38231487
38234237
38235576
38237166
38237702
38237720
38237762
38237890
38240565
38240801
38240917
38241014
38241057
38241261
38243152
38243369
38244828
38244956
38245912
38246185
38252444
38252609
38252944
38258853
38259956
38261524
38261970
38262010
38262382
38262646
38262816
38263877
38265038
38265799
38266687
38267358
38267992
38268474
38269920
38271686
38274901
38275114
38276285
38277170
38277234
38277858
38278185
38278186
38280048
38280225
38282694
38283324
38285429
38287140
38291101
38294309
38298751
38300452
38301120
38302297
38304582
38306091
38308623
38308627
38308921
38309303
38310193
38311299
38312307
38312738
38312919
38313161
38313953
38314346
38314738
38315793
38316594
38317778
38319498
38320226
38320467
38320692
38320839
38321315
38323146
38323663
38323738
38323987
38324306
38324387
38324751
38325529
38329195
38331046
38331381
38331855
38333028
38334993
38334994
38334995
38335264
38335871
38336106
38336300
38342081
38342729
38343153
38343410
38343529
38344670
38345282
38345789
38348105
38348207
38348308
38348963
38350832
38353585
38354331
38355492
38356048
38356161
38356377
38356748
38357977
38358740
38359018
38361094
38362210
38362880
38362909
38363561
38364697
38365289
38366282
38366343
38369788
38370335
38372991
38374959
38375861
38377158
38377387
38381139
38381242
38381545
38381548
38382053
38383041
38383856
38386222
38386962
38386970
38389425
38390624
38391239
38393701
38394231
38395607
38400670
38401618
38402036
38404115
38406628
38407910
38408270
38408291
38409682
38410668
38413009
38415048
38415699
38415783
38416968
38417777
38419507
38424086
38424213
38424837
38424843
38424869
38424916
38425722
38427339
38427341
38428653
38431095
38432284
38432477
38432715
38433043
38433389
38433808
38435347
38436547
38437031
38437601
38437607
38437610
38437614
38438122
38440888
38440969
38441644
38442204
38442303
38442304
38442514
38443911
38444080
38446594
38447009
38447067
38447624
38447767
38450625
38451780
38453187
38453267
38456477
38457153
38457290
38457819
38457823
38457824
38457827
38458932
38458986
38459983
38462061
38462063
38465800
38466653
38466828
38466999
38467285
38467348
38467431
38470114
38470718
38472618
38476485
38477888
38477903
38478867
38478930
38478936
38480678
38481496
38485858
38488302
38488778
38490619
38492972
38493400
38493533
38495060
38495124
38495896
38497546
38500895
38502565
38503671
38504247
38504583
38506818
38506841
38506853
38510191
38510555
38510780
38510996
38511648
38511685
38511724
38512988
38513092
38513754
38514037
38514449
38515122
38515280
38517411
38517413
38517424
38517787
38518987
38520502
38520599
38520626
38522798
38523411
38523417
38524387
38524836
38525383
38525526
38526042
38526387
38526494
38527283
38527966
38528210
38530303
38531057
38532691
38533157
38533185
38536161
38536186
38536508
38538822
38544439
38545790
38546202
38546366
38546388
38546441
38546706
38547357
38549090
38550480
38550711
38551590
38551604
38551712
38552671
38553067
38553967
38554934
38555630
38556037
38556679
38559514
38559704
38559748
38560394
38560989
38561310
38562705
38564391
38565524
38566560
38566959
38567301
38567417
38568034
38571440
38573612
38578627
38578837
38579485
38581037
38581083
38581144
38581921
38585227
38586278
38586613
38587376
38587435
38588554
38588578
38588766
38589990
38591746
38591754
38594078
38594081
38594743
38595137
38596267
38597342
38597779
38598231
38598671
38598697
38598752
38602314
38602676
38603533
38603562
38604101
38605648
38606552
38606556
38607558
38607641
38607643
38609447
38610145
38613195
38613874
38617723
38618736
38618890
38620344
38621151
38622903
38625015
38626441
38629264
38630943
38631109
38631342
38637936
38639136
38639371
38639376
38639698
38640417
38640418
38641193
38643385
38644929
38645734
38646618
38647165
38648491
38648513
38648639
38648830
38648855
38648945
38648950
38649110
38649985
38652221
38652666
38652757
38654591
38655069
38655803
38657532
38658506
38659868
38660117
38660795
38661316
38662368
38663534
38663535
38663745
38663986
38664036
38668084
38669019
38669033
38669319
38670173
38670605
38670839
38671513
38677374
38682717
38683304
38683918
38684134
38687267
38687479
38687893
38688308
38688548
38689398
38689416
38689421
38690054
38691362
38692729
38697259
38697294
38697406
38697515
38698467
38698670
38698869
38701027
38701030
38701304
38702650
38703920
38704825
38706431
38709112
38709533
38709961
38709969
38709974
38710363
38710472
38711323
38712553
38712997
38713445
38714970
38716766
38717043
38719164
38719499
38720255
38720543
38720953
38721493
38722492
38722749
38725085
38725700
38727326
38727412
38728547
38728681
38729015
38733607
38734329
38734769
38735409
38735550
38738756
38738928
38739388
38739863
38740190
38742597
38743728
38743853
38744215
38745719
38746205
38748928
38748929
38748931
38750831
38751576
38751732
38752293
38752869
38753326
38753794
38754136
38754385
38754542
38755470
38756175
38756237
38756239
38756364
38756369
38756398
38756401
38756404
38756548
38756552
38756671
38756831
38756918
38756925
38757072
38758183
38758550
38759511
38760250
38762337
38762641
38763482
38764700
38768645
38769259
38770038
38770068
38770409
38770653
38771578
38771923
38771944
38772606
38773730
38773848
38773912
38774047
38774576
38775955
38776090
38776523
38777140
38777349
38777587
38777614
38778830
38780374
38780478
38780935
38782409
38786459
38787543
38788516
38791975
38793773
38795100
38795958
38796904
38798476
38804024
38804181
38805195
38809403
38810535
38810963
38812783
38818584
38818585
38819620
38819795
38819796
38820190
38822732
38822752
38822953
38824629
38825153
38825734
38825849
38825963
38825987
38826064
38826070
38829451
38829614
38830035
38830434
38830437
38830550
38830597
38831015
38833712
38837756
38838173
38838377
38838690
38838781
38838843
38839058
38841032
38841599
38841717
38842823
38845072
38847082
38847241
38847363
38848082
38848086
38848088
38848256
38849260
38849334
38849693
38850129
38851585
38851670
38852612
38852710
38855430
38856994
38857031
38858129
38860071
38860365
38861295
38862238
38864783
38865128
38865652
38866228
38869878
38869887
38871283
38874931
38875172
38875557
38877746
38879286
38880181
38881223
38881990
38883793
38884584
38884975
38884997
38885416
38885931
38885944
38888865
38888915
38888939
38889070
38889199
38889206
38889288
38889370
38889914
38890126
38894988
38895008
38897262
38899666
38899674
38899842
38902987
38908329
38908609
38908807
38909630
38909662
38909918
38910741
38911681
38912919
38912930
38912931
38912933
38912952
38912996
38913956
38914004
38914655
38915808
38916100
38916811
38917305
38917575
38919346
38919764
38919964
38922629
38923795
38924542
38924586
38925259
38926321
38926325
38926632
38927874
38928949
38934297
38934477
38936316
38937360
38937362
38937363
38937773
38938273
38939318
38939806
38940707
38941087
38941176
38941411
38942372
38942653
38943723
38944762
38944764
38944790
38946545
38950157
38950158
38950291
38950298
38950303
38950305
38952729
38954780
38957068
38957996
38958132
38959456
38960607
38961668
38961681
38962627
38962767
38967949
38968407
38971231
38972468
38972497
38973969
38975672
38975882
38975948
38976304
38976346
38976486
38977998
38978114
38978195
38978406
38979043
38979879
38980601
38980673
38980953
38981943
38985150
38985151
38985495
38985696
38986112
38986915
38987036
38989368
38990185
38990572
38992626
38994485
38995828
38995830
38996182
39000244
39002615
39002898
39003091
39003108
39004269
39008283
39009615
39012709
39013475
39013714
39014427
39019696
39020416
39021616
39023453
39023888
39025606
39027748
39028405
39028653
39028654
39028655
39029625
39029804
39029927
39030827
39030893
39030944
39030995
39031257
39032025
39032796
39034204
39036263
39036517
39036785
39037747
39038257
39038867
39041745
39041750
39042146
39042335
39042405
39042570
39043573
39044509
39044852
39046733
39047269
39047385
39047921
39049797
39050144
39050917
39051922
39052384
39053017
39053143
39053633
39055130
39058643
39059586
39059626
39060688
39063396
39069886
39070136
39070351
39071107
39072691
39073823
39074156
39075769
39077716
39080087
39080861
39082781
39082850
39083317
39083566
39084406
39084412
39085470
39085578
39087777
39087794
39088207
39088295
39089229
39090152
39090545
39093341
39093563
39096953
39097040
39097791
39097860
39099622
39100412
39100420
39101347
39102338
39102345
39102473
39102602
39102723
39102882
39103294
39106684
39113236
39115517
39115592
39115791
39116513
39117298
39119993
39120894
39120949
39120969
39121032
39121116
39121122
39121462
39122573
39122592
39122596
39123233
39124815
39126234
39127488
39128635
39128893
39129557
39129961
39130182
39130715
39131242
39131488
39131540
39131638
39131653
39131979
39133113
39133171
39133469
39133875
39134214
39134257
39135546
39135628
39136366
39137035
39137362
39139324
39140603
39140905
39141357
39141369
39141386
39142705
39142865
39143027
39146449
39146484
39146487
39146500
39146826
39147009
39147075
39149461
39150712
39150791
39151034
39151203
39151992
39151993
39153084
39153603
39153865
39155043
39156435
39156455
39158210
39158578
39158639
39158906
39159781
39160311
39161373
39162377
39163041
39163045
39163564
39165799
39166879
39167355
39167588
39168448
39172260
39172448
39172668
39173732
39175840
39176100
39177610
39177937
39178699
39178931
39178973
39179001
39179184
39179297
39180221
39184308
39184874
39185302
39185359
39186266
39186788
39188172
39189117
39191660
39193060
39193981
39194047
39194340
39196552
39196723
39196891
39197589
39198931
39206054
39206434
39206435
39207756
39208399
39208691
39210156
39211004
39212082
39212960
39213146
39213677
39213779
39216608
39218740
39219504
39222370
39222741
39225291
39225337
39226058
39226503
39226507
39226508
39226948
39227214
39229724
39229863
39230743
39230967
39231267
39233112
39233196
39233389
39234558
39236686
39238824
39239886
39240265
39240311
39240577
39241764
39242096
39244327
39250498
39254614
39254646
39254695
39256893
39258087
39258999
39259000
39259540
39261304
39263552
39265260
39265645
39266256
39267885
39269322
39269708
39269713
39271283
39275949
39276148
39277069
39277456
39277926
39278627
39281438
39281996
39282003
39282217
39283111
39283615
39284390
39284565
39285073
39287942
39287943
39287994
39288723
39288939
39289915
39290478
39291622
39291724
39293070
39298640
39298758
39298783
39299857
39302231
39302260
39302676
39303221
39303423
39304796
39305238
39306635
39307273
39307351
39307388
39307391
39308030
39310421
39310921
39310996
39311623
39312213
39312683
39312847
39313143
39313569
39314673
39314831
39316292
39316357
39316553
39317612
39319459
39321045
39321118
39321922
39322027
39322602
39323920
39324980
39326090
39326655
39327014
39327845
39331041
39331674
39332029
39340471
39340529
39340808
39342502
39343709
39344010
39344852
39348141
39348434
39348554
39348875
39350360
39350370
39351585
39351776
39352350
39353116
39353759
39355968
39356528
39356984
39357685
39358312
39358335
39359119
39360964
39362465
39364591
39365606
39367022
39367286
39367288
39367873
39369339
39369949
39369963
39370832
39372473
39374183
39374459
39374461
39374802
39377691
39378037
39379018
39379065
39380186
39381448
39383116
39383278
39383674
39384467
39384529
39385639
39386066
39389151
39390233
39391011
39391632
39391688
39392304
39392639
39392645
39392769
39392871
39393030
39393041
39394471
39394970
39395085
39395614
39395862
39396362
39399282
39399570
39399979
39400730
39401016
39401033
39404637
39407729
39411632
39411784
39412183
39412776
39413315
39413335
39415612
39416396
39417144
39417222
39417390
39418137
39419201
39419282
39419322
39421342
39422550
39422927
39423000
39424239
39424339
39425032
39425174
39425479
39425746
39426717
39426942
39428097
39428289
39428989
39429492
39430324
39432271
39432312
39433299
39434204
39434608
39435465
39436859
39437987
39439060
39439245
39439275
39439279
39440854
39441006
39441320
39441539
39441597
39441611
39441754
39444260
39445448
39446235
39447477
39447721
39449925
39450126
39453332
39454021
39454216
39455430
39456120
39457295
39458225
39461413
39462801
39463591
39464233
39466273
39466279
39467045
39467174
39467180
39467295
39469999
39470586
39470641
39471265
39475518
39475806
39475825
39475957
39476128
39479557
39479786
39482947
39483486
39483955
39484343
39485335
39485350
39485782
39486752
39490782
39493196
39494813
39494858
39496081
39496086
39496089
39496108
39496318
39497452
39498908
39499051
39499066
39499132
39499832
39501423
39501739
39501815
39502038
39502674
39504004
39504404
39507509
39507604
39509127
39509134
39509372
39509374
39511118
39514194
39515194
39520301
39522138
39523293
39524106
39524470
39524476
39526556
39526811
39527364
39527624
39528043
39528723
39529791
39529825
39529971
39530135
39530286
39531202
39531274
39531329
39531340
39531846
39532216
39533535
39535767
39535793
39536692
39536802
39536804
39537114
39538969
39539059
39539801
39539832
39539838
39540670
39541584
39542213
39542708
39544317
39544318
39545037
39545900
39546305
39546754
39548762
39549039
39550109
39551102
39551172
39551403
39554945
39556394
39556837
39558469
39559447
39560078
39560274
39560634
39560829
39560861
39561478
39565964
39567377
39567425
39569411
39569857
39570575
39571055
39571064
39571131
39571663
39574140
39574158
39575595
39576008
39576038
39576613
39576614
39577140
39578841
39579649
39579803
39580704
39581275
39581508
39583033
39583984
39584187
39584673
39584940
39585720
39586063
39586409
39586411
39586465
39587383
39587965
39588564
39588657
39588675
39588980
39589743
39589848
39591489
39591702
39592489
39600329
39600344
39600414
39602525
39604042
39604952
39606272
39608400
39608573
39609805
39612254
39612487
39613171
39614287
39614637
39614949
39615160
39615631
39615818
39616411
39616785
39616968
39617910
39618093
39619120
39620465
39620846
39621572
39621971
39622070
39622071
39622422
39623184
39623975
39624952
39625067
39626136
39626138
39626141
39626142
39626147
39626149
39626150
39626153
39626155
39628022
39629268
39630317
39630548
39630598
39635422
39636635
39637289
39637407
39638276
39639199
39639895
39640237
39640244
39641939
39641942
39642015
39642912
39648858
39653195
39653563
39654532
39655989
39656057
39657641
39659048
39660846
39664480
39664484
39665365
39666346
39666469
39666755
39668063
39670051
39670143
39670447
39671311
39671315
39671737
39672267
39675500
39675951
39676364
39677005
39678935
39678998
39679868
39679937
39679946
39680312
39680389
39680405
39680701
39680704
39680706
39682253
39685684
39686950
39687054
39688101
39688820
39688821
39690110
39690170
39691272
39693561
39693578
39693757
39695575
39697605
39697807
39699166
39699533
39699616
39701605
39701881
39702236
39702540
39704732
39706255
39706578
39706763
39707085
39708025
39710500
39710549
39710649
39710911
39712144
39712746
39713233
39714224
39714547
39714835
39714838
39714840
39714864
39714891
39716456
39717313
39717859
39719312
39719512
39719718
39722095
39722552
39722578
39724113
39726504
39727033
39727070
39727314
39731041
39731653
39731707
39733253
39736399
39736650
39738803
39739251
39739383
39739398
39739415
39739572
39739625
39743135
39745502
39745509
39745699
39745840
39745841
39745842
39748217
39749452
39749477
39752646
39753416
39755488
39756589
39758136
39758875
39758976
39759260
39760832
39761451
39761452
39761456
39761457
39761458
39761460
39761463
39761464
39761916
39762708
39763029
39772358
39773683
39775484
39775667
39775924
39776400
39776769
39786337
39786652
39786774
39787426
39787538
39787585
39789618
39789689
39789863
39789872
39791219
39791671
39792400
39792401
39792403
39792846
39792985
39797574
39797932
39800081
39800485
39802295
39803931
39804230
39804477
39807779
39808026
39808038
39808051
39808428
39808833
39808850
39809470
39809960
39810622
39810799
39811715
39811824
39812079
39813089
39814407
39817250
39817331
39817523
39818677
39819165
39819252
39819660
39819818
39820387
39820467
39821278
39821759
39822235
39822236
39822237
39822846
39823444
39823591
39825177
39826183
39827943
39828241
39828938
39835684
39836789
39837729
39839086
39839312
39839567
39839956
39840892
39841083
39841476
39842842
39842859
39844831
39844893
39845159
39846420
39847351
39847773
39847852
39848464
39849475
39849893
39853652
39854003
39855059
39855962
39862224
39862649
39863480
39865452
39865546
39867365
39867672
39868809
39869337
39871161
39871597
39872412
39872514
39873144
39874798
39878380
39879281
39879381
39880200
39881599
39882151
39883151
39883273
39883473
39884657
39884660
39887759
39888644
39888855
39889592
39890091
39891325
39891936
39892523
39892526
39893930
39898794
39899766
39899773
39899894
39900193
39901106
39902815
39904651
39906363
39908047
39910031
39911503
39911927
39912816
39912865
39913135
39913649
39913652
39914756
39916970
39916972
39919998
39920892
39921418
39922241
39922715
39924368
39928741
39929363
39931049
39932770
39933104
39935003
39936035
39936297
39938883
39943684
39945198
39945353
39945716
39945944
39949828
39951281
39951306
39951312
39951314
39952774
39953484
39955002
39955125
39955210
39956080
39956155
39956292
39956339
39956498
39957662
39960482
39960899
39960990
39964578
39965428
39965870
39966490
39970074
39971209
39971640
39971894
39972931
39974004
39974005
39974706
39975964
39976166
39976304
39976969
39976977
39976978
39977108
39977287
39977288
39977293
39978400
39979061
39980252
39980262
39981570
39982017
39982714
39982721
39982726
39983533
39986337
39989369
39990000
39991078
39992481
39992684
39992746
39993310
39994828
39994868
39995805
39998727
39999179
39999953
40000079
40003520
40011093
40012590
40014834
40015439
40019427
40019743
40019862
40019863
40019867
40019872
40019873
40020042
40021461
40021462
40022746
40023213
40024617
40026325
40026919
40029658
40029659
40029662
40030112
40030115
40030117
40032373
40032794
40033674
40034029
40035045
40035265
40037619
40038572
40040527
40040557
40040860
40042495
40042501
40043897
40046982
40047576
40048426
40051061
40052387
40052689
40053338
40053887
40054476
40055005
40055274
40057404
40059202
40059293
40061147
40062586
40063021
40063346
40067637
40068783
40070677
40071629
40072725
40073832
40078858
40079120
40080238
40081445
40083128
40083132
40084979
40085925
40086495
40087065
40088010
40088420
40089304
40090416
40090755
40092650
40094648
40096754
40098605
40099673
40100035
40103338
40104541
40105758
40106112
40106139
40109319
40109390
40109440
40111071
40116243
40116247
40116251
40116252
40116898
40117391
40118809
40119826
40120654
40120655
40122091
40122292
40122372
40123227
40124965
40125392
40125837
40125877
40126108
40126474
40127324
40127325
40127328
40127333
40127336
40127337
40127339
40127343
40127352
40127354
40127355
40127358
40129015
40131575
40132049
40134335
40135561
40135864
40136299
40136355
40137460
40138699
40138975
40143430
40146030
40147221
40147474
40147498
40151796
40152080
40152794
40152796
40152799
40152841
40152874
40153221
40153685
40154771
40155193
40156263
40156279
40156581
40158646
40163429
40164090
40165309
40165884
40165979
40167098
40167335
40167518
40167585
40168025
40170219
40172165
40172887
40172907
40173192
40177471
40177921
40178841
40182257
40183824
40184057
40184151
40184606
40185341
40185392
40185979
40187379
40189832
40189982
40190277
40190585
40190700
40190872
40193837
40194284
40195790
40197746
40198067
40201397
40203882
40205451
40206499
40210152
40212754
40213727
40215069
40215071
40215072
40215073
40217824
40219736
40219754
40220799
40221108
40221830
40221845
40223528
40225701
40226259
40227399
40227448
40227449
40227682
40228780
40230344
40231295
40232723
40233138
40233811
40233922
40233949
40234191
40235084
40235160
40236792
40236876
40238121
40238225
40239182
40241092
40241661
40242394
40243154
40243970
40244617
40244621
40245016
40245238
40245322
40245972
40246140
40247026
40248758
40249373
40249608
40249617
40255849
40256315
40260848
40262679
40262905
40262906
40262969
40264703
40266627
40267304
40267368
40268320
40271096
40271296
40271981
40272069
40272251
40272264
40272321
40272340
40272801
40272810
40273325
40273958
40274027
40274078
40277241
40279109
40279111
40279112
40279115
40279407
40279533
40285424
40287022
40289586
40290737
40290862
40291527
40293414
40293751
40293760
40295326
40296928
40297068
40297401
40297417
40298022
40298306
40298393
40298936
40299420
40303275
40304047
40305043
40306627
40307669
40307676
40310643
40310645
40310679
40312801
40313205
40313429
40314944
40314953
40315365
40316202
40317219
40317735
40317740
40318054
40319888
40321285
40321881
40321975
40322317
40323258
40323731
40324136
40324351
40325875
40326742
40328431
40328584
40329025
40331586
40333011
40334020
40334137
40334337
40336131
40336955
40338021
40338588
40339823
40339937
40339972
40340456
40343716
40344226
40344536
40344584
40344679
40348044
40349878
40349978
40350777
40351354
40351355
40351798
40352049
40353821
40354295
40354958
40354995
40355020
40355309
40355843
40357429
40357670
40358024
40358111
40358505
40359467
40361505
40363940
40365570
40366345
40366669
40367373
40368075
40368636
40370939
40371055
40372173
40372308
40372337
40373030
40373826
40375053
40376776
40376791
40377834
40377932
40378235
40378343
40378414
40378775
40378814
40381831
40382577
40385434
40386028
40386443
40387107
40387709
40387710
40387719
40388221
40389072
40389528
40390804
40395062
40396874
40397832
40397836
40398013
40399586
40400870
40401431
40402077
40402423
40403779
40405424
40407014
40407762
40408038
40409471
40411188
40411497
40411941
40413981
40414600
40416183
40416299
40416338
40420868
40424576
40425038
40426061
40426191
40426584
40432258
40432372
40432379
40432671
40434488
40434786
40434805
40434837
40435980
40436076
40436496
40436688
40437138
40438779
40440924
40441310
40441503
40443140
40445599
40446757
40448575
40448982
40449533
40450449
40450870
40451171
40454696
40454777
40454832
40456028
40456029
40456030
40456031
40456034
40456037
40456040
40456041
40456591
40459535
40459676
40459891
40459892
40461255
40462277
40464879
40465415
40465662
40465674
40466113
40466920
40468635
40469357
40470953
40471559
40471563
40471577
40471840
40472661
40473006
40474431
40474549
40476134
40478555
40478756
40479835
40480335
40480616
40481575
40481750
40481825
40482214
40482824
40482897
40484025
40484174
40484194
40485883
40486478
40487837
40489901
40489967
40491054
40491267
40491438
40491439
40492070
40492998
40496405
40496535
40498279
40498684
40499814
40503533
40503536
40504940
40504954
40505747
40505750
40506013
40507580
40510196
40513013
40514311
40514665
40515473
40520293
40521333
40521727
40522738
40523569
40524136
40524671
40525376
40526382
40526798
40528162
40528405
40528569
40528763
40528796
40529849
40529851
40530145
40531441
40531510
40531910
40532229
40532693
40533208
40537088
40537972
40538318
40538326
40538335
40538605
40539889
40540073
40542547
40543540
40543561
40543878
40545017
40545758
40546651
40548099
40549380
40549448
40549500
40550170
40550419
40550637
40551006
40552779
40553031
40553728
40555242
40555402
40555740
40557464
40559483
40560200
40560566
40560572
40560583
40560591
40560635
40560965
40561998
40563062
40563653
40568971
40569592
40569596
40570610
40571067
40571830
40571952
40574658
40574737
40575760
40576515
40576640
40577024
40577035
40577036
40578117
40578562
40578872
40578910
40578918
40578921
40579322
40580062
40581223
40584020
40585118
40585395
40586740
40587814
40589981
40590824
40590901
40592667
40592746
40596864
40601563
40601824
40601879
40602451
40605519
40606421
40607129
40607703
40608307
40608308
40608336
40609809
40611541
40611639
40612083
40613685
40616108
40616320
40616781
40619116
40621727
40623252
40623256
40623262
40623288
40623680
40623891
40625204
40625869
40626996
40629159
40629412
40630271
40632981
40633249
40633708
40633851
40636516
40637706
40637707
40638126
40638684
40638790
40639585
40643188
40643914
40643923
40645820
40647445
40648528
40653930
40654228
40656409
40657587
40657590
40659054
40659198
40660454
40660470
40660772
40660777
40660892
40662503
40663643
40665084
40665697
40666260
40667697
40667705
40668366
40668561
40669441
40670828
40671597
40673476
40673722
40673780
40674053
40674602
40674777
40675215
40675931
40676756
40677000
40677215
40678207
40679784
40679816
40679817
40680081
40680594
40680810
40681711
40683419
40685657
40685794
40686456
40686541
40686662
40687059
40689688
40689891
40689986
40690233
40690244
40691922
40693254
40693336
40694275
40696838
40696872
40697303
40697433
40698324
40699571
40700445
40700550
40700659
40700872
40700972
40701265
40701338
40702379
40702953
40704716
40704847
40704963
40705730
40705808
40705907
40706081
40707938
40709022
40709457
40711779
40711959
40712818
40713251
40713402
40714524
40715967
40716958
40720123
40720133
40721568
40721704
40721997
40726731
40727979
40730346
40730403
40731288
40731763
40734197
40734241
40735092
40735966
40736191
40736735
40737504
40737563
40737564
40738231
40739524
40741455
40741660
40741680
40743652
40744265
40744322
40745548
40747452
40747891
40748333
40748369
40748544
40748546
40748635
40748640
40749453
40750001
40751494
40751510
40752283
40753491
40754347
40758352
40758922
40758933
40759584
40760441
40765768
40766987
40767838
40767867
40767914
40768681
40770930
40772572
40772787
40773630
40773669
40774605
40774667
40777645
40779257
40779258
40779263
40779264
40779673
40779785
40780592
40783083
40784064
40784469
40784592
40785024
40785307
40785459
40785805
40787285
40788638
40788644
40788649
40789182
40794416
40794679
40801367
40801398
40804464
40806133
40809921
40810446
40811521
40812159
40814048
40815596
40816632
40820492
40824300
40824676
40824996
40825087
40827117
40828114
40828204
40828531
40828535
40828537
40828903
40828979
40828984
40829083
40829097
40829367
40831363
40831911
40831918
40832678
40833693
40833776
40834203
40834207
40834325
40834492
40834657
40834801
40837610
40838544
40838792
40840585
40840685
40841252
40841335
40844152
40844501
40844729
40844770
40844771
40846511
40846637
40849995
40850726
40850730
40850732
40850733
40850924
40854165
40854207
40855523
40855967
40856232
40857112
40858330
40859835
40860522
40860953
40861017
40861167
40863420
40863682
40864647
40864979
40865035
40865995
40873861
40874428
40875572
40876215
40876599
40878219
40878630
40879085
40879102
40879122
40879306
40879574
40879862
40880091
40880105
40880167
40881858
40882618
40884226
40884693
40885160
40885216
40885458
40885541
40887807
40892165
40893065
40893119
40895171
40895276
40895640
40895647
40896804
40897137
40897970
40900050
40900857
40902098
40902122
40902650
40902686
40904620
40905005
40905777
40906022
40906878
40908503
40909761
40911306
40911326
40911806
40912003
40912639
40912675
40912928
40913582
40914562
40914900
40915519
40915858
40917076
40917464
40919299
40920373
40920386
40920419
40921087
40922424
40922679
40923069
40923220
40923851
40923995
40925682
40926183
40926311
40927604
40928080
40928189
40928579
40929928
40929951
40931982
40932398
40932687
40934137
40934522
40934962
40935055
40936624
40937429
40938262
40938305
40938602
40938619
40938639
40939087
40946921
40947084
40947101
40947753
40948572
40953318
40953332
40953652
40953741
40955424
40955683
40955689
40955726
40956582
40958012
40960434
40960916
40961032
40962269
40966457
40966635
40969461
40971075
40971147
40971159
40971167
40971549
40971741
40974264
40974394
40976535
40976773
40977594
40977994
40979233
40979234
40979439
40979671
40980224
40982195
40982281
40982314
40983530
40983571
40984131
40986898
40986899
40987968
40988713
40991250
40991286
40991428
40991925
40993289
40994989
40995402
40995890
40996399
40996422
40997713
40997987
40998168
40998272
40999189
41000488
41000489
41001021
41002569
41004183
41004211
41004336
41004691
41005665
41005962
41006130
41006961
41008484
41014761
41019908
41020366
41021256
41023546
41024610
41024731
41024956
41025310
41025440
41025984
41026890
41027749
41030024
41031062
41032297
41032742
41033497
41035927
41037269
41037927
41038046
41038421
41038577
41040716
41040730
41042172
41042507
41049895
41050428
41052380
41052381
41052388
41052389
41052567
41052695
41055688
41055908
41056083
41056517
41058121
41060653
41061117
41061189
41061191
41064236
41065239
41065485
41066196
41066715
41067255
41067704
41067807
41070240
41071135
41071306
41071562
41072190
41074060
41075703
41075942
41077078
41077673
41079423
41079425
41079952
41080242
41080261
41080830
41081087
41082700
41082726
41085756
41086035
41090370
41090372
41090391
41091051
41091122
41091515
41092160
41092383
41098066
41099388
41099930
41100121
41102114
41102680
41103181
41104507
41104758
41105375
41106520
41106549
41106580
41106703
41106708
41107182
41107450
41108622
41108858
41109326
41110645
41110722
41110822
41111874
41112680
41114975
41116719
41123471
41126513
41126661
41128279
41128893
41129151
41129153
41129819
41131960
41134558
41134562
41135547
41137513
41139687
41139891
41141613
41142760
41143660
41143663
41143669
41144826
41147316
41150626
41151078
41151840
41152699
41159254
41161662
41161663
41163118
41165079
41165883
41166984
41167145
41170018
41170563
41170604
41170713
41170936
41171062
41171064
41171065
41171228
41171440
41173527
41175468
41175600
41176642
41176828
41177396
41178307
41178362
41178394
41178514
41179441
41180144
41182200
41182216
41183236
41183552
41183595
41184703
41187223
41188665
41192809
41192835
41192946
41193221
41194489
41194756
41195474
41196289
41196606
41197053
41197800
41197836
41197970
41198036
41198914
41199485
41202624
41204802
41205846
41205870
41208311
41208952
41210573
41212547
41212579
41217323
41217639
41217752
41218295
41218824
41220765
41222255
41222514
41222566
41229177
41229179
41230908
41231191
41231495
41231509
41231923
41232065
41232642
41232851
41234242
41235761
41236038
41237928
41238167
41238907
41239090
41241053
41242580
41242759
41243125
41244026
41245097
41245300
41248360
41248395
41249084
41250737
41251128
41252584
41253389
41255080
41256335
41257359
41257926
41259074
41259635
41259886
41262832
41263674
41264077
41264901
41265759
41265760
41265844
41268666
41268920
41269413
41270343
41271215
41275847
41276459
41277482
41280246
41282648
41282840
41283865
41283871
41284411
41284805
41285009
41285612
41287431
41289022
41289255
41289257
41289291
41291663
41293848
41294649
41295947
41295948
41296316
41296372
41296373
41296375
41297776
41297852
41299808
41301000
41302287
41305950
41307296
41308118
41308620
41310296
41310852
41311730
41311905
41313135
41313619
41317013
41323411
41323415
41324038
41324575
41325148
41325647
41325993
41325996
41328640
41329882
41329883
41329886
41329888
41329899
41330254
41330555
41331766
41332303
41337807
41342821
41342888
41343752
41344879
41348348
41349161
41349599
41351737
41354616
41355306
41357259
41358606
41359489
41360322
41363946
41367278
41368216
41368911
41368947
41370082
41373186
41375906
41378755
41379143
41379509
41380057
41380466
41381259
41383091
41383824
41384265
41384915
41385117
41385223
41386802
41386917
41387668
41388663
41388926
41389297
41389847
41391553
41395888
41396605
41397257
41397583
41397673
41400061
41400375
41400489
41400949
41400953
41403020
41403158
41403311
41403394
41403897
41404852
41405036
41406367
41411512
41411819
41412134
41415481
41416231
41416251
41416449
41417703
41417948
41419076
41420414
41421554
41422486
41423787
41425381
41427849
41429042
41429189
41430206
41431468
41431840
41432134
41432609
41435205
41437615
41437951
41437988
41439271
41439379
41439380
41439382
41442071
41443373
41443390
41444586
41444833
41444998
41448290
41448547
41448941
41449883
41453388
41454788
41455385
41458074
41458993
41460603
41460645
41461203
41461216
41464370
41465148
41466487
41467256
41467915
41468584
41468590
41474421
41474540
41474824
41474836
41475453
41475454
41476913
41478507
41480018
41481870
41481874
41482189
41482866
41484259
41487440
41487441
41487491
41490106
41490114
41490483
41491567
41492576
41493335
41493566
41494112
41494113
41494121
41494125
41494128
41494129
41495294
41497915
41501817
41502300
41503148
41503201
41504295
41505634
41506452
41506697
41509065
41509627
41510276
41512259
41512301
41514166
41517001
41518229
41520188
41521625
41521861
41523167
41525045
41525076
41525100
41526990
41527913
41528001
41528102
41528743
41528785
41529044
41529156
41531108
41532018
41532587
41533352
41533376
41533859
41533880
41533882
41534100
41534615
41534683
41534984
41538179
41538402
41538746
41540300
41542369
41542788
41545006
41546444
41546680
41547072
41547074
41547120
41547398
41548881
41549700
41550205
41551571
41552356
41552989
41553964
41555135
41555795
41555973
41556601
41557539
41558110
41559930
41561196
41562485
41562909
41563172
41563590
41563652
41564368
41565466
41567261
41568863
41569458
41569889
41571518
41572721
41574678
41575409
41575764
41576313
41577304
41579150
41581386
41585924
41586508
41586872
41587028
41587038
41588752
41589104
41589195
41589273
41589579
41592065
41592185
41592672
41592751
41593510
41595403
41595917
41604343
41605643
41607392
41607398
41608256
41608664
41609402
41610161
41611208
41611256
41611581
41613383
41613617
41614718
41615348
41616245
41617404
41618199
41619146
41619395
41620125
41623416
41625781
41625783
41628203
41628374
41628381
41628389
41628899
41631376
41632448
41632529
41633033
41633418
41633537
41634207
41635092
41636330
41636682
41636685
41637616
41638363
41638482
41639200
41641173
41641881
41642296
41643807
41644102
41644103
41645332
41645595
41646718
41648095
41649205
41649280
41649829
41649844
41651376
41652912
41653164
41654701
41657937
41658010
41661050
41661195
41661627
41665824
41666005
41668853
41669010
41669119
41670205
41670799
41671443
41671665
41672464
41673995
41674191
41675066
41675716
41678010
41678214
41679082
41679370
41680491
41682216
41684398
41685817
41686022
41686441
41686510
41687024
41687750
41687799
41687911
41688224
41688274
41688865
41689535
41692161
41692162
41692381
41693003
41693332
41693624
41694245
41694525
41694965
41697194
41698209
41700490
41700917
41700926
41700962
41701182
41706449
41706485
41707090
41708210
41708932
41709370
41709434
41711183
41711623
41712205
41712907
41713154
41713836
41719045
41719199
41720194
41720509
41720689
41722183
41723012
41723576
41723863
41723892
41724735
41725292
41725495
41727983
41729157
41729541
41730332
41730488
41732314
41733267
41733911
41734991
41735606
41737416
41737501
41738974
41739472
41740653
41740811
41741871
41742196
41743654
41746942
41746972
41748927
41748958
41755371
41756070
41758523
41758524
41759201
41759202
41759203
41759205
41759207
41759236
41759945
41760572
41761210
41762759
41763647
41764033
41764863
41767452
41767464
41769323
41770206
41770991
41770994
41770995
41770999
41771004
41771005
41773059
41774397
41774880
41777032
41777033
41777034
41777035
41777036
41777037
41778369
41779005
41779374
41779395
41780631
41782338
41782567
41783402
41783578
41784223
41784959
41784961
41784963
41785487
41785556
41785943
41786656
41787139
41787406
41788192
41789385
41790796
41793296
41794089
41794335
41794567
41794574
41796344
41797773
41798826
41800337
41800338
41801190
41801195
41802874
41802875
41802923
41803615
41804184
41804477
41804897
41805411
41805901
41806081
41807852
41810282
41811162
41811327
41811521
41812994
41813229
41813593
41816566
41817487
41818708
41819527
41820780
41823211
41823242
41823959
41823963
41825616
41827007
41827208
41827317
41827629
41831700
41833926
41835089
41838245
41838266
41838979
41838980
41841636
41842899
41843693
41843856
41845091
41845203
41848006
41849832
41849873
41850470
41850676
41853308
41853392
41854096
41854587
41854606
41855538
41856947
41857311
41857842
41860293
41860902
41862429
41862786
41865272
41866018
41866747
41869622
41870153
41871186
41873715
41874312
41874503
41874509
41875221
41875225
41875816
41876282
41877998
41878001
41878870
41879763
41881338
41883222
41883524
41885327
41886340
41886341
41886342
41886351
41886352
41886355
41886708
41887161
41888739
41888857
41890528
41890571
41891140
41893022
41893617
41893618
41894639
41894677
41899738
41902648
41903430
41903500
41903619
41905179
41905685
41908240
41909874
41910020
41910368
41910972
41911320
41911913
41912106
41912138
41913016
41913774
41913867
41914942
41915406
41915775
41919377
41919448
41919946
41921224
41921832
41923998
41924674
41926100
41926120
41926131
41926797
41926844
41928480
41928782
41931066
41931073
41931286
41932818
41933440
41933820
41933985
41935145
41935763
41935786
41938720
41940862
41941177
41941210
41941670
41941672
41941674
41941679
41941685
41941687
41941704
41941870
41942018
41943810
41944097
41944167
41945343
41945346
41947296
41947577
41948137
41949707
41950384
41951953
41952570
41954516
41955092
41955219
41955825
41957978
41959786
41960018
41960061
41960078
41962158
41962869
41964814
41965642
41966297
41967188
41967530
41968429
41968720
41969761
41969800
41969833
41972480
41973054
41973348
41973902
41974975
41978326
41978427
41978531
41979434
41980108
41981824
41982629
41982632
41983469
41988492
41989782
41990627
41990884
41991104
41992386
41993233
41993234
41994313
41994315
41995321
41995605
41995672
41995894
41999670
42000214
42000377
42001911
42003446
42004157
42004645
42005955
42008267
42009128
42009174
42009200
42009263
42009433
42009623
42010101
42013393
42014021
42014098
42014172
42014956
42015153
42015422
42016194
42016440
42016737
42017536
42017577
42018320
42018709
42018931
42019779
42022212
42023396
42024215
42024824
42024832
42024835
42025648
42027196
42027612
42027614
42028117
42029084
42030054
42030055
42032186
42036065
42036260
42037574
42039357
42043328
42043828
42043919
42043921
42043925
42044421
42045644
42045646
42045738
42046370
42046879
42047203
42047620
42048114
42049506
42050384
42050642
42050806
42050918
42054052
42054130
42054653
42054703
42055227
42059856
42060304
42060818
42061698
42064740
42064888
42065256
42065879
42065888
42066359
42066370
42067745
42069181
42069991
42072973
42080211
42080625
42081205
42081210
42081758
42081761
42084870
42084872
42085303
42085599
42085667
42086337
42092504
42093140
42093841
42093842
42095122
42095234
42096202
42096214
42098860
42099686
42100611
42104609
42106085
42107766
42109703
42112504
42113515
42113521
42114091
42114440
42116289
42128423
42128881
42130080
42130696
42132163
42132490
42134089
42134643
42137647
42137948
42138925
42139072
42139576
42139730
42139873
42139875
42140782
42143410
42144676
42147785
42148168
42150171
42152179
42154463
42158460
42159312
42159374
42159569
42160049
42160075
42160656
42160674
42160698
42162750
42163228
42163775
42163779
42166162
42166300
42166302
42166304
42166561
42166741
42170588
42172121
42173204
42173345
42175622
42178136
42178408
42178605
42182785
42184931
42186830
42187643
42189061
42189073
42189077
42189505
42190139
42190877
42191366
42192150
42192623
42196808
42198989
42199707
42200979
42200995
42201623
42201732
42204993
42205687
42206068
42206363
42206740
42211777
42212434
42213062
42214703
42215240
42215412
42216298
42216805
42217227
42218436
42223259
42223937
42224615
42224620
42224621
42224623
42224624
42224627
42224786
42224864
42225092
42225190
42227016
42227960
42228371
42228552
42229668
42229848
42229853
42234436
42235682
42235747
42239926
42241003
42242964
42244105
42246093
42247376
42248783
42248816
42250272
42253387
42253879
42253880
42254470
42254599
42254916
42256000
42256496
42257219
42258247
42258266
42258270
42258611
42258670
42258798
42258826
42261965
42262115
42262371
42262633
42263303
42263304
42264176
42265816
42268583
42268625
42268668
42269132
42269703
42271302
42272222
42273186
42273727
42275060
42276370
42277296
42277410
42278844
42281612
42281766
42283209
42283558
42283586
42283825
42284049
42284057
42284579
42285183
42285643
42286179
42287122
42288156
42288769
42292761
42294043
42295557
42295758
42295772
42297189
42297201
42298348
42299065
42299743
42299861
42301712
42301716
42302979
42303125
42303393
42303535
42305716
42305718
42306020
42306772
42306787
42306877
42307504
42308458
42310483
42312119
42312326
42313406
42313446
42313559
42313671
42315023
42315031
42315167
42315317
42316190
42318181
42320058
42320554
42320867
42321770
42321787
42324490
42325019
42326593
42326895
42328725
42328957
42329014
42329064
42329263
42330504
42331153
42331237
42333542
42333766
42335253
42336762
42337518
42337657
42339921
42339984
42340067
42340281
42340690
42341069
42341074
42341240
42342209
42342375
42342673
42343378
42344054
42344463
42344475
42348175
42349985
42350028
42350339
42350980
42355906
42358439
42358441
42360733
42360921
42362410
42367152
42371623
42372278
42372829
42373535
42376823
42377338
42378694
42379480
42380557
42381297
42382433
42383341
42383808
42383866
42384387
42384588
42385296
42385935
42387264
42388204
42389455
42390419
42390713
42390771
42391758
42391981
42392220
42392314
42393060
42394468
42394621
42395284
42396479
42396704
42397804
42398196
42398284
42400585
42401338
42403070
42403157
42404184
42404875
42405226
42405468
42406399
42406400
42410044
42411038
42412075
42412429
42412738
42412857
42412971
42413056
42413059
42413074
42413833
42415260
42418626
42419067
42419477
42423262
42424046
42425250
42425472
42426671
42426722
42428039
42428250
42430157
42431137
42434829
42435376
42437458
42437964
42440313
42440324
42440703
42440715
42440788
42441039
42441423
42442252
42445105
42445942
42446118
42446375
42447417
42447828
42448390
42451014
42454885
42455289
42456787
42458732
42460997
42462293
42464173
42465620
42466299
42467429
42467449
42467547
42469109
42471566
42472170
42474474
42475236
42475689
42476201
42479230
42479417
42479493
42482717
42482968
42485045
42485098
42485410
42485422
42485712
42488889
42490111
42490154
42491313
42492043
42493329
42496350
42496515
42496993
42496995
42497013
42499140
42500613
42500897
42501016
42501698
42501959
42502835
42504814
42504815
42505035
42505042
42509502
42513360
42516522
42516525
42516527
42517961
42518267
42518552
42519507
42520095
42521602
42522049
42522484
42523744
42524891
42525209
42525411
42526581
42527316
42527486
42527772
42531462
42532344
42532454
42534396
42535233
42536372
42536385
42536427
42539330
42540132
42540175
42540645
42543611
42544017
42546022
42546168
42546235
42546238
42546239
42546241
42546242
42546404
42546916
42547729
42548364
42548423
42548468
42549372
42549607
42550081
42550509
42550777
42550931
42550948
42551444
42551541
42552749
42553066
42553448
42554105
42554389
42554455
42554751
42555210
42556997
42557429
42557981
42557995
42560542
42560641
42560690
42561809
42562433
42564977
42565356
42565664
42566174
42566204
42568221
42570150
42570717
42571484
42572147
42573228
42573997
42574283
42575866
42576122
42576462
42577771
42577772
42577892
42578322
42578887
42580084
42583901
42583905
42584208
42585156
42585279
42585856
42588300
42590794
42590818
42591597
42591598
42592892
42594536
42595241
42595690
42596986
42597168
42599313
42599730
42600097
42600112
42600426
42602372
42602425
42603013
42604941
42606864
42608725
42609436
42609821
42610778
42611690
42612760
42613400
42613753
42614986
42616761
42619789
42621369
42621427
42622209
42623073
42623168
42624330
42626026
42626259
42626271
42626327
42627656
42628582
42628794
42630489
42633161
42633467
42634471
42637018
42637066
42637118
42637540
42638637
42639945
42640123
42640126
42640128
42640205
42640207
42640261
42640262
42640263
42640625
42640757
42641086
42641971
42642072
42643837
42644103
42644106
42644443
42644571
42644581
42645400
42647796
42648473
42648874
42649453
42657172
42657659
42657815
42658114
42658505
42659038
42659595
42659831
42661262
42662583
42663181
42663502
42663545
42663547
42663548
42663767
42663776
42663988
42665177
42666791
42667652
42668604
42671834
42671949
42674130
42674200
42675251
42676218
42677503
42678317
42678701
42678704
42678772
42679865
42679875
42682193
42683525
42684033
42686031
42686198
42687428
42688396
42690558
42690591
42691737
42691805
42692246
42692454
42695358
42696280
42696290
42696292
42696512
42697452
42698654
42698786
42700647
42702329
42702729
42703048
42704831
42705121
42705359
42706816
42707196
42707343
42709955
42710611
42711089
42712149
42713766
42714635
42714880
42714907
42715475
42715476
42715477
42715479
42715481
42715485
42715596
42718498
42718825
42720268
42720950
42720970
42722942
42723426
42724534
42726374
42726494
42726495
42727113
42727613
42729424
42729891
42729905
42729961
42730754
42732044
42732769
42733595
42734015
42734057
42735749
42738386
42739581
42742467
42743063
42743251
42743443
42743544
42743976
42744027
42744196
42744730
42744747
42748374
42748552
42749466
42750891
42752068
42752334
42752824
42753244
42753746
42754239
42754541
42756713
42756959
42757356
42757682
42757810
42758490
42759307
42759325
42759772
42760218
42760629
42761477
42761494
42761726
42761768
42762234
42762440
42762985
42763044
42764325
42765893
