143078
150478
159934
254895
303403
332516
334828
385515
470473
481000
508478
520405
594861
630922
644536
651397
711890
734711
738894
759540
759747
759749
788197
805443
809795
836443
869736
875248
885001
888047
890378
905943
911378
982108
1004035
1017461
1037430
1120297
1124505
1140952
1155507
1156710
1182489
1212985
1241157
1293140
1320973
1337406
1358764
1374002
1399654
1401047
1403179
1404712
1412595
1415080
1419130
1428386
1430876
1430890
1433393
1443296
1448249
1466852
1469925
1486096
1487259
1494967
1512745
1512912
1513735
1518317
1533706
1534165
1536487
1556344
1556880
1558411
1561784
1563955
1564582
1566123
1572858
1588490
1593521
1595788
1613610
1618198
1625090
1629920
1630323
1631603
1638890
1641207
1641444
1642488
1642703
1644991
1660445
1661465
1675606
1676076
1677623
1692435
1717096
1729559
1732930
1734194
1734540
1734744
1736923
1738771
1738802
1745618
1746796
1747269
1747817
1757763
1761823
1763540
1773903
1783704
1812644
1817592
1821272
1822483
1828080
1830920
1833335
1833494
1844640
1853135
1853993
1860478
1863178
1870833
1875835
1884928
1885630
1888252
1899939
1901727
1902278
1905686
1910346
1911583
1924938
1928275
1930442
1931727
1935738
1942401
1948214
1948424
1971047
1980664
1984126
1985137
1985719
1986191
2016492
2020207
2020509
2021360
2028548
2029149
2038754
2043013
2043973
2055765
2060393
2060434
2061054
2061055
2066478
2081889
2092250
2107250
2108877
2110993
2117222
2120734
2128484
2136267
2166129
2188411
2191900
2192921
2200446
2202203
2205430
2208156
2215426
2217919
2231996
2232921
2234722
2257154
2267808
2292924
2296476
2302031
2304777
2305638
2305912
2305917
2310246
2318102
2328881
2332548
2346574
2351718
2353489
2354929
2374282
2375064
2377944
2379570
2388884
2393193
2394449
2402159
2415480
2430504
2477931
2495163
2498527
2508170
2510487
2511584
2524295
2526089
2527139
2529900
2610563
2610787
2636456
2637704
2637705
2646803
2649392
2649753
2653026
2656789
2659644
2667154
2702322
2714428
2716716
2719496
2719878
2721970
2729465
2732515
2734629
2737781
2738872
2768176
2772437
2773896
2782756
2783406
2787215
2788059
2796046
2799415
2909182
2914474
2921184
2921696
2922664
2925027
2927640
2956210
2956666
2958608
2963873
3051972
3060449
3075988
3082021
3083472
3090607
3094373
3097849
3100323
3103450
3116498
3116690
3122708
3128833
3130422
3133497
3135750
3142570
3150190
3153077
3189633
3203491
3203492
3224005
3237662
3287444
3301745
3302713
3316330
3316730
3325619
3329427
3351640
3367454
3369413
3374179
3379989
3381183
3384831
3390850
3391109
3400007
3402937
3404103
3429709
3446212
3448820
3448824
3463749
3497604
3512483
3512927
3513129
3525784
3534067
3552517
3555090
3556868
3564091
3568172
3575228
3578257
3585264
3592032
3592951
3594330
3595820
3622744
3626852
3629701
3633356
3678368
3685113
3689038
3695676
3703766
3712465
3721874
3721875
3741555
3746186
3764633
3801078
3803557
3805855
3822669
3826465
3829605
3842655
3842810
3874426
3885766
3890231
3916182
3916183
3927595
3933452
3945131
3951264
3958683
3959827
3960081
3966475
3987315
3994792
4001168
4010364
4014341
4056670
4076480
4081813
4083231
4216513
4428028
4459144
4609197
4618205
4638449
4656053
4678672
4689345
4811771
5124577
5409799
5757871
5775417
5815748
5828720
5908724
5915337
6102059
6193763
6200060
6219370
6223386
6240463
6260128
6341412
6370948
6390012
6393392
6407426
6414317
6431491
6434128
6434251
6435162
6437258
6465074
6484264
6503327
6512225
6519240
6527220
6529993
6557980
6563535
6603042
6618163
6621320
6628778
6631345
6658490
6662119
6680702
6690698
6708007
6723944
6735831
6740451
6741916
6751592
6788597
6836662
6848643
6881399
6897461
6965184
6977995
7007284
7047208
7055144
7085060
7089528
7098591
7107135
7112631
7119597
7124067
7130447
7131425
7142882
7232686
7296358
7303732
7312232
7324062
7333249
7354668
7359287
7364395
7366256
7374728
7410756
7414453
7420390
7439644
7444541
7447536
7456108
7477453
7478344
7479627
7481168
7481209
7481252
7481921
7483190
7490605
7491099
7495605
7495935
7497036
7497157
7503606
7528957
7550808
7559277
7560709
7571607
7591371
7596209
7610224
7610641
7614533
7619013
7624523
7624538
7626774
7637403
7637404
7637938
7643886
7646265
7650150
7655338
7656460
7657244
7660050
7662681
7669365
7671865
7674051
7674232
7674392
7700288
7706595
7707727
7718924
7720851
7727959
7730767
7733420
7741853
7742573
7747147
7747150
7758181
7760578
7762537
7769771
7770310
7774108
7779224
7779473
7781298
7785037
7793438
7794463
7796902
7797315
7800787
7802573
7804977
7810354
7813185
7821174
7836875
7837126
7850635
7854923
7855110
7859268
7860318
7861830
7870656
7874824
7879786
7880234
7881603
7883727
7895137
7903730
7920095
7920877
7923655
7932352
7934656
7934977
7936861
7936863
7937499
7955238
7955603
7960468
7966867
7973882
7996616
7999732
8004597
8006370
8009670
8010570
8014739
8015571
8027847
8033984
8036532
8043230
8044946
8045446
8046807
8047518
8053095
8054669
8055022
8055836
8056953
8057695
8057700
8059777
8059883
8063462
8075737
8081425
8092370
8111485
8117483
8146945
8153276
8157411
8159583
8161727
8165530
8169975
8174690
8176082
8182970
8189778
8190869
8201646
8203666
8216518
8217235
8235853
8236624
8244231
8247090
8261038
8262172
8263757
8270421
8279611
8284707
8292638
8295178
8309263
8310280
8313262
8321261
8322879
8323590
8333443
8336289
8342265
8343672
8344513
8347370
8347850
8352417
8353906
8354378
8356128
8375236
8375245
8379801
8379802
8384428
8394958
8397654
8397731
8398226
8402602
8403606
8409889
8409905
8414009
8414322
8416116
8417609
8420448
8422203
8423419
8423966
8429854
8432082
8434099
8444432
8449486
8455994
8458485
8459978
8467124
8475978
8478130
8478671
8490286
8491291
8491640
8497954
8500083
8507043
8514500
8517198
8518682
8520755
8522082
8522084
8522910
8526702
8531973
8534602
8562221
8578335
8598503
8598949
8601956
8602305
8603321
8604265
8604785
8604906
8607228
8607926
8608332
8610076
8610676
8613711
8614085
8628045
8632686
8634616
8634617
8634664
8637068
8637804
8637807
8642140
8642819
8646685
8653191
8656721
8658293
8659497
8671404
8672856
8673777
8675435
8677065
8678853
8685745
8692314
8695962
8703253
8707323
8709182
8712224
8714794
8721801
8721903
8725095
8730001
8734656
8739137
8739740
8741958
8750526
8752485
8768919
8769473
8770759
8773537
8773555
8777063
8777073
8779133
8792943
8796686
8798294
8803302
8815852
8819596
8820308
8824091
8827146
8828390
8829029
8840668
8845997
8846983
8853282
8860283
8861049
8867414
8871846
8873955
8875043
8879678
8880373
8886230
8886761
8886763
8888324
8892128
8893630
8898675
8898796
8899755
8902971
8903259
8913656
8916519
8922450
8930437
8935869
8937944
8948290
8951250
8959414
8959418
8969873
8970497
8972497
8972504
8996306
8997887
8997943
9001480
9008377
9009944
9010058
9014975
9020327
9034941
9051045
9060319
9062137
9068458
9071248
9071688
9077020
9089530
9090769
9095009
9099366
9108761
9110265
9116532
9117454
9119770
9120189
9127994
9131741
9133766
9134489
9142673
9144825
9150644
9160459
9167040
9168413
9170733
9170735
9172874
9177651
9178588
9186074
9187576
9187578
9188516
9196096
9199849
9203755
9211453
9217035
9221464
9230650
9230859
9230883
9233978
9236972
9241298
9242157
9255834
9256821
9261491
9264582
9265489
9265831
9266872
9267441
9267555
9279036
9282130
9285230
9290439
9298081
9299839
9302241
9303152
9305685
9307348
9323395
9325493
9326823
9330919
9341307
9344194
9349894
9361655
9369870
9375478
9379163
9380526
9386634
9389629
9395441
9399423
9401244
9401890
9402572
9406287
9415792
9422068
9424065
9429869
9431334
9440014
9440187
9440911
9449594
9454868
9455866
9460318
9461138
9464669
9469139
9469485
9472228
9472952
9476029
9482180
9483711
9491059
9495051
9501752
9506254
9506329
9508180
9512262
9512279
9517725
9519918
9520956
9520963
9525269
9526722
9529668
9529738
9529763
9540120
9541085
9551882
9552046
9554128
9554426
9561461
9562207
9563919
9566177
9572451
9574474
9579756
9582720
9583320
9583655
9583900
9584033
9584660
9585744
9585754
9588603
9589235
9589239
9591168
9592508
9595765
9598505
9601113
9606248
9608445
9609422
9610993
9617175
9620565
9625402
9626278
9627766
9627813
9635258
9636937
9638082
9641020
9651409
9651411
9653601
9662590
9667625
9674347
9674352
9674615
9674627
9678213
9679895
9681527
9690283
9691358
9695696
9695697
9704239
9707809
9709265
9721560
9722851
9727887
9737835
9740637
9746688
9747684
9766417
9767334
9774758
9780237
9782046
9790006
9794339
9798497
9799166
9800243
9808103
9815301
9815844
9815971
9821907
9826246
9840572
9843290
9859019
9861214
9864765
9872245
9874456
9884631
9889695
9890329
9893318
9922687
9926733
9928735
9973804
9989326
10021482
10021990
10028740
10029122
10051781
10067269
10068403
10072268
10073205
10080562
10080590
10081184
10084408
10102852
10106888
10107680
10112765
10114444
10114721
10117108
10117419
10119658
10123519
10123981
10124419
10124441
10125775
10126032
10127082
10127357
10128263
10131300
10131472
10131710
10131888
10133112
10133704
10137939
10138809
10140363
10146219
10147772
10148762
10150430
10151048
10151846
10152007
10153383
10154507
10156946
10162863
10163301
10165777
10166346
10167382
10168281
10169524
10169924
10169950
10170347
10170806
10171380
10172000
10174380
10175505
10175565
10178658
10179905
10180852
10182646
10182808
10183614
10185513
10186711
10186740
10186819
10186849
10192559
10192676
10198503
10198677
10199671
10199717
10207740
10208250
10215757
10216896
10218508
10220966
10222604
10224989
10227617
10228292
10234065
10254680
10257866
10270191
10272993
10280622
10283022
10286454
10297698
10301333
10303809
10304176
10304188
10304496
10306863
10309136
10309476
10309637
10309998
10310848
10312631
10312809
10312960
10313414
10313455
10313516
10313816
10317985
10326881
10331841
10333660
10338734
10345341
10345791
10350301
10350834
10351557
10352864
10358671
10358679
10358688
10361866
10362170
10365546
10366368
10372678
10378220
10378847
10379426
10380233
10388059
10388260
10401740
10402068
10413556
10414724
10424636
10424642
10428994
10429758
10432034
10433536
10434983
10435251
10435556
10442831
10443328
10447039
10447231
10448638
10451447
10459371
10469811
10474635
10484308
10497748
10498161
10506298
10509221
10509574
10509852
10517429
10521159
10521162
10526432
10526734
10530183
10536129
10536975
10537615
10538085
10538101
10539540
10539725
10543710
10546190
10557409
10559626
10560285
10565666
10570730
10575526
10576187
10577877
10581604
10587070
10589003
10593785
10595273
10598613
10599606
10599611
10611872
10615566
10617248
10620867
10621985
10624912
10627433
10645085
10645758
10647471
10647667
10647759
10654987
10655003
10655304
10659687
10662230
10662356
10680601
10685762
10687977
10689989
10696733
10701164
10703138
10705702
10717777
10718034
10721686
10728080
10728248
10728249
10728267
10730452
10732367
10736556
10736559
10739823
10740670
10741063
10742351
10746521
10770984
10771759
10778815
10780277
10798333
10800977
10808633
10810958
10815359
10827586
10835085
10839449
10840263
10842449
10843313
10843314
10843316
10846508
10853543
10855848
10856411
10857938
10864338
10885085
10885634
10894240
10894258
10894259
10894310
10899648
10899664
10901356
10909296
10914256
10917141
10920127
10920832
10922423
10928386
10937029
10938491
10941756
10944365
10945882
10950042
10953136
10957663
10962786
10966087
10967626
10967628
10972425
10975030
10975229
10976442
10976620
10976978
10977017
10977455
10980444
10982114
11009854
11009855
11010181
11011236
11011240
11011300
11012810
11018414
11018618
11020678
11037955
11057061
11064348
11067373
11071839
11072203
11072212
11073438
11074743
11075052
11077513
11078670
11083532
11084197
11086772
11091986
11100598
11101064
11104102
11109384
11109683
11110359
11111258
11111267
11111286
11113743
11113744
11114754
11115140
11115213
11122134
11132908
11133332
11134192
11135377
11138955
11148590
11152057
11152924
11165453
11170165
11176467
11183291
11184655
11184666
11184792
11188559
11192852
11194763
11200775
11201147
11201766
11211067
11211557
11213532
11218321
11220718
11236231
11236914
11243961
11245341
11246669
11246839
11248628
11252044
11252838
11264963
11280948
11285869
11287030
11291371
11291683
11297885
11300301
11301609
11306213
11306391
11308110
11314346
11315777
11322521
11344880
11348388
11350709
11357032
11357977
11363162
11363846
11366295
11366762
11367496
11368197
11371258
11371832
11372258
11372595
11373574
11374296
11378427
11382692
11388625
11394730
11396042
11396369
11401182
11405432
11409059
11409673
11414262
11416833
11416927
11417788
11418251
11424257
11436405
11437926
11441261
11445047
11445614
11448444
11448822
11454115
11474055
11475506
11475520
11475550
11494685
11495382
11496933
11497008
11498490
11503893
11512686
11519773
11520716
11522812
11523104
11529509
11530119
11532680
11544979
11549214
11552962
11555718
11560563
11567175
11569981
11570540
11570830
11573673
11580733
11580874
11583723
11584089
11586034
11588512
11588739
11593786
11606151
11623514
11641991
11648213
11648315
11648347
11648360
11648424
11652430
11665697
11669295
11672496
11679033
11680188
11687918
11688196
11688815
11689399
11695491
11699162
11699404
11703894
11704466
11705126
11707560
11715007
11716659
11717331
11721277
11722299
11724038
11725401
11726485
11757040
11758640
11759197
11762890
11766365
11766482
11773184
11773540
11792114
11794171
11795583
11802880
11811913
11813769
11815404
11817392
11817921
11817993
11818175
11818828
11820550
11822920
11828360
11837337
11841762
11843333
11846820
11854341
11857363
11860976
11862560
11867324
11867775
11871852
11872976
11874052
11879329
11893110
11901561
11905585
11911039
11911561
11913251
11921314
11925057
11925904
11932599
11933733
11939384
11942670
11949916
11950385
11958494
11961980
11965824
11978724
11980034
11985190
11991443
12007761
12008814
12011881
12012147
12015185
12019934
12021689
12022271
12039993
12044271
12045081
12045171
12048543
12061515
12075118
12078351
12083647
12086356
12088200
12094563
12096941
12098145
12118310
12135992
12140357
12144982
12145906
12146450
12146509
12146579
12148133
12151827
12152512
12155045
12158963
12159440
12163862
12171384
12176807
12177918
12178247
12178303
12178363
12178368
12178520
12178925
12179314
12180506
12180511
12186169
12190214
12190269
12196617
12196778
12200554
12204143
12215000
12219041
12219151
12222165
12222515
12222517
12233419
12236407
12236828
12238732
12239492
12243675
12257657
12260195
12261356
12261989
12262056
12264902
12265266
12266015
12266314
12266600
12266661
12267378
12267533
12267904
12268062
12268504
12269037
12277014
12277251
12280829
12281614
12282323
12283363
12283634
12283728
12284063
12284067
12284143
12285302
12285802
12285804
12286007
12286280
12286354
12286571
12286902
12286903
12286942
12286977
12287488
12287497
12287635
12287751
12288300
12288385
12288387
12288981
12288986
12289025
12289125
12289172
12289174
12289243
12289263
12289276
12289359
12289608
12289657
12289721
12289747
12289883
12289909
12290594
12290950
12290966
12291287
12291844
12293545
12293617
12293804
12294209
12294379
12294409
12294587
12294593
12295191
12295218
12295743
12295791
12295915
12307010
12308167
12308832
12309312
12309762
12310241
12310432
12311576
12311672
12312029
12313710
12314565
12314569
12314700
12314899
12315251
12315652
12315659
12315677
12315817
12315825
12315890
12316371
12316798
12317494
12317504
12317630
12317893
12317961
12317963
12318279
12318421
12318480
12318482
12318533
12318566
12318807
12318890
12319135
12319391
12319979
12320725
12320919
12337663
12339668
12340180
12340997
12342070
12342179
12342308
12342466
12344054
12344118
12344119
12344130
12344131
12344140
12344162
12344171
12344590
12344859
12344861
12345206
12345219
12345332
12345517
12345518
12345832
12345958
12346089
12346136
12346636
12346736
12346753
12346772
12346943
12347266
12347367
12347485
12347715
12347839
12348330
12348608
12348887
12349218
12349553
12349882
12360751
12362111
12373315
12373322
12376445
12378422
12378827
12385567
12389803
12391736
12396898
12404942
12407962
12408540
12409564
12409851
12411228
12418717
12420414
12431855
12432312
12435557
12441621
12445145
12456230
12457426
12461022
12463292
12468678
12469692
12474691
12476643
12476730
12477959
12481956
12489383
12495168
12503840
12512154
12515993
12516756
12518555
12523808
12525469
12527633
12528853
12528854
12529480
12544373
12544554
12546282
12547872
12552577
12555798
12557646
12557649
12558483
12559191
12569238
12572635
12573898
12582018
12583646
12588580
12592237
12600098
12600356
12608975
12611056
12635991
12637126
12647519
12650382
12650388
12650649
12661586
12661587
12669625
12670099
12678312
12681870
12687506
12693877
12694492
12696852
12698927
12703666
12714901
12719687
12720254
12723012
12726707
12728137
12733550
12735708
12737442
12737639
12740321
12742562
12742804
12745765
12751871
12762629
12766834
12771352
12773828
12776391
12784174
12785563
12792175
12793909
12794453
12794560
12795316
12795761
12796581
12799130
12807565
12807643
12809564
12809964
12810898
12815493
12818743
12830031
12830453
12831124
12834511
12836126
12838555
12848591
12848592
12859817
12860496
12865723
12868144
12870623
12873296
12876509
12877156
12878280
12884895
12902582
12908161
12909821
12911183
12917300
12924075
12929142
12935360
12937872
12941678
12943333
12950964
12956220
12957693
12959165
12962474
12962737
13508781
14509324
14510250
14513977
14513978
14521113
14534213
14550834
14557210
14567811
14570297
14574356
14576894
14578769
14578917
14580638
14583688
14591431
14593647
14596715
14596756
14596959
14597502
14602098
14610623
14620034
14632943
14634565
14649389
14649964
14650945
14654514
14655796
14658834
14660995
14665883
14666207
14666848
14671474
14681268
14682192
14686017
14686630
14687319
14687350
14691993
14692988
14693959
14694217
14695395
14699371
14700659
14702494
14704256
14705292
14705309
14706191
14712544
14718804
14723404
14727472
14733472
14749613
14751919
14752973
14754940
14758100
14764313
14768985
14964017
14964618
14965080
14969257
14970150
14977494
14978320
14979098
14980091
14981373
14983989
14993538
14996677
14996779
15000042
15005090
15008860
15009792
15010445
15015987
15017128
15018719
15022146
15024533
15029317
15032260
15035859
15042688
15047073
15049979
15054497
15058500
15059162
15060522
15064206
15066979
15073769
15073809
15073988
15076830
15078642
15080603
15082486
15082632
15091219
15094139
15103879
15104615
15108748
15112264
15117700
15125397
15128076
15138391
15139782
15144912
15146336
15155290
15158107
15167725
15170963
15176525
15182419
15204181
15209202
15212863
15218634
15224042
15225353
15226035
15230936
15231916
15232524
15243830
15243841
15249103
15252003
15260466
15270935
15274527
15281694
15284037
15285973
15295683
15295761
15302750
15313055
15323579
15324513
15326008
15328826
15330007
15337654
15345762
15346994
15354597
15361497
15362294
15370199
15370772
15373311
15375822
15376572
15377933
15382046
15389004
15450544
15450648
15451962
15474393
15479933
15480609
15484603
15488439
15493784
15496231
15499797
15500299
15501199
15503991
15505783
15508133
15508134
15511326
15511423
15516621
15520094
15520702
15523858
15533189
15539061
15545580
15548124
15550300
15555476
15555710
15559349
15563237
15565763
15567684
15568584
15572517
15580415
15582060
15588532
15590568
15593174
15597407
15598108
15602078
15603243
15611211
15618376
15622952
15626207
15634366
15636469
15642903
15643379
15645392
15645930
15648307
15653966
15655430
15660407
15661581
15669949
15671464
15672288
15673340
15682626
15682628
15686806
15687554
15689300
15693731
15694640
15695415
15696008
15702948
15711776
15712765
15712779
15714722
15721047
15728330
15739033
15742730
15743481
15745871
15755323
15762896
15764241
15776697
15777104
15778173
15780542
15780545
15782466
15785881
15786607
15786608
15786609
15786610
15786627
15789508
15789509
15789510
15789511
15790065
15790299
15791758
15791762
15791763
15791772
15791895
15791897
15792070
15792290
15792295
15801869
15802395
15808138
15811167
15812268
15818049
15824296
15829761
15832162
15834263
15834623
15839739
15841439
15841853
15843108
15861257
15865567
15871038
15871625
15879743
15882102
15883417
15884097
15884478
15884734
15889450
15894196
15894652
15895541
15896244
15898819
15899728
15901196
15906124
15917364
15923214
15928227
15929470
15929528
15929900
15934130
15936699
15942702
15943542
15954872
15955641
15955936
15960062
15960687
15962623
15962718
15963188
15964863
15973474
15978959
15978962
15980699
15991458
15996504
16003932
16005776
16005790
16007672
16007889
16014089
16020422
16022046
16022202
16026123
16026654
16028380
16036507
16041197
16041447
16044979
16045107
16048790
16051107
16051406
16051914
16054740
16080062
16085622
16091025
16101207
16115581
16116355
16126746
16128973
16131550
16137279
16137296
16137336
16138138
16141782
16153135
16153582
16154227
16157945
16164816
16171261
16173006
16176192
16178908
16179641
16188517
16192541
16193229
16194790
16195473
16196232
16196311
16203753
16211155
16216002
16219599
16224669
16227417
16228697
16228938
16234300
16238849
16238910
16244785
16257944
16257948
16273680
16280367
16287500
16288858
16291421
16292011
16293339
16294368
16294937
16297291
16297577
16297578
16307952
16314599
16319228
16319254
16322133
16325407
16327097
16328706
16330670
16336001
16338630
16340898
16340899
16350376
16358823
16358825
16361621
16368032
16368315
16382116
16395325
16398912
16399170
16410430
16411564
16412794
16421356
16423098
16424372
16433926
16436401
16442885
16450232
16451348
16454081
16460229
16463228
16463613
16464140
16465660
16467290
16471112
16471214
16471269
16477056
16479701
16479705
16482465
16483822
16484034
16484485
16495039
16501178
16501391
16502195
16504017
16504811
16505745
16507945
16520499
16520525
16520527
16522406
16532761
16534424
16540552
16540875
16544313
16551208
16551317
16552464
16553260
16563068
16566360
16574040
16580396
16584104
16584461
16595080
16595101
16599067
16601631
16607054
16607332
16611710
16615839
16617926
16621329
16623062
16623065
16629564
16636902
16638523
16639732
16646390
16647720
16652419
16670230
16672867
16678296
16680365
16686817
16690561
16700077
16704163
16704474
16709321
16710917
16711309
16713882
16720823
16722788
16731414
16732141
16733373
16734392
16751473
16751648
16758374
16758525
16761397
16761904
16762471
16763773
16765290
16772098
16777827
16779511
16783529
16788254
16792154
16796756
16806738
16807793
16810468
16814370
16816882
16819089
16820100
16821085
16822446
16834526
16835007
16837399
16842895
16843645
16843744
16844509
16845763
16845764
16846200
16862031
16862042
16865680
16868871
16870073
16873778
16877655
16878424
16878427
16884613
16887037
16892919
16893277
16894828
16897415
16898907
16900044
16901534
16903997
16905076
16909879
16909951
16910114
16910803
16910901
16916485
16918080
16923412
16923752
16926672
16926942
16928279
16928572
16932139
16933692
16935370
16937599
16945784
16951921
16957505
16960029
16965432
16982297
16986233
16988605
16990156
17000388
17004528
17006000
17013229
17014003
17014944
17024689
17031734
17037277
17039072
17044202
17046408
17049107
17050752
17054603
17055378
17063825
17073520
17078102
17079245
17089573
17090789
17093384
17094808
17097354
17098633
17106346
17107740
17113896
17119033
17127540
17133194
17133195
17136550
17138489
17138766
17142499
17150146
17152143
17159833
17161161
17161892
17164706
17172116
17179170
17182530
17187218
17189504
17197841
17201200
17203684
17203713
17207157
17214216
17221152
17224094
17224778
17225570
17237661
17239685
17241838
17243022
17243466
17245235
17249857
17252928
17254719
17257066
17260150
17261448
17263925
17266066
17269509
17272577
17273238
17284871
17288593
17295945
17299658
17304445
17306773
17309802
17309933
17310339
17315073
17315515
17319950
17320963
17321935
17324173
17324263
17327958
17327972
17328042
17329073
17329952
17334609
17335584
17344716
17345557
17347168
17354220
17356029
17356083
17362506
17364901
17366091
17367727
17379682
17384780
17388865
17394399
17395861
17403834
17404162
17407392
17408340
17410401
17410935
17413682
17417043
17426427
17434016
17436385
17438399
17439380
17441934
17445103
17454073
17456081
17457677
17463386
17465752
17468787
17469243
17470903
17474804
17480138
17484002
17485131
17485882
17489321
17489899
17489927
17492426
17495723
17498097
17498901
17503887
17504527
17504795
17509286
17514423
17515488
17518953
17519987
17521301
17522612
17526594
17536889
17542661
17544077
17544079
17544086
17544636
17549148
17549614
17555782
17555922
17558356
17559480
17561598
17562155
17562557
17563418
17569015
17572499
17572823
17575873
17576547
17577470
17579995
17582087
17583264
17589279
17591342
17593069
17593767
17601217
17603964
17604069
17604666
17610438
17611624
17612846
17624616
17628488
17634460
17639655
17644201
17644212
17647096
17652241
17659084
17659090
17660077
17664309
17666994
17667030
17667310
17667311
17670882
17678510
17680215
17684167
17685911
17687651
17690820
17694415
17697333
17704621
17711382
17713882
17718444
17718647
17720898
17761788
17766664
17766921
17822611
17822614
17846440
17853172
17870645
17875266
17877664
17880904
17886258
17890830
17893309
17902259
17902523
17903070
17908477
17917488
17919558
17919566
17923296
17923433
17934683
17938071
17939265
17941861
17952266
17958883
17958898
17961256
17963096
17963099
17969822
17971557
17973729
17974176
17979999
17982216
17985958
17991050
17994292
17996975
17999224
18001469
18022299
18025888
18026679
18036287
18038186
18038222
18039287
18041073
18042478
18042485
18042486
18050182
18053787
18054725
18055734
18055905
18057032
18058276
18058345
18065854
18076068
18077497
18083474
18085415
18090024
18090181
18092509
18093039
18096863
18154645
18155573
18157333
18157641
18162389
18162746
18163191
18163395
18164430
18166257
18172155
18173090
18179673
18180792
18182305
18193329
18194592
18195190
18198163
18198201
18199191
18204401
18206463
18210078
18213473
18215762
18218084
18223615
18226971
18236157
18247110
18249212
18250232
18254676
18258272
18261704
18263989
18266167
18280847
18284533
18291018
18293093
18294493
18295926
18298687
18300281
18303968
18314240
18315779
18320738
18331119
18331449
18340331
18342201
18343045
18343375
18343703
18344033
18349436
18349542
18356190
18359734
18361164
18364376
18365855
18367111
18367125
18370964
18370975
18378749
18383407
18387070
18389191
18397451
18398024
18398151
18398411
18398914
18402104
18402512
18414709
18415671
18419058
18422950
18425656
18427700
18430269
18431883
18434822
18438196
18439051
18439268
18441252
18448742
18450868
18451781
18454585
18455949
18457472
18459476
18460501
18462898
18468919
18470328
18480126
18481335
18487003
18489658
18489666
18491102
18497370
18497371
18499180
18501012
18501014
18502602
18513507
18515993
18518875
18519902
18520904
18522971
18524662
18525430
18534918
18539275
18545760
18546574
18549372
18549853
18550937
18558502
18559115
18565434
18566925
18572719
18574349
18577789
18579888
18582381
18590882
18593538
18594353
18596492
18602106
18606110
18612116
18612131
18620852
18621562
18624012
18624092
18629721
18630312
18640480
18646331
18656640
18662217
18664285
18664300
18670693
18677074
18677721
18679127
18679824
18681336
18687032
18692614
18693778
18695400
18701730
18715976
18720270
18720374
18720634
18721124
18755292
18757328
18759725
18759996
18763396
18765701
18766065
18767292
18767383
18780172
18782143
18782332
18785097
18789740
18790164
18794716
18796673
18801822
18804231
18804232
18806731
18815527
18815530
18817536
18823157
18824268
18827495
18827690
18835023
18837202
18837269
18840035
18841254
18848468
18851777
18854789
18928234
18929737
18935881
18946065
18952460
18958995
18972327
18972328
18972720
18976755
18977111
18980103
18983268
18990733
18996060
19006441
19012839
19014522
19024222
19028375
19028946
19029748
19032448
19033173
19033871
19035030
19036421
19042289
19046335
19051404
19051796
19059548
19059554
19059558
19063951
19064462
19069022
19076288
19078155
19080709
19081431
19083046
19096091
19096092
19104121
19104124
19104361
19108804
19108805
19111789
19111790
19113032
19114573
19119095
19119896
19123930
19124597
19125547
19125548
19126077
19130986
19133850
19135000
19135288
19135566
19136712
19137211
19141262
19142220
19144138
19144218
19145782
19146362
19148747
19152354
19154480
19161926
19167142
19170780
19182214
19183155
19187876
19188544
19190999
19193408
19197221
19197698
19207736
19210157
19212325
19225341
19225398
19237552
19239728
19243719
19244632
19250450
19251076
19252890
19253788
19253847
19260909
19275089
19277859
19281917
19282797
19284565
19288848
19292774
19296785
19296846
19306974
19319680
19326838
19329218
19338392
19339563
19343738
19346273
19354341
19361307
19383385
19386825
19389316
19390990
19391007
19392959
19395624
19397799
19400749
19401806
19403251
19409688
19412535
19414209
19418341
19421320
19425901
19426930
19427605
19429736
19434000
19434951
19435691
19436274
19442465
19444120
19444774
19447261
19447364
19450069
19450087
19450800
19450844
19468461
19473510
19476895
19477727
19478038
19479684
19479704
19484926
19492623
19494097
19497466
19500162
19506502
19508656
19517155
19520326
19521442
19522241
19527381
19533677
19534049
19537456
19540411
19549436
19551751
19551752
19552493
19552752
19553702
19557508
19564978
19566926
19574316
19574862
19588504
19589007
19591115
19591985
19596538
19606408
19608199
19610398
19610679
19610681
19616340
19620024
19623689
19624805
19625468
19629429
19632592
19634591
19634592
19645319
19648699
19648709
19648830
19654575
19657758
19664257
19670955
19670958
19671769
19678853
19680177
19691093
19693637
19696378
19697804
19700012
19700068
19701031
19702339
19705042
19705278
19705358
19712011
19716133
19727828
19728371
19730215
19731356
19739257
19744010
19748148
19749449
19750317
19751090
19751517
19752639
19753394
19760375
19764594
19765286
19767135
19768806
19780857
19780923
19782177
19783062
19785564
19786920
19787440
19791698
19793434
19800469
19803554
19803988
19804708
19807600
19807611
19808153
19808811
19819192
19819818
19820405
19821444
19821723
19822056
19826556
19827236
19837008
19837349
19840902
19842007
19843637
19845214
19851625
19858545
19859914
19874143
19875191
19877115
19882416
19889333
19890219
19891207
19894366
19899384
19905944
19910347
19911260
19918011
19922496
19922888
19922988
19925897
19926311
19930580
19931074
19934960
19935019
19938725
19939296
19943820
19946887
19948599
19950126
19950287
19951161
19953017
19960128
19960645
19961261
19961361
19969165
19999957
20005784
20007133
20008482
20008830
20009777
20012132
20018117
20025840
20026811
20027275
20032035
20032759
20034328
20038774
20042534
20047573
20047768
20049252
20049258
20052561
20052732
20054349
20055063
20056976
20066668
20067968
20069786
20075319
20075356
20083328
20090910
20094806
20099183
20102852
20103548
20105265
20105599
20108545
20110032
20116155
20123172
20123177
20123474
20129256
20130846
20138385
20141337
20143744
20146156
20148984
20156920
20158918
20163560
20166797
20169019
20169471
20171418
20172675
20177093
20180693
20184789
20185003
20185981
20193890
20194860
20195286
20199138
20202108
20206781
20207440
20211947
20224281
20226393
20227546
20228159
20229219
20229702
20230602
20234314
20237818
20297745
20303422
20303515
20332139
20334445
20334695
20352298
20352409
20359809
20362591
20364650
20369667
20375105
20376989
20382464
20383044
20388692
20390710
20391250
20392644
20395856
20397379
20398278
20398380
20399300
20402319
20403059
20406550
20409902
20413075
20416063
20417480
20421027
20421057
20421543
20423210
20426577
20435243
20436798
20438302
20439371
20439655
20445078
20445138
20445220
20447897
20451614
20453186
20453366
20457406
20458461
20463917
20464953
20471645
20482409
20486496
20489093
20489113
20489682
20495218
20495864
20501431
20506039
20513750
20518376
20527359
20532657
20534791
20540794
20545720
20547504
20561327
20562607
20564427
20564719
20565321
20566978
20569028
20569449
20569841
20572200
20573091
20573207
20575210
20576540
20576694
20578566
20582909
20583209
20584280
20584687
20587669
20587931
20589108
20589112
20597133
20598981
20601300
20602160
20605498
20606240
20613705
20617293
20618746
20619476
20620413
20622992
20626486
20627618
20630679
20634011
20634629
20635638
20636298
20637770
20639630
20643449
20648779
20652656
20661634
20663004
20664220
20669014
20669642
20670418
20672217
20673576
20675843
20676541
20679306
20681210
20682077
20685068
20687272
20687912
20688873
20692776
20693495
20694028
20697965
20699602
20701794
20702755
20703103
20706161
20706306
20708561
20709782
20711740
20712088
20717890
20719350
20724689
20724690
20726683
20728765
20728854
20729347
20730998
20738228
20762365
20762656
20763161
20763497
20763526
20764380
20796162
20799596
20800767
20804430
20807368
20809965
20812175
20812181
20813198
20813837
20819235
20821895
20821903
20821904
20823347
20824159
20824312
20824718
20831128
20831305
20831442
20831666
20831674
20833614
20836947
20840443
20843702
20846446
20847713
20854692
20856142
20859492
20864299
20864727
20871489
20872970
20874036
20875164
20878609
20879188
20884700
20885162
20889910
20890767
20921511
20922339
20924662
20925586
20938251
20942378
20945504
20956788
20961173
20961809
20961871
20961944
20963269
20964132
20975019
20976478
20980182
21029084
21029086
21029168
21039212
21040560
21046905
21047226
21051840
21054374
21054593
21055987
21057069
21058091
21059151
21067254
21070636
21070905
21071491
21073757
21088130
21093743
21104407
21107892
21111349
21111351
21111356
21112842
21121228
21122745
21126986
21128555
21129685
21131577
21132536
21134057
21135274
21136233
21137463
21138205
21143445
21150869
21153760
21158522
21169253
21182153
21185759
21192209
21197185
21199788
21206296
21208547
21214691
21217456
21221691
21224759
21227492
21235301
21235612
21240453
21243499
21244656
21245681
21246533
21247697
21247826
21249103
21250299
21251294
21253691
21256789
21261968
21264662
21264804
21264988
21269426
21272803
21274355
21274358
21275765
21275976
21280035
21280972
21285361
21286827
21289348
21289889
21300858
21305735
21306371
21306625
21308534
21309623
21310390
21316284
21319718
21320812
21323040
21323974
21326844
21328574
21330579
21330594
21332252
21337175
21337454
21340104
21340750
21362757
21363901
21365383
21367636
21369548
21371301
21376558
21381999
21382486
21388047
21388778
21388811
21390890
21391409
21391456
21393258
21394491
21397562
21398380
21399883
21401457
21402604
21410859
21410998
21413840
21414059
21417935
21420448
21423571
21423581
21425214
21430303
21434698
21435807
21435840
21437044
21438697
21448908
21449630
21450561
21459873
21473655
21479209
21480986
21484937
21485419
21486387
21488196
21489127
21492480
21495195
21497842
21502878
21505783
21507494
21515164
21517258
21518941
21525437
21530719
21530834
21531011
21533848
21534710
21535106
21544997
21546366
21547858
21549256
21552158
21555082
21555086
21555653
21563639
21565900
21566066
21567166
21570550
21570551
21571973
21572354
21572580
21576654
21592024
21593561
21602952
21603050
21605732
21606426
21607016
21608071
21610346
21613028
21613316
21616722
21620356
21631654
21632995
21633927
21645789
21646927
21653609
21655164
21657806
21659565
21667375
21669514
21670329
21671303
21672202
21672402
21672926
21674401
21679416
21681636
21682916
21687376
21688727
21689097
21689306
21690320
21692551
21695127
21696068
21697166
21697789
21699701
21703749
21706227
21706276
21711546
21711550
21718506
21729148
21731518
21735047
21741009
21741890
21751900
21756452
21764556
21766232
21766544
21766555
21769757
21770042
21774032
21774138
21774950
21775009
21775160
21780914
21781015
21785152
21787516
21790243
21791073
21796717
21800191
21801089
21801337
21809727
21810212
21818619
21818668
21827058
21838159
21838919
21840054
21843875
21847532
21848390
21848432
21849031
21849145
21851139
21856360
21857535
21860316
21861231
21864405
21867581
21871096
21872295
21874364
21874541
21875295
21879945
21886329
21893504
21896215
21905346
21906402
21907160
21908209
21908869
21913489
21917255
21921254
21924656
21931023
21931235
21932691
21932711
21939127
21940911
21942302
21942304
21943855
21944221
21945267
21945961
21946048
21948719
21956046
21958351
21964043
21966317
21969880
21973228
21981894
21982855
21986907
21992224
21995329
21999252
22000685
22004436
22011955
22015875
22016340
22016376
22018160
22019349
22024969
22025192
22027917
22033718
22035728
22038565
22053764
22059714
22063107
22064880
22066896
22067781
22071639
22078122
22078204
22078665
22079681
22082981
22084464
22085327
22091856
22092153
22092155
22093050
22095573
22097685
22099356
22100473
22108797
22114227
22116111
22116941
22118144
22118244
22118342
22118993
22119996
22124414
22124736
22125242
22128684
22136485
22140326
22142578
22143197
22147864
22147865
22151793
22160658
22163283
22167581
22175646
22176866
22177166
22180278
22182953
22183241
22183449
22195168
22195603
22199161
22199366
22200251
22208527
22218658
22221745
22222848
22225919
22226859
22228248
22230962
22239750
22240147
22240175
22240685
22243656
22244208
22245467
22246582
22247423
22249301
22249979
22257429
22258112
22258477
22258980
22264932
22264974
22270038
22270099
22272755
22272996
22277282
22278190
22279341
22283107
22286315
22287638
22287996
22288978
22295476
22296397
22298945
22299830
22300773
22301731
22301901
22302380
22305941
22308963
22313431
22315466
22318666
22320291
22322612
22326107
22328104
22329356
22333392
22336833
22337185
22338334
22338401
22340014
22340435
22340780
22340781
22341655
22341825
22354207
22355229
22357638
22359236
22359418
22364568
22364618
22370379
22372520
22376190
22376191
22381988
22383478
22385900
22389022
22392322
22394651
22405153
22405504
22410134
22411328
22412136
22415858
22416509
22418446
22419640
22424445
22426538
22428690
22433750
22433759
22436158
22437860
22452415
22455830
22458715
22458727
22459987
22461832
22465381
22469893
22479368
22479557
22480033
22488033
22488139
22492390
22493417
22495336
22503007
22509226
22510025
22510274
22525609
22525615
22526859
22528134
22530292
22535212
22546263
22546389
22546783
22547552
22548690
22549455
22549558
22551527
22555121
22561401
22566017
22568522
22568675
22571603
22573798
22574302
22574695
22575114
22576592
22577265
22577851
22581227
22585761
22587852
22595072
22607596
22608567
22612299
22613070
22613686
22613920
22617589
22618582
22621330
22621645
22624421
22624451
22629827
22633340
22640598
22641971
22643151
22643198
22644142
22644407
22648383
22650017
22652971
22666705
22673826
22675695
22676963
22679893
22681425
22682009
22684907
22688206
22688440
22688787
22689297
22691852
22693981
22693982
22699174
22704323
22705801
22706622
22708314
22709923
22714069
22714096
22722706
22723985
22726860
22727159
22728571
22730275
22731618
22737486
22738615
22742741
22743887
22744987
22745198
22747649
22752808
22753626
22754545
22760738
22764635
22766382
22770791
22773855
22778198
22780324
22790905
22791534
22792586
22802085
22802093
22805096
22805385
22806217
22807272
22812660
22815109
22818493
22821365
22828033
22828182
22828269
22832431
22832936
22834228
22837364
22838162
22840280
22840827
22841027
22842653
22842952
22846144
22849951
22851048
22853799
22857138
22857539
22858556
22863239
22864053
22869456
22872791
22874108
22874499
22876074
22884422
22888437
22891093
22891984
22895232
22897681
22899231
22901511
22905738
22905938
22907726
22911349
22911772
22913474
22913898
22920614
22922432
22924565
22925407
22926175
22926743
22932301
22933748
22935100
22935246
22936844
22938391
22940614
22941703
22942822
22942827
22947067
22947207
22947957
22957007
22965734
22966834
22968954
22971148
22971150
22973901
22974144
22978546
22980471
22982978
22983813
22984608
22986842
22987204
22987824
22990849
22998173
23002397
23006963
23007632
23008586
23009364
23009955
23010863
23016503
23017247
23018581
23023203
23026639
23030739
23032805
23036121
23036424
23043584
23045540
23049727
23054417
23060308
23061685
23065298
23065313
23072824
23074491
23074492
23074504
23076083
23078763
23083138
23086426
23088391
23090538
23093896
23098646
23102446
23102859
23104122
23106024
23107001
23107006
23108286
23108314
23108475
23110445
23111987
23114281
23117268
23117271
23117348
23117492
23118794
23121762
23121774
23123308
23124817
23127149
23129319
23130449
23130460
23130462
23138694
23142446
23143283
23144789
23145010
23145551
23147179
23147653
23148003
23148921
23149862
23150731
23151952
23153567
23156661
23156665
23158434
23158464
23168698
23168791
23171417
23173061
23178207
23179172
23180021
23180980
23192777
23193739
23193751
23194035
23199765
23206294
23206558
23207227
23210600
23213507
23216809
23217140
23218851
23219072
23220006
23220893
23221286
23225508
23230934
23231844
23238487
23238540
23238580
23240370
23242240
23243199
23245408
23246328
23246362
23248573
23253828
23254117
23262763
23262768
23262773
23262966
23266352
23271074
23277483
23282020
23284063
23284810
23286275
23286530
23287396
23289033
23289698
23299274
23300866
23304199
23306730
23312227
23312757
23313013
23315446
23318189
23323988
23324517
23324936
23326382
23327277
23328298
23328727
23336095
23337095
23340185
23341418
23341959
23344597
23347555
23349250
23350784
23350933
23354225
23356098
23357490
23360177
23361056
23362330
23364093
23368927
23374329
23374493
23375210
23377342
23384216
23385274
23385605
23391047
23394855
23395701
23399779
23400563
23400833
23401212
23403729
23409910
23410131
23414488
23430466
23435698
23439620
23442446
23446355
23452565
23453520
23454040
23457418
23459732
23459923
23461426
23462478
23463397
23465162
23467401
23468086
23468216
23468282
23469328
23469490
23470113
23472870
23477387
23477686
23481889
23484658
23495543
23504266
23510313
23510749
23512380
23514138
23515447
23515783
23517716
23517746
23518150
23520698
23522381
23524201
23527106
23528670
23533944
23534948
23536442
23538609
23540667
23541055
23541904
23543198
23553164
23553511
23556262
23557084
23558960
23560284
23561030
23562209
23565297
23568947
23574877
23581912
23583345
23585738
23588099
23590352
23598426
23598805
23601908
23601912
23602667
23608093
23609150
23609154
23609765
23609945
23610211
23612751
23616157
23618044
23618892
23619142
23629077
23637545
23642012
23645878
23647668
23649782
23649905
23660430
23661416
23661884
23662682
23663994
23664316
23666419
23669518
23674182
23676257
23677575
23678788
23680101
23681268
23682438
23683388
23687523
23687535
23687914
23691700
23692156
23700254
23703646
23706386
23711633
23715774
23718160
23722087
23725123
23725230
23725450
23727901
23731625
23740092
23740863
23741466
23743780
23745013
23746098
23746160
23747836
23748594
23749294
23754547
23756797
23757094
23757428
23759325
23769402
23772546
23773373
23775670
23778693
23780679
23783152
23787880
23793049
23795947
23796729
23800333
23800699
23800716
23803496
23804852
23807058
23811693
23818711
23823051
23825931
23829345
23831112
23832375
23833147
23833148
23833808
23835927
23837185
23839749
23843468
23844467
23861812
23865287
23865970
23868478
23870733
23872172
23877016
23878180
23881272
23881907
23886045
23889973
23891018
23891056
23891911
23897303
23904468
23906901
23907594
23907717
23910071
23912399
23915856
23916930
23918906
23918912
23923667
23924271
23931943
23937969
23942563
23943040
23943796
23943900
23945054
23947984
23949499
23949505
23950078
23951854
23953217
23961956
23962493
23964968
23965894
23969148
23969582
23969591
23972159
23974853
23975225
23975375
23981260
23981982
23985294
23985406
23987196
23990970
23992238
23997728
23999203
24001246
24002131
24002916
24003423
24007905
24012920
24015293
24018235
24019363
24020873
24021550
24022435
24024228
24026545
24032272
24033705
24033917
24035773
24036995
24038901
24041343
24043279
24043731
24044368
24044374
24048724
24049156
24050802
24052682
24065369
24068127
24072507
24072727
24074426
24074606
24083352
24084513
24090252
24094458
24101553
24102237
24102408
24104693
24108392
24111891
24115569
24115972
24117288
24118025
24118395
24118896
24120236
24120249
24121018
24126066
24127706
24128744
24129083
24132361
24139937
24140362
24140417
24141382
24153023
24156220
24156481
24156665
24157074
24158073
24158316
24159269
24159436
24161423
24162838
24162857
24163419
24165760
24170346
24172627
24176148
24176289
24179264
24183186
24184243
24185164
24186304
24186599
24188399
24193604
24199212
24210166
24210922
24219123
24220685
24227184
24227365
24228935
24229404
24229822
24237853
24237967
24238479
24239280
24241816
24242740
24245982
24249721
24249814
24252237
24252248
24257723
24257894
24260140
24261756
24263621
24264491
24268037
24268457
24270194
24276839
24282120
24286307
24291939
24292590
24297563
24298439
24304256
24304902
24305918
24313664
24314367
24316766
24316870
24322579
24327671
24328616
24332745
24335746
24335896
24336138
24336975
24337780
24341166
24341788
24343051
24343308
24344831
24346843
24351136
24352309
24353413
24354588
24354969
24360022
24366988
24367063
24367204
24367730
24368712
24372282
24374285
24375422
24376716
24382787
24384998
24387887
24388862
24390144
24394800
24399032
24400400
24400654
24402689
24405726
24410361
24414280
24415981
24417673
24418422
24419521
24420070
24421722
24428797
24435778
24436032
24438556
24438560
24439514
24439795
24439947
24440649
24443266
24443733
24445033
24446162
24448722
24451777
24455267
24457604
24461126
24461224
24461478
24463826
24466131
24470771
24471517
24472399
24477963
24478954
24479046
24484625
24488817
24493766
24494942
24495896
24497764
24500859
24501870
24502811
24504154
24504852
24509028
24509842
24511988
24512124
24512604
24515505
24516014
24518004
24518532
24518783
24518788
24519402
24521924
24525059
24535094
24557754
24558416
24560036
24560166
24560220
24560256
24561234
24565768
24568343
24573223
24581033
24583490
24583491
24585412
24590945
24592493
24595521
24597486
24607364
24612872
24615464
24616352
24620444
24620750
24625364
24626802
24628483
24630423
24630911
24631433
24633170
24637133
24637730
24637921
24639564
24641213
24641912
24643300
24644185
24645830
24647130
24650262
24651115
24652416
24654633
24655718
24655979
24657375
24658691
24663041
24670693
24675188
24676273
24678212
24678655
24679692
24683238
24683390
24684250
24684746
24687184
24687395
24689320
24689693
24690620
24691748
24694624
24698193
24701123
24702440
24702839
24707594
24708641
24709554
24712405
24712834
24715602
24715674
24719280
24721262
24721435
24721557
24721817
24723288
24726076
24726694
24728103
24729130
24729158
24729689
24731478
24734248
24737875
24737884
24741559
24742979
24743062
24744090
24745651
24746739
24750510
24753897
24753967
24755399
24758602
24758691
24759729
24760328
24760951
24761366
24762344
24770427
24772121
24772592
24773696
24777657
24779232
24779533
24784481
24784762
24785702
24792144
24794065
24794541
24796764
24798521
24798784
24799571
24803387
24806331
24809301
24809808
24816805
24818261
24819746
24819891
24829315
24834366
24835791
24837398
24838381
24846344
24851031
24853110
24853591
24854238
24854316
24859719
24864119
24865472
24865784
24878158
24881635
24884539
24884786
24885204
24885866
24888800
24888882
24889053
24889868
24890711
24892316
24896070
24896790
24898164
24898656
24899792
24906553
24907035
24909541
24912858
24916208
24918485
24922107
24923548
24925700
24926714
24931333
24933267
24934885
24941316
24945886
24951037
24953519
24953790
24955957
24959391
24959977
24962821
24963880
24964268
24965306
24965875
24966294
24970957
24971020
24972423
24972594
24975202
24975549
24975792
24977377
24979565
24980272
24980877
24983044
24984209
24986284
24989615
24992827
24996438
24996752
24996952
25004338
25011345
25011448
25012788
25012857
25015076
25019308
25022451
25023917
25028456
25028539
25029014
25029970
25032272
25033154
25037645
25039480
25039907
25041858
25043875
25050797
25055239
25055284
25056254
25056721
25057036
25057558
25057573
25057914
25060427
25062076
25062077
25062652
25064209
25065019
25065072
25065814
25068180
25069500
25070936
25072244
25076083
25077129
25078381
25084187
25085283
25089963
25090823
25091179
25091226
25091716
25091871
25092774
25093273
25100367
25102716
25103647
25105083
25110330
25110846
25115049
25115813
25116227
25116270
25116332
25116371
25116400
25117724
25118139
25118966
25118971
25124026
25128479
25129071
25129214
25130245
25134255
25135676
25137409
25138628
25143181
25146066
25161409
25161426
25163384
25163525
25164021
25164848
25167191
25167594
25168155
25168979
25169614
25170766
25171936
25173186
25173190
25175763
25179766
25180136
25182181
25182516
25184078
25187333
25188883
25190121
25191633
25196262
25198788
25201464
25201671
25207639
25208856
25213156
25213744
25222011
25225150
25234486
25239009
25239361
25243691
25247382
25247383
25247517
25247895
25248065
25255067
25261110
25270770
25270828
25271047
25275282
25282667
25288034
25295769
25298015
25298732
25298780
25300980
25303400
25304996
25320218
25321616
25324327
25326786
25326915
25329072
25332502
25335898
25335902
25335968
25336962
25345645
25349080
25350548
25352366
25354403
25354983
25357160
25359395
25359509
25366038
25367863
25372068
25372087
25372462
25372466
25375302
25375395
25379769
25380810
25381377
25382169
25386385
25386746
25389031
25389462
25391218
25391407
25393312
25393424
25393454
25393861
25395894
25397855
25397857
25399543
25399914
25400387
25401731
25403959
25405033
25407478
25408491
25411021
25411514
25412164
25412711
25414523
25415310
25416299
25419622
25424127
25424296
25425133
25427749
25427892
25433801
25437723
25437728
25438150
25441234
25444085
25447621
25450993
25453487
25453538
25455041
25462610
25467168
25469578
25470484
25472465
25474384
25476749
25479968
25483456
25483493
25491274
25491517
25492559
25492898
25493496
25494006
25494816
25494892
25495113
25497450
25498771
25498779
25504903
25511332
25511906
25512072
25515232
25517070
25517074
25517411
25518959
25521438
25521898
25526928
25527425
25527640
25531900
25532376
25536880
25536928
25539206
25541726
25542741
25543821
25547480
25547926
25555192
25555662
25556313
25556770
25556909
25557807
25561653
25563032
25565859
25573883
25575552
25576391
25576563
25576777
25584350
25584711
25584960
25585069
25592244
25592254
25595005
25595171
25596000
25602291
25602899
25604172
25604948
25607717
25608609
25608893
25608983
25609997
25610815
25616412
25617704
25618455
25618988
25620310
25624679
25627330
25627740
25627814
25630635
25632295
25635142
25643540
25644967
25648732
25653490
25655946
25660252
25662834
25663178
25663708
25666009
25666213
25667299
25670888
25671110
25672189
25674451
25674781
25679355
25687782
25689667
25690858
25691131
25693869
25700662
25700945
25701616
25701671
25702034
25702361
25703322
25706924
25713157
25715857
25719869
25721242
25723977
25723990
25727764
25729452
25732570
25735510
25738481
25739854
25740618
25743141
25743922
25744009
25747490
25747511
25749196
25749671
25753265
25757326
25759156
25770748
25771306
25774367
25774561
25774677
25775122
25775724
25778109
25779755
25785586
25787932
25789360
25797066
25797471
25797598
25798152
25798994
25803671
25805443
25807913
25811560
25811817
25820555
25820992
25821145
25822546
25824274
25829410
25831185
25832339
25834270
25837966
25838074
25840399
25849113
25849354
25853246
25858102
25858421
25860878
25862731
25863550
25865718
25866373
25869017
25875883
25879466
25879591
25880489
25880625
25880954
25884566
25885596
25886593
25887763
25889646
25889725
25892349
25892492
25893588
25893926
25899819
25903095
25905835
25905884
25906098
25907281
25908553
25909928
25910085
25910663
25912631
25917222
25920603
25921648
25926747
25928435
25928816
25929779
25932850
25933556
25934024
25934082
25935572
25937600
25939543
25940936
25941276
25943721
25943901
25954069
25955703
25955704
25962128
25962656
25962725
25963161
25967997
25971298
25975778
25977897
25978058
25982905
25983287
25989419
25989510
25991459
25992305
25993654
25995734
25996094
25996232
26011547
26011573
26015805
26017577
26019052
26020251
26026210
26028916
26030927
26031545
26034098
26034619
26034663
26035140
26051096
26052073
26053040
26054486
26054549
26059073
26059522
26059967
26060062
26060746
26060758
26067810
26069109
26070041
26070339
26071818
26073992
26075537
26078275
26079520
26080654
26080877
26081699
26082456
26085021
26086608
26086743
26087662
26087768
26091669
26092020
26095210
26096537
26098127
26103483
26104795
26105668
26112257
26116432
26118959
26121485
26121988
26129633
26131570
26131658
26131828
26133648
26136064
26137315
26141463
26143612
26144368
26146947
26147096
26147881
26148663
26150142
26150200
26150584
26151864
26152220
26152890
26153316
26153842
26154837
26157655
26161457
26165432
26166389
26171863
26172238
26176492
26179258
26179593
26180488
26180994
26181310
26185186
26185984
26186388
26187451
26189807
26195179
26195439
26196514
26197728
26200894
26202565
26205379
26206651
26211481
26212041
26214755
26215529
26217493
26219119
26223424
26225057
26225269
26227069
26229416
26236170
26237393
26238969
26239239
26241435
26241436
26241733
26243443
26244461
26244787
26246781
26246946
26247183
26247783
26248479
26250875
26251040
26251934
26254978
26260112
26261105
26263389
26263600
26265170
26266416
26267031
26268306
26270152
26271138
26278232
26281808
26282128
26284230
26285029
26286555
26287434
26288782
26293653
26297163
26298590
26302826
26302940
26307564
26310395
26311704
26313097
26317339
26317510
26319189
26319931
26320417
26320928
26322804
26324510
26329256
26329510
26329806
26331709
26333247
26335263
26337116
26340662
26342296
26348921
26350680
26353806
26354094
26354532
26355229
26357902
26358974
26359286
26360143
26360960
26362520
26363790
26368317
26370774
26374398
26375379
26377747
26378825
26380032
26380069
26386444
26389102
26391673
26393100
26393458
26394616
26396732
26397244
26401070
26401420
26402391
26403092
26408823
26408891
26409876
26410226
26410548
26411308
26414142
26414657
26414882
26414962
26416135
26418104
26419910
26420890
26423576
26423687
26424408
26424788
26425495
26428201
26430474
26431238
26431311
26435809
26436245
26437016
26437772
26443815
26444417
26445001
26445584
26446584
26447836
26447910
26447914
26447916
26448561
26449344
26452636
26457245
26458206
26458534
26458766
26460520
26463490
26463735
26464109
26464116
26467045
26469747
26469890
26471949
26472317
26474956
26476849
26481647
26481701
26483061
26491869
26492214
26492344
26492481
26496832
26497276
26498194
26501893
26502320
26508872
26509960
26512763
26517784
26519852
26521237
26525559
26526634
26526801
26527177
26530279
26535890
26536315
26537234
26537367
26537922
26539839
26541292
26545849
26548409
26550686
26551430
26552804
26552807
26553168
26555063
26559352
26560679
26565527
26567253
26568739
26572972
26577755
26578008
26578829
26579735
26581025
26584167
26584535
26586696
26588255
26589675
26590644
26598304
26599164
26602976
26603158
26605083
26610647
26610649
26612205
26615171
26618437
26619045
26620917
26623413
26624239
26626857
26627727
26627885
26633040
26633171
26635964
26636274
26638450
26638452
26642732
26643627
26647366
26650199
26652011
26653930
26655019
26656132
26658150
26659580
26661505
26662561
26664289
26665121
26665410
26668023
26671705
26676463
26679965
26679968
26685035
26686204
26691128
26691277
26692178
26700292
26703951
26709819
26710002
26724746
26728397
26729149
26731515
26733074
26733704
26733710
26735258
26739767
26741707
26742553
26742595
26743074
26745114
26745280
26747036
26747790
26753051
26753417
26753767
26755469
26759975
26759976
26761726
26762249
26762647
26763818
26764181
26766545
26766855
26772175
26774952
26775650
26777577
26785253
26785890
26786792
26790406
26791096
26792785
26793820
26797353
26802569
26806014
26806631
26809487
26811230
26816049
26816205
26819839
26820292
26821514
26821791
26821964
26823050
26823164
26825366
26827118
26840639
26843679
26844060
26844596
26846305
26847230
26851936
26852639
26856894
26860586
26863874
26864987
26867797
26869059
26871837
26874141
26874654
26875554
26875950
26877165
26879090
26880917
26885671
26887627
26888042
26891974
26892677
26895278
26895838
26896815
26898703
26900886
26902946
26905977
26907362
26911812
26912154
26915427
26917877
26921835
26922367
26926159
26926893
26940706
26940788
26944258
26944867
26951214
26952026
26952078
26952696
26952841
26953063
26953300
26953734
26957129
26957617
26957641
26959274
26960962
26962604
26963922
26966330
26967224
26967651
26968167
26969619
26969712
26975867
26977268
26981339
26982244
26982598
26985603
26987581
26989837
26991514
26991652
26992175
26997248
26997514
27000788
27003266
27003556
27003558
27007405
27008889
27009144
27009754
27013312
27014675
27015251
27015255
27023467
27023694
27025848
27026306
27026332
27028455
27030084
27031015
27032988
27034179
27034521
27034669
27038864
27038960
27042228
27044964
27044967
27045283
27045519
27048630
27048787
27051057
27053128
27054307
27055688
27055757
27057877
27059191
27067173
27067864
27070152
27070926
27074519
27075755
27079468
27079568
27081755
27085086
27085189
27085341
27085529
27087386
27087984
27091674
27099477
27100876
27101532
27101897
27102810
27103178
27107006
27108144
27110104
27111783
27112700
27113123
27113880
27114456
27117481
27117712
27117886
27118176
27123687
27124618
27125226
27125282
27125775
27126815
27130560
27131975
27136249
27137847
27140591
27142657
27143860
27143869
27147902
27148616
27148621
27151321
27154530
27158097
27159762
27159809
27160698
27164970
27167650
27168356
27174430
27175032
27175033
27178030
27178747
27180683
27180684
27182427
27183221
27184466
27184627
27187302
27188983
27191024
27191724
27196147
27197711
27207164
27207488
27213088
27213549
27215634
27215909
27217232
27217754
27218793
27219232
27220514
27221971
27225252
27229318
27230757
27231798
27231799
27231801
27232867
27235601
27238161
27239863
27239865
27241187
27244044
27250913
27252996
27256811
27258500
27259290
27270070
27270531
27272059
27272894
27273925
27279952
27281074
27281322
27281639
27281650
27283293
27283586
27287900
27288475
27289051
27294750
27297244
27302548
27305075
27312117
27313805
27315065
27315486
27316716
27320507
27322718
27323426
27324382
27325124
27325249
27327847
27329865
27332747
27335119
27335773
27343157
27343837
27344536
27350407
27351641
27351743
27352591
27352629
27355268
27359281
27359282
27364502
27366315
27367749
27367932
27371621
27372056
27372061
27372604
27373233
27373600
27375994
27379926
27382319
27385166
27387024
27388439
27389914
27390713
27391223
27400435
27400711
27400740
27400823
27402023
27402240
27404008
27404009
27404977
27411937
27412109
27419009
27421254
27421585
27422120
27422241
27422762
27423195
27427179
27427216
27428482
27430107
27440111
27442965
27443661
27447794
27449417
27453457
27454730
27454734
27455070
27455158
27456045
27459660
27459967
27463256
27465718
27466235
27467561
27467813
27472098
27473752
27473817
27476099
27477831
27479170
27480025
27482954
27483555
27484351
27485493
27485728
27486978
27487304
27488567
27490117
27500339
27500753
27503325
27507292
27517068
27521886
27522117
27524786
27525007
27525106
27528454
27528703
27529263
27530528
27531167
27532155
27532694
27535132
27535441
27542519
27543136
27543303
27544748
27544930
27547861
27548407
27548753
27549501
27551012
27551731
27552616
27555790
27555988
27557551
27557904
27558402
27558760
27561117
27561186
27561993
27565697
27567062
27575917
27578131
27581117
27581952
27582583
27585031
27587061
27587320
27588413
27590589
27592085
27594105
27599377
27599540
27599748
27600513
27601887
27605640
27606397
27606399
27609205
27611713
27611849
27612580
27613790
27615022
27617720
27621969
27621973
27622427
27623946
27624680
27625726
27625745
27628183
27628578
27628859
27630349
27631740
27634209
27636123
27636210
27636361
27637576
27638194
27639052
27644614
27646860
27648743
27651912
27652179
27653006
27655783
27656051
27656921
27657554
27661113
27662393
27665313
27665989
27668440
27669713
27679797
27691381
27692116
27693778
27697641
27698565
27701019
27701927
27706473
27716186
27716190
27716266
27716433
27718061
27720788
27722187
27723214
27723891
27727463
27730538
27743735
27747764
27749319
27758960
27760245
27760531
27766774
27766941
27768180
27768509
27768540
27771817
27772698
27775826
27776899
27780199
27783235
27783635
27783886
27784712
27785521
27786570
27787348
27788789
27791534
27797159
27798816
27799063
27803569
27806745
27807921
27809227
27810654
27811123
27812491
27813101
27814698
27820523
27822000
27822008
27823727
27824752
27826153
27826805
27826997
27829858
27832107
27833836
27836081
27836213
27838391
27842171
27842328
27842617
27842916
27842985
27842998
27843569
27843684
27843843
27846645
27847916
27847967
27848006
27849665
27851714
27855435
27855651
27859299
27862681
27864601
27864667
27865568
27866314
27867559
27874996
27875708
27875835
27884232
27885404
27893028
27893070
27893185
27893470
27894838
27898882
27900611
27904646
27905941
27906568
27909581
27911935
27913984
27914125
27917479
27920809
27922342
27927342
27930509
27932013
27932442
27933235
27933383
27935801
27936086
27936468
27937141
27938375
27939338
27940731
27940733
27941440
27957301
27965251
27965314
27977745
27982374
27982384
27986211
27986841
27988392
27991418
27993494
27997434
27997508
27998232
28017434
28017586
28018958
28024315
28024653
28024968
28025321
28025762
28025774
28025923
28034069
28042073
28046093
28051222
28054032
28060225
28067955
28068854
28068927
28074194
28075695
28077072
28077152
28077410
28081569
28083262
28083755
28086009
28088236
28088240
28089188
28089387
28090220
28093502
28097328
28098496
28099050
28101560
28103212
28103923
28108823
28109245
28111165
28111178
28114631
28114640
28118361
28121585
28121687
28123753
28128669
28130434
28132168
28134628
28138988
28139266
28139412
28141937
28143517
28143752
28148258
28148305
28148333
28148599
28153752
28154759
28155237
28159131
28160187
28161645
28163861
28166362
28166673
28169143
28169176
28169959
28178046
28178878
28182195
28182605
28185592
28186715
28187724
28188772
28189577
28189609
28190600
28195644
28199538
28199997
28201829
28202700
28207297
28208824
28210617
28210883
28216328
28219445
28224441
28224724
28225511
28225822
28230421
28230614
28235120
28236518
28237564
28239296
28241764
28243189
28251350
28252894
28252898
28254222
28256998
28257886
28257962
28258776
28260143
28260337
28263706
28263920
28268079
28272217
28272593
28274389
28274551
28274618
28275046
28275316
28276169
28276923
28282021
28284588
28285755
28285775
28285902
28288073
28289067
28289895
28290959
28291382
28292344
28298198
28299592
28301501
28302934
28315288
28315419
28315803
28319337
28319477
28320385
28323472
28324221
28331508
28333337
28333811
28333819
28340547
28343822
28346527
28351763
28355174
28355635
28359619
28363701
28364385
28364525
28365251
28365547
28365934
28366309
28366578
28368739
28372353
28373324
28373325
28373338
28374978
28376233
28377248
28379627
28380199
28382687
28385107
28387923
28389293
28389487
28390298
28390693
28399859
28402420
28402749
28403462
28403816
28403923
28406089
28406786
28407650
28408172
28409741
28410338
28413942
28414938
28415991
28416998
28420438
28420558
28421975
28422361
28426319
28426677
28428673
28429976
28432063
28432226
28437321
28441894
28441941
28442022
28442900
28444554
28445561
28446178
28446383
28446849
28446927
28447755
28448555
28448757
28451528
28452452
28453507
28454595
28455079
28455672
28462244
28464140
28464280
28465764
28465766
28472027
28473037
28479369
28480258
28480542
28481163
28481903
28485111
28485129
28486704
28486876
28489715
28491844
28492786
28492821
28495242
28498011
28498071
28498198
28499525
28501293
28502681
28506715
28507772
28508921
28510414
28514487
28516332
28517042
28521753
28523674
28526649
28532513
28536303
28537346
28537361
28537451
28537845
28537966
28538460
28543359
28544796
28553570
28554158
28557516
28558067
28562140
28565923
28570741
28571170
28574128
28576668
28580352
28580590
28581874
28583704
28583953
28586255
28587686
28589380
28590385
28591799
28593825
28594755
28598890
28599820
28600749
28601963
28602146
28602724
28604252
28604427
28606370
28607233
28611258
28612808
28612809
28612812
28614579
28615023
28615757
28617160
28617216
28618354
28619299
28619689
28622969
28624049
28624065
28625820
28627085
28628853
28631999
28635972
28640073
28640839
28641821
28643062
28644930
28646249
28647544
28648494
28650410
28650884
28651463
28654581
28655268
28655413
28655491
28657109
28657175
28658485
28658489
28660125
28660322
28660849
28662842
28665352
28670694
28677919
28678121
28678122
28682153
28685885
28685917
28686787
28689021
28691501
28693465
28695562
28699654
28701208
28706097
28707099
28708447
28708471
28709581
28710707
28711174
28711420
28713882
28716650
28720445
28721034
28721637
28721954
28723720
28724129
28724133
28729915
28734109
28735919
28737270
28737994
28738432
28744584
28746377
28747244
28748021
28751033
28753031
28753870
28754438
28756028
28761028
28764776
28765069
28765156
28766409
28767586
28768325
28783811
28784120
28784743
28786426
28786872
28787630
28789646
28791281
28794243
28795332
28796858
28796878
28801054
28801983
28804069
28804406
28804775
28804780
28804864
28806026
28806926
28807389
28809079
28811987
28813530
28814728
28815161
28816020
28816736
28817299
28817319
28817783
28827257
28828196
28828573
28829654
28831333
28832280
28832865
28833943
28834181
28835275
28836120
28837404
28837980
28838246
28841781
28844583
28847471
28847660
28851310
28853062
28854076
28854592
28854877
28854943
28856170
28857297
28861536
28865553
28866631
28867439
28870183
28870185
28871808
28876303
28876317
28882522
28885275
28885288
28885865
28890064
28890442
28891032
28893711
28894502
28894839
28894850
28894944
28895125
28895455
28898193
28902769
28904909
28906483
28910244
28911189
28916160
28921477
28923106
28923697
28927380
28929700
28932411
28933789
28933932
28942031
28942775
28944319
28944716
28945616
28946851
28947293
28948028
28953291
28953419
28955717
28965738
28967677
28969432
28971924
28972427
28972983
28973087
28973507
28975012
28975381
28982706
28983400
28983502
28984659
28985884
28988167
28989837
28990943
28990981
29016514
29017802
29018789
29019095
29025270
29029551
29031682
29034559
29035487
29039025
29039055
29039627
29040579
29040895
29042372
29044563
29049120
29049512
29049517
29053177
29054183
29055781
29057278
29059428
29061178
29061293
29062268
29064917
29067517
29068164
29068858
29068859
29068874
29070050
29073129
29074179
29074189
29077743
29082331
29083971
29084350
29087637
29087659
29090334
29093140
29093985
29099026
29102459
29102944
29107569
29108837
29108987
29111136
29112234
29112648
29112661
29113402
29114589
29116323
29116433
29118185
29119547
29120151
29121175
29121177
29121792
29121912
29124043
29124625
29125004
29128582
29128586
29137506
29141040
29141612
29141629
29142964
29143367
29143609
29145407
29145600
29145863
29146155
29148350
29149181
29150533
29150972
29151042
29151150
29153117
29153123
29153633
29153782
29155190
29157785
29158654
29159295
29162106
29165974
29167867
29168019
29169001
29173070
29174407
29175562
29176369
29184969
29186165
29186747
29188029
29191161
29194011
29194173
29195746
29198050
29201531
29202735
29202924
29206638
29206974
29207938
29208368
29209487
29211746
29215494
29215710
29216841
29217445
29223986
29225890
29225959
29226329
29227443
29228022
29228517
29229713
29240864
29243007
29244983
29246427
29247082
29251973
29252115
29252195
29253722
29254141
29255905
29258422
29259796
29261249
29261336
29261440
29262788
29267052
29267056
29269006
29269328
29270055
29272486
29273728
29275063
29275883
29276845
29277916
29279282
29281865
29282464
29282482
29282721
29284324
29284354
29284439
29286540
29287033
29288067
29302695
29305773
29307053
29307979
29309214
29310077
29310928
29313320
29313458
29314410
29314471
29315859
29316371
29316885
29321922
29325725
29329988
29332856
29334009
29334559
29336600
29336921
29338082
29338443
29340564
29342172
29349248
29349842
29354544
29354556
29355412
29356828
29358195
29358442
29359606
29360319
29364356
29365029
29369233
29369343
29371100
29371476
29372955
29374088
29376546
29378658
29380058
29380618
29382212
29382387
29385435
29385492
29385956
29386923
29387882
29389142
29389260
29389995
29392355
29393807
29395174
29396967
29397016
29398330
29398912
29402715
29403097
29403267
29404756
29406473
29406840
29407887
29409858
29411046
29412764
29413951
29416992
29417362
29420332
29420405
29422026
29423513
29423900
29424384
29424777
29425802
29425896
29427860
29429027
29430592
29437751
29439073
29439693
29440236
29445051
29445299
29445699
29447147
29447257
29447263
29450469
29450525
29452562
29452972
29453287
29453946
29454665
29456589
29456591
29461681
29462030
29462043
29462048
29462305
29463210
29463327
29464430
29465658
29469591
29470113
29473482
29475841
29477404
29479524
29481407
29481563
29481969
29484490
29485710
29489428
29492231
29495199
29495529
29496293
29497953
29499339
29502466
29504844
29506837
29509521
29509935
29512426
29516129
29517881
29518580
29519178
29523809
29524868
29527305
29527348
29528945
29529616
29530910
29533757
29536002
29542300
29543858
29544988
29545694
29549194
29550971
29551901
29552456
29552774
29553107
29553277
29558417
29560269
29565677
29566396
29566546
29567642
29568707
29569100
29570911
29572288
29572707
29573423
29574095
29575010
29576826
29576895
29578109
29580273
29580644
29581094
29587802
29589249
29590422
29595721
29596618
29596784
29597151
29602185
29603139
29606357
29607070
29611342
29611869
29614528
29618148
29618934
29623863
29625626
29625768
29626738
29627238
29627279
29628512
29630013
29631060
29636040
29641240
29642905
29644660
29649001
29653793
29656305
29656670
29658062
29658152
29659447
29660933
29661050
29662861
29662915
29663343
29664035
29665016
29665098
29669169
29669533
29670391
29671079
29672327
29673883
29678965
29680827
29680926
29681452
29681957
29683906
29683911
29684326
29687758
29691171
29692980
29693027
29693036
29696226
29697150
29697846
29698302
29698555
29702805
29704683
29706889
29707748
29707801
29708703
29709699
29710214
29715303
29719801
29720915
29721733
29726303
29726724
29727866
29728950
29729227
29729288
29730031
29731441
29733842
29736143
29736449
29738398
29739433
29740879
29743049
29743781
29744970
29746506
29747489
29747864
29750957
29751857
29752581
29752935
29753888
29754304
29754981
29757772
29762153
29762291
29764395
29766100
29766655
29769057
29770717
29770721
29771741
29774806
29775130
29775434
29777350
29777556
29784549
29793523
29794588
29795653
29796375
29797314
29799324
29800002
29800401
29804845
29805134
29805957
29807786
29808770
29813166
29843780
29845507
29846622
29846952
29847166
29847997
29851437
29851441
29852776
29853173
29853819
29855315
29855813
29855831
29855861
29856809
29857997
29859118
29860373
29860920
29864193
29865926
29870831
29872347
29872768
29874372
29886762
29887731
29888004
29888487
29888826
29889752
29889758
29893610
29899879
29902134
29904156
29905617
29905943
29905992
29909370
29911521
29911931
29914425
29914497
29914584
29914611
29914819
29915741
29920193
29920789
29923041
29927641
29927955
29929858
29932800
29934398
29934441
29935647
29938343
29939508
29940958
29946693
29946829
29949454
29957127
29957155
29959758
29963325
29966002
29966500
29971325
29971451
29974289
29975709
29979249
29979488
29981088
29981103
29982106
29982221
29984797
29985685
29985705
29987939
29993229
29994974
29998012
30001651
30001668
30002926
30006188
30010781
30012644
30013255
30014045
30015376
30020424
30020578
30020755
30020962
30027271
30030731
30032697
30033227
30036159
30037863
30039447
30045204
30045210
30045348
30045833
30048153
30049173
30049631
30050292
30051091
30052666
30052961
30053215
30054096
30054883
30057150
30057798
30059335
30061047
30062839
30063494
30063591
30064108
30066304
30069523
30069856
30071705
30072364
30073240
30073437
30073494
30073771
30076832
30077772
30079158
30080449
30080875
30081870
30082965
30085843
30087546
30087571
30089305
30093089
30093279
30095859
30096578
30099327
30101633
30101843
30103763
30109053
30113143
30113728
30114193
30115507
30118639
30121129
30122010
30122668
30123949
30124939
30126847
30128887
30130293
30132354
30132712
30132744
30137334
30137464
30140125
30140909
30140910
30144141
30145909
30147326
30149586
30151393
30152841
30154021
30154349
30156498
30156535
30157849
30159237
30159270
30159350
30160780
30165838
30167647
30170816
30172564
30172804
30173471
30174415
30176517
30177894
30178095
30180426
30181420
30186846
30188650
30189436
30191465
30193185
30193276
30193277
30193720
30193993
30195010
30195657
30195836
30200746
30201794
30204807
30205539
30207379
30209668
30211835
30212142
30212143
30215340
30219342
30221421
30222183
30223803
30225458
30227910
30234765
30234766
30235255
30235732
30236775
30238495
30241056
30242321
30242324
30242346
30242381
30243882
30247548
30251213
30251588
30254811
30254996
30257671
30258292
30259249
30259283
30261044
30264626
30265611
30267073
30268114
30271124
30271127
30273345
30276655
30278471
30278817
30282770
30285230
30285261
30289004
30289091
30290641
30290851
30294091
30295341
30295883
30296905
30299264
30301449
30303420
30303879
30304060
30304457
30314906
30315074
30315510
30317395
30318017
30320503
30322640
30325503
30335806
30337413
30338474
30338668
30340550
30340585
30342180
30343857
30344174
30344246
30344360
30345874
30346577
30349208
30349238
30354043
30355027
30355407
30356396
30358962
30359708
30361048
30361139
30364339
30364586
30365180
30365204
30368080
30368571
30370036
30370037
30375246
30375576
30378119
30378638
30379946
30380906
30382489
30383493
30383499
30388052
30388177
30388229
30388230
30389146
30389312
30391774
30395425
30395428
30396623
30396744
30399105
30403686
30403933
30403975
30412256
30419200
30421341
30424778
30425010
30427424
30429919
30430340
30430404
30442410
30442530
30445989
30446321
30447035
30451102
30453334
30453977
30455978
30457972
30458586
30458772
30463636
30468095
30470515
30475893
30478109
30478530
30479658
30481236
30481382
30482165
30482435
30484820
30484850
30485187
30486273
30489499
30489611
30495993
30497341
30497468
30497542
30497897
30498599
30498916
30499732
30499800
30500972
30503516
30506456
30508010
30508511
30516628
30516823
30518476
30519124
30520964
30521060
30521414
30521454
30521798
30524752
30527437
30537156
30537185
30538411
30539229
30539622
30541268
30544817
30547114
30547930
30549123
30549150
30549444
30551561
30552595
30553418
30553740
30553907
30554209
30556831
30556923
30557766
30558759
30559120
30562992
30563519
30565965
30566762
30568512
30569625
30569838
30570127
30570588
30571300
30571413
30574199
30575859
30576539
30579990
30581030
30582746
30586171
30587265
30589389
30589852
30589953
30594534
30596680
30600515
30600516
30601888
30606053
30606147
30608875
30610532
30611165
30611521
30611544
30614829
30615576
30620370
30621662
30622198
30624314
30624875
30627436
30628865
30630440
30630876
30632645
30637033
30637304
30638428
30638646
30639790
30640031
30642267
30645011
30646116
30646135
30646154
30646242
30646294
30646315
30646317
30646341
30646372
30646940
30647824
30650175
30657200
30661870
30661886
30664603
30665333
30665831
30667521
30669969
30670031
30674323
30675143
30675816
30676994
30679104
30680399
30681707
30681708
30681710
30682152
30683103
30685346
30689769
30689824
30690529
30693090
30693843
30696727
30698605
30701188
30701743
30702335
30702378
30707672
30711916
30714001
30714944
30719051
30720922
30722357
30726494
30728033
30730214
30730360
30734520
30741754
30742054
30746762
30753636
30759047
30759050
30761454
30763036
30763292
30763752
30768196
30773436
30777622
30777630
30779604
30779659
30784297
30784392
30787074
30787128
30789539
30789634
30789761
30790005
30794221
30796990
30797721
30798574
30799529
30799555
30801466
30801474
30801556
30801639
30804677
30807452
30807481
30808425
30809390
30811679
30814026
30819468
30824294
30828214
30829786
30830830
30832276
30834447
30834808
30835897
30838517
30839064
30842086
30843761
30844024
30844470
30845054
30846015
30849185
30850314
30850346
30852687
30854238
30855080
30855397
30855652
30856368
30857371
30858158
30858254
30861004
30865684
30865875
30868122
30870149
30870172
30871375
30874780
30874787
30875180
30878171
30880008
30880583
30880944
30882052
30882286
30885164
30885772
30888753
30893370
30894083
30895110
30895832
30896245
30901047
30901161
30904366
30904707
30905063
30905415
30908175
30909852
30912723
30913170
30918841
30919056
30919219
30922298
30922728
30923560
30924204
30924731
30924891
30924902
30926284
30929112
30934891
30935800
30937874
30939157
30939274
30942909
30943249
30947897
30947901
30949521
30951157
30951228
30958408
30963060
30965052
30968457
30968552
30969352
30969979
30971759
30973061
30973286
30973473
30974108
30975680
30975682
30975683
30977713
30977850
30980295
30980630
30981142
30981843
30982760
30985212
30988039
30988950
30989484
30992222
30993338
30994399
30998420
30998816
31002316
31003652
31004590
31004670
31008130
31009283
31009291
31009470
31009860
31013459
31014137
31014256
31017627
31017957
31018642
31020009
31022165
31022201
31023757
31026261
31027857
31029672
31031042
31032423
31033818
31033885
31034756
31037184
31037441
31037823
31038849
31039752
31042498
31043233
31044212
31045333
31045502
31048833
31049364
31050020
31050779
31053469
31057285
31058180
31060056
31062522
31067410
31067757
31070493
31070837
31073850
31074808
31076739
31077247
31081461
31084337
31087319
31088561
31089569
31090207
31090874
31094222
31094590
31094983
31099460
31099866
31100044
31100483
31102102
31102531
31102623
31107324
31107629
31107701
31107766
31110650
31111191
31112238
31118033
31118219
31125108
31125696
31126774
31127746
31128482
31128613
31128952
31128954
31129024
31130000
31133408
31134439
31134513
31134661
31136440
31136608
31139490
31145881
31149764
31150188
31150741
31151400
31152689
31154534
31154990
31157819
31159688
31159803
31162230
31164133
31165400
31166416
31170810
31171397
31172069
31172422
31173510
31176630
31177363
31180736
31181068
31182101
31182886
31184515
31185954
31186266
31187600
31189695
31194903
31195627
31200352
31200720
31200892
31202627
31203257
31204223
31205171
31205705
31206010
31208408
31208422
31210509
31213450
31214879
31216298
31219510
31219555
31221156
31221498
31225830
31226295
31226386
31227417
31229661
31230019
31230581
31232205
31234758
31237098
31237386
31238992
31239069
31239646
31240426
31243352
31254703
31255798
31256366
31257555
31264323
31264530
31265101
31266690
31270118
31272826
31273415
31277032
31277772
31279008
31279542
31283581
31283582
31285092
31286577
31288184
31289750
31292755
31294011
31294521
31297721
31299728
31300307
31302877
31303256
31307419
31310965
31311065
31313293
31313475
31314115
31314794
31315596
31317248
31318803
31320929
31321637
31321639
31323403
31324380
31326359
31326537
31326930
31327945
31329954
31331396
31333180
31333200
31334158
31334609
31335249
31337530
31340280
31343379
31347212
31347980
31348333
31350468
31350875
31351851
31352137
31354324
31356562
31356710
31362749
31363063
31363355
31363888
31365506
31366334
31368566
31369298
31369531
31371271
31372027
31372371
31373601
31374922
31375983
31376797
31377088
31378097
31378295
31378410
31378913
31380225
31380313
31382293
31382908
31382923
31385463
31389882
31390340
31391640
31391847
31392298
31393806
31393863
31395043
31395752
31396661
31396808
31397625
31397864
31401256
31401600
31403203
31404006
31404518
31405298
31405548
31406014
31407356
31408987
31410670
31411336
31411448
31411709
31411713
31412015
31413065
31413696
31415365
31416348
31416427
31418413
31418877
31419099
31419866
31421934
31425875
31426781
31429113
31435727
31436497
31436660
31440736
31441286
31442243
31445513
31447591
31449530
31453444
31455059
31455128
31455628
31455672
31455707
31456371
31460630
31461742
31461755
31462303
31462463
31467930
31469069
31469397
31470367
31473108
31474071
31474261
31475424
31478010
31479363
31479799
31479871
31485375
31485585
31486803
31486805
31486807
31488080
31489868
31490540
31494604
31495642
31497552
31498743
31499568
31501099
31503150
31503283
31504079
31510089
31511394
31513120
31513510
31513511
31515234
31515636
31517517
31517672
31524584
31527142
31533714
31534107
31535000
31537553
31538026
31539332
31542759
31544360
31553137
31553402
31560389
31561920
31562005
31564930
31567595
31568285
31569138
31569595
31571204
31573912
31573991
31575535
31577103
31577348
31577472
31577682
31581355
31581441
31581450
31582133
31582420
31582917
31587603
31588770
31592508
31595109
31596488
31597911
31599841
31601639
31602705
31603486
31603572
31609397
31610380
31612550
31612694
31613721
31615599
31617481
31619300
31620683
31621099
31621528
31621562
31622819
31623613
31623988
31624477
31626320
31629727
31629798
31630119
31630430
31632726
31633536
31637654
31639531
31639848
31640703
31642589
31644546
31644798
31644986
31647506
31651207
31651952
31652227
31654809
31655466
31655962
31658753
31659710
31660232
31662042
31665026
31666261
31669081
31670456
31670655
31670798
31670917
31673796
31675691
31675975
31679121
31680337
31682747
31685219
31688214
31688416
31688436
31689302
31690298
31690603
31692104
31693122
31693127
31695505
31696421
31696745
31697378
31701466
31702800
31703080
31704750
31704751
31708063
31708329
31708403
31709464
31709605
31709628
31710169
31711146
31711933
31713301
31714442
31718646
31719192
31719273
31720369
31722646
31722938
31723316
31724274
31724969
31725113
31725210
31730185
31730926
31734858
31734885
31736282
31737468
31737924
31738214
31738388
31738925
31739631
31742232
31744786
31747006
31747358
31752792
31757103
31764733
31767239
31768496
31770445
31771370
31774525
31775469
31775904
31776894
31777579
31777642
31777684
31778170
31780142
31780885
31783757
31786448
31786460
31791415
31792431
31794720
31796155
31797311
31800069
31800070
31804234
31808927
31813892
31814855
31815531
31816184
31818483
31823387
31823664
31829902
31831491
31834109
31836107
31837254
31838123
31840562
31842110
31842904
31844684
31846127
31846453
31846612
31848174
31852038
31853119
31854305
31855501
31856752
31856937
31859189
31860767
31861770
31864196
31866518
31867368
31869563
31870508
31873973
31873998
31874282
31879044
31879158
31880803
31882148
31883267
31883702
31883735
31884307
31885056
31885436
31887105
31888562
31889615
31890003
31890847
31891971
31892331
31896830
31897287
31899034
31899181
31900410
31901056
31904644
31904796
31905056
31906924
31907549
31912803
31917398
31918165
31918865
31920145
31921435
31922332
31924210
31925765
31925840
31926591
31926887
31928405
31935266
31936105
31940036
31940422
31944232
31948200
31948990
31952520
31961428
31965490
31967314
31967747
31967870
31969139
31973590
31973744
31975397
31977059
31977081
31977436
31978084
31978889
31981105
31982178
31982243
31982982
31984811
31985349
31985616
31985751
31986569
31988065
31990605
31992901
31998823
31998959
32002435
32002472
32002537
32003810
32004331
32006487
32006547
32006733
32008468
32010647
32010871
32011538
32012684
32016285
32016432
32019696
32023311
32024597
32027310
32029007
32030691
32031615
32031650
32035202
32036076
32038373
32038464
32039957
32040158
32040633
32040725
32042927
32042998
32043078
32044429
32044752
32047717
32049877
32053626
32054393
32055390
32056093
32057791
32058977
32059094
32060169
32063272
32065637
32067631
32069093
32074113
32074195
32076702
32078246
32078351
32081303
32082546
32083143
32083430
32086349
32092239
32094055
32095835
32096650
32097269
32097329
32103789
32106814
32106819
32108892
32108929
32109020
32111417
32111930
32113518
32113520
32115195
32115210
32117753
32118606
32119612
32122186
32122736
32123625
32123754
32123925
32124775
32125402
32128693
32129215
32129866
32129868
32130022
32131823
32132129
32132389
32134816
32135302
32144610
32147181
32151143
32152932
32153831
32154626
32155089
32155248
32155251
32156214
32157463
32159811
32160755
32162188
32162377
32163567
32165215
32165278
32168215
32173809
32186746
32189518
32190301
32190644
32196656
32197540
32197959
32202616
32204688
32205372
32207148
32209060
32209627
32209632
32210518
32211481
32211825
32217062
32219813
32220483
32221191
32221669
32225131
32227133
32227342
32227561
32228065
32228573
32228634
32229142
32229152
32232450
32233156
32240287
32241522
32241650
32242905
32243332
32245727
32249171
32250432
32251141
32251479
32252705
32253027
32256135
32258468
32264849
32267818
32268812
32270989
32272991
32273233
32273241
32273483
32273687
32273971
32275654
32276624
32277019
32282264
32291400
32292094
32293568
32295573
32295817
32295941
32297905
32299421
32300752
32302271
32303431
32304356
32305375
32306857
32308373
32309085
32310622
32311194
32312725
32313940
32314640
32316818
32317818
32318434
32320035
32320405
32324610
32326066
32328566
32328583
32329333
32330182
32338098
32344778
32345240
32345241
32345275
32346820
32347754
32348184
32349502
32350126
32351203
32353142
32356281
32357195
32358935
32360526
32361936
32362481
32367989
32371161
32374095
32375691
32377615
32380165
32380882
32381446
32385584
32386221
32387543
32389412
32390885
32394399
32394720
32399911
32400290
32401225
32401609
32404655
32414017
32417021
32421185
32421840
32423409
32423486
32426870
32429888
32432434
32433652
32437630
32437874
32438507
32438530
32440613
32441364
32441820
32445851
32446349
32446998
32450080
32452740
32456541
32456702
32458577
32459905
32461984
32463787
32468336
32471323
32472718
32473996
32474195
32475281
32476106
32480849
32484941
32487037
32487259
32487292
32488525
32495305
32496599
32500241
32500410
32501202
32503164
32505430
32507524
32509878
32510315
32512053
32514296
32515784
32515901
32516748
32522883
32526264
32527568
32527708
32527984
32530387
32531215
32532779
32534823
32535153
32537307
32537684
32537695
32537899
32538331
32540516
32542873
32544404
32546883
32548305
32548360
32548998
32550529
32551332
32551937
32552278
32554415
32555005
32556192
32559276
32559936
32560934
32561592
32562318
32562763
32566167
32566225
32568722
32569655
32571275
32571277
32572843
32579273
32583398
32583761
32584432
32584926
32586056
32586324
32586746
32590639
32590985
32595003
32596504
32597048
32602058
32602909
32602917
32603846
32607325
32607424
32609338
32609385
32610352
32611507
32613022
32617594
32617599
32618253
32621376
32621751
32622297
32622728
32623230
32627180
32629408
32630173
32633550
32634354
32634360
32634608
32637868
32641128
32642641
32642803
32645088
32649010
32653959
32659613
32662957
32663043
32663077
32664107
32665156
32667644
32667826
32669258
32673030
32673116
32673441
32675449
32677043
32677613
32678036
32678451
32681582
32681975
32682064
32684528
32684575
32685572
32692133
32693176
32693177
32694522
32700115
32701720
32702803
32703711
32705031
32705616
32706732
32707809
32708920
32709638
32711517
32715848
32716660
32716676
32716892
32720345
32720565
32723505
32726001
32727427
32728860
32729378
32730723
32731871
32733658
32735336
32735476
32736357
32737033
32737787
32739228
32740172
32741667
32742228
32743911
32745150
32745204
32749490
32750069
32750987
32754828
32755267
32756745
32759416
32759960
32762566
32764761
32764863
32772142
32774031
32775705
32776558
32777472
32779708
32780317
32780469
32780774
32785143
32785634
32787569
32791159
32791390
32795987
32797175
32798838
32804780
32808362
32808696
32812685
32813080
32813592
32816151
32816211
32818476
32822491
32828222
32829764
32830615
32833350
32833565
32833925
32835216
32835715
32841797
32841901
32844211
32844294
32846965
32847504
32848432
32850573
32852880
32853429
32856468
32857148
32858514
32865436
32866213
32869662
32871645
32874936
32876323
32876682
32877315
32879028
32883237
32884001
32884361
32885163
32886121
32886455
32886897
32890040
32891652
32894114
32894412
32896469
32897162
32897345
32897346
32897408
32897529
32897766
32897793
32898378
32898503
32899364
32901424
32902630
32906698
32909362
32910419
32910555
32912174
32915651
32917358
32917646
32919474
32921277
32922470
32925417
32925460
32925688
32925977
32928799
32929809
32930433
32932647
32933175
32933511
32936794
32937624
32937847
32939392
32940243
32941284
32941346
32944007
32945692
32948560
32952392
32956469
32959604
32960277
32962707
32963464
32967173
32968462
32970327
32972067
32973278
32973406
32974025
32975889
32976835
32977789
32977827
32978471
32980008
32982187
32983769
32984120
32985421
32986503
32986931
32987343
32988778
32991622
32991624
32992103
32993510
32993536
32993596
32995054
32996071
32996231
32998917
33000467
33000504
33000703
33004029
33004283
33006610
33006939
33007448
33008137
33008370
33010192
33010977
33016218
33019499
33023807
33023854
33024958
33026448
33027785
33030390
33030552
33030659
33031696
33032059
33032548
33035473
33036031
33037426
33037428
33041232
33042538
33045344
33046473
33048128
33048338
33051742
33052445
33054822
33054913
33055120
33055226
33057893
33058791
33059300
33059424
33059683
33061996
33062867
33063615
33064230
33065244
33065642
33065691
33068611
33069229
33069859
33073410
33075381
33076181
33076492
33076774
33084899
33085843
33088892
33090305
33092559
33093768
33095184
33095251
33096533
33098673
33099934
33101715
33102382
33105352
33106002
33108960
33109154
33109461
33112178
33112250
33112409
33112675
33113548
33119441
33119443
33119801
33122323
33124530
33126906
33128557
33129324
33130066
33130458
33131452
33131463
33134857
33136162
33138857
33141208
33141229
33143709
33145981
33146406
33147654
33152060
33156192
33156347
33158223
33163554
33166320
33168482
33168681
33170241
33170263
33170761
33170842
33174938
33176232
33176767
33179344
33180219
33182317
33185678
33188452
33188618
33190436
33191247
33196287
33196331
33200487
33201083
33201532
33201788
33204128
33209673
33209779
33209966
33210114
33210634
33216139
33217714
33221414
33223754
33224449
33225079
33226066
33226430
33227545
33228174
33229294
33230505
33234949
33238999
33239036
33239084
33239913
33240373
33240827
33242333
33244666
33245282
33246134
33246453
33246469
33246477
33246670
33246835
33247633
33248514
33251875
33252300
33252621
33252643
33252677
33252923
33253024
33258420
33261675
33263137
33263730
33263765
33266273
33267624
33268413
33272617
33272619
33272777
33273291
33274734
33279331
33280787
33280976
33282587
33284337
33284340
33292762
33296413
33297619
33297743
33297834
33300882
33304111
33305829
33305968
33306974
33308051
33308226
33309150
33309318
33309872
33315331
33315645
33316103
33316822
33316981
33320266
33320830
33320999
33323472
33326584
33328134
33330035
33331473
33332394
33334188
33334326
33338680
33340400
33341419
33342173
33342534
33343852
33349921
33356850
33358400
33358546
33365294
33367287
33370073
33370290
33372564
33373460
33373613
33375236
33375892
33375989
33376689
33378327
33380374
33381934
33382368
33382798
33383029
33385884
33388330
33389320
33389394
33394274
33395775
33397345
33397749
33398891
33399859
33402573
33404996
33407534
33408269
33408491
33408890
33410093
33410119
33410817
33411782
33413970
33416284
33418425
33419448
33422393
33422430
33423053
33426307
33426375
33430678
33431398
33431487
33434230
33434650
33438777
33439756
33441354
33446616
33447412
33447522
33450469
33452093
33454262
33455741
33460969
33461113
33464457
33465323
33468312
33470004
33470138
33470627
33475134
33475756
33478465
33483236
33490950
33492049
33494624
33494750
33496775
33498411
33498645
33502480
33503408
33503654
33506756
33506976
33508031
33510655
33511747
33512391
33515181
33515366
33516225
33518476
33519165
33523747
33524388
33526037
33528054
33528783
33530748
33531438
33533545
33533725
33534895
33535403
33536184
33546911
33548437
33549075
33550039
33550232
33550435
33550477
33550710
33555463
33555950
33556813
33556919
33558155
33563091
33564150
33565899
33566108
33566677
33567046
33572632
33573491
33576703
33577161
33579249
33582749
33586239
33586284
33587885
33588576
33590854
33592833
33593765
33594696
33595596
33595600
33595992
33596096
33601983
33605112
33605901
33606424
33609059
33611318
33611666
33611697
33614556
33615639
33615979
33618957
33620093
33620822
33622225
33622346
33623268
33623651
33624474
33625058
33628684
33629279
33630438
33632011
33632234
33632292
33634851
33637859
33637990
33640025
33640298
33641764
33642082
33644194
33644320
33646311
33646315
33646320
33648020
33648787
33650447
33651108
33653116
33653373
33654622
33663028
33663562
33664063
33667759
33674348
33678125
33680670
33681675
33682021
33683703
33683832
33687283
33689593
33689689
33691088
33691323
33703939
33704601
33706341
33706362
33707143
33708837
33711430
33712041
33719567
33719577
33722109
33722181
33724193
33724748
33724889
33728065
33729201
33731028
33731547
33734372
33736774
33736976
33738110
33739485
33739648
33739985
33742556
33743041
33745082
33745473
33745696
33745868
33747426
33749141
33749766
33749767
33749769
33751308
33751413
33751911
33756057
33756338
33761094
33761284
33763852
33764812
33767477
33771334
33773556
33774606
33774607
33774608
33775533
33775974
33776027
33776142
33776325
33778118
33778325
33778651
33779680
33782865
33789843
33791272
33793960
33793979
33798531
33799366
33800772
33804319
33805354
33814033
33815926
33818398
33818643
33819081
33819082
33821515
33822057
33823852
33825115
33825802
33827599
33835991
33836724
33837883
33838157
33840133
33842972
33845033
33845533
33845662
33846142
33846274
33848305
33851854
33852478
33853361
33853397
33856036
33860387
33865513
33866936
33869560
33870772
33871290
33871333
33871393
33872456
33875252
33880936
33880965
33881908
33882802
33882894
33888932
33889419
33892702
33893001
33898769
33899256
33900501
33904046
33904261
33905119
33905136
33909607
33911870
33912020
33913440
33914476
33914645
33914768
33921313
33924546
33926203
33930000
33931227
33931310
33933027
33933148
33936478
33937457
33937607
33937655
33938161
33938975
33940479
33941168
33942117
33942195
33942850
33947414
33952277
33953553
33953605
33956413
33956414
33956937
33958237
33960206
33961687
33965608
33968372
33970077
33970684
33970712
33971727
33972097
33974571
33980040
33982829
33982979
33983149
33983910
33987450
33990168
33992435
33992560
33993249
33993549
33993811
33996397
33998339
33999159
33999405
34002341
34006018
34007532
34007554
34007692
34008362
34010032
34010935
34011345
34011379
34014856
34015892
34016517
34016529
34022585
34024227
34027580
34027590
34027865
34029005
34032041
34034995
34039109
34040921
34041171
34041920
34042669
34047790
34047845
34049104
34050398
34050554
34051762
34053137
34053510
34053748
34054356
34055111
34059005
34061204
34061852
34073994
34074587
34075422
34077402
34078318
34078440
34080788
34084956
34085174
34089114
34091857
34092686
34093210
34098862
34098909
34099243
34099373
34100939
34101500
34103311
34105083
34107950
34114156
34114157
34115529
34116389
34116422
34118842
34118923
34119084
34122190
34124869
34125018
34125219
34125748
34127271
34128366
34128688
34130025
34133632
34134580
34134717
34136679
34137354
34139829
34139902
34141441
34141781
34141853
34144061
34145200
34145860
34145980
34152276
34153493
34156279
34157663
34158210
34162349
34162373
34163283
34164951
34166145
34166267
34167389
34168388
34170944
34172114
34176908
34179973
34181497
34181599
34181608
34181842
34182991
34183034
34184572
34185069
34185450
34189077
34192385
34193096
34195124
34195293
34197452
34197552
34198334
34200619
34204018
34210303
34210311
34214031
34217181
34218808
34219049
34220349
34223139
34223281
34226106
34230019
34230172
34232449
34233572
34233763
34233979
34234455
34236387
34237766
34241562
34241627
34243752
34244253
34244328
34245048
34247954
34250178
34250424
34250723
34254295
34254558
34255366
34255447
34255572
34257195
34257422
34261108
34262234
34264812
34264903
34265081
34266438
34267363
34267979
34269808
34270468
34270568
34273808
34273929
34273947
34275439
34277078
34277214
34277329
34278838
34285869
34287291
34293640
34294102
34308205
34308411
34308554
34309621
34311698
34312200
34313200
34314665
34316670
34318733
34319356
34320199
34322638
34322823
34322936
34327251
34327378
34327399
34327859
34328258
34328421
34330288
34332540
34332583
34336877
34337992
34340636
34340701
34340925
34342648
34342653
34342779
34343722
34344417
34344703
34348064
34349533
34352506
34353797
34354029
34356974
34357121
34359026
34363575
34364841
34365026
34365452
34370590
34372976
34374244
34374757
34374923
34375316
34376293
34377377
34378205
34378512
34380436
34383579
34383813
34384005
34384728
34385229
34387089
34387794
34389902
34390573
34394329
34395222
34395548
34397388
34399293
34400110
34400964
34402892
34403627
34406650
34409049
34409377
34410176
34415447
34417905
34419051
34421379
34425804
34427421
34430225
34435990
34437553
34444067
34444237
34444241
34444687
34446149
34449809
34450046
34450189
34453239
34453324
34454127
34456241
34461596
34461904
34462774
34462990
34463064
34464387
34467771
34468016
34468453
34470841
34473964
34474928
34475004
34476724
34477825
34479934
34480284
34481757
34482947
34486436
34490633
34492538
34495091
34495296
34495338
34498154
34499307
34500079
34503572
34503705
34504820
34505096
34505288
34506383
34507857
34508797
34509432
34512812
34513780
34514063
34515067
34515087
34516443
34518196
34518952
34520330
34521388
34521501
34524026
34524938
34526072
34527298
34528334
34530688
34530827
34531025
34533779
34534283
34538150
34541291
34543249
34544831
34545054
34546369
34546428
34547406
34547982
34548127
34548353
34548825
34550368
34550647
34552417
34556178
34557903
34559163
34560476
34560888
34563142
34564835
34568260
34569453
34569850
34570943
34570984
34571448
34574894
34580221
34580617
34583972
34585361
34586086
34587620
34589617
34590988
34591107
34591187
34591783
34593561
34593579
34593582
34595821
34595954
34596001
34596072
34596740
34600527
34600803
34600897
34602326
34605580
34606032
34606353
34609958
34610639
34611649
34613596
34615603
34615649
34617314
34618516
34618553
34620110
34620134
34620454
34621301
34621369
34630085
34631194
34632038
34633649
34637883
34639766
34643165
34643935
34644445
34644746
34647312
34653025
34653223
34653921
34656093
34661604
34661662
34662388
34662468
34662486
34663601
34665668
34666735
34666756
34668921
34670222
34670522
34670762
34670954
34672792
34673356
34674741
34676289
34678074
34682760
34686085
34687890
34690844
34693271
34693400
34695123
34695411
34695553
34696418
34697851
34698651
34699988
34702751
34703219
34705854
34706680
34708289
34714504
34717613
34718871
34721190
34724170
34724554
34724951
34726500
34728813
34730504
34733181
34736273
34736865
34738563
34739059
34739415
34739523
34745562
34748732
34751709
34753465
34753627
34754205
34757410
34763589
34763959
34765617
34766322
34767035
34770148
34771572
34772632
34773705
34774823
34778176
34779227
34779846
34780299
34780945
34784544
34786351
34789270
34793425
34794333
34798799
34799260
34802938
34803053
34803146
34804375
34804788
34806185
34807010
34807811
34808492
34808685
34809673
34809681
34811699
34814756
34814949
34815679
34817542
34817766
34817925
34818087
34821569
34821573
34823709
34824632
34824730
34824731
34826983
34828490
34839242
34839644
34841400
34843520
34844567
34845060
34846071
34846114
34846240
34846528
34846612
34847259
34850038
34851400
34852382
34856159
34856400
34857067
34858720
34859441
34860576
34863213
34863813
34865876
34866681
34866937
34870677
34871854
34874209
34876107
34878180
34881145
34887160
34888983
34889576
34894544
34897262
34898934
34899090
34900616
34900918
34901350
34901691
34903242
34903984
34905432
34909095
34912528
34913359
34915790
34916138
34916170
34916321
34919267
34919681
34920181
34924028
34928360
34929249
34930221
34934698
34935922
34936619
34938079
34946357
34948528
34948676
34949116
34949119
34952278
34952582
34952974
34953091
34953417
34955191
34957623
34964141
34967553
34967928
34968650
34969365
34969366
34969382
34969387
34971520
34971603
34971610
34972001
34972766
34973811
34974716
34975561
34976500
34976654
34977054
34977838
34978514
34980166
34980657
34981830
34982740
34983505
34983895
34985497
34986992
34987079
34989304
34990338
34990443
34992119
34993359
34994690
34994791
34995125
34996670
34996684
34997891
34998906
34999830
35001515
35001888
35002736
35004349
35005584
35006244
35010621
35010689
35012517
35014225
35016874
35017377
35024648
35024837
35026365
35026430
35027354
35029667
35030643
35034346
35035296
35039197
35041142
35042709
35042718
35044144
35045668
35046498
35048016
35050420
35057754
35057800
35059065
35062909
35064025
35065380
35066677
35066959
35067567
35067569
35068265
35072079
35074764
35078813
35079247
35081116
35081532
35082012
35083654
35083702
35085544
35088492
35089105
35090128
35090747
35091921
35093091
35094759
35103858
35106347
35107209
35107600
35107715
35112306
35113164
35113921
35114993
35119464
35120446
35120472
35123810
35124253
35125103
35125401
35128068
35131909
35132010
35134918
35135539
35136786
35137117
35137803
35140422
35140484
35140910
35143432
35143746
35144831
35145602
35147223
35147605
35148707
35148769
35148771
35148773
35148788
35152048
35152285
35155286
35158169
35162069
35162789
35165030
35165106
35165983
35166656
35172791
35175284
35176275
35178437
35179444
35179584
35180159
35180356
35180422
35180640
35180668
35180717
35180750
35183169
35183986
35184439
35186596
35186983
35187206
35187722
35189202
35189294
35189543
35190426
35190996
35195560
35195684
35196737
35199577
35201827
35205766
35206354
35211437
35212071
35212440
35213626
35216564
35219249
35220298
35220435
35220761
35224660
35225695
35230355
35234831
35235187
35236216
35239711
35241077
35241088
35244084
35245301
35245655
35247326
35248834
35250285
35252533
35252599
35254556
35255729
35255730
35255893
35255895
35259171
35260454
35263974
35264155
35264358
35265890
35267108
35271533
35271537
35272884
35276275
35276353
35278213
35279162
35279167
35279977
35281995
35283088
35283545
35284612
35284631
35285596
35285932
35287181
35287941
35293633
35295712
35297673
35299736
35300820
35301259
35303163
35303188
35303898
35303914
35304034
35304601
35308954
35308997
35309609
35310288
35311319
35312145
35312162
35313129
35315149
35316438
35317991
35318568
35321876
35323993
35324087
35325896
35326707
35330891
35330897
35331076
35331992
35333338
35333358
35334384
35339003
35339366
35340483
35340726
35341423
35342845
35346955
35347007
35348793
35349621
35350067
35350465
35351108
35352768
35353078
35354747
35357055
35357595
35360776
35363822
35365938
35367062
35370651
35372248
35373673
35378455
35378644
35379759
35380886
35382243
35382786
35383715
35385856
35385992
35386050
35389459
35390095
35392107
35392136
35392389
35393936
35395041
35395840
35398909
35399407
35402735
35403938
35405381
35405453
35409636
35410007
35410303
35411535
35412083
35413106
35415468
35415506
35416474
35416988
35416989
35418069
35418435
35418743
35418881
35419672
35426737
35427376
35428938
35429017
35429453
35429820
35433601
35433943
35433986
35434081
35434706
35436258
35436874
35437245
35438522
35439814
35440041
35441551
35442413
35443677
35444045
35445871
35451013
35451015
35451809
35455808
35456194
35459664
35460283
35460412
35461065
35461305
35462809
35462842
35464045
35467328
35467732
35467768
35468784
35469700
35470981
35471711
35476017
35476066
35477451
35478930
35482754
35484044
35485677
35485789
35486074
35486398
35487451
35487494
35488204
35488207
35488950
35490792
35494279
35500609
35501106
35501551
35505398
35506248
35507333
35507342
35508690
35509055
35509406
35509855
35511135
35513186
35527274
35528955
35529537
35533885
35533886
35534752
35536381
35536492
35537503
35543508
35543542
35544653
35548431
35548482
35551544
35552444
35559801
35559807
35559870
35559914
35560051
35562029
35562308
35562707
35564470
35569009
35571589
35572445
35572763
35575558
35575823
35576485
35577633
35577744
35578537
35579895
35580888
35581043
35582265
35582988
35583373
35584242
35584267
35585328
35585577
35588946
35589988
35592236
35592854
35594927
35596015
35598496
35599575
35601570
35602152
35603323
35603973
35605183
35608049
35608508
35609202
35610155
35610365
35612240
35613296
35613374
35613526
35613810
35613987
35614437
35614463
35616627
35619240
35619839
35620486
35620731
35620736
35627759
35633777
35635471
35636667
35637647
35641969
35642031
35643534
35644719
35648063
35648424
35651993
35652629
35655251
35657934
35658639
35658921
35659201
35660221
35671010
35671056
35671259
35675708
35678171
35679046
35681651
35681962
35689790
35690575
35690947
35693483
35693613
35696505
35696515
35696517
35696708
35698124
35704123
35706473
35709767
35712642
35713802
35713848
35713900
35715763
35718640
35720451
35720956
35722830
35723011
35724072
35726491
35726729
35727869
35737883
35738229
35739075
35739077
35743431
35747060
35747259
35749117
35750504
35751799
35753404
35753834
35755854
35759264
35759683
35761730
35761778
35764999
35766058
35769431
35769451
35775072
35776109
35777746
35779271
35779968
35781130
35781346
35781523
35785917
35786564
35786682
35788670
35789881
35790308
35791447
35793109
35795136
35795516
35795849
35796885
35797182
35797658
35798925
35805557
35805631
35811550
35812174
35816040
35818952
35819947
35820291
35820857
35830889
35831849
35832437
35836216
35837529
35837693
35838317
35839821
35841036
35842543
35844858
35846820
35848212
35848992
35849602
35849829
35852054
35854262
35854336
35854715
35854801
35858877
35859970
35861442
35863009
35864032
35864311
35865062
35865328
35868423
35868538
35870098
35871122
35872769
35873403
35876294
35877007
35880605
35880776
35882002
35892604
35896043
35898894
35900736
35910874
35912225
35912531
35913672
35914199
35914792
35915454
35916588
35917486
35919295
35920100
35920930
35922775
35924615
35926099
35926293
35927635
35927756
35928495
35930280
35931910
35931953
35932076
35935268
35939048
35939286
35942953
35945740
35947331
35947544
35948823
35951116
35951490
35952329
35954548
35959499
35960162
35960174
35962789
35964611
35966356
35969355
35969626
35972738
35975139
35976635
35977175
35977184
35977186
35977188
35977190
35977210
35977213
35977216
35977218
35977226
35977230
35977232
35977241
35977261
35977274
35977279
35977280
35977281
35977283
35977292
35977300
35977305
35977307
35980640
35985245
35985778
35986304
35986319
35986826
35987649
35990255
35991474
35993512
35996086
35996092
35996638
35996793
35997222
35998660
35999922
36001323
36002832
36003198
36003957
36006533
36008204
36013212
36014907
36017402
36030225
36030429
36031256
36033079
36033209
36033755
36039431
36041005
36041990
36042408
36042485
36044281
36045127
36052688
36056301
36058433
36058739
36060285
36061492
36062489
36065083
36065815
36066166
36067144
36067432
36067475
36067804
36070576
36078196
36078347
36078819
36081697
36082258
36085032
36094853
36094864
36096833
36100296
36100949
36103227
36104042
36107429
36108041
36109803
36109868
36111416
36112009
36112374
36113529
36114046
36114507
36115522
36117842
36118499
36119392
36123052
36125812
36126140
36128314
36129209
36129895
36130756
36134615
36134645
36136402
36146617
36148330
36148354
36149255
36149605
36150048
36151546
36152267
36153218
36155374
36156273
36156939
36158703
36159713
36160693
36162096
36165262
36166724
36166781
36167172
36168098
36168355
36169152
36169943
36169963
36171041
36171511
36172905
36173630
36175167
36175761
36175951
36179556
36180866
36185101
36187632
36189124
36189407
36194061
36194414
36197659
36198037
36200539
36202041
36204240
36205198
36206062
36209113
36209158
36210041
36210245
36211671
36213386
36213686
36215664
36215734
36218926
36218932
36218933
36218946
36219895
36222070
36222818
36227463
36227614
36227754
36237823
36238776
36241040
36241505
36243128
36243141
36245177
36246186
36247794
36248236
36249541
36249794
36249815
36250340
36251292
36252733
36252787
36254088
36255725
36256647
36259882
36260332
36261572
36261612
36263340
36264567
36266718
36268943
36269356
36271500
36273118
36277697
36279888
36280826
36282651
36282932
36282933
36288321
36288750
36292461
36294879
36301556
36301923
36303121
36303623
36305044
36305637
36306129
36306245
36306669
36308349
36312305
36314932
36315125
36315199
36316286
36316585
36316721
36317225
36317755
36321322
36322009
36323819
36325820
36330369
36330687
36331442
36334121
36335067
36335273
36335333
36335976
36336272
36336518
36336565
36337793
36338392
36339490
36341091
36342359
36342718
36342838
36342940
36342960
36344100
36346567
36349727
36350650
36358108
36361023
36361319
36366810
36367738
36367757
36371209
36371305
36372946
36383071
36384508
36386269
36386977
36387010
36388267
36388335
36388899
36397278
36397321
36399341
36405046
36405936
36408058
36408741
36409484
36410258
36410765
36411136
36413364
36414310
36414332
36414402
36414429
36414809
36416004
36416975
36418110
36418559
36418768
36419005
36419060
36419528
36420931
36420953
36423650
36424951
36425644
36426855
36427344
36427644
36434913
36436778
36437499
36438264
36440321
36447539
36449289
36449328
36449789
36450614
36453979
36454784
36454891
36455699
36455841
36460352
36460374
36460883
36468964
36469318
36471539
36472261
36472791
36475168
36477461
36479003
36481030
36481285
36482209
36482338
36482362
36484593
36485020
36485120
36493682
36495204
36495290
36497878
36498500
36503669
36503903
36504938
36505980
36507506
36508218
36509366
36509610
36520244
36522623
36523216
36523790
36525203
36525370
36525612
36526113
36527587
36530002
36530003
36530012
36530690
36531086
36531523
36531831
36533793
36534356
36534988
36535446
36535813
36535911
36536898
36538612
36538926
36542313
36547869
36548928
36549740
36554915
36556899
36557052
36564844
36567314
36568920
36571074
36571780
36572332
36573986
36577680
36579038
36580235
36580325
36581135
36583439
36586038
36588997
36589330
36594828
36595530
36595814
36598280
36598769
36600340
36602517
36602655
36603178
36603667
36604629
36607710
36609281
36609453
36610246
36610531
36611176
36612273
36623239
36623273
36623542
36623809
36624821
36627965
36628422
36629192
36630526
36630560
36630561
36632517
36634154
36636110
36636715
36636730
36639611
36641664
36641897
36642254
36642573
36643056
36644489
36644515
36644516
36644705
36646543
36647442
36650018
36650423
36653760
36656571
36656783
36662505
36662531
36670210
36676013
36676698
36682933
36684885
36689700
36690402
36690878
36692422
36692997
36693726
36696302
36696970
36697052
36701119
36702739
36705373
36705482
36706237
36706435
36707336
36707807
36708413
36709170
36711078
36711599
36711937
36712315
36716030
36717824
36720574
36721473
36721541
36721920
36722113
36724152
36724402
36725391
36726101
36727360
36727635
36727734
36728405
36728790
36729031
36729164
36729433
36729927
36730576
36730660
36731463
36732137
36740813
36740960
36741907
36745191
36748465
36749445
36750135
36750281
36750767
36750841
36753996
36754133
36756036
36758736
36761130
36762565
36763286
36763363
36767598
36768005
36771321
36774322
36775679
36777011
36777381
36778541
36781115
36781587
36787126
36788661
36788903
36789857
36795416
36796479
36797510
36797812
36800640
36803461
36804350
36805175
36807341
36808240
36808306
36808811
36808929
36811862
36814967
36819926
36820046
36823578
36824385
36824698
36825802
36827481
36829200
36834412
36835898
36846285
36847202
36848086
36848356
36851286
36852392
36852702
36852997
36853875
36857837
36862485
36862596
36863287
36864699
36865393
36866308
36867412
36867507
36871653
36872511
36873081
36873648
36874189
36876233
36876936
36877102
36890502
36892454
36893407
36894453
36894971
36895548
36897346
36897581
36897588
36897592
36897868
36900659
36905581
36906560
36908431
36908456
36909033
36912682
36912835
36914424
36915876
36916175
36918281
36918303
36919680
36922939
36925637
36925801
36925844
36927066
36928457
36929401
36930254
36930588
36933329
36933957
36935674
36935700
36936477
36936580
36940412
36941853
36942822
36943727
36947466
36947527
36950179
36960271
36960344
36961396
36961786
36962084
36962294
36962391
36962815
36962980
36962985
36962991
36963086
36963429
36963431
36966356
36972040
36972047
36972248
36974403
36974525
36976753
36978061
36980573
36987708
36988958
36990483
36991364
36992121
36993008
36994262
36994701
36994852
36995715
36995976
36996087
36997885
36998288
37000433
37001260
37001322
37003957
37005342
37008565
37011322
37011633
37012707
37013560
37016694
37018629
37021689
37022514
37023241
37023535
37023659
37023922
37023983
37025795
37027360
37027794
37029445
37031053
37035608
37038741
37038835
37039252
37040114
37041634
37051037
37053580
37054500
37055156
37061162
37061314
37063650
37064034
37064124
37064428
37064678
37066259
37066858
37067842
37069035
37069844
37070783
37070930
37076444
37080501
37081428
37081580
37082539
37083094
37083603
37083828
37085323
37088282
37088553
37088570
37088650
37092074
37092963
37093035
37093607
37094279
37094631
37095520
37098603
37099662
37099735
37103884
37104360
37104549
37105730
37109175
37109562
37114353
37116138
37123806
37124766
37125484
37127346
37128250
37129006
37129907
37131923
37133299
37137475
37139081
37145424
37145500
37145503
37145539
37145592
37145594
37145812
37146878
37147204
37147615
37147678
37147873
37148113
37148906
37150426
37151090
37152999
37154882
37155177
37155179
37156855
37156985
37159199
37159633
37163176
37163263
37163657
37164775
37166551
37166790
37168135
37168589
37169149
37170151
37171323
37171797
37171854
37172810
37173118
37179223
37180866
37181424
37181709
37187187
37187606
37189065
37191960
37191962
37194162
37194279
37194557
37196755
37198006
37198949
37199402
37201673
37202329
37203191
37204793
37206499
37208358
37208657
37213315
37213642
37216759
37219444
37219788
37221575
37223887
37223899
37223913
37223932
37224152
37224485
37225635
37227980
37228003
37228328
37228711
37230751
37231009
37231600
37232155
37234014
37234016
37235197
37235803
37236829
37238318
37244838
37245037
37245068
37248760
37249017
37252740
37253194
37256286
37258041
37259075
37261826
37264856
37267875
37269745
37271841
37273205
37274367
37274615
37275728
37276730
37277874
37278795
37279002
37280138
37280694
37283280
37286767
37289295
37289413
37289564
37291564
37295284
37296392
37297771
37300201
37300486
37305342
37306776
37307000
37307097
37309129
37310544
37310665
37310946
37311275
37312343
37313983
37314222
37314971
37315034
37315042
37316978
37317428
37317682
37319283
37326906
37327871
37328352
37331654
37335260
37337181
37337212
37338791
37340053
37340388
37340447
37342041
37342474
37346990
37347407
37347484
37348979
37351272
37351874
37352460
37354043
37354539
37354554
37355188
37355641
37355996
37356312
37357604
37357677
37361312
37363908
37365187
37365552
37366384
37369450
37372685
37372873
37376911
37377245
37378450
37381049
37382209
37383882
37384257
37385230
37385292
37385742
37388826
37390850
37391771
37393165
37395334
37396143
37398610
37399028
37402558
37405933
37407037
37408951
37409569
37410796
37415496
37415746
37417054
37421145
37421417
37422638
37422988
37424608
37426477
37429155
37430183
37431362
37432058
37432684
37433838
37438232
37438931
37439033
37440091
37440173
37440285
37440579
37440716
37440866
37445537
37449357
37452351
37453578
37454554
37455527
37456616
37457283
37463114
37464391
37465057
37465320
37466190
37468851
37468952
37477982
37478657
37479844
37480703
37480916
37488676
37489121
37489963
37492139
37493280
37495842
37498201
37498305
37498685
37499558
37501527
37501907
37504341
37505173
37505490
37506336
37516151
37518340
37518833
37523418
37525129
37525352
37525743
37527567
37529022
37532981
37533097
37533301
37534941
37535324
37535374
37535704
37537651
37537780
37540515
37543719
37544483
37548567
37548953
37550187
37550442
37552414
37554734
37558442
37559259
37559305
37559661
37560132
37562906
37566417
37568233
37574339
37575125
37577178
37578773
37579074
37579448
37581926
37582216
37584063
37585044
37585059
37585063
37588413
37588680
37588918
37589264
37589972
37591310
37592201
37592553
37592563
37592671
37592686
37592705
37594745
37595343
37595767
37596564
37596777
37597863
37603335
37605872
37606498
37607370
37607374
37608573
37610702
37611485
37614348
37614828
37616435
37616439
37621782
37623178
37625451
37629353
37629734
37632073
37632168
37633289
37633857
37634089
37634545
37635164
37638436
37642963
37643264
37643884
37646300
37647820
37649063
37650213
37650572
37651402
37651451
37652871
37653487
37656925
37656999
37657101
37657299
37658695
37659697
37660877
37661141
37661962
37662657
37663011
37663358
37666726
37667336
37667973
37669052
37669732
37669813
37670068
37674500
37675758
37679706
37680284
37680866
37682504
37682553
37682911
37683011
37691976
37696758
37697051
37699062
37699720
37700150
37701550
37703389
37704941
37705992
37706032
37706510
37708387
37710307
37713197
37713464
37713859
37717053
37721734
37722566
37723432
37724452
37731649
37732022
37734338
37734539
37734803
37735428
37737327
37737787
37738064
37739303
37741958
37746921
37748132
37748730
37749459
37750367
37753170
37753957
37757578
37768594
37770071
37775023
37775462
37776729
37780802
37782236
37782922
37783836
37787813
37788927
37790668
37791235
37792082
37792697
37796503
37797113
37797138
37797542
37798847
37802248
37802250
37802713
37803041
37803316
37805515
37805836
37808235
37808398
37808997
37810529
37815328
37815372
37815388
37816083
37819669
37820235
37821133
37821710
37821874
37822027
37824142
37824786
37829548
37830703
37830722
37830834
37831450
37831490
37831669
37832304
37837981
37839968
37841736
37842485
37843269
37843702
37843869
37847273
37848890
37851410
37851505
37853241
37855396
37855426
37857441
37859377
37862078
37863772
37864449
37865728
37865923
37866957
37868798
37869683
37869842
37870544
37870545
37871317
37872382
37874565
37876997
37877417
37879296
37880689
37881175
37881343
37882513
37883488
37883619
37883621
37889244
37889867
37890666
37892654
37897708
37897932
37899600
37902436
37902919
37903576
37906672
37910514
37914209
37916945
37919635
37921746
37921763
37925516
37926134
37927344
37927425
37931982
37932541
37933112
37934101
37934751
37939459
37939689
37940435
37940509
37940901
37941099
37941822
37943108
37943304
37943560
37945494
37946094
37946618
37947101
37949694
37951924
37952352
37952441
37953201
37956241
37961765
37962495
37962765
37962790
37963774
37965517
37968607
37969094
37970328
37972665
37973033
37976040
37976654
37978552
37982368
37982543
37987953
37988077
37990328
37991782
37994804
37995265
37995314
37997071
37997132
37997133
38000317
38006634
38011034
38012438
38016730
38019514
38020101
38021906
38024085
38026323
38027041
38028258
38028942
38030076
38030868
38031727
38032991
38035730
38037635
38038189
38040026
38043227
38044348
38046475
38048063
38048413
38049655
38051290
38052419
38053065
38054215
38054468
38055925
38061051
38063558
38065310
38066111
38071464
38076707
38081955
38084864
38085076
38086003
38090306
38090620
38091560
38092347
38093302
38093783
38094482
38096021
38096600
38099445
38100460
38100563
38102056
38102791
38103732
38106648
38107438
38113130
38117049
38117050
38124001
38124122
38127298
38131619
38135215
38135304
38135441
38140901
38140962
38142607
38144370
38145209
38145392
38146764
38146905
38147497
38147835
38149938
38151382
38153310
38153730
38153918
38155094
38155895
38156275
38158867
38160119
38162536
38163021
38164428
38170516
38170932
38172054
38172753
38172883
38178038
38184295
38184479
38185924
38189900
38191239
38192187
38193961
38194607
38194620
38197538
38198073
38198140
38198507
38199799
38200978
38204443
38212742
38214880
38214919
38214932
38215268
38215276
38217445
38220107
38223313
38225573
38225582
38227789
38228251
38228536
38228761
38231356
38232062
38232647
38233789
38233824
38234050
38235481
38236593
38237720
38243212
38244128
38245457
38246314
38250299
38250796
38252602
38252609
38259735
38261546
38261571
38261588
38263549
38264904
38265799
38267992
38268336
38269986
38271408
38271492
38272297
38272536
38274449
38278482
38278868
38279675
38288831
38290417
38290491
38291413
38292413
38294595
38294792
38294823
38299542
38299775
38301206
38303019
38303375
38303960
38304852
38305406
38306091
38306093
38307699
38312251
38313363
38314236
38314538
38319039
38321621
38322843
38324090
38324286
38324306
38324628
38325525
38325529
38327575
38332521
38333028
38334992
38335402
38335528
38336729
38340250
38342484
38343153
38344249
38346046
38347485
38347614
38350249
38352466
38353602
38359475
38365059
38367961
38370949
38373855
38373863
38373969
38374484
38375961
38376898
38377121
38377241
38378515
38381432
38381435
38381842
38382150
38383945
38390488
38395607
38397658
38401808
38406794
38407688
38409218
38410001
38413062
38414538
38416543
38416897
38416924
38417956
38417958
38419410
38421227
38422203
38422205
38423846
38424682
38425045
38427341
38428102
38429685
38431214
38432155
38432284
38432872
38438250
38438936
38439732
38441611
38442514
38443787
38443901
38444948
38445103
38447767
38447968
38449524
38450539
38451168
38451257
38451264
38452646
38455646
38457180
38457401
38457960
38458986
38459412
38462063
38464766
38468302
38469064
38471090
38471426
38475801
38477888
38477903
38478250
38478543
38484530
38486277
38488367
38489259
38489948
38490677
38490749
38491794
38495060
38496109
38496538
38497088
38498124
38498646
38499713
38501281
38502219
38502751
38502760
38502770
38507339
38509055
38512379
38513092
38513625
38517436
38520694
38521605
38522798
38523417
38523650
38528346
38528810
38530914
38531180
38536029
38536215
38537185
38538546
38539112
38540986
38546645
38547043
38547108
38548238
38549238
38550326
38551589
38554624
38556679
38556690
38557236
38557293
38560794
38565690
38565771
38566562
38568139
38568601
38572556
38578636
38583107
38583453
38583961
38584268
38585728
38587147
38590457
38590556
38595923
38597093
38598235
38603533
38603562
38604284
38606249
38607641
38609119
38609498
38609539
38610145
38613195
38614976
38617594
38617723
38618736
38620298
38620344
38620354
38620370
38621806
38622559
38623756
38625757
38625869
38629384
38629916
38633812
38635643
38635940
38637266
38637724
38637809
38637915
38637936
38640471
38641801
38642903
38648300
38648311
38648545
38648950
38649915
38651537
38652666
38655782
38657183
38663058
38663986
38664019
38666022
38668098
38669757
38676535
38676777
38677374
38677778
38678142
38680478
38680605
38685078
38685993
38686751
38687168
38688803
38689421
38691362
38692091
38694491
38698670
38698869
38699533
38703904
38709536
38710363
38713697
38713799
38715000
38716111
38716656
38718342
38719454
38720724
38721410
38723852
38725085
38725887
38727897
38733102
38736796
38736847
38737357
38738141
38738928
38739390
38739863
38740468
38741584
38746350
38748328
38748822
38748906
38749511
38750576
38752876
38753341
38753380
38754053
38755544
38756106
38756158
38756398
38758183
38758553
38761343
38762336
38762460
38763056
38763482
38763522
38766995
38770068
38770182
38771923
38772729
38774561
38775477
38777579
38779111
38779381
38780938
38780939
38781316
38782394
38785437
38786385
38787899
38789614
38791816
38791882
38793755
38794674
38795832
38795963
38796169
38799682
38799707
38800220
38801831
38802091
38810166
38811999
38813363
38819825
38820190
38822752
38824093
38825836
38828849
38829454
38830470
38831282
38831661
38834147
38837161
38837334
38839395
38844202
38844395
38846617
38848088
38854450
38858049
38859639
38862313
38862965
38863012
38865123
38865823
38866200
38869878
38870149
38871994
38874960
38877555
38878295
38878693
38880857
38881170
38882506
38883793
38883966
38884997
38885416
38885507
38887697
38892994
38894990
38897259
38898659
38899366
38899842
38903139
38906427
38906432
38907356
38908609
38908682
38912857
38912919
38913997
38916510
38917254
38917256
38917264
38924781
38926632
38933616
38933939
38934814
38935661
38936883
38937773
38937809
38937874
38937966
38938063
38941258
38941584
38942162
38943674
38944763
38944764
38949048
38950020
38952192
38953801
38954081
38957665
38959376
38959449
38959960
38961440
38961618
38961672
38962105
38965145
38965491
38967513
38967949
38972497
38973805
38976258
38976304
38977998
38978221
38978582
38978852
38979039
38980673
38983711
38984895
38985473
38985535
38985910
38985922
38987298
38988141
38989368
38989652
38991253
38993630
38993949
38994465
38995133
38995826
39001430
39002005
39003524
39004269
39004531
39005006
39006097
39006216
39008484
39009181
39011972
39013500
39013832
39014378
39014427
39015369
39015911
39017703
39018388
39020386
39022863
39023509
39026384
39026566
39028539
39028654
39030827
39031391
39033901
39034118
39034654
39034772
39036517
39041517
39041803
39042410
39042752
39043089
39043375
39045474
39046733
39048058
39048498
39052508
39052946
39053146
39054341
39058507
39058643
39059463
39062707
39063396
39064635
39065792
39067849
39069895
39070874
39070963
39072827
39073508
39073823
39075008
39077495
39077806
39078698
39081360
39081877
39083522
39084838
39085578
39088224
39088488
39093034
39093928
39095665
39096889
39097314
39098550
39099177
39099523
39102251
39102787
39103436
39106523
39106527
39107408
39107531
39107678
39108238
39109242
39109263
39110441
39110835
39111005
39111374
39111656
39115391
39115843
39118027
39118869
39119297
39120900
39120956
39121029
39121065
39125538
39126522
39128893
39133171
39133489
39133915
39134214
39134578
39134970
39135516
39136415
39138766
39140986
39141389
39142835
39146505
39146826
39147123
39148589
39150506
39151203
39153362
39153933
39154839
39155571
39156427
39161705
39161945
39162325
39164045
39167332
39168645
39171776
39174454
39174456
39175402
39175591
39176100
39179990
39182018
39185605
39186031
39186266
39187126
39187951
39190702
39191462
39191567
39192901
39196723
39196891
39198805
39201128
39201858
39204031
39207752
39208703
39214699
39214747
39216762
39218155
39219150
39219711
39220426
39220578
39220630
39222370
39224777
39225449
39228388
39229409
39229683
39229753
39230793
39236009
39236203
39236560
39239221
39241087
39243596
39250575
39250884
39253807
39258280
39258305
39261304
39262344
39270576
39271034
39276148
39279333
39281183
39281996
39282969
39284277
39285493
39287506
39287943
39287995
39290058
39292461
39295535
39298366
39300503
39300511
39300562
39301681
39302261
39302262
39302578
39304878
39305429
39306794
39308787
39311549
39312599
39313253
39314117
39315060
39317607
39318587
39318655
39320149
39321173
39322013
39322351
39324203
39324834
39325336
39327055
39331372
39333729
39334045
39334375
39336550
39342408
39348554
39348624
39350220
39350517
39350583
39352350
39352774
39352942
39353759
39356528
39363359
39365256
39368027
39368038
39369113
39369949
39371133
39372241
39375272
39375754
39376710
39377951
39380983
39381844
39383152
39383482
39385274
39385958
39386415
39388251
39392247
39392267
39393676
39393909
39395982
39396829
39397274
39397567
39402524
39402536
39405280
39406556
39406866
39407810
39412898
39413020
39415093
39415747
39416941
39417144
39417390
39418073
39424535
39431040
39432418
39432558
39434552
39441320
39442759
39443922
39443928
39443935
39444786
39444800
39444824
39444853
39447477
39447479
39448927
39449084
39449794
39450378
39450677
39451480
39452487
39453332
39456097
39460353
39464774
39466072
39466075
39466922
39466927
39467045
39468472
39468518
39470180
39473595
39475121
39476096
39477147
39478533
39478850
39481086
39483446
39483486
39486161
39486500
39487533
39491280
39491413
39492162
39492565
39493119
39495041
39495618
39495756
39495764
39496108
39497230
39497866
39498268
39499132
39499513
39501423
39504406
39506740
39509372
39509938
39511778
39512190
39512247
39512536
39514227
39514849
39516742
39517358
39522495
39522636
39524106
39524476
39525322
39525730
39526089
39526811
39528043
39528342
39530330
39531262
39532271
39532413
39533598
39540724
39544145
39545217
39546305
39546950
39548376
39551594
39552106
39556540
39557017
39559690
39560829
39560931
39561666
39564544
39566237
39570098
39575158
39576614
39578690
39579275
39582269
39583074
39583879
39584187
39584940
39585673
39586411
39586605
39586847
39586944
39587613
39588018
39588991
39589846
39589848
39594931
39595468
39600562
39601351
39601684
39606084
39606330
39606845
39608223
39609664
39612186
39614214
39614270
39614662
39615624
39616215
39617910
39620289
39621080
39622070
39624892
39625340
39626833
39628368
39634393
39638564
39639301
39641651
39641939
39647984
39648213
39649125
39649311
39649582
39650692
39651832
39652037
39652438
39652571
39652788
39653563
39656847
39658408
39660328
39661922
39662732
39664956
39666070
39666337
39666678
39667848
39667994
39668267
39668346
39668923
39673402
39673443
39674336
39677328
39681674
39681888
39684957
39686656
39687554
39688101
39689072
39693566
39693757
39694997
39696258
39697037
39697605
39699904
39700176
39700208
39701665
39702147
39703834
39704596
39705692
39708025
39708614
39709445
39710500
39714835
39714840
39715099
39717489
39719288
39719292
39721721
39724669
39730955
39731208
39732675
39735382
39736182
39736522
39736544
39739415
39741035
39747773
39748471
39748845
39749094
39749248
39754191
39754324
39756415
39757514
39762708
39762802
39762894
39763236
39765956
39766060
39773081
39775110
39775806
39777338
39781160
39786479
39787043
39787426
39789872
39790767
39791580
39792400
39793010
39794733
39798838
39800122
39803069
39804973
39807008
39808038
39808428
39808479
39808850
39811168
39811411
39811824
39812313
39815285
39815307
39815369
39816315
39818677
39819918
39819935
39820385
39820387
39820467
39821968
39822252
39823363
39823591
39826164
39828938
39829159
39829729
39830979
39834097
39835309
39835837
39837078
39837646
39838430
39838704
39839384
39839450
39839567
39840149
39841476
39842728
39844125
39844131
39844284
39844933
39845639
39847351
39847773
39850477
39854003
39854431
39854552
39856329
39862728
39863904
39864432
39865243
39866536
39869337
39871840
39877515
39879809
39879897
39880449
39881601
39883671
39883709
39884086
39887188
39888374
39888887
39892443
39892523
39892874
39895103
39896101
39897738
39899293
39899378
39899603
39899766
39900416
39902101
39902497
39906328
39912954
39915051
39915774
39917523
39918820
39920576
39923072
39923785
39924688
39925355
39925632
39925860
39926453
39930870
39931256
39931587
39931669
39932139
39933437
39935082
39935982
39936065
39936297
39937404
39937774
39938529
39941406
39941913
39944154
39946995
39948578
39951264
39951281
39951312
39951314
39955210
39957128
39960945
39964188
39964769
39965863
39966770
39969410
39970239
39972421
39973582
39973634
39974065
39974796
39976527
39976567
39976874
39977563
39978389
39978400
39978776
39983039
39984009
39984910
39986337
39988226
39989359
39990000
39990004
39991694
39992494
39993310
39999970
40000835
40001004
40002207
40007631
40008104
40014834
40015439
40015497
40016839
40017117
40017846
40017979
40018119
40018639
40019741
40019763
40022706
40027093
40027999
40029658
40033674
40034469
40034491
40035908
40038572
40040527
40040610
40041098
40043158
40046588
40050144
40050557
40051539
40052300
40053208
40055598
40058122
40058681
40062154
40063029
40063662
40068869
40070258
40071629
40073077
40075408
40077094
40078890
40080524
40084324
40084741
40085925
40086037
40087005
40091513
40091889
40093780
40094018
40095275
40096860
40098899
40099033
40099347
40101162
40101324
40103365
40106491
40108563
40110032
40110911
40111071
40111143
40113148
40117986
40119338
40120977
40121169
40121692
40125387
40128735
40129593
40130430
40133410
40134067
40134091
40134895
40136266
40136299
40138620
40147629
40150281
40153716
40155457
40155590
40156994
40157725
40158337
40159349
40159878
40162246
40162699
40163012
40163358
40164090
40165390
40167518
40168490
40169334
40172907
40173293
40177452
40178135
40178438
40178841
40182527
40184425
40185340
40185392
40186111
40187696
40193125
40194633
40194733
40194780
40195450
40196280
40196441
40197240
40197771
40198620
40200212
40201363
40202687
40203992
40205352
40205451
40206214
40206761
40207637
40208599
40209815
40211817
40214288
40214845
40214991
40218095
40219563
40220141
40222430
40224301
40225781
40226007
40226735
40227995
40233113
40233940
40234968
40235489
40235964
40236438
40243243
40244261
40244700
40245016
40246287
40246293
40246805
40247251
40249373
40249608
40249617
40250714
40251587
40253561
40256997
40259065
40261652
40266236
40266462
40267399
40270690
40270738
40271015
40272264
40272520
40272741
40272801
40273665
40274027
40275293
40279112
40279291
40280211
40281498
40281544
40285385
40285540
40287689
40288039
40288767
40291235
40292303
40292531
40295415
40299080
40302151
40302358
40305043
40307989
40308367
40309254
40309546
40311363
40311773
40312240
40314953
40316272
40318353
40318663
40321859
40322051
40323562
40323808
40323926
40324237
40325191
40327771
40329292
40332610
40333708
40334020
40334114
40334299
40334766
40336256
40336955
40338681
40338859
40340979
40342546
40343145
40343716
40343913
40344207
40344536
40346645
40347097
40351796
40351957
40352778
40352886
40354593
40355750
40358024
40360344
40361068
40361784
40361841
40370473
40370622
40373030
40374114
40375585
40375882
40377651
40378145
40378414
40379327
40382571
40384825
40384834
40385434
40385920
40386379
40387711
40393719
40394551
40394661
40394925
40396384
40396586
40397444
40397822
40397847
40401431
40402749
40403889
40406733
40407583
40408409
40408540
40409523
40410900
40415881
40416183
40417072
40418666
40420048
40421075
40424538
40425271
40425363
40426094
40426168
40426192
40428754
40428763
40433145
40433179
40433490
40433502
40437261
40437583
40438065
40439957
40442565
40442768
40443003
40443298
40443391
40445419
40445599
40445898
40447440
40448109
40448592
40449533
40450851
40452726
40454832
40454945
40459122
40459675
40461255
40462500
40465151
40465478
40465589
40465676
40466297
40466309
40466920
40468635
40469756
40470953
40471055
40471904
40473617
40476372
40478556
40478662
40481638
40481974
40482026
40487837
40489967
40490715
40491439
40493143
40495201
40495643
40495825
40496452
40496457
40497166
40499037
40500519
40502238
40505136
40506738
40508853
40508920
40511278
40512509
40512511
40513295
40521299
40521331
40525245
40525975
40526436
40528765
40529045
40529819
40529851
40532229
40533733
40538674
40540072
40541494
40542516
40543540
40543696
40547352
40549107
40549380
40549386
40549448
40549450
40549670
40549754
40552236
40552490
40560965
40561707
40562233
40563717
40565482
40569357
40570026
40571952
40574593
40576515
40577007
40577332
40578577
40580468
40580948
40580995
40581876
40583519
40584646
40586175
40587049
40587467
40588655
40589357
40590346
40595141
40595832
40597768
40598107
40599517
40602660
40604533
40604538
40604774
40604987
40608283
40608336
40611104
40613047
40613616
40613728
40613892
40614630
40618830
40621728
40622711
40622857
40623164
40623294
40633120
40633851
40636252
40639807
40641467
40642026
40642701
40642892
40643314
40643563
40643914
40643923
40645454
40648616
40651302
40652179
40652181
40653804
40655490
40659005
40660620
40660665
40660925
40663249
40663515
40669933
40670881
40671365
40674321
40674391
40674526
40674730
40678207
40678601
40678661
40679816
40680594
40682293
40682743
40683567
40689087
40689371
40690219
40690233
40690797
40691804
40693184
40694664
40696181
40696322
40696464
40697235
40697901
40698324
40699441
40702839
40704066
40705724
40707078
40708212
40709691
40711779
40712779
40715681
40716164
40718272
40720489
40721336
40723186
40723698
40723979
40724086
40726088
40726854
40727520
40730237
40731034
40733689
40734644
40735148
40736728
40739204
40739207
40739700
40739874
40740184
40740363
40740675
40742088
40742586
40743517
40744842
40745693
40746132
40750001
40752244
40753068
40753376
40753662
40753827
40755376
40758795
40758796
40758923
40759076
40760070
40760372
40761167
40762199
40762795
40762911
40762915
40763226
40764950
40766848
40767193
40768710
40770930
40771253
40771761
40777091
40777717
40777884
40778027
40778503
40779257
40779265
40779799
40780720
40783346
40787678
40790487
40791631
40794246
40795343
40803730
40804428
40804972
40805236
40807202
40809196
40809650
40809765
40809921
40811071
40811837
40812165
40815547
40815834
40817214
40818162
40819056
40820103
40820338
40823669
40824639
40825087
40825333
40825340
40826820
40828531
40829703
40832644
40833296
40833776
40834154
40834325
40836332
40836606
40836872
40838845
40840718
40841616
40842298
40843414
40843433
40844152
40845762
40845859
40846224
40846254
40846923
40847711
40850777
40851049
40851349
40851398
40852673
40853353
40853784
40854165
40855284
40855354
40855415
40857295
40857375
40857716
40859757
40861692
40862017
40862027
40864470
40865998
40867952
40875228
40875239
40877882
40878758
40879102
40879883
40880104
40880105
40880443
40881553
40883779
40884030
40884225
40884226
40885476
40890605
40891383
40891468
40891926
40892253
40892308
40893087
40894459
40895365
40897968
40897970
40900960
40902096
40902098
40909778
40910482
40911309
40912270
40913255
40913258
40913733
40914891
40914906
40919536
40920249
40921189
40921302
40922433
40923160
40923220
40924974
40925810
40927213
40927411
40929423
40931889
40932151
40932715
40933084
40934236
40938466
40938647
40938847
40938912
40939211
40939242
40941435
40946352
40947084
40947550
40950655
40953293
40955754
40956052
40956954
40957926
40958243
40958610
40959515
40959624
40959987
40961109
40962350
40964202
40966600
40966842
40971154
40971520
40971559
40972428
40972514
40974813
40975122
40978702
40979334
40979933
40980590
40982281
40982314
40985852
40986183
40987481
40988847
40989760
40991113
40993613
40997713
40999917
41001446
41004241
41005181
41005767
41006959
41010881
41012112
41013534
41014754
41015303
41016995
41018751
41021651
41021721
41021722
41021727
41024295
41025005
41026488
41026870
41027386
41028076
41028658
41029078
41029215
41029241
41029499
41029624
41029732
41030255
41031547
41032267
41032889
41034903
41037484
41038046
41038543
41039775
41040716
41041238
41042507
41042574
41044565
41044723
41048136
41048260
41048267
41053476
41054732
41054948
41055700
41055903
41058590
41059703
41061191
41061601
41063970
41064069
41065891
41066412
41068578
41070880
41071549
41071562
41073838
41074750
41075558
41075983
41076790
41079025
41079272
41079502
41079952
41080883
41081663
41082704
41084893
41085756
41086128
41087286
41090478
41091676
41092780
41094413
41094425
41094626
41097690
41097783
41099997
41100080
41100457
41100823
41102640
41103225
41103572
41103590
41105197
41105459
41106293
41106520
41106531
41106557
41106580
41107141
41112662
41115283
41115397
41118324
41121290
41123366
41124589
41125450
41126199
41127642
41129149
41129465
41129516
41134093
41135334
41135345
41135446
41137183
41137420
41138163
41139424
41140949
41142661
41142734
41143507
41143660
41145612
41146057
41146096
41146923
41147000
41148135
41148407
41148522
41154307
41154892
41158236
41160047
41160307
41162958
41163100
41164067
41164226
41164715
41165706
41165707
41169009
41170790
41174749
41174775
41175049
41175333
41176250
41178514
41179441
41179968
41180121
41181883
41182201
41182325
41182577
41183137
41183701
41186658
41186660
41189348
41190231
41192835
41193794
41193874
41193910
41195474
41198185
41198505
41199239
41199333
41199455
41200681
41204569
41205722
41208189
41213243
41213936
41215781
41217275
41219857
41220254
41220552
41222535
41222852
41223030
41224482
41225368
41228071
41230428
41230908
41231849
41234242
41237119
41237744
41242759
41242946
41243504
41246147
41246572
41250186
41250843
41252078
41252669
41253585
41254752
41256003
41257228
41257375
41257685
41257872
41259005
41259019
41259293
41262773
41262832
41263843
41265934
41267001
41268127
41269037
41269700
41270256
41270285
41271527
41272487
41272791
41272945
41274784
41275205
41276172
41277482
41278221
41281596
41281767
41282129
41283802
41284968
41285026
41286745
41286814
41288021
41288347
41289559
41289575
41294492
41296373
41296691
41299026
41299405
41301000
41301324
41302593
41303034
41307650
41308620
41309036
41310255
41310519
41310559
41311644
41313957
41316236
41316416
41317213
41318516
41318977
41320917
41321726
41322433
41324959
41324961
41324984
41325343
41325477
41326315
41328562
41329477
41329484
41329487
41334578
41334689
41337807
41338045
41338921
41340818
41341571
41342555
41342945
41344918
41346748
41348216
41348250
41349599
41350365
41351059
41351704
41352065
41354030
41358997
41360451
41361414
41361785
41365286
41365485
41365628
41368043
41368067
41371911
41373319
41373348
41373385
41374457
41379143
41379382
41383919
41385021
41386248
41387834
41388293
41388467
41388522
41390008
41392013
41392257
41392907
41397744
41398480
41398919
41400489
41400551
41400950
41401174
41401267
41401268
41401271
41402689
41402856
41404079
41404949
41407122
41407425
41407997
41408438
41409750
41410004
41410317
41413909
41415523
41419622
41421456
41421995
41422018
41422920
41424667
41425496
41425732
41426492
41427442
41428291
41430206
41433683
41437037
41437057
41439164
41439383
41442083
41444027
41444905
41445620
41445944
41450563
41452606
41454267
41454806
41455851
41455945
41456002
41464463
41466150
41468495
41468590
41468858
41469087
41469865
41472994
41474214
41474542
41474647
41474854
41476004
41476859
41478381
41483352
41484761
41485013
41485842
41486212
41487641
41488024
41490106
41490164
41491067
41491383
41491891
41491981
41492415
41493737
41496441
41496617
41496766
41497014
41498432
41498771
41499115
41499612
41505129
41508314
41508390
41509086
41510248
41510327
41511657
41513415
41514303
41514516
41518512
41519169
41519761
41522177
41522577
41524327
41524666
41525400
41526931
41527049
41527064
41527179
41527312
41528323
41528507
41528947
41529156
41529259
41531285
41533246
41533379
41533822
41533823
41533826
41534657
41534924
41535168
41535851
41536641
41537435
41538179
41541298
41541517
41541864
41542029
41542064
41546129
41548881
41548926
41551571
41554459
41558573
41558846
41559268
41559605
41559606
41560032
41561423
41562957
41564223
41565202
41567049
41567263
41567379
41570021
41570618
41575338
41577182
41578558
41579150
41580661
41584365
41587834
41588371
41588445
41591737
41592000
41592840
41593554
41593602
41597370
41598451
41598612
41601647
41602169
41603769
41604441
41604600
41605643
41607914
41607920
41609822
41609825
41610926
41612051
41612061
41612121
41613077
41614708
41615924
41617608
41618266
41618304
41619103
41619146
41621459
41621460
41623701
41624065
41624977
41631376
41631769
41632768
41633233
41633286
41633599
41634207
41635169
41635439
41636640
41636685
41637913
41639633
41639710
41640422
41641867
41642691
41644102
41648063
41648645
41648954
41649004
41649642
41649792
41649997
41651454
41653240
41653285
41653838
41656552
41657007
41657728
41658229
41658230
41661595
41661834
41662042
41662216
41662272
41662484
41665900
41671151
41671280
41675066
41678264
41678837
41679705
41684398
41686015
41686302
41686441
41686755
41688486
41689233
41693436
41697678
41698783
41698794
41699824
41700104
41701409
41701496
41703310
41703553
41704049
41705769
41706137
41707189
41709274
41709289
41710081
41712207
41712302
41712342
41712586
41717278
41718652
41719040
41721471
41723415
41724392
41724732
41725194
41727785
41728527
41730680
41733332
41733548
41734368
41736085
41737853
41738002
41739408
41739852
41740620
41740811
41742090
41742123
41745876
41746832
41746994
41750101
41754106
41755881
41756070
41756369
41756562
41756645
41758790
41758829
41759050
41760330
41764312
41765353
41766936
41767464
41769691
41770252
41770874
41772477
41774306
41775470
41775756
41778180
41778990
41779374
41779395
41781682
41783650
41784223
41784963
41785283
41785446
41785453
41786083
41786274
41787274
41787712
41787898
41790796
41791249
41791779
41793678
41794291
41794335
41794567
41794574
41795184
41797867
41799644
41801195
41801342
41803780
41805411
41808612
41811327
41814331
41816192
41820737
41823242
41823963
41824077
41825253
41825636
41827317
41830420
41831094
41831700
41832190
41832526
41833809
41833926
41834186
41834389
41835089
41836048
41836233
41836305
41840510
41840543
41840748
41841275
41841443
41844167
41845351
41845361
41845448
41845863
41846041
41846673
41847512
41847676
41848006
41848732
41849013
41849671
41851606
41854105
41855200
41855734
41856016
41856483
41856484
41858262
41858903
41865003
41865272
41866664
41868220
41868605
41869124
41872103
41872886
41876040
41876145
41876190
41877997
41879763
41882447
41884151
41886110
41886700
41886884
41886934
41887481
41888739
41888864
41889301
41889613
41894639
41897214
41899745
41903148
41903434
41904913
41905179
41905685
41906145
41908606
41908745
41909392
41910972
41911390
41911474
41911529
41911580
41912231
41912254
41912759
41913219
41913363
41915412
41915562
41915775
41916023
41919729
41920428
41921026
41921209
41921224
41922643
41923042
41924523
41925672
41929476
41933806
41934044
41935763
41939692
41940840
41940923
41941210
41941489
41941930
41943500
41944097
41944613
41945961
41946424
41946544
41947126
41947785
41949210
41949448
41949714
41949860
41949937
41950049
41951430
41951536
41952924
41954047
41955051
41955246
41955564
41958808
41959897
41961966
41962069
41964383
41964782
41966038
41968647
41969940
41970963
41971271
41973302
41973335
41973459
41973857
41973990
41975065
41975406
41977093
41978470
41978741
41979410
41979428
41979877
41981390
41981824
41982153
41983774
41984871
41985680
41985976
41986598
41989790
41990711
41993236
41995182
41997231
41997292
41997741
41997830
41998374
41999267
41999840
41999914
42000011
42000269
42000377
42001101
42001803
42002456
42003446
42006128
42008267
42009479
42010572
42010667
42012147
42012538
42014172
42015019
42015093
42015422
42015460
42017618
42017924
42018835
42018845
42022418
42022761
42023359
42025132
42025536
42026542
42028822
42029831
42030054
42030255
42030984
42032195
42032509
42033123
42033626
42035457
42036260
42036422
42039310
42039979
42043815
42043828
42048538
42048906
42049115
42051133
42051148
42054080
42054121
42056066
42056181
42062123
42064332
42064902
42067810
42070002
42072877
42072939
42074371
42077502
42077970
42078107
42078275
42080203
42080701
42081563
42081915
42081942
42082673
42083023
42084172
42085357
42085482
42085667
42091795
42091996
42092982
42093885
42093902
42095122
42095234
42095834
42096202
42096674
42096675
42099282
42101837
42101886
42103148
42105862
42107471
42111241
42111660
42113515
42113631
42114691
42115859
42116216
42118874
42118884
42118888
42118895
42125302
42126733
42126877
42127502
42129975
42130080
42133708
42134834
42138919
42140578
42142493
42143131
42143682
42144808
42149327
42149875
42151851
42153385
42153985
42154927
42155344
42156228
42156587
42158216
42162859
42163302
42163927
42165724
42166620
42166629
42167355
42170527
42172028
42173204
42174476
42174603
42177525
42178408
42181071
42184310
42184409
42184662
42186141
42186824
42186833
42189419
42191438
42194461
42194491
42194497
42196664
42201901
42202091
42206607
42206820
42211444
42212905
42213447
42213997
42214698
42215382
42215412
42216042
42217141
42218448
42218957
42219465
42220614
42221334
42221351
42223654
42226689
42226693
42229969
42231087
42232872
42233343
42233467
42234427
42235937
42237832
42237899
42241003
42242717
42243430
42243891
42244246
42245352
42245519
42245857
42247061
42247223
42247376
42248662
42249171
42249373
42250170
42250250
42250272
42252599
42254010
42255343
42256000
42256459
42256544
42257160
42258513
42258855
42259560
42261114
42262268
42262410
42263299
42265678
42266580
42268625
42268725
42269073
42269086
42271297
42272228
42273727
42274635
42275060
42275175
42276444
42277593
42277816
42277987
42278687
42278844
42282088
42283433
42283586
42283666
42283737
42284874
42285231
42286642
42288568
42288836
42288868
42290865
42293593
42295695
42295719
42295736
42296274
42298278
42298580
42301003
42301709
42301987
42302027
42302189
42304905
42305765
42305857
42306832
42308669
42310111
42310873
42311216
42311493
42311576
42312598
42312974
42313657
42313671
42314199
42314576
42315724
42316139
42319390
42320058
42323868
42324625
42325478
42326018
42326869
42327480
42328725
42329612
42331710
42334758
42335253
42336907
42337621
42340083
42340345
42341006
42341142
42341543
42341743
42343152
42343886
42343922
42344218
42344716
42345060
42346229
42347055
42347057
42348195
42348520
42349783
42350017
42350198
42350638
42355714
42359136
42359163
42361353
42361433
42362820
42363086
42364822
42365154
42368498
42368704
42369143
42371485
42371866
42373287
42373291
42373535
42374004
42374362
42376820
42378845
42379724
42380557
42381458
42381672
42381772
42383571
42383964
42384588
42384650
42386205
42387553
42388002
42388087
42389029
42389219
42390121
42390672
42392593
42394394
42394643
42396110
42397433
42397816
42398196
42398363
42398408
42399509
42399909
42401880
42402186
42404208
42404486
42404935
42404952
42406116
42409590
42412778
42414057
42414984
42415915
42416234
42417549
42417580
42419584
42419930
42422237
42423940
42424272
42424491
42428250
42431162
42431668
42432568
42432816
42434040
42434167
42436486
42436850
42437280
42439607
42440026
42440324
42442005
42443018
42443841
42444157
42445106
42446013
42446375
42449395
42450963
42453277
42454454
42455635
42458187
42458413
42458536
42458687
42460507
42460646
42463273
42464219
42464239
42464254
42465560
42465950
42467430
42467433
42467449
42470110
42471619
42471804
42471857
42473702
42473805
42477022
42477776
42483319
42484709
42484764
42484940
42485473
42485480
42487360
42487499
42488303
42490697
42490885
42491842
42491935
42491950
42494349
42495024
42495685
42496126
42497305
42498228
42499634
42499832
42500108
42500465
42504464
42504813
42507447
42507665
42507739
42508880
42512638
42512691
42513360
42513493
42516719
42518237
42521348
42522484
42525414
42525910
42525964
42528953
42529907
42530002
42533267
42533619
42533840
42534408
42534423
42534445
42534564
42534830
42535741
42536300
42536372
42536386
42539477
42541555
42541742
42543796
42543921
42546916
42550504
42552104
42559302
42559368
42560633
42562433
42564931
42564977
42565758
42565770
42569801
42569962
42570172
42572114
42572147
42572263
42573881
42573997
42574156
42574164
42574567
42576229
42577772
42578887
42582278
42586172
42586501
42586958
42588206
42588300
42590031
42590794
42592892
42593164
42594239
42594335
42594536
42595099
42595470
42596808
42599211
42599313
42601584
42601643
42601865
42603929
42604009
42604172
42604371
42604415
42604463
42606800
42606956
42607584
42607853
42607945
42611539
42611690
42613467
42614247
42615623
42615845
42616761
42616951
42622730
42625291
42627193
42627661
42629415
42629441
42631008
42631312
42634737
42636236
42636736
42637059
42638937
42640185
42640757
42641035
42642742
42644117
42645383
42646589
42647886
42648473
42648874
42649103
42651226
42657451
42658045
42658404
42658505
42659619
42660326
42660448
42661033
42661884
42662157
42662402
42662583
42663222
42663386
42663458
42663996
42665449
42666087
42667370
42670333
42670679
42671450
42671716
42674720
42675367
42676732
42676861
42677115
42678684
42679019
42679052
42679453
42682189
42683079
42684866
42686805
42687949
42690591
42691044
42691113
42691271
42694204
42694798
42697452
42698083
42698469
42698654
42699305
42702715
42703046
42704331
42705662
42710208
42711079
42711223
42712198
42712851
42713766
42714748
42714821
42715219
42716975
42721126
42722444
42724989
42725341
42726495
42726768
42729047
42730547
42731172
42731836
42736517
42736843
42736864
42736977
42738386
42740669
42741248
42742906
42743763
42743945
42744574
42745914
42748026
42748166
42748452
42748855
42750835
42751436
42752322
42753244
42754213
42756545
42756936
42757336
42758506
42758931
42762234
