record_id,existing_study_id,pmid,title,authors,year,journal,document_type,book_title,publisher,doi,pmcid,abstract,publication_types,source_url,raw_xml,in_core,in_supplement,status,sampling_reason,reviewer_1,reviewer_1_decision,reviewer_2,reviewer_2_decision,adjudication,reason,decision_date
R-33273290,L-G05,33273290,Evaluation of an Osteoporosis Outreach Program for Men With a Fragility Fracture and Their Physicians.,Pasquale MK; Sheer RL; Yehoshua A; McFadden A; Chines A; Caloyeras J,2021,Medical care,journal_article,,,10.1097/MLR.0000000000001459,PMC7899217,"BACKGROUND: Many health plans have outreach programs aimed at appropriately screening, evaluating, and treating women experiencing fragility fractures; however, few programs exist for men.
OBJECTIVE: The objective of this study was to develop, implement, and evaluate an osteoporosis outreach program for men with a recent fragility fracture and their physicians.
RESEARCH DESIGN AND SUBJECTS: A total of 10,934 male patients enrolled in a Medicare Advantage with Prescription Drug Plan with a recent fragility fracture were randomized to a program or control group. Patients and their physicians received letters followed by phone calls on osteoporosis and the importance of screening and treatment. The evaluation compared bone mineral density (BMD) test utilization and osteoporosis medication treatment (OPT) among patients who received the outreach versus no outreach at 12 months. The effect of the program was estimated through univariate and multivariable logistic regressions.
RESULTS: The program had a significant impact on BMD evaluation and OPT initiation. At 12 months, 10.7% of participants and 4.9% of nonparticipants received a BMD evaluation. The odds ratio (OR) (95% confidence interval) was 2.31 (1.94, 2.76), and the number needed to outreach to receive a BMD test was 18. OPT was initiated in 4.0% of participants and 2.5% of nonparticipants. The OR (95% confidence interval) of receiving OPT was 1.60 (1.24, 2.07), and the number needed to outreach was 69. Adjusted ORs were similar in magnitude and significance.
CONCLUSION: The program was highly effective by more than doubling the rate of BMD evaluation; however, more intensive interventions may yield an even higher screening rate.","Journal Article; Randomized Controlled Trial; Research Support, Non-U.S. Gov't",https://pubmed.ncbi.nlm.nih.gov/33273290/,research/review_2026-09-21/pubmed/raw/priority_metadata_003800.xml,True,False,Awaiting independent human title/abstract screening,Known source for calibration; not automatically included,,,,,,,
R-34736273,L-P03,34736273,Reimbursement for Female-Specific Compared With Male-Specific Procedures Over Time.,Polan RM; Barber EL,2021,Obstetrics and gynecology,journal_article,,,10.1097/AOG.0000000000004599,PMC8602770,"OBJECTIVE: To evaluate whether per-procedure work relative value units (RVUs) have changed over time and to compare time-based compensation for female-specific procedures compared with male-specific procedures.
METHODS: Using the National Surgical Quality Improvement Program files for 2015-2018, we compared operative time and RVUs for 12 pairs of sex-specific procedures. Procedures were matched to be anatomically and technically similar. Procedure-assigned RVUs in 2015 were compared with 1997. Procedure compensation was determined using median dollars per RVU provided in SullivanCotter's 2018 Physician Compensation and Productivity Survey. This was compared with specialty-specific McGraw-Hill per-RVU data from 1994. Statistical analysis was performed with chi-square and Kruskal-Wallis tests.
RESULTS: A total of 12,120 patients underwent 6,217 male-specific procedures and 5,903 female-specific procedures. Male-specific procedures had a median (interquartile range) RVU of 25.2 (21.4-25.2), compared with 7.5 (7.5-23.4) for female-specific procedures (P<.001). Male-specific procedures were 79 minutes longer (median [interquartile range] 136 minutes [98-186] vs 57 minutes [25-125], P<.001). Female-specific procedures were reimbursed at a higher hourly rate (10.6 RVU/hour [7.2-16.2] vs 9.7 RVU/hour [7.4-12.8], P<.001). However, male-specific procedures were better reimbursed ($599/h [$457-790] vs $555/h [$377-843], P<.001). Overall, per-procedure RVUs for male-specific surgeries have increased 13%, whereas, for female-specific surgeries, per-procedure RVUs have increased 26%. Reimbursement per RVU for male-specific procedures has decreased 8% ($67.30 to $61.65), whereas for female-specific procedures it has increased 14% ($44.50 to $52.02).
CONCLUSION: Increases in RVUs and specialty-specific compensation have resulted in more equitable reimbursement for female-specific procedures. However, even with these changes, there is a lower relative value of work, driven by specialty-specific compensation rates, for procedures performed for women-only compared with equivalent men-only procedures.","Comparative Study; Evaluation Study; Journal Article; Research Support, N.I.H., Extramural; Research Support, Non-U.S. Gov't",https://pubmed.ncbi.nlm.nih.gov/34736273/,research/review_2026-09-21/pubmed/raw/priority_metadata_004200.xml,False,True,Awaiting independent human title/abstract screening,Known source for calibration; not automatically included,,,,,,,
R-38758183,L-P02,38758183,Comparison of Work Relative Value Units Assigned to Urological and Gynecological Surgical Procedures.,Hathaway JK; Schuster MS; Richards KA; Turk TMT,2024,Urology practice,journal_article,,,10.1097/UPJ.0000000000000612,,"INTRODUCTION: We sought to determine if work relative value unit differences exist between analogous, sex-specific procedures.
METHODS: Representatives from the AUA and the American College of Obstetricians and Gynecologists independently reviewed the entire procedural code set and identified sex-specific procedures that had an analogous procedure in the opposite sex. These pairs were then evaluated and compared using current American Medical Association Relative Value Scale Update Committee methodology. Comparable code pair values were then examined to determine any systemic bias in the work relative value units assigned between the procedures. Mean differences and 95% confidence intervals were used to determine any differences in procedure or physician time values. The methodology used considered global period, intraservice time, total time, hospital days, postoperative office visits, and the date of the committee review.
RESULTS: Of the 10 directly analogous code pairs reviewed, 7 of the female procedures had higher work relative value unit differences (range 0.29-6.47), and 3 of the male procedures had higher work relative value unit differences (range 1.23-2.34). There was no statistical difference between the code pair work relative value units. The work relative value unit per minute of intraservice time and total time were not statistically different.
CONCLUSIONS: In this study, we compared operative procedures performed in women with clinically comparable operative procedures performed in men that had similar surgical approaches, global periods, and valuation methodologies. Overall, no statistical differences in work relative value units were demonstrated.",Journal Article; Comparative Study,https://pubmed.ncbi.nlm.nih.gov/38758183/,research/review_2026-09-21/pubmed/raw/priority_metadata_005400.xml,True,True,Awaiting independent human title/abstract screening,Known source for calibration; not automatically included,,,,,,,
R-39046733,L-C03,39046733,Gender-Based Variations in Medicare Reimbursements Among Different Surgical Subspecialties.,Munir MM; Dillhoff M; Tsai S; Collins C; Dedhia P; Pawlik TM,2024,JAMA surgery,journal_article,,,10.1001/jamasurg.2024.2298,PMC11270248,"IMPORTANCE: Gender inequities and limited representation are an obstacle to surgical workforce diversification. There has been limited examination of gender-based disparities in billing practices among surgeons.
OBJECTIVE: To evaluate variations in practice metrics and billing practices among female and male surgeons and identify factors associated with gender disparities in Medicare reimbursements.
DESIGN, SETTING, AND PARTICIPANTS: This retrospective cross-sectional study used publicly available Medicare Fee-for-Service Provider Utilization and Payment data from January to December 31, 2021, to identify demographics, annual services provided, and financial payments and charges for general surgeons, surgical oncologists, and colorectal surgeons. Data were analyzed from November 2023 to February 2024.
EXPOSURE: The primary exposure of interest was surgeon gender (ie, female or male).
MAIN OUTCOMES AND MEASURES: The annual total submitted charges and payments submitted in 2021 by female and male surgeons were assessed. Additionally, the total number and types of services provided each year and the number of beneficiaries treated were examined. Multivariable linear regression models were used to evaluate the association of surgeon gender with payments, number of services, and beneficiaries.
RESULTS: A total of 20 549 general surgeons (5036 [24.5%] female; 15 513 [75.5%] male), 1065 surgical oncologists (450 [42.3%] female; 615 [57.7%] male), and 1601 colorectal surgeons (432 [27.0%] female; 1169 [73.0%] male) were included. Across all surgical subspecialties, female surgeons billed fewer mean (SE) Medicare charges (general surgeons: 30.1% difference; $224 934.80 [$3846.97] vs $321 868.50 [$3933.57]; surgical oncologists: 27.5% difference; $277 901.70 [$22 857.37] vs $382 882.90 [$19 566.06]; colorectal surgeons: 21.7% difference; $274 091.70 [$10 468.48] vs $350 146.10 [$8741.66]; all P < .001) and received significantly lower mean (SE) reimbursements (general surgeons: 29.0% difference; $51 787.61 [$917.91] vs $72 903.12 [$890.35]; surgical oncologists: 23.6% difference; $57 945.18 [$3853.28] vs $75 778.22 [$2622.75]; colorectal surgeons: 24.5% difference; $63 117.01 [$2248.10] vs $83 598.53 [$1934.77]; all P < .001). On multivariable analysis, a reimbursement gap remained across all 3 surgical subspecialties (general surgeons: -$14 963.46 [95% CI, -$18 822.27 to -$11 104.64] [P < .001]; surgical oncologists: -$8354.69 [95% CI, -$15 018.12 to -$1691.25] [P = .01]; colorectal surgeons: -$4346.73 [95% CI, -$7660.15 to -$1033.32] [P = .01]).
CONCLUSIONS AND RELEVANCE: In this cross-sectional study, there was considerable gender-based variation in practice patterns and reimbursement among different surgical subspecialties serving the Medicare population. Differences in mean payment per service were associated with variations in billing and coding strategies among female and male surgeons.",Journal Article,https://pubmed.ncbi.nlm.nih.gov/39046733/,research/review_2026-09-21/pubmed/raw/priority_metadata_005600.xml,True,True,Awaiting independent human title/abstract screening,Known source for calibration; not automatically included,,,,,,,
R-39978776,L-P01,39978776,Price and Prejudice: Reimbursement of Surgical Care on Male Versus Female Anatomies.,Penn M; Colley D; Koirala P; King L; Fitzgerald J,2025,Journal of women's health (2002),journal_article,,,10.1089/jwh.2024.0984,,"Background: Gender bias is a pervasive issue in health care, contributing to poorer health outcomes for women compared with men. In the United States, studies have shown a slowly improving, but persistent, disparity exists for gender-specific procedures' relative value units (RVUs). This study aims to build on existing literature and conduct a large-scale analysis examining comparable gender-specific surgical procedures to determine whether there remains a disparity in RVUs/reimbursements for care provided to female patients. Methods: Using 110 CPT codes, we compared work RVU and reimbursement rates for facility and nonfacility procedures within the 2023 dataset for anatomically similar gender-specific procedures, verified by a group of gynecologists and urologists. We analyzed the procedures over a 20-year period with RVUs from 2003 to 2023 to determine how the difference between the gender-specific procedures was changing over time. We also used the same design and 22 current procedural terminology (CPT) codes as Goff (1997) and Benoit (2015) to compare RVUs between 1997, 2015, and 2023. Results: For the 55 gender-specific procedures, 41 (75%) had lower RVUs for procedures on female patients in 2023. RVUs for procedures on male patients were 30% higher on average. For facility reimbursement, 35 (64%) were higher for procedures on male patients-with a 25.6% higher reimbursement on average, correlating to an average reimbursement of $75.73 more for male procedures. For nonfacility reimbursements, male procedures were reimbursed 20% higher on average. Between 2003 and 2023, there were no statistically significant improvements in the reimbursement disparities for male versus female procedures, with male procedures consistently having an average RVU 31-34% higher. The disparity narrowed minimally between 1997, 2015, and 2023. Conclusion: There remain significant disparities between gender-specific procedures, with lower RVUs/reimbursements for procedures on female patients and minimal change over the past three decades. Addressing these disparities is crucial for achieving gender equity in health care and ensuring equally valued medical services.",Journal Article,https://pubmed.ncbi.nlm.nih.gov/39978776/,research/review_2026-09-21/pubmed/raw/priority_metadata_005800.xml,False,True,Awaiting independent human title/abstract screening,Known source for calibration; not automatically included,,,,,,,
R-40560583,L-G09,40560583,Coverage Gaps and Contraceptive Use Among Medicare Enrollees With Disabilities.,Bellerose M; Ellison J; Steenland MW; Meyers DJ; Mitra M; Shireman TI,2025,JAMA network open,journal_article,,,10.1001/jamanetworkopen.2025.17718,PMC12199052,"IMPORTANCE: Medicare is the primary health insurance payer for 1.5 million reproductive-aged women with disabilities, yet it is the only major form of US health insurance that is not required to cover contraceptives for pregnancy prevention.
OBJECTIVE: To evaluate whether Medicare's contraceptive coverage gaps were associated with reduced use of contraceptives by enrollees with disabilities.
DESIGN, SETTING, AND PARTICIPANTS: In this national, cross-sectional study, traditional Medicare (TM), Medicare Advantage (MA), and Medicaid claims from female enrollees aged 20 to 49 years receiving Social Security Disability Insurance or Supplemental Security Income from January 1, 2016, to December 31, 2020, were linked. The propensity score-weighted probability of contraceptive use by public insurance type was estimated, then the association between gaining contraceptive coverage through a transition from Medicare to dual Medicare-Medicaid enrollment and contraceptive use was evaluated using a staggered-entry difference-in-differences design. Data were analyzed from December 3, 2024, to April 5, 2025.
EXPOSURES: Public insurance enrollment in TM, MA, dual TM-Medicaid, dual MA-Medicaid, or Medicaid.
MAIN OUTCOMES AND MEASURES: Monthly use of permanent contraceptives, long-acting reversible contraceptives (intrauterine device and implant), and short-acting contraceptives (injectable and oral contraceptives, patch, and ring).
RESULTS: A total of 51 501 303 monthly observations from 1 606 129 women were included in the analysis. Mean (SD) age was 35.93 (8.58) years; 1.8% of monthly observations were from Asian women, 30.7% from Black women, 13.0% from Hispanic women, 52.6% from White women, and 1.9% from multiracial women or women identifying as another race and ethnicity not reported on previously. Those enrolled in TM and MA were more often older and non-Hispanic White compared with those dual enrolled or enrolled in Medicaid. The estimated monthly probability of use of any contraceptive method was lowest among TM (4.9%; 95% CI, 4.9%-4.9%) and MA (6.6%; 95% CI, 6.5%-6.6%) enrollees, followed by Medicaid (11.0%; 95% CI, 11.0%-11.0%), dual MA-Medicaid (11.3%; 95% CI, 11.3%-11.4%), and dual TM-Medicaid (13.1%; 95% CI, 13.0%-13.1%) enrollees. Gaining contraceptive coverage through dual enrollment was associated with an increase of 3.9 (95% CI, 3.5-4.3) percentage points (35%) in use of any contraceptive method, with the largest increase in use of short-acting methods at 2.6 (95% CI, 2.3-3.0) percentage points (45%).
CONCLUSIONS AND RELEVANCE: In this cross-sectional study of contraceptive use in the Medicare program, gaining contraceptive coverage through dual Medicare-Medicaid enrollment was associated with increased contraceptive use among disabled Medicare enrollees, suggesting that Medicare's coverage gaps pose a financial barrier to desired contraceptive use. Given these findings, Medicare should be required to cover all US Food and Drug Administration-approved contraceptive methods without cost-sharing. Doing so would align Medicare's coverage requirements with those of Medicaid, private insurance plans, and TRICARE.","Journal Article; Research Support, N.I.H., Extramural",https://pubmed.ncbi.nlm.nih.gov/40560583/,research/review_2026-09-21/pubmed/raw/priority_metadata_006000.xml,True,False,Awaiting independent human title/abstract screening,Known source for calibration; not automatically included,,,,,,,
R-24641912,,24641912,"Relative value of race, family history and prostate specific antigen as indications for early initiation of prostate cancer screening.",Vertosick EA; Poon BY; Vickers AJ,2014,The Journal of urology,journal_article,,,10.1016/j.juro.2014.03.032,PMC4143426,"PURPOSE: Many guidelines suggest earlier screening for prostate cancer in men at high risk, with risk defined in terms of race and family history. Recent evidence suggests that baseline prostate specific antigen is strongly predictive of the long-term risk of aggressive prostate cancer. We compared the usefulness of risk stratifying early screening by race, family history and prostate specific antigen at age 45 years.
MATERIALS AND METHODS: Using estimates from the literature we calculated the proportion of men targeted for early screening using family history, black race or prostate specific antigen as the criterion for high risk. We calculated the proportion of prostate cancer deaths that would occur in those men by age 75 years.
RESULTS: Screening based on family history involved 10% of men, accounting for 14% of prostate cancer deaths. Using black race as a risk criterion involved 13% of men, accounting for 28% of deaths. In contrast, 44% of prostate cancer deaths occurred in the 10% of men with the highest prostate specific antigen at age 45 years. In no sensitivity analysis for race and family history did the ratio of risk group size to number of prostate cancer deaths in that risk group approach that of prostate specific antigen.
CONCLUSIONS: Basing decisions for early screening on prostate specific antigen at age 45 years provided the best ratio between men screened and potential cancer deaths avoided. Given the lack of evidence that race or family history affects the relationship between prostate specific antigen and risk, prostate specific antigen based risk stratification would likely include any black men or men with a family history who are destined to experience aggressive disease. Differential screening based on risk should be informed by baseline prostate specific antigen.","Comparative Study; Journal Article; Research Support, N.I.H., Extramural; Research Support, Non-U.S. Gov't",https://pubmed.ncbi.nlm.nih.gov/24641912/,research/review_2026-09-21/pubmed/raw/priority_metadata_001800.xml,False,True,Awaiting independent human title/abstract screening,Service valuation title terms; manual classification pending,,,,,,,
R-32890040,,32890040,"Relative value units in health care: Friend, foe, or necessary evil?",Sheppard KG; Duncan CG,2020,Journal of the American Association of Nurse Practitioners,journal_article,,,10.1097/JXX.0000000000000515,,"The purpose of this article is to describe this use of relative value units (RVUs) among nurse practitioners (NP), including the challenges NPs may experience. Relative value units were developed as a means to determine reimbursement for health care based on time spent with the patient and skills required to complete the interaction, while addressing any disparities of reimbursement based on geography or insurance. Increasingly, providers such as NPs are being evaluated based in large part on how many RVUs they generate, which seems to prioritize productivity and may overlook many nonbillable aspects of the NP role such as emotional support or patient education. Nurse practitioners working in settings that require more invasive procedures may seem to be more productive on paper, regardless of the number of patients seen. Relative value units may not adequately reflect the skill and time taken to care for patients with chronic illness. Gender differences have been noted, both in terms of the number of RVUs generated for care of male or female patients, and those generated by male or female providers. If NPs are evaluated primarily based on productivity as measured by RVUs, we must consider how this might minimize or even invalidate the therapeutic relationship and holistic approach to patient care. Relative value units may negatively affect the willingness of NPs to serve as preceptors. Finally, as NPs experience less face-to-face time with patients and more demands for productivity, there may be a loss of quality care and professional integrity, which raises the risk of burnout among NPs.",Journal Article,https://pubmed.ncbi.nlm.nih.gov/32890040/,research/review_2026-09-21/pubmed/raw/priority_metadata_003800.xml,False,True,Awaiting independent human title/abstract screening,Service valuation title terms; manual classification pending,,,,,,,
R-8309263,,8309263,Relative value of transdermal and oral estrogen therapy in various clinical situations.,Lufkin EG; Ory SJ,1994,Mayo Clinic proceedings,journal_article,,,10.1016/s0025-6196(12)61038-6,,"OBJECTIVE: In this study, we reviewed the comparative effectiveness of transdermal and oral estrogen therapy in various groups of women.
DESIGN: On the basis of published data and personal clinical experience, we compiled recommendations for use of the various modes of estrogen replacement therapy.
MATERIAL AND METHODS: The use of injectable estrogen or implantable estrogen pellets can no longer be recommended because of their expense, inconvenience, and unphysiologic pattern of serum estrogen response. The two main estrogen preparations currently used in the United States--orally administered conjugated estrogens and transdermally administered estradiol--undergo different metabolism, and these processes are reflected in differing levels of circulating hormones and hepatic by-products, including blood clotting factors, binding proteins, renin substrate, and apolipoproteins, and in varied composition of the bile.
RESULTS: At least theoretically, transdermal estrogen therapy might be more beneficial than oral estrogen therapy for women who smoke cigarettes or who have migraine headaches, hypertriglyceridemia, hepatobiliary disorders, fibrocystic breast disease, or a history of thromboembolism. In contrast, women with hypercholesterolemia might respond better to oral than to transdermal estrogen therapy.
CONCLUSION: Additional properly designed clinical studies are necessary before these recommendations for estrogen replacement therapy can be validated or refuted.",Comparative Study; Journal Article; Review,https://pubmed.ncbi.nlm.nih.gov/8309263/,research/review_2026-09-21/pubmed/raw/priority_metadata_000000.xml,False,True,Awaiting independent human title/abstract screening,Service valuation title terms; manual classification pending,,,,,,,
R-9815844,,9815844,"Relative value of physical examination, mammography, and breast sonography in evaluating the size of the primary tumor and regional lymph node metastases in women receiving neoadjuvant chemotherapy for locally advanced breast carcinoma.",Herrada J; Iyer RB; Atkinson EN; Sneige N; Buzdar AU; Hortobagyi GN,1997,Clinical cancer research : an official journal of the American Association for Cancer Research,journal_article,,,,,"The purpose of this study was to correlate physical examination and sonographic and mammographic measurements of breast tumors and regional lymph nodes with pathological findings and to evaluate the effect of neoadjuvant chemotherapy on clinical Tumor-Node-Metastasis stage by noninvasive methods. This was a retrospective analysis of 100 patients with locally advanced breast cancer registered and treated in prospective trials of neoadjuvant chemotherapy. All patients received four cycles of a doxorubicin-containing regimen and had noninvasive evaluation of the primary tumor and regional lymph nodes before and after neoadjuvant chemotherapy by physical examination, sonography, and mammography and underwent breast surgery and axillary dissection within 5 weeks after completion of neoadjuvant chemotherapy. The correlations between clinical and pathological measurements were determined by Spearman rank correlation analysis. A proportional odds model was used to examine predictive values. Eighty-three patients had both a clinically detectable primary tumor and lymph node metastases. Sixty-four patients had a decrease in Tumor-Node-Metastasis stage after chemotherapy. For 54% of patients, there was concordance in clinical response between the primary tumor and lymph node compartment; for the rest, results were discordant. Physical examination correlated best with pathological findings in the measurement of the primary tumor (P = 0.0003), whereas sonography was the most accurate predictor of size for axillary lymph nodes (P = 0.0005). The combination of physical examination and mammography worked best for assessment of the primary tumor (P = 0.003), whereas combining physical examination with sonography gave optimal evaluation of regional lymph nodes (P = 0.0001). In conclusion, physical examination is the best noninvasive predictor of the real size of locally advanced primary breast cancer, whereas sonography correlates better with the real dimensions of axillary lymph nodes. The combination of physical examination with either mammography or sonography significantly improves the accuracy of noninvasive assessment of tumor dimensions.","Comparative Study; Journal Article; Research Support, Non-U.S. Gov't; Research Support, U.S. Gov't, P.H.S.",https://pubmed.ncbi.nlm.nih.gov/9815844/,research/review_2026-09-21/pubmed/raw/priority_metadata_000200.xml,False,True,Awaiting independent human title/abstract screening,Service valuation title terms; manual classification pending,,,,,,,
R-8598949,,8598949,Underreimbursement of obstetric and gynecologic invasive services by the resource-based relative value scale.,Cherouny P; Nadolski C,1996,Obstetrics and gynecology,journal_article,,,10.1016/0029-7844(95)00442-4,,"OBJECTIVE: To compare the relative value of work and reimbursement by the resource-based relative value scale (RBRVS) and the charge-based McGraw-Hill relative value scale for invasive services performed for women only (obstetric-gynecologic), for men only (urology), and in a gender-neutral specialty (general surgery).
METHODS: Two hundred nineteen obstetric-gynecologic, 125 urology, and 105 general surgery invasive procedures were compared by the mean for each specialty of 1) the ratio of the procedure-specific work component of the RBRVS unit to the total relative value unit, and 2) the ratio of the procedure-specific total RBRVS unit to the McGraw-Hill relative value unit. All procedures were weighted equally. Ratios are reported as percentages. Statistics were compared by analysis of variance with Newman-Keuls test for multiple pairwise comparisons when significant differences were identified. Statistically significant differences were defined as P < .05.
RESULTS: The mean percentage of the procedure-specific work component of the RBRVS unit to the total relative value unit and the total RBRVS unit to the McGraw-Hill unit were significantly lower (P < .01 for all comparisons) for obstetric-gynecologic (49.7 and 139.5) than for urology (55.1 and 207.1) or general surgery services (53.2 and 181.0). There were no significant differences between urology and general surgery services among the procedures studied.
CONCLUSION: The data support a lower relative value of work and reimbursement for services performed for women only. This may be the result of 1) high initial estimates of work for urology and general surgery services, 2) low initial estimates of work for obstetric-gynecologic services, or 3) a carry-over of reimbursement bias from the charge-based environment to the RBRVS by the methods used in its development.",Comparative Study; Journal Article,https://pubmed.ncbi.nlm.nih.gov/8598949/,research/review_2026-09-21/pubmed/raw/priority_metadata_000200.xml,True,True,Awaiting independent human title/abstract screening,Service valuation title terms; manual classification pending,,,,,,,
R-33375989,,33375989,Total and out-of-pocket costs for PARP inhibitors among insured ovarian cancer patients.,Liang MI; Chen L; Hershman DL; Hillyer GC; Huh WK; Guyton A; Wright JD,2021,Gynecologic oncology,journal_article,,,10.1016/j.ygyno.2020.12.015,PMC7902421,"OBJECTIVE: To evaluate total and out-of-pocket costs for poly(ADP-ribose) polymerase (PARP) inhibitors and differences based on insurance characteristics.
METHODS: We identified ovarian cancer patients who were prescribed niraparib, olaparib, or rucaparib from the MarketScan (2014-2017) and Surveillance, Epidemiology, and End Results (SEER)-Medicare (2014-2016) databases. Drug costs were estimated for a 30-day supply. Descriptive statistics and Wilcoxon rank sum tests were performed.
RESULTS: 590 commercially insured beneficiaries from MarketScan and 213 SEER-Medicare beneficiaries were prescribed PARP inhibitors for a median 112 days. For commercially insured beneficiaries, median total cost was $13,342 (IQR $12,022-$14,256). Median out-of-pocket cost was $44 (IQR $0-$120) and PARP inhibitors accounted for a median 90.8% of patients' total out-of-pocket drug spending. High-deductible health plan was not associated with higher out-of-pocket costs (N = 570; median $0 vs. $45, P = 0.87). For SEER-Medicare beneficiaries, median total cost was $12,798 (IQR $11,704-$13,180). Median out-of-pocket cost was $370 (IQR $2-$1234) and PARP inhibitors accounted for a median 99.0% of patients' total out-of-pocket drug spending. Out-of-pocket costs were lower for dual-eligible patients with supplemental Medicaid prescription coverage (N = 209; median $1 vs. $911, P < 0.001).
CONCLUSIONS: Although insurers are responsible for a large proportion of PARP inhibitor costs, out-of-pocket costs for PARP inhibitors account for a majority of patients' drug spending. SEER-Medicare beneficiaries had higher out-of-pocket costs than patients with commercial insurance, which was offset for those with supplemental Medicaid prescription coverage.","Journal Article; Research Support, N.I.H., Extramural",https://pubmed.ncbi.nlm.nih.gov/33375989/,research/review_2026-09-21/pubmed/raw/priority_metadata_004000.xml,True,True,Awaiting independent human title/abstract screening,Medication affordability title terms; manual classification pending,,,,,,,
R-32473266,,32473266,Effects of the Affordable Care Act's enhancement of Medicare benefits on preventive services utilization among older adults in the U.S.,Toseef MU; Jensen GA; Tarraf W,2020,Preventive medicine,journal_article,,,10.1016/j.ypmed.2020.106148,,"Since 2011, the Affordable Care Act (ACA) requires the provision of certain recommended clinical preventive services without cost-sharing for individuals in Medicare. We re-visited the effects of the ACA on preventive services utilization under Medicare, using data from the Medical Expenditure Panel Survey (MEPS) and examined the ACA's longer-term effects on preventive services utilization among Medicare beneficiaries. We analyzed nationally representative data on non-institutionalized Medicare beneficiaries (n = 27,124) from the 2006-2010 and 2012-2016 Medical Expenditure Panel Survey. Preventive services of interest were cholesterol test, blood pressure test, flu shot, endoscopy, blood stool test, clinical breast exam, mammography and prostate exam. We estimated propensity score weighted difference-in-difference (DID) models to test for differences in preventive services utilization based on Medicare insurance status. Nationwide, among beneficiaries with traditional Medicare only, who stood to gain the most from eliminating cost-sharing for preventive services, the percentage of women receiving clinical breast exams rose post-reform (Δ = 8.1%; p < 0.015) as compared to Medicare beneficiaries with supplemental private coverage, while at the same time the percentage receiving other preventive services did not change post-reform (all p > 0.05). Based on this analysis of MEPS data spanning 2006-2016, the ACA's enhancement of Medicare coverage had only modest effects on the percentage of beneficiaries receiving a range of preventive services. Medicare beneficiaries should be better informed of the availability of these services and encouraged by their physicians to avail the no cost-sharing incentive of these reforms.",Journal Article,https://pubmed.ncbi.nlm.nih.gov/32473266/,research/review_2026-09-21/pubmed/raw/priority_metadata_003600.xml,True,False,Awaiting independent human title/abstract screening,Medication affordability title terms; manual classification pending,,,,,,,
R-37234016,,37234016,Comparison of Out-of-Pocket Spending on Ultra-Expensive Drugs in Medicare Part D vs Commercial Insurance.,DiStefano MJ; Kang SY; Parasrampuria S; Anderson GF,2023,JAMA health forum,journal_article,,,10.1001/jamahealthforum.2023.1090,PMC10220512,"IMPORTANCE: Little is known about how out-of-pocket burden differs between Medicare and commercial insurance for ultra-expensive drugs.
OBJECTIVE: To investigate out-of-pocket spending for ultra-expensive drugs in the Medicare Part D program vs commercial insurance.
DESIGN, SETTING, AND PARTICIPANTS: This was a retrospective, population-based cohort study of individuals using ultra-expensive drugs included in a 20% nationally random sample of prescription drug claims from Medicare Part D and individuals aged 45 to 64 years using ultra-expensive drugs included in a large national convenience sample of outpatient pharmaceutical claims from commercial insurance plans. Claims data from 2013 through 2019 were used, and data were analyzed in February 2023.
MAIN OUTCOMES AND MEASURES: Claims-weighted mean out-of-pocket spending per beneficiary per drug by insurance type, plan, and age.
RESULTS: In 2019, 37 324 and 24 159 individuals using ultra-expensive drugs were identified in the 20% Part D and commercial samples, respectively (mean [SD] age, 66.2 [11.7] years; 54.9% female). A statistically significant higher share of commercial enrollees vs Part D beneficiaries were female (61.0% vs 51.0%; P < .001), and a statistically significantly lower share were using 3 or more branded medications (28.7% vs 42.6%; P < .001). Mean out-of-pocket spending per beneficiary per drug in 2019 was $4478 in Part D (median [IQR], $4169 [$3369-$5947]) compared with $1821 for commercial (median [IQR], $1272 [$703-$1924]); these differences were statistically significant every year. Differences in out-of-pocket spending comparing commercial enrollees aged 60 to 64 years and Part D beneficiaries aged 65 to 69 years exhibited similar magnitudes and trends. By plan, mean out-of-pocket spending per beneficiary per drug in 2019 was $4301 (median [IQR], $4131 [$3000-$6048]) in Medicare Advantage prescription drug (MAPD) plans, $4575 (median [IQR], $4190 [$3305-$5799]) in stand-alone prescription drug plans (PDPs), $1208 (median [IQR], $752 [$317-$1240]) in health maintenance organization plans, $1569 (median [IQR], $838 [$481-$1472]) in preferred provider organization plans, and $4077 (median [IQR], $2882 [$1075-$4226]) in high-deductible health plans. There were no statistically significant differences between MAPD plans and stand-alone PDPs in any study year. Mean out-of-pocket spending was statistically significantly higher in MAPD plans compared with health maintenance organization plans and in stand-alone PDPs compared with preferred provider organization plans in each study year.
CONCLUSIONS AND RELEVANCE: This cohort study demonstrated that the $2000 out-of-pocket cap included in the Inflation Reduction Act may substantially moderate the potential increase in spending faced by individuals who use ultra-expensive drugs when moving from commercial insurance to Part D coverage.","Journal Article; Research Support, Non-U.S. Gov't",https://pubmed.ncbi.nlm.nih.gov/37234016/,research/review_2026-09-21/pubmed/raw/priority_metadata_005000.xml,True,True,Awaiting independent human title/abstract screening,Medication affordability title terms; manual classification pending,,,,,,,
R-37145467,,37145467,The Association of Medicaid Insurance and Affordable Care Act Expansions with Survival among Patients with Testicular Cancer.,Bhambhvani HP; Hampshire K; Eisenberg ML,2021,Urology practice,journal_article,,,10.1097/UPJ.0000000000000229,,"INTRODUCTION: Following passage of the Affordable Care Act, Medicaid access was expanded in several states beginning in 2014. We sought to determine the oncologic implications by comparing outcomes between testicular germ cell tumor patients with Medicaid and those without insurance, and by assessing for changes in outcomes after 2014.
METHODS: A total of 18,506 men with seminomatous or nonseminomatous germ cell tumors were identified within the Surveillance, Epidemiology, and End Results database (2007-2016). Multivariable Cox proportional hazards, Fine and Gray competing-risks regression, propensity score matching, cumulative incidence plots and segmented Poisson regression models were used.
RESULTS: Compared to no insurance, Medicaid insurance was not associated with differences in all-cause mortality or cancer-specific mortality among seminoma patients (all-cause mortality: HR=1.24, p=0.87; cancer-specific mortality: HR=0.92, p=0.75) or nonseminoma patients (all-cause mortality: HR=1.13, p=0.33; cancer-specific mortality: HR=1.10, p=0.51). Among matched Medicaid and uninsured patients, there was again no difference in cancer-specific mortality for those with seminoma (p=0.81) or nonseminoma (p=0.23). There was a 99% increase in Medicaid enrollment in expansion states in the post-Affordable Care Act era. There was no difference in post-expansion all-cause mortality between expansion states and nonexpansion states for men with seminoma (p=0.42) or nonseminoma (p=0.53).
CONCLUSIONS: Medicaid enrollment increased in expansion states following the Affordable Care Act. However, there was no difference in survival between Medicaid patients and uninsured patients, or between patients in expansion states versus nonexpansion states, highlighting the need for population-level policy interventions to improve access and quality of care among testicular cancer patients with Medicaid.",Journal Article,https://pubmed.ncbi.nlm.nih.gov/37145467/,research/review_2026-09-21/pubmed/raw/priority_metadata_005000.xml,True,False,Awaiting independent human title/abstract screening,Medication affordability title terms; manual classification pending,,,,,,,
R-33001201,,33001201,Association of Medicaid Expansion Under the Patient Protection and Affordable Care Act With Use of Long-term Care.,Van Houtven CH; McGarry BE; Jutkowitz E; Grabowski DC,2020,JAMA network open,journal_article,,,10.1001/jamanetworkopen.2020.18728,PMC7530637,"IMPORTANCE: Medicaid expansion is associated with increased access to health services, increased quality of medical care delivered, and reduced mortality, but little is known about its association with use of long-term care.
OBJECTIVE: To examine the association of Medicaid expansion under the Patient Protection and Affordable Care Act (ACA) with long-term care use among newly eligible low-income adults and among older adults whose eligibility did not change.
DESIGN, SETTING, AND PARTICIPANTS: This difference-in-difference cohort study used data from the Health and Retirement Study, a nationally representative longitudinal survey of persons 50 years or older. Long-term care use from 2008 to 2012 was compared with use from 2014 to 2016 among low-income adults aged 50 to 64 years without Medicare coverage residing in states in which Medicaid coverage expanded in 2014 and those living in states without expansion. Low-income adults who were covered by Medicare and were ineligible for expanded Medicaid were also included in the analysis. Data were analyzed from January 15, 2018, to December 31, 2019.
EXPOSURES: Residence in a state with Medicaid expansion in 2014.
MAIN OUTCOMES AND MEASURES: Any home health care use or any nursing home use in 2014 or 2016. All estimates are weighted to account for the Health and Retirement Study sampling design.
RESULTS: Among the 891 individuals likely eligible for expanded Medicaid, the mean (SD) age was 55.2 (3.1) years; 534 (53.4%) were women, 482 (49.5%) were married, and 661 (45.9%) were White non-Hispanic. Before the ACA-funded Medicaid expansion, 0.4% (95% CI, -0.3% to 1.1%) in expansion states and 1.0% (95% CI, -0.1% to 2.2%) in nonexpansion states used nursing homes, and 1.9% (95% CI, 0.4%-3.4%) in expansion states and 7.1% (95% CI, 4.7%-9.5%) in nonexpansion states used any formal home care. The ACA-funded Medicaid expansion was associated with an increase of 4.4 percentage points (95% CI, 2.8-6.1 percentage points) in the probability of any long-term care use among low-income, middle-aged adults, with increases in home health use (3.8 percentage points; 95% CI, 2.0-5.6 percentage points) and in any nursing home use (2.1 percentage points; 95% CI, 0.9-3.3 percentage points).
CONCLUSIONS AND RELEVANCE: In this study, ACA-funded Medicaid expansion was associated with an increase in any long-term care use among newly eligible low-income, middle-aged adults, suggesting that the population covered by the Medicaid expansion may have had unmet long-term care needs before expansion.","Journal Article; Research Support, U.S. Gov't, Non-P.H.S.",https://pubmed.ncbi.nlm.nih.gov/33001201/,research/review_2026-09-21/pubmed/raw/priority_metadata_003800.xml,True,False,Awaiting independent human title/abstract screening,Medication affordability title terms; manual classification pending,,,,,,,
R-18422950,,18422950,Discharge setting for patients with hip fracture: trends from 2001 to 2005.,Nguyen-Oghalai TU; Kuo YF; Zhang DD; Graham JE; Goodwin JS; Ottenbacher KJ,2008,Journal of the American Geriatrics Society,journal_article,,,10.1111/j.1532-5415.2008.01688.x,PMC2441644,"OBJECTIVES: To examine recent trends in discharge disposition after hospitalization for hip fracture.
DESIGN: Retrospective observational study using data from the 5% random sample of Medicare claims data from 2001 to 2005 that the Centers for Medicare and Medicaid Services makes available for research purposes.
SETTING: Inpatient medical rehabilitation pre- and postimplementation of prospective payment (2001-2005).
PARTICIPANTS: Forty-four thousand six hundred eighty-four Medicare patients.
MEASURES: Postacute discharge setting (home, inpatient rehabilitation, skilled nursing facility, and long-term care nursing home/hospital/hospice).
RESULTS: Bivariate analyses showed that discharge from acute care to inpatient rehabilitation increased from 12.2% in 2001 to 23.9% in 2005. The odds of discharge to inpatient medical rehabilitation were 2.26 (95% confidence interval=2.09-2.45) greater in 2005 than in 2001 after adjustment for patient characteristics (age, sex, and race or ethnicity), admitting diagnoses, type of treatment (internal fixation vs arthroplasty), and length of stay.
CONCLUSION: The move from fee for service to prospective payment for postacute services for persons with hip fracture was associated with greater use of inpatient medical rehabilitation. Further research is necessary to confirm the trend in discharge setting and determine whether it is related to changes in reimbursement for postacute care.","Journal Article; Research Support, N.I.H., Extramural; Research Support, U.S. Gov't, Non-P.H.S.",https://pubmed.ncbi.nlm.nih.gov/18422950/,research/review_2026-09-21/pubmed/raw/priority_metadata_001000.xml,True,True,Awaiting independent human title/abstract screening,Bone and fracture title terms; manual classification pending,,,,,,,
R-23660182,,23660182,"Temporal trends in the incidence, treatment, and outcomes of hip fracture in older patients initiating dialysis in the United States.",Nair SS; Mitani AA; Goldstein BA; Chertow GM; Lowenberg DW; Winkelmayer WC,2013,Clinical journal of the American Society of Nephrology : CJASN,journal_article,,,10.2215/CJN.10901012,PMC3731911,"BACKGROUND AND OBJECTIVES: Patients with ESRD experience a fivefold higher incidence of hip fracture than the age- and sex-matched general population. Despite multiple changes in the treatment of CKD mineral bone disorder, little is known about long-term trends in hip fracture incidence, treatment patterns, and outcomes in patients on dialysis.
DESIGN, SETTING, PARTICIPANTS, & MEASUREMENTS: Fourteen annual cohorts (1996-2009) of older patients (≥67 years) initiating dialysis in the United States were studied. Eligible patients had Medicare fee-for-service coverage for ≥2 years before dialysis initiation and were followed for ≤3 years for a first hip fracture. Type of treatment (internal fixation or partial or total hip replacement) was ascertained along with 30-day mortality. Cox and modified Poisson regressions were used to describe trends in study outcomes.
RESULTS: This study followed 409,040 patients over 607,059 person-years, during which time 17,887 hip fracture events were recorded (29.3 events/1000 person-years). Compared with patients incident for ESRD in 1996, adjusted hip fracture rates increased until the 2004 cohort (+41%) and declined thereafter. Surgical treatment included internal fixation in 56%, partial hip replacement in 29%, and total hip replacement in 2%, which remained essentially unchanged over time; 30-day mortality after hip fracture declined from 20% (1996) to 16% (2009).
CONCLUSIONS: Hip fracture incidence rates remain higher today than in patients reaching ESRD in 1996, despite multiple purported improvements in the management of CKD mineral bone disorder. Although recent declines in incidence and steady declines in associated short-term mortality are encouraging, hip fractures remain among the most common and consequential noncardiovascular complications of ESRD.","Journal Article; Research Support, N.I.H., Extramural; Research Support, Non-U.S. Gov't",https://pubmed.ncbi.nlm.nih.gov/23660182/,research/review_2026-09-21/pubmed/raw/priority_metadata_001600.xml,True,False,Awaiting independent human title/abstract screening,Bone and fracture title terms; manual classification pending,,,,,,,
R-24458966,,24458966,Determinants of postsurgical discharge setting for male hip fracture patients.,Maciejewski ML; Radcliff TA; Henderson WG; Cowper Ripley D; Vogel WB; Regan E; Hutt E,2013,Journal of rehabilitation research and development,journal_article,,,10.1682/JRRD.2013.02.0041,,"Veterans hospitalized for hip fracture repair may be discharged to one of several rehabilitation settings, but it is not known what factors influence postsurgical discharge setting. The purpose of the study was to examine the patient, facility, and market factors that influence the choice of postsurgical discharge setting. Using a retrospective cohort design, we linked 11,083 veterans who had hip fracture surgeries in a Department of Veterans Affairs (VA) hospital from 1998 to 2005 as assessed by the VA National Surgical Quality Improvement Program dataset with administrative data. The factors associated with five postdischarge settings were analyzed using multinomial logistic regression. We found that few veterans (0.8%) hospitalized for hip fracture were discharged with home health. Higher proportions of veterans were discharged to a nursing home (15.4%), to outpatient rehabilitation (18.8%), to inpatient rehabilitation (16.9%), or to home (48.2%). Patients were more likely to be discharged to nonhome settings for VA-provided rehabilitation if they had total function dependence, had American Society of Anesthesiologists class 4 or 5, had surgical complications prior to discharge, or lived in counties with lower nursing home bed occupancy rates. Future research should compare postsurgical and longer-term morbidity, mortality, and healthcare utilization across these rehabilitation settings.","Journal Article; Research Support, U.S. Gov't, Non-P.H.S.",https://pubmed.ncbi.nlm.nih.gov/24458966/,research/review_2026-09-21/pubmed/raw/priority_metadata_001800.xml,True,False,Awaiting independent human title/abstract screening,Bone and fracture title terms; manual classification pending,,,,,,,
R-19345769,,19345769,Disparities in utilization of outpatient rehabilitative care following hip fracture hospitalization with respect to race and ethnicity.,Nguyen-Oghalai TU; Ottenbacher KJ; Kuo YF; Wu H; Grecula M; Eschbach K; Goodwin JS,2009,Archives of physical medicine and rehabilitation,journal_article,,,10.1016/j.apmr.2008.10.021,PMC2778195,"OBJECTIVE: To compare the prevalence of discharge home to self-care after hip fracture hospitalization among the elderly in 3 racial groups: whites, Hispanics, and blacks.
DESIGN: Secondary data analysis.
SETTING: US hospitals.
PARTICIPANTS: Patients (N=34,203) aged 65 and older with Medicare insurance discharged after hip fracture hospitalization between 2001 and 2005.
INTERVENTIONS: Not applicable.
MAIN OUTCOME MEASURE: Discharge home to self-care.
RESULTS: Bivariate analyses showed higher rates of discharge home to self-care among minorities, 16.4% for Hispanics, 8.7% for blacks, and 5.9% for whites. Hispanics had 3-fold higher odds of being discharged home to self-care, and blacks had about 50% higher odds of being discharged home to self-care after adjusting for age, sex, Klabunde's comorbidity index, income, year of admission, type of hip fracture, surgical stabilization procedure, and length of hospital stay.
CONCLUSIONS: The higher rate of discharge home to self-care among minorities underscores the risk of suboptimal outpatient rehabilitative care among minorities with hip fracture.","Comparative Study; Journal Article; Research Support, N.I.H., Extramural",https://pubmed.ncbi.nlm.nih.gov/19345769/,research/review_2026-09-21/pubmed/raw/priority_metadata_001200.xml,True,False,Awaiting independent human title/abstract screening,Bone and fracture title terms; manual classification pending,,,,,,,
R-39303221,,39303221,Disparities in Dual-energy X-ray Absorptiometry Scan Utilization Across Race/Ethnic Groups Before and After Hip Fractures.,Rudisill KE; Ratnasamy PP; Sanchez JG; Grauer JN,2024,Journal of the American Academy of Orthopaedic Surgeons. Global research & reviews,journal_article,,,10.5435/JAAOSGlobal-D-24-00052,PMC11419421,"BACKGROUND: Geriatric hip fractures are common and important sentinel events regarding bone health. Although dual x-ray absorptiometry (DEXA) scans are a standard method for determining bone density, differences in use among various race/ethnic groups around the time of hip fracture may reveal disparities within the healthcare system.
METHODS: The 2014 to 2016 Medicare Standard Analytic Files PearlDiver data set was used to identify geriatric patients sustaining hip fracture. From that cohort, those who had a DEXA scan before or after their fracture were defined. For the defined cohorts, patient age, sex, Elixhauser Comorbidity Index, race/ethnicity, and income (based on zip code) were defined and compared with univariate and multivariate analyses.
RESULTS: Of 58,099 hip fracture patients, only 19.8% had had a DEXA scan before fracture and 3.9% of the remaining group had the DEXA scan after fracture. Of the hip fracture population, 91.0% identified as White and 9.0% as non-White (Native American, Black, Hispanic, Asian, or Other). Before hip fracture, controlling for other variables and compared with White patients, all non-White categories were at lesser odds of having had the DEXA scan. After hip fracture, Black, Hispanic, and other patients were also at lesser odds of having the DEXA scan.
DISCUSSION: Using a large Medicare data set, controlling for patient age, sex, Elixhauser Comorbidity Index, and income marker, this study revealed disparities in DEXA scan utilization across race/ethnic groups before and after presenting with a hip fragility fracture. Identification of such disparities highlights the needs for improved medical access and care for this at-risk hip fracture population.","Journal Article; Research Support, N.I.H., Extramural",https://pubmed.ncbi.nlm.nih.gov/39303221/,research/review_2026-09-21/pubmed/raw/priority_metadata_005600.xml,True,False,Awaiting independent human title/abstract screening,Bone and fracture title terms; manual classification pending,,,,,,,
R-36282933,,36282933,Is adding ribociclib to fulvestrant cost-effective in treating postmenopausal women with HR+/HER2- advanced or metastatic breast cancer? A US payer perspective cost utility analysis.,Berrios K; Burum A; Jeong E; Zhong L,2022,Journal of managed care & specialty pharmacy,journal_article,,,10.18553/jmcp.2022.28.11.1282,PMC10373030,"BACKGROUND: Breast cancer is the most prevalent type of cancer in women in the United States. Ribociclib plus fulvestrant combination therapy gained US Food and Drug Administration approval to treat postmenopausal women with hormone receptor-positive/human epidermal growth factor receptor 2-negative (HR+/HER2-) advanced or metastatic breast cancer in 2018. OBJECTIVE: To determine the cost-effectiveness of ribociclib plus fulvestrant vs placebo plus fulvestrant therapy in the target population from a US payer perspective. METHODS: A partitioned survival analysis model composed of 3 health states (progression free, progressed disease, and death) was constructed to evaluate the cost-effectiveness of ribociclib plus fulvestrant vs placebo plus fulvestrant. The progression-free survival and the overall survival data points were extracted from published Kaplan-Meier curves in the MONALEESA-3 study and fitted to parametric curves. The safety and efficacy of the treatment was referenced from the MONALEESA-3 trial. Costs were obtained from standard sources including the Red Book for medication costs, Medicare Clinical Laboratory/Physician Fee Schedule for clinical utilization, and the literature for costs of managing adverse events, subsequent therapy, and end-of-life care. Utility and disutility values were obtained from literature to calculate quality-adjusted life-years (QALYs). One-way and probabilistic sensitivity analyses were conducted to test the model robustness. Several scenario analyses were also investigated. RESULTS: In the base case, the ribociclib plus fulvestrant arm was associated with $522,844 and 3.25 QALYs compared with $50,395 and 2.14 QALYs in the placebo plus fulvestrant arm, leading to an incremental cost-effectiveness ratio of $425,951/QALY. The cost of ribociclib had the biggest impact on the model and constituted 84% of the total cost for the ribociclib plus fulvestrant arm. The probabilistic sensitivity analysis projected that the ribociclib plus fulvestrant treatment would have a net benefit over the placebo plus fulvestrant therapy at a willingness-to-pay (WTP) threshold of $405,600/QALY. CONCLUSIONS: At a WTP threshold of $150,000/QALY, the addition of ribociclib to fulvestrant is not considered to be cost-effective in postmenopausal women with HR+/HER2- advanced or metastatic breast cancer. The findings send a strong price signal to the manufacturer and can be used to facilitate payers with price negotiation in making coverage decisions.",Journal Article,https://pubmed.ncbi.nlm.nih.gov/36282933/,research/review_2026-09-21/pubmed/raw/priority_metadata_004600.xml,True,True,Awaiting independent human title/abstract screening,Reproductive and sexual care title terms; manual classification pending,,,,,,,
R-38810963,,38810963,Influence of Pregnancy Intention on Postpartum Contraceptive Choice at an Urban Academic Medical Center.,St John M; Sullivan K; DeFranco EA; Kelly E,2025,American journal of perinatology,journal_article,,,10.1055/a-2335-2951,,"OBJECTIVE: This study aimed to describe postpartum contraception preferences in the context of pregnancy intention (PI).
STUDY DESIGN: A prospective cohort study analyzing postpartum contraceptive choice (PCC) in 431 postpartum women who delivered at a single academic medical center. PCC in women with an unintended or mistimed pregnancy was compared to contraceptive choice in women with an intended pregnancy using the adapted National Survey of Family Growth categorization. Mistimed and unintended pregnancies were grouped for analysis. Generalized linear modeling estimated the relative influence of PI on PCC adjusting for maternal age, race, and parity.
RESULTS: Nearly three out of four (71.9%) pregnancies were mistimed or unintended. These pregnancies were more likely in women who were non-Hispanic Black (62.3%), unmarried (86.3%), 18 to 24 years (51.3%), and insured by Medicaid or Medicare (82.1%), compared to women with an intended pregnancy, p-value <0.001. Women with mistimed or unintended pregnancy were 83% more likely to choose highly effective, user-independent methods compared to any other or no method, adjusted relative risk (aRR) = 1.83 (95% confidence interval [CI]: 1.36, 2.47), and more likely to desire voluntary sterilization, aRR = 2.70 (95% CI: 1.58, 4.59). Additionally, women with these pregnancies were 56% more likely to use user-independent methods compared to user-dependent methods, aRR = 1.56 (95% CI: 1.18, 2.06).
CONCLUSION: Women with mistimed or unintended pregnancies are 83% more likely to choose highly effective postpartum contraception or voluntary sterilization, and thus initiatives are necessary to increase access and affordability to these methods before hospital discharge after delivery.
KEY POINTS: · Nearly three out of four pregnancies in this study were mistimed or unintended.. · Women with mistimed or unintended pregnancies are more likely to choose highly effective postpartum contraception or voluntary sterilization.. · Public health initiatives to improve access to family planning services and postpartum contraception, including surgery for bilateral tubal ligation before discharge from the hospital postdelivery, are important areas of focus to help attenuate the rates of unintended pregnancy in the United States..",Journal Article,https://pubmed.ncbi.nlm.nih.gov/38810963/,research/review_2026-09-21/pubmed/raw/priority_metadata_005400.xml,True,False,Awaiting independent human title/abstract screening,Reproductive and sexual care title terms; manual classification pending,,,,,,,
R-27061765,,27061765,Androgen Therapy and Rehospitalization in Older Men With Testosterone Deficiency.,Baillargeon J; Deer RR; Kuo YF; Zhang D; Goodwin JS; Volpi E,2016,Mayo Clinic proceedings,journal_article,,,10.1016/j.mayocp.2016.03.016,PMC4860086,"OBJECTIVE: To assess whether the receipt of androgen therapy is associated with a reduced 30-day rehospitalization rate among older men with testosterone deficiency.
PATIENTS AND METHODS: We conducted a retrospective cohort study using a 5% national sample of Medicare beneficiaries. We identified 6372 nonsurgical hospitalizations between January 1, 2007, and December 31, 2012, for male patients aged 66 years and older with a previous diagnosis of testosterone deficiency. Patients who died or lost Medicare coverage in the 30 days after hospital discharge or who were discharged to another inpatient setting were excluded from the analysis. Logistic regression was used to calculate odds ratios (ORs) and 95% CIs for the risk of 30-day hospital readmissions associated with receipt of androgen therapy.
RESULTS: In older men with testosterone deficiency, receipt of androgen therapy was associated with a reduced risk of rehospitalization (91 of 929 androgen users [9.8%] vs 708 of 5443 non-androgen users [13.0%]; OR, 0.73; 95% CI, 0.58-0.92) in the 30 days after hospital discharge. In a logistic regression analysis adjusting for multiple demographic, clinical, and health service variables, the OR was similar (OR, 0.75; 95% CI, 0.59-0.95). The adjusted OR for unplanned 30-day hospital readmissions was 0.62 (95% CI, 0.47-0.83). Each of these findings persisted across a range of propensity score analyses-including adjustment, stratification, and inverse probability treatment weighting-and several sensitivity analyses.
CONCLUSION: Androgen therapy may reduce the risk of rehospitalization in older men with testosterone deficiency. Given the high rates of early hospital readmission among older adults, further exploration of this intervention holds broad clinical and public health relevance.","Journal Article; Research Support, N.I.H., Extramural; Research Support, U.S. Gov't, P.H.S.",https://pubmed.ncbi.nlm.nih.gov/27061765/,research/review_2026-09-21/pubmed/raw/priority_metadata_002200.xml,True,False,Awaiting independent human title/abstract screening,Reproductive and sexual care title terms; manual classification pending,,,,,,,
R-33156064,,33156064,Association of Premature Menopause With Risk of Abdominal Aortic Aneurysm in the Women's Health Initiative.,Chou EL; Pettinger M; Haring B; Allison MA; Mell MW; Hlatky MA; Wactawski-Wende J; Wild RA; Shadyab AH; Wallace RB; Snetselaar LG; Madsen TE; Eagleton MJ; Conrad MF; Liu S,2022,Annals of surgery,journal_article,,,10.1097/SLA.0000000000004581,,"OBJECTIVE: To determine if premature menopause and early menarche are associated with increased risk of AAA, and to explore potential effect modification by smoking history.
SUMMARY OF BACKGROUND DATA: Despite worse outcomes for women with AAA, no studies have prospectively examined sex-specific risk factors, such as premature menopause and early menarche, with risk of AAA in a large, ethnically diverse cohort of women.
METHODS: This was a post-hoc analysis of Women's Health Initiative participants who were beneficiaries of Medicare Parts A&B fee-for-service. AAA cases and interventions were identified from claims data. Follow-up period included Medicare coverage until death, end of follow-up or end of coverage inclusive of 2017.
RESULTS: Of 101,119 participants included in the analysis, the mean age was 63 years and median follow-up was 11.3 years. Just under 10,000 (9.4%) women experienced premature menopause and 22,240 (22%) experienced early men-arche. Women with premature menopause were more likely to be overweight, Black, have >20 pack years of smoking, history of cardiovascular disease, hypertension, and early menarche. During 1,091,840 person-years of follow-up, 1125 women were diagnosed with AAA, 134 had premature menopause (11.9%), 93 underwent surgical intervention and 45 (48%) required intervention for ruptured AAA. Premature menopause was associated with increased risk of AAA [hazard ratio 1.37 (1.14, 1.66)], but the association was no longer significant after multivariable adjustment for demographics and cardiovascular disease risk factors. Amongst women with ≥20 pack year smoking history (n = 19,286), 2148 (11.1%) had premature menopause, which was associated with greater risk of AAA in all models [hazard ratio 1.63 (1.24, 2.23)]. Early menarche was not associated with increased risk of AAA.
CONCLUSIONS: This study finds that premature menopause may be an important risk factor for AAA in women with significant smoking history. There was no significant association between premature menopause and risk of AAA amongst women who have never smoked. These results suggest an opportunity to develop strategies for better screening, risk reduction and stratification, and outcome improvement in the comprehensive vascular care of women.","Journal Article; Research Support, N.I.H., Extramural",https://pubmed.ncbi.nlm.nih.gov/33156064/,research/review_2026-09-21/pubmed/raw/priority_metadata_003800.xml,True,False,Awaiting independent human title/abstract screening,Reproductive and sexual care title terms; manual classification pending,,,,,,,
R-24443943,,24443943,Testosterone replacement therapy following the diagnosis of prostate cancer: outcomes and utilization trends.,Kaplan AL; Trinh QD; Sun M; Carter SC; Nguyen PL; Shih YT; Marks LS; Hu JC,2014,The journal of sexual medicine,journal_article,,,10.1111/jsm.12429,,"INTRODUCTION: Late-onset hypogonadism may impair quality of life and contribute to metabolic and cardiovascular comorbidity in aging men. Testosterone replacement therapy is effective in treating hypogonadism. However, for the millions of men with a history of prostate cancer, exogenous testosterone has long been considered contraindicated, even though little data in such men are available. Clarification of this safety issue could allow treatment to be considered for a sizeable segment of the aging male population.
AIM: The aim of this study is to examine population-based utilization and impact of testosterone replacement therapy in men with prostate cancer.
METHODS: Using linked Surveillance, Epidemiology, and End Results-Medicare data, we identified 149,354 men diagnosed with prostate cancer from 1992 to 2007. Of those, 1181 (0.79%) men received exogenous testosterone following their cancer diagnosis. We used propensity scoring analysis to examine the effect of testosterone replacement on the use of salvage hormone therapy and overall and prostate cancer-specific mortality.
MAIN OUTCOME MEASURES: We assessed overall mortality, cancer-specific mortality, and the use of salvage hormone therapy.
RESULTS: Following prostate cancer diagnosis, testosterone replacement was directly related to income and educational status and inversely related to age (all P < 0.001). Men undergoing radical prostatectomy and men with well-differentiated tumors were more likely to receive testosterone (all P < 0.001). On adjusted analysis, testosterone replacement therapy was not associated with overall or cancer-specific mortality or with the use of salvage hormone therapy.
CONCLUSIONS: In this population-based observational study of testosterone replacement therapy in men with a history of prostate cancer, treatment was not associated with increased overall or cancer-specific mortality. These findings suggest testosterone replacement therapy may be considered in men with a history of prostate cancer, but confirmatory prospective studies are needed.","Journal Article; Observational Study; Research Support, U.S. Gov't, Non-P.H.S.",https://pubmed.ncbi.nlm.nih.gov/24443943/,research/review_2026-09-21/pubmed/raw/priority_metadata_001800.xml,True,False,Awaiting independent human title/abstract screening,Reproductive and sexual care title terms; manual classification pending,,,,,,,
R-34937038,,34937038,Optimal Measures for Primary Care Physician Encounters after Stroke and Association with Survival: A Data Linkage Study.,Ung D; Wang Y; Sundararajan V; Lopez D; Kilkenny MF; Cadilhac DA; Thrift AG; Nelson MR; Andrew NE,2022,Neuroepidemiology,journal_article,,,10.1159/000520700,,"BACKGROUND AND PURPOSE: Primary care physicians (PCPs) provide ongoing management after stroke. However, little is known about how best to measure physician encounters with reference to longer term outcomes. We aimed to compare methods for measuring regularity and continuity of PCP encounters, based on survival following stroke using linked healthcare data.
METHODS: Data from the Australian Stroke Clinical Registry (2010-2014) were linked with Australian Medicare claims from 2009 to 2016. Physician encounters were ascertained within 18 months of discharge for stroke. We calculated three separate measures of continuity of encounters (consistency of visits with primary physician) and three for regularity of encounters (distribution of service utilization over time). Indices were compared based on 1-year survival using multivariable Cox regression models. The best performing measures of regularity and continuity, based on model fit, were combined into a composite ""optimal care"" variable.
RESULTS: Among 10,728 registrants (43% female, 69% aged ≥65 years), the median number of encounters was 17. The measures most associated with survival (hazard ratio [95% confidence interval], Akaike information criterion [AIC], and Bayesian information criterion [BIC]) were the Continuity of Care Index (COCI, as a measure of continuity; 0.88 [0.76-1.02], p = 0.099, AIC = 13,746, BIC = 13,855) and our persistence measure of regularity (encounter at least every 6 months; 0.80 [0.67-0.95], p = 0.011, AIC = 13,742, BIC = 13,852). Our composite measure, persistent plus COCI ≥80% (24% of registrants; 0.80 [0.68-0.94], p = 0.008, AIC = 13,742, BIC = 13,851), performed marginally better than our persistence measure alone.
CONCLUSIONS: Our persistence measure of regularity or composite measure may be useful when measuring physician encounters following stroke.","Journal Article; Research Support, Non-U.S. Gov't",https://pubmed.ncbi.nlm.nih.gov/34937038/,research/review_2026-09-21/pubmed/raw/priority_metadata_004400.xml,True,False,Awaiting independent human title/abstract screening,Cardiovascular care title terms; manual classification pending,,,,,,,
R-29636104,,29636104,Antidiabetic treatment patterns and specialty care utilization among patients with type 2 diabetes and cardiovascular disease.,Pantalone KM; Misra-Hebert AD; Hobbs TM; Ji X; Kong SX; Milinovich A; Weng W; Bauman J; Ganguly R; Burguera B; Kattan MW; Zimmerman RS,2018,Cardiovascular diabetology,journal_article,,,10.1186/s12933-018-0699-7,PMC5892008,"BACKGROUND: To evaluate real-world patient characteristics, medication use, and health care utilization patterns in patients with type 2 diabetes with established cardiovascular disease (CVD).
METHODS: Cross-sectional analysis of patients with type 2 diabetes seen at Cleveland Clinic from 2005 to 2016, divided into two cohorts: with-CVD and without-CVD. Patient demographics and antidiabetic medications were recorded in December 2016; department encounters included all visits from 1/1/2016 to 12/31/2016. Comorbidity burden was assessed by the diabetes complications severity index (DCSI) score.
RESULTS: Of 95,569 patients with type 2 diabetes, 40,910 (42.8%) were identified as having established CVD. Patients with CVD vs. those without were older (median age 69.1 vs. 58.2 years), predominantly male (53.8% vs. 42.6%), and more likely to have Medicare insurance (69.4% vs. 35.3%). The with-CVD cohort had a higher proportion of patients with a DCSI score ≥ 3 than the without-CVD cohort (65.0% vs. 10.3%). Utilization rates of glucagon-like peptide-1 receptor agonists and sodium-glucose co-transporter-2 inhibitors were low in both with-CVD (4.1 and 2.5%) and without-CVD cohorts (5.4 and 4.1%), respectively. The majority of patient visits (75%) were seen by a primary care provider. During the 1-year observation period, 81.9 and 62.0% of patients with type 2 diabetes and CVD were not seen by endocrinology or cardiology, respectively.
CONCLUSIONS: These data indicated underutilization of specialists and antidiabetic medications reported to confer CV benefit in patients with type 2 diabetes and CVD. The impact of recently updated guidelines and cardiovascular outcome trial results on management patterns in such patients remains to be seen.","Journal Article; Research Support, Non-U.S. Gov't",https://pubmed.ncbi.nlm.nih.gov/29636104/,research/review_2026-09-21/pubmed/raw/priority_metadata_002800.xml,True,False,Awaiting independent human title/abstract screening,Cardiovascular care title terms; manual classification pending,,,,,,,
R-12140346,,12140346,"Long-term survival differences among low-anxious, high-anxious and repressive copers enrolled in the Montreal heart attack readjustment trial.",Frasure-Smith N; Lespérance F; Gravel G; Masson A; Juneau M; Bourassa MG,2002,Psychosomatic medicine,journal_article,,,10.1097/01.psy.0000021950.04969.f8,,"OBJECTIVE: This study reports 5-year outcomes from the Montreal Heart Attack Readjustment Trial, a randomized, controlled trial of monthly telephone monitoring of psychological distress and home nursing visits in a sample of 1376 patients. It focuses on differences in long-term program impact associated with patients' sex and baseline anxiety/repressor coping styles. The potential mediating roles of medications, medical care utilization, and changes in negative emotions over the program are also explored.
METHODS: Three subgroups were defined using median splits on the State Anxiety Inventory and Marlowe-Crowne Scale administered at baseline: truly low anxious, repressors, and high anxious. Quebec medicare data were used to track survival through 5 years.
RESULTS: The trend toward worse prognosis in women in the treatment group and no evidence of treatment impact in men that were seen during the program year were maintained during the follow-up. Analysis of results in terms of coping styles showed a significant long-term survival benefit of treatment in highly anxious men, for whom reductions in somatic symptoms of depression mediated program impact. However, the program was also associated with significantly worse survival in repressors of both sexes. By the end of the program, repressors in the treatment group were more likely to be prescribed benzodiazepines and to have visited emergency rooms without being readmitted than those in the control group, suggesting that the program may have increased distress in repressors.
CONCLUSIONS: Patients' coping style is important in determining outcomes of psychosocial treatments and should be taken into account when tailoring interventions.","Clinical Trial; Comparative Study; Journal Article; Randomized Controlled Trial; Research Support, Non-U.S. Gov't; Research Support, U.S. Gov't, P.H.S.",https://pubmed.ncbi.nlm.nih.gov/12140346/,research/review_2026-09-21/pubmed/raw/priority_metadata_000600.xml,True,False,Awaiting independent human title/abstract screening,Cardiovascular care title terms; manual classification pending,,,,,,,
R-39417222,,39417222,Benzodiazepine Utilization in Ischemic Stroke Survivors: Analyzing Initial Excess Supply and Longitudinal Trends.,Lomachinsky Torres V; Brooks JD; Donahue MA; Sun S; Hsu J; Price M; Blacker D; Schwamm LH; Newhouse JP; Haneuse S; Moura LMVR,2024,Stroke,journal_article,,,10.1161/STROKEAHA.124.047257,PMC11729356,"BACKGROUND: Benzodiazepines are commonly prescribed for post-acute ischemic stroke for anxiety, insomnia, and agitation. While guidelines discourage use in those aged ≥65 years, little is known about prescription patterns at the national level.
METHODS: We analyzed a 20% sample of US Medicare claims from April 1, 2013, to September 30, 2021. We selected beneficiaries aged ≥65 years discharged alive following an acute ischemic stroke who had traditional Medicare coverage and 6 months' prior enrollment in Parts A (hospital insurance), B (Medical insurance), and D (drug coverage). We excluded those with prior benzodiazepine prescriptions, self-discharges, or discharge to skilled nursing facilities. We examined demographics, comorbidities, first prescription days' supply, cumulative incidences of benzodiazepine first prescription fills within 90 days after discharge, and geographic and yearly trends.
RESULTS: We included 126 050 beneficiaries with a mean age of 78 years (SD, 8); 54% were female and 82% were White. Within 90 days, 6127 (4.9%) initiated a benzodiazepine. Among new prescriptions, lorazepam (40%) and alprazolam (33%) were the most prescribed. Most (76%) of first fills had a day's supply over 7 days and 55% between 15 and 30 days. Female initiation rates were higher (5.5% [95% CI, 5.3-5.7]) than male initiation rates (3.8% [95% CI, 3.6%-3.9%]). Rates were highest in the southeast (5.1% [95% CI, 4.8%-5.3%]) and lowest in the midwest (4.0% [95% CI, 3.8%-4.3%]), with a modest nationwide initiation decline from 2013 to 2021 (cumulative incidence difference, 1.6%).
CONCLUSIONS: Despite a gradual decline in benzodiazepine initiation from 2013 to 2021, we noted excessive supplies in prescriptions post-acute ischemic stroke discharge, underscoring the need for improved policies.","Journal Article; Research Support, N.I.H., Extramural",https://pubmed.ncbi.nlm.nih.gov/39417222/,research/review_2026-09-21/pubmed/raw/priority_metadata_005600.xml,True,False,Awaiting independent human title/abstract screening,Cardiovascular care title terms; manual classification pending,,,,,,,
R-30282770,,30282770,Racial differences in recurrent ischemic stroke risk and recurrent stroke case fatality.,Albright KC; Huang L; Blackburn J; Howard G; Mullen M; Bittner V; Muntner P; Howard V,2018,Neurology,journal_article,,,10.1212/WNL.0000000000006467,PMC6251602,"OBJECTIVE: To determine black-white differences in 1-year recurrent stroke and 30-day case fatality after a recurrent stroke in older US adults.
METHODS: We conducted a retrospective cohort study using a 5% random sample of Medicare beneficiaries with fee-for-service health insurance coverage who were hospitalized for ischemic stroke between 1999 and 2013. Hazard ratios for recurrent ischemic stroke and risk ratios for 30-day case fatality comparing blacks to whites were calculated with adjustment for demographics, risk factors, and competing risk of death when appropriate.
RESULTS: Among 128,789 Medicare beneficiaries having an ischemic stroke (mean age 80 years [SD 8 years], 60.4% male), 11.1% were black. The incidence rate of recurrent ischemic stroke per 1,000 person-years for whites and blacks was 108 (95% confidence interval [CI], 106-111) and 154 (95% CI 147-162) , respectively. The multivariable-adjusted hazard ratio for recurrent stroke among blacks compared with whites was 1.36 (95% CI 1.29-1.44). The case fatality after recurrent stroke for blacks and whites was 21% (95% CI 21%-22%) and 16% (95% CI 15%-18%), respectively. The multivariable-adjusted relative risk for mortality within 30 days of a recurrent stroke among blacks compared with whites was 0.82 (95% CI 0.73-0.93).
CONCLUSION: The risk of stroke recurrence among older Americans hospitalized for ischemic stroke is higher for blacks compared to whites, while 30-day case fatality after recurrent stroke remains lower for blacks.","Journal Article; Research Support, Non-U.S. Gov't",https://pubmed.ncbi.nlm.nih.gov/30282770/,research/review_2026-09-21/pubmed/raw/priority_metadata_003000.xml,True,True,Awaiting independent human title/abstract screening,Cardiovascular care title terms; manual classification pending,,,,,,,
R-40528405,,40528405,Cervical cancer screening in women with HIV: an audit of clinical care.,Griffiths PM; Samra R; Lester G; Rawson-Harris P; Hoy JF; McMahon JH,2025,"AIDS (London, England)",journal_article,,,10.1097/QAD.0000000000004266,,"OBJECTIVES: Women with HIV (WHV) have an increased prevalence of cervical cancer and are recommended three yearly cervical cancer screening. This is compared with five yearly screening their counterparts. We aimed to describe cervical cancer screening practices for WHV receiving HIV care at a large tertiary hospital.
METHODS: We performed a retrospective audit on all women who were in HIV care up until January 2023 at the Alfred Hospital, a tertiary hospital in Melbourne, Australia, specializing in HIV care. Cervical cancer screening results for Medicare eligible people are recorded in The National Cervical Cancer Screening Register (NCCSR) and these were extracted for women in care. Screening was categorized as up-to-date and consistent with national screening guidelines or overdue.
RESULTS: We identified 156 WHV in care of which 115 were included in the analysis. Of these, 57 (49.6%) had cervical screening on time and consistent with national guidelines, including 49 (86%) who had a normal last result and 8 (14%) with an abnormal last result. Half the women, 58 (50.4%) were overdue screening. Of those overdue, 52 (89.7%) were more than 6 months and 45 (76.3%) were more than 12 months overdue. Among the women overdue, 47 (81%) had a normal last result and 7 (12.1%) an abnormal last result.
CONCLUSION: We found that over half of the women included were overdue for their cervical screening test, with the vast majority being overdue by more than twelve months. Improved access to cervical cancer screening is needed in this population to achieve national guidelines targets.",Journal Article,https://pubmed.ncbi.nlm.nih.gov/40528405/,research/review_2026-09-21/pubmed/raw/priority_metadata_006000.xml,True,False,Awaiting independent human title/abstract screening,Cancer and survivorship title terms; manual classification pending,,,,,,,
R-15693926,,15693926,The association of ambulatory care with breast cancer stage at diagnosis among Medicare beneficiaries.,Keating NL; Landrum MB; Ayanian JZ; Winer EP; Guadagnoli E,2005,Journal of general internal medicine,journal_article,,,10.1111/j.1525-1497.2004.40079.x,PMC1490029,"OBJECTIVE: Although nearly all elderly Americans are insured through Medicare, there is substantial variation in their use of services, which may influence detection of serious illnesses. We examined outpatient care in the 2 years before breast cancer diagnosis to identify women at high risk for limited care and assess the relationship of the physicians seen and number of visits with stage at diagnosis.
DESIGN: Retrospective cohort study using cancer registry and Medicare claims data.
PATIENTS: Population-based sample of 11,291 women aged > or =67 diagnosed with breast cancer during 1995 to 1996.
MEASUREMENTS AND MAIN RESULTS: Ten percent of women had no visits or saw only physicians other than primary care physicians or medical specialists in the 2 years before diagnosis. Such women were more often unmarried, living in urban areas or areas with low median incomes (all P> or =.01). Overall, 11.2% were diagnosed with advanced (stage III/IV) cancer. The adjusted rate was highest among women with no visits (36.2%) or with visits to physicians other than primary care physicians or medical specialists (15.3%) compared to women with visits to either a primary care physician (8.6%) or medical specialist (9.4%) or both (7.8%) (P<.001). The rate of advanced cancer also decreased with increasing number of visits (P<.001).
CONCLUSIONS: Even within this insured population, many elderly women had limited or no outpatient care in the 2 years before breast cancer diagnosis, and these women had a markedly increased risk of advanced-stage diagnosis. These women, many of whom were unmarried and living in poor and urban areas, may benefit from targeted outreach or coverage for preventive care visits.","Journal Article; Research Support, Non-U.S. Gov't",https://pubmed.ncbi.nlm.nih.gov/15693926/,research/review_2026-09-21/pubmed/raw/priority_metadata_000800.xml,True,False,Awaiting independent human title/abstract screening,Cancer and survivorship title terms; manual classification pending,,,,,,,
R-34293915,,34293915,Management of Patients with Metastatic Castration-Sensitive Prostate Cancer in the Real-World Setting in the United States.,Ryan CJ; Ke X; Lafeuille MH; Romdhani H; Kinkead F; Lefebvre P; Petrilla A; Pulungan Z; Kim S; D'Andrea DM; Francis P; Freedland SJ,2021,The Journal of urology,journal_article,,,10.1097/JU.0000000000002121,PMC8584208,"PURPOSE: This study provides a contemporary assessment of the treatment patterns, health care resource utilization (HRU) and costs among metastatic castration-sensitive prostate cancer (mCSPC) patients in the U.S.
MATERIALS AND METHODS: Adults with mCSPC were selected from Optum's de-identified Clinformatics® Data Mart Database (Commercial insurance/Medicare Advantage [COM/MA]; January 1, 2014-July 31, 2019) or Medicare Fee-for-Service (FFS; January 1, 2014-December 31, 2017). The index date was the first metastatic disease diagnosis date on/after the first prostate cancer diagnosis (without prior evidence of castration resistance). Patients were observed for 12 months pre-index (baseline) through their mCSPC period (from index until castration resistance or followup end). First-line (1L) mCSPC therapy was assessed during the mCSPC period; all-cause HRU and health plan-paid costs per-patient-per-year (PPPY) were measured during baseline and mCSPC periods.
RESULTS: Among 6,517 COM/MA and 13,324 Medicare-FFS mCSPC patients over ∼10 months (median mCSPC period), 38% and 48% remained untreated/deferred treatment, and 45% and 46% received 1L androgen deprivation therapy (ADT) monotherapy, respectively. 1L abiraterone acetate and docetaxel were used among 7% and 6% of COM/MA and 1% and 2% of Medicare-FFS patients, respectively. HRU increased from baseline to mCSPC period, resulting in increased health plan-paid costs from $21,201 to $108,767 in COM/MA and from $16,819 to $69,639 PPPY in Medicare-FFS.
CONCLUSIONS: This study highlights the limited use of newer therapies that improve survival in men with mCSPC in the U.S. HRU and costs increased substantially after onset of metastasis. Given the emergence of newer effective mCSPC therapies, further evaluation of future real-world mCSPC treatment patterns and outcomes is warranted.",Journal Article; Observational Study,https://pubmed.ncbi.nlm.nih.gov/34293915/,research/review_2026-09-21/pubmed/raw/priority_metadata_004200.xml,True,False,Awaiting independent human title/abstract screening,Cancer and survivorship title terms; manual classification pending,,,,,,,
R-41915775,,41915775,Comparing the Effectiveness of Electronic Symptom Monitoring versus Usual Care in Improving Survival among Patients with Metastatic Cancer—The PRO-TECT Trial,Basch E; Schrag D; Henson S; Jansen J; Ginos B; Stover AM; Carr P; Spears PA; Jonsson M; Deal AM; Bennett AV; Thanarajasingam G; Rogak LJ; Reeve BB; Snyder C; Bruner D; Cella D; Kottschade LA; Perlmutter J; Geoghegan C; Samuel-Ryals CA; Given B; Mazza GL; Miller R; Strasser JF; Zylla DM; Rapperport A; Weiss A; Blinder VS; Dueck AC,2024,,book,Comparing the Effectiveness of Electronic Symptom Monitoring versus Usual Care in Improving Survival among Patients with Metastatic Cancer—The PRO-TECT Trial,Patient-Centered Outcomes Research Institute (PCORI),10.25302/01.2024.IHS.151133392,,"BACKGROUND: Patients commonly have symptoms during cancer treatment that can go undetected. Symptom monitoring with electronic patient-reported outcome (ePRO) surveys may detect symptoms early and prompt clinicians to intervene, thereby improving outcomes.
OBJECTIVE: To evaluate whether ePRO symptom monitoring during cancer treatment improves patient survival, physical functioning, health-related quality of life (HRQOL), symptom control, and emergency department (ED) and hospital visits and to elicit feedback from patients, nurses, physicians, and external stakeholders on ePRO implementation barriers, facilitators, utility, value, and dissemination strategies.
METHODS: The Patient-Reported Outcomes to Enhance Cancer Treatment (PRO-TECT) trial (Alliance AFT-39; NCT03249090) was a cluster-randomized trial conducted in 52 US community oncology practices randomly assigned 1:1 to electronic symptom monitoring with patient-reported outcome (PRO) surveys (intervention arm practices) or to usual care (control arm practices). Between October 30, 2017, and March 16, 2020, 1191 adults receiving treatment for metastatic cancer were enrolled, with last follow-up on March 17, 2021. In the ePRO intervention arm, patients (n = 593) were asked to complete a weekly survey via an internet-based or automated telephone system for up to 1 year, including questions about common symptoms, performance status, falls, and financial burden. Severe or worsening symptoms triggered real-time alert notification emails to care team nurses. Longitudinal symptom reports were available at visits. In the control arm, patients (n = 598) received usual care. Both arms received access to standardized symptom management guidelines. The primary outcome of overall survival was assessed at 24-month follow-up based on data from the US National Death Index. Prespecified secondary outcomes included physical function, symptom control, and HRQOL at 3 months, measured by the European Organisation for Research and Treatment of Cancer QLQ-C30 instrument, and ED and hospital use based on electronic health record (EHR) data. Patient feedback about the utility and acceptability of and their satisfaction with the intervention was collected via surveys after 3 months of participation and at study completion. Nurse and physician feedback about barriers, facilitators, strategies, and implementation recommendations was collected after 6 months of experience with the ePRO intervention. Final trial results were shared with external stakeholder representatives of patient advocacy organizations and salient professional institutions (health systems, regulatory agencies, payers, academia) to elicit feedback on the value of the findings, their potential impact, and recommendations for future dissemination and implementation.
RESULTS: At 52 practices, 1191 patients were enrolled to participate (mean age, 62.2 years; 694 [58.3%] women; 16.6% Black or African American; 26.6% rural). All patients were included in the analysis, which found no significant differences for overall survival between arms (hazard ratio, 0.99; P = .86). Patients in the ePRO intervention arm experienced significant benefits compared with usual care in physical functioning (odds ratio [OR] for clinically meaningful benefits, 1.35 [95% CI, 1.08-1.70]; P = .009), HRQOL (OR, 1.41 [95% CI, 1.10-1.81]; P = .006), and symptom burden (OR, 1.50 [95% CI, 1.15-1.95]; P = .003). A significant difference in mean number of ED visits also favored the intervention (1.02 for ePRO vs 1.30 for control; P < .001). Findings were similar for hospital visits (0.96 vs 1.12; P = .05) and for a combined metric including ED and hospital visits (1.48 vs 1.81; P = .006). Surveys of patients in the intervention arm found that 463 of 496 (93.3%) thought the ePRO software was easy to use, 471 of 496 (95.0%) thought questions were easy to understand, 359 of 495 (72.5%) experienced improved discussions with their care team, 381 of 494 (77.1%) felt more in control of their own care, and 443 of 496 (89.3%) would recommend ePRO to future patients. In the survey of nurses across practices, 44 of 56 (78.6%) indicated ePRO information was helpful for EHR documentation, and 47 of 56 (83.9%) thought ePRO information improved the quality of discussions with patients. Although 44 of 58 (75.9%) nurses found alerts helpful, 28 of 57 (49.1%) thought that there were “too many” alerts. Among 39 surveyed oncologists, 34 of 39 (87.2%) noted that they reviewed ePRO information for clinical care, and 31 of 34 (91.2%) found the information useful. Semistructured interviews with nurses and physicians echoed these findings, with nurses suggesting there should be dedicated nursing time integrated into job descriptions to field and respond to ePRO alerts in future implementations. Nurses and physicians recommended integration of ePRO software with the EHR system, which was not done in this trial. All 23 external stakeholders thought the trial findings provided compelling evidence of benefits that will affect clinical practice. The stakeholders all expressed that although there was no survival difference between arms, the benefits of the secondary patient-centered outcomes were considered sufficiently compelling as a rationale for the value of the intervention. The stakeholders expressed that evidence of implementation across entire practices is a needed next step toward successful dissemination of this intervention.
CONCLUSIONS: Symptom monitoring with ePROs during treatment for metastatic cancer did not affect the primary outcome of survival in this trial but conferred statistically significant and clinically meaningful benefits on the secondary patient-centered outcomes of physical function, HRQOL, and symptom control and reduced ED visits and hospitalizations. Feedback from participating patients, nurses, and physicians indicates high levels of acceptance, satisfaction, and endorsement of the intervention, with recommendations to protect some nursing effort in future implementations and to integrate the ePRO software with EHR systems. External stakeholder feedback indicates a need for future evaluation of wider implementation including a larger number of patients per practice, with greater EHR integration, a focus on improving the experiences of nurses with the intervention, and an eye toward generating data to support reimbursement models. In terms of initial dissemination, results have been published in JAMA, were used as the basis for recommendations in a major international clinical practice guideline, and have supported the rationale for ePRO integration in a new US payment model for oncology from the Centers for Medicare & Medicaid Services, with plans for additional publications and webinars.
LIMITATIONS: The effects of the intervention may have been reduced by conduct of the trial across numerous community practices with diverse procedures for symptom management, by being conducted partially during the COVID-19 pandemic when site personnel were pulled away from care coordination roles on which this intervention relied, by lack of integration of the ePRO software with practice EHR systems, by lack of protected time for nurses to address alert notifications, and by baseline imbalances between arms due to the cluster-randomized design (eg, intervention arm patients overall were receiving later lines of therapy and had less access to palliative care support). It is reassuring that despite these limitations, there were clinically meaningful benefits to the intervention.",Review,https://pubmed.ncbi.nlm.nih.gov/41915775/,research/review_2026-09-21/pubmed/raw/priority_metadata_006400.xml,True,True,Awaiting independent human title/abstract screening,Cancer and survivorship title terms; manual classification pending,,,,,,,
R-38033283,,38033283,Inflammatory Tongue Conditions and Risk of Oral Tongue Cancer Among the US Elderly Individuals.,Tota JE; Engels EA; Lingen MW; Agrawal N; Kerr AR; Zumsteg ZS; Cheung LC; Katki HA; Abnet CC; Chaturvedi AK,2024,Journal of clinical oncology : official journal of the American Society of Clinical Oncology,journal_article,,,10.1200/JCO.23.00729,PMC11095882,"PURPOSE: The incidence of oral tongue cancers has increased since the 1980s among US men and women for unknown reasons. We investigated associations of inflammatory tongue conditions with risk of cancers of the oral tongue, other oral cavity, and oropharynx among the US elderly individuals (age 65 years or older).
METHODS: We conducted a case-control study (2,534 oral tongue cancers, 6,832 other oral cavity cancers, 9,373 oropharyngeal cancers, and 200,000 controls) within the SEER-Medicare data set (1992-2013). Medicare records were used to identify patients with clinically diagnosed inflammatory tongue conditions (glossitis, benign migratory glossitis, median rhomboid glossitis, atrophic glossitis, glossodynia, other specified conditions [eg, atrophy and hypertrophy], and other unspecified conditions) and oral precancer (leukoplakia/erythroplakia). Only conditions preceding cancer/control selection by >12 months were included.
RESULTS: The prevalence of inflammatory tongue conditions was significantly higher in patients with tongue cancer than controls (6.0% v 0.6%; odds ratios [ORs], adjusted for age, sex, race, Medicare utilization, and precancer, 5.8 [95% CI, 4.7 to 7.2]). This overall association primarily arose from glossitis, 5.6 (95% CI, 4.4 to 7.2); other specified conditions, 9.1 (95% CI, 5.5 to 15.2); and other unspecified conditions, 13.7 (95% CI, 8.0 to 23.7). These associations remained strongly elevated >5 years preceding tongue cancer (arguing against reverse causation), for conditions diagnosed by a specialist (arguing against misclassification), and among patients who received an oral biopsy (arguing against missed cancer). During 2013, an estimated 1 in 11 patients with oral tongue cancer had a preceding diagnosis of inflammatory tongue conditions. Associations of inflammatory tongue conditions were relatively weak for other oral cavity cancers (ORs, 1.8 [95% CI, 1.5 to 2.3]) and oropharyngeal cancer (OR, 1.3 [95% CI, 1.0 to 1.6]) and were observed only closest to cancer diagnosis.
CONCLUSION: Inflammatory tongue conditions were associated with strongly increased risks of oral tongue cancers and preceded cancer diagnosis by several years, underscoring the need for increased clinical surveillance among patients with such apparently benign diagnoses.","Journal Article; Research Support, N.I.H., Extramural; Research Support, Non-U.S. Gov't",https://pubmed.ncbi.nlm.nih.gov/38033283/,research/review_2026-09-21/pubmed/raw/priority_metadata_005200.xml,True,False,Awaiting independent human title/abstract screening,Cancer and survivorship title terms; manual classification pending,,,,,,,
R-33875252,,33875252,Trends in opioid prescription for craniomaxillofacial trauma in the United States: An 11-year retrospective study of emergency room and office visits.,Shah J; Lesko RP; Lala B; Ricci J,2021,Surgery,journal_article,,,10.1016/j.surg.2021.03.007,,"BACKGROUND: Facial trauma is associated with significant long-term morbidity and pain. These patients are routinely prescribed opioid medication and are at risk for opioid dependence. Rates and trends in opioid prescription in the ambulatory setting for management of craniofacial trauma are unknown.
METHODS: The National Ambulatory Medical Care Survey and National Hospital Ambulatory Medical Care Survey data were analyzed from 2006 to 2016. Using International Classification of Diseases codes, 7,997,454 visits for craniomaxillofacial trauma were identified. Trends in opioid and nonopioid prescriptions were studied, with variables of interest including demographics, geographic region, expected source of payment, and injury location.
RESULTS: Over the study period, trends in both opioid and nonopioid prescriptions remained stable, with about 13.4% of all visits receiving opioid prescriptions. Patients aged 18 to 44 (P < .001) and lower face trauma (P = .047) were associated with increased rates, while Medicare and charity payers (P < .001) were associated with lower rates of opioid prescriptions. There was no significant difference in prescription rates across geographical regions, by ethnicity, or sex.
CONCLUSION: Opioid medication forms the cornerstone for ambulatory management of craniofacial trauma. Despite increased awareness and emphasis on multimodal pain management, opioid prescription trends have remained relatively stable over time.",Journal Article,https://pubmed.ncbi.nlm.nih.gov/33875252/,research/review_2026-09-21/pubmed/raw/priority_metadata_004000.xml,True,True,Awaiting independent human title/abstract screening,Mental health and pain title terms; manual classification pending,,,,,,,
R-40569592,,40569592,Receipt of Buprenorphine and Naltrexone for Opioid Use Disorder by Race and Ethnicity and Insurance Type.,Khatri UG; Lopez C; Yen YT; Ling EJ; Richardson LD; Ngai KM,2025,JAMA network open,journal_article,,,10.1001/jamanetworkopen.2025.18493,PMC12203278,"IMPORTANCE: Despite expanded efforts to improve treatment access, inequities exist in the receipt of medications for opioid use disorder by race and ethnicity and insurance type.
OBJECTIVE: To examine inequities in access to medications for opioid use disorder (MOUD)-specifically buprenorphine and naltrexone-by race and ethnicity and insurance type after opioid-related health care events.
DESIGN, SETTING, AND PARTICIPANTS: This retrospective cohort study used data from the Institute for Health Equity Research Multi-Payor Claims Database, which includes more than 130 million individuals across commercial, Medicaid, and Medicare Advantage insurance plans. The cohort consisted of patients aged 18 years or older with an opioid use disorder (OUD)-related health care event (opioid-related overdose, infection, or treatment event) that occurred between January 1, 2017, and December 31, 2022. Statistical analysis was conducted from October 2023 to December 2024.
EXPOSURE: Race and ethnicity and insurance type, including commercial insurance, Medicaid, and Medicare Advantage, were the primary exposures.
MAIN OUTCOMES AND MEASURES: The primary outcome was receipt of MOUD (buprenorphine or naltrexone) within 180 days of an OUD-related health care event. Logistic regression models were used to assess the associations of MOUD receipt with race and ethnicity and with insurance type, adjusting for demographic, clinical, time, and geographical covariates.
RESULTS: Among 176 997 index events involving 164 728 patients between 2017 and 2022, the mean (SD) patient age was 40.0 (13.1) years; 104 005 (58.8%) involved men; 1083 events (0.6%) were among Asian patients, 23 424 (13.2%) were among Black patients, 10 302 (5.8%) were among Hispanic patients, 90 124 (50.9%) were among White patients, and 4697 (2.7%) were among patients of other race and ethnicity; and 147 257 (83.2%) were covered by Medicaid. Black (adjusted estimated probability, 17.1% [95% CI, 13.0%-21.1%]) and Hispanic (adjusted estimated probability, 16.2% [95% CI, 11.6%-20.8%]) patients were significantly less likely than White patients (adjusted estimated probability, 20.5% [95% CI, 16.4%-24.7%]) to receive buprenorphine (Black patients: adjusted odds ratio [AOR], 0.75 [95% CI, 0.63-0.90]; adjusted risk difference [ARD], -3.4 percentage points [pp] [95% CI, -6.5 to -0.4 pp]; Hispanic patients: AOR, 0.69 [95% CI, 0.51-0.92]; ARD, -4.4 pp [95% CI, -9.1 to 0.4 pp]) but received naltrexone at similar rates. Patients with Medicaid (AOR, 1.39 [95% CI, 1.14-1.69]; ARD, 3.5 pp [95% CI, 0.9-6.1 pp]) or Medicare Advantage (AOR, 1.40 [95% CI, 1.05-1.86]; ARD, 3.6 pp [95% CI, -0.6 to 7.7 pp]) were more likely to receive buprenorphine compared with those with commercial insurance. Buprenorphine access improved incrementally from 2017 to 2022, reflecting recent clinical and policy changes; however, disparities persisted.
CONCLUSIONS AND RELEVANCE: In this cohort study of more than 17 600 opioid-related index health care events, race and ethnicity-based and insurance-based disparities in access to MOUD persisted despite efforts to expand treatment availability. These findings underscore the need for targeted interventions, including culturally tailored care, expanded access points, and policy reforms to address structural barriers and reduce inequities contributing to the overdose crisis.","Journal Article; Research Support, Non-U.S. Gov't; Research Support, N.I.H., Extramural",https://pubmed.ncbi.nlm.nih.gov/40569592/,research/review_2026-09-21/pubmed/raw/priority_metadata_006000.xml,True,False,Awaiting independent human title/abstract screening,Mental health and pain title terms; manual classification pending,,,,,,,
R-34176279,,34176279,Impact of High-Deductible Health Plans on Emergency Department Patients With Nonspecific Chest Pain and Their Subsequent Care.,Chou SC; Hong AS; Weiner SG; Wharam JF,2021,Circulation,journal_article,,,10.1161/CIRCULATIONAHA.120.052501,PMC8323713,"BACKGROUND: Timely evaluation of acute chest pain is necessary, although most evaluations will not find significant coronary disease. With employers increasingly adopting high-deductible health plans (HDHP), how HDHPs impact subsequent care after an emergency department (ED) diagnosis of nonspecific chest pain is unclear.
METHODS: Using a commercial and Medicare Advantage claims database, we identified members 19 to 63 years old whose employers exclusively offered low-deductible (≤$500) plans in 1 year, then, at an index date, mandated enrollment in HDHPs (≥$1000) for a subsequent year. We matched them with contemporaneous members whose employers only offered low-deductible plans. Primary outcomes included population rates of index ED visits with a principal diagnosis of nonspecific chest pain, admission during index ED visits, and index ED visits followed by noninvasive cardiac testing within 3 and 30 days, coronary revascularization, and acute myocardial infarction hospitalization within 30 days. We performed a cumulative interrupted time-series analysis, comparing changes in annual outcomes between the HDHP and control groups before and after the index date using aggregate-level segmented regression. Members from higher-poverty neighborhoods were a subgroup of interest.
RESULTS: After matching, we included 557 501 members in the HDHP group and 5 861 990 in the control group, with mean ages of 42.0 years, 48% to 49% female, and 67% to 68% non-Hispanic White individuals. Employer-mandated HDHP switches were associated with a relative decrease of 4.3% (95% CI, -5.9 to -2.7; absolute change, -4.5 [95% CI, -6.3 to -2.8] per 10 000 person-years) in nonspecific chest pain ED visits and 11.3% (95% CI, -14.0 to -8.6) decrease (absolute change, -1.7 per 10 000 person-years [95% CI, -2.1 to -1.2]) in visits leading to hospitalization. There was no significant decrease in subsequent noninvasive testing or revascularization procedures. An increase in 30-day acute myocardial infarction admissions was not statistically significant (15.9% [95% CI, -1.0 to 32.7]; absolute change, 0.3 per 10 000 person-years [95% CI, -0.01 to 0.5]) but was significant among members from higher-poverty neighborhoods.
CONCLUSIONS: Employer-mandated HDHP switches were associated with decreased nonspecific chest pain ED visits and hospitalization from these ED visits, but no significant change in post-ED cardiac testing. However, HDHP enrollment was associated with increased 30-day acute myocardial infarction admission after ED diagnosis of nonspecific chest pain among members from higher-poverty neighborhoods.",Journal Article,https://pubmed.ncbi.nlm.nih.gov/34176279/,research/review_2026-09-21/pubmed/raw/priority_metadata_004200.xml,True,False,Awaiting independent human title/abstract screening,Mental health and pain title terms; manual classification pending,,,,,,,
R-39828938,,39828938,A time series analysis of Medicare-reimbursed telepsychiatry consultations across Australian states and territories before and after telehealth item expansion: Enabling policy can improve access to care.,Woon LS; A Maguire P; Reay RE; Smith D; Bastiampillai T; Looi JC,2026,Journal of telemedicine and telecare,journal_article,,,10.1177/1357633X241311623,,"ObjectiveWe aimed to examine the associations of telepsychiatry consultations with the Medicare Benefits Schedule (MBS) telehealth policy changes (pandemic-related expansion and subsequent consolidation).MethodsWe performed a time series analysis of MBS telepsychiatry usage (January 2016-December 2023) using state/territory-level Medicare panel data. Linear regression analyses with panel-corrected standard error and autocorrelation were performed for telepsychiatry consultations (overall and age and sex subgroups). Telehealth policies, rural psychiatrist availability (rural psychiatrists per 100,000 population) and their interaction were the independent variables. The models were adjusted for pandemic lockdown severity (Stringency Index) and population size.ResultsTelehealth expansion and consolidation were associated with substantial increases in telepsychiatry consultations, with larger increases in the consolidation phase. Given the telehealth policy changes, lower per capita rural psychiatrists were associated with more telepsychiatry consultations. Males and older people (>65 years) showed greater relative consultation increases. Policy change-related telepsychiatry increases varied amongst states and territories.DiscussionThere was sustained telepsychiatry usage when it became more readily available, beyond the direct impact of acute pandemic lockdowns. Telehealth-enabling policies may contribute to fulfilling unmet mental health needs and improving access to psychiatric care amongst Australians. Further in-depth research in this area is needed.",Journal Article,https://pubmed.ncbi.nlm.nih.gov/39828938/,research/review_2026-09-21/pubmed/raw/priority_metadata_005800.xml,True,True,Awaiting independent human title/abstract screening,Mental health and pain title terms; manual classification pending,,,,,,,
R-30947888,,30947888,Sociodemographic Variation in the Use of Conservative Therapy Before MRI of the Lumbar Spine for Low Back Pain in the Era of Public Reporting.,Lind KE; Flug JA,2019,Journal of the American College of Radiology : JACR,journal_article,,,10.1016/j.jacr.2018.12.047,,"PURPOSE: To evaluate the relationship between use of MRI of the lumbar spine for low back pain without prior conservative therapy and sociodemographic factors after the implementation of public reporting for Medicare's Hospital Outpatient Imaging Efficiency Measure for MRI Lumbar Spine for Low Back Pain (OP-8) metric.
MATERIALS AND METHODS: We conducted a secondary data analysis using a nationally representative sample of 2009 to 2014 Medicare claims to evaluate trends in use of conservative therapy before MRI of the lumbar spine. Continuously enrolled fee-for-service Medicare beneficiaries were included. We applied the same criteria used by Medicare to generate a measure consistent with OP-8. Regression was used to evaluate trends in OP-8 by reporting status (outpatient hospital or clinic) and beneficiary characteristics. Age, sex, and race from the Medicare denominator and area-level socioeconomic measures from the Area Health Resource File were used as covariates.
RESULTS: Use of conservative therapy before MRI increased regardless of OP-8 reporting status. Several sociodemographic characteristics were associated with the likelihood of receiving conservative therapy before MRI; beneficiaries were less likely to receive conservative therapy before MRI if they were male, older, black, Hispanic or Latino; if they lived in the West or in an area with more college graduates; or if they had low incomes. Beneficiaries were more likely to receive conservative therapy before MRI if they had poorer health or lived in areas with higher home values.
CONCLUSION: Variations in use of conservative therapy according to factors other than clinically relevant factors, such as health status, are worrying. Further strategies are needed to improve appropriateness and equity in the provision of diagnostic imaging.",Comparative Study; Journal Article,https://pubmed.ncbi.nlm.nih.gov/30947888/,research/review_2026-09-21/pubmed/raw/priority_metadata_003200.xml,True,False,Awaiting independent human title/abstract screening,Mental health and pain title terms; manual classification pending,,,,,,,
R-41067704,,41067704,Litigation Involving Intravitreal Injections in Ophthalmology: A Review of Legal Claims and Outcomes.,Bantounou MA; Starr MR,2026,Ophthalmology. Retina,journal_article,,,10.1016/j.oret.2025.09.014,,"PURPOSE: Intravitreal (IVT) injections are among the most commonly performed procedures in ophthalmology. Although generally safe, they do carry some risk. This study aimed to characterize lawsuits related to IVT injections and identify trends and actionable insights relevant to clinical practice and patient safety.
DESIGN: Retrospective medicolegal case review.
SUBJECTS: Sixty IVT injection-related lawsuits.
METHODS: The Westlaw database was queried for lawsuits involving IVT injections from 2000 to 2025 using key search terms. Trial court documents, trial court orders, cases, verdicts, and settlements were reviewed. Because all data were publicly available, institutional review board review was not required.
MAIN OUTCOME MEASURES: Case characteristics and litigation outcomes cited in lawsuits.
RESULTS: Sixty IVT-related lawsuits were identified. Louisiana (32%) and California (20%) were the most commonly involved states. The most frequently cited agents were triamcinolone (33.3%), brolucizumab (13.3%), and bevacizumab (13.3%). Male patients comprised the most common plaintiff group (43%). Lawsuits against physicians accounted for 13% (n = 8) of cases, often involving male attending physicians (75%), Veterans Affairs settings (63%), and residents (38%). Common allegations included injection-related injuries and delayed treatment. Outcomes were primarily in favor of the defendant (50%), followed by settlements (undisclosed) in 2 cases (25%): 1 in favor of the plaintiff with an award of $1 607 683 (12.5%) and 1 with an unknown outcome (12.5%). Lawsuits (n = 37) against manufacturers commonly cited product liability (97%) and failure to warn (94%) as the legal claims, and often involved contaminated injections (57%). Twenty-nine cases (78.4%) were settled, including 18 patient claims against manufacturers (median settlement: $193 563; interquartile range [IQR]: $109 118-$258 161), 7 cases (18.9%) were decided for the defendant, and 1 (2.7%) for the plaintiff. Fifteen cases involved fraud claims, primarily Medicare fraud (n = 8) and improper billing (n = 4); among these, 4 were settled, 4 decided for the plaintiff, 4 for the defendant, and 3 remain ongoing. Eight fraud cases included financial awards (median: $2 335 919; IQR: $366 169-$34 999 361).
CONCLUSIONS: Three key areas of vulnerability emerged: procedural lapses, inadequate informed consent, and regulatory failures. Addressing these issues may reduce litigation risk and enhance patient safety surrounding IVT injections.
FINANCIAL DISCLOSURE(S): Proprietary or commercial disclosure may be found in the Footnotes and Disclosures at the end of this article.",Journal Article,https://pubmed.ncbi.nlm.nih.gov/41067704/,research/review_2026-09-21/pubmed/raw/priority_metadata_006200.xml,True,False,Awaiting independent human title/abstract screening,Physician-gender context title terms; manual classification pending,,,,,,,
R-9679997,,9679997,The association of physician attitudes about uncertainty and risk taking with resource use in a Medicare HMO.,Allison JJ; Kiefe CI; Cook EF; Gerrity MS; Orav EJ; Centor R,1998,Medical decision making : an international journal of the Society for Medical Decision Making,journal_article,,,10.1177/0272989X9801800310,,"PURPOSE: To explore the association between the attitudes of primary care physicians toward uncertainty and risk taking, as measured by a validated survey, with resource use in a Medicare HMO.
DESIGN: All primary-care internists (n=20) in a large, multi-specialty clinic were surveyed to measure their attitudes about uncertainty and risk taking using three previously developed scales. Results were linked with administrative data for 792 consecutive patients in a recently created Medicare HMO. The patients' index visits occurred between April 1, 1995, and November 30, 1995.
ANALYSIS: Charges stemming from several claim types (primary care and subspecialty physician, laboratory, radiology, and ambulatory procedures) in the 30 days following the index visit were summed. The physician scales were dichotomized at the median to seek unadjusted associations with charges. Generalized estimation equations were used to account for the correlation of charges resulting from patients' being nested within physicians and adjusted for physician characteristics (age, sex, years in practice) and patient characteristics (age, sex, comorbidity).
MAIN RESULTS: The physician response rate was 90%. Most physicians (90%) were male. The mean age of the patients was 74 years, and 69% were female. The mean cost (+/-SD) per patient was $621.61+/-1,737.31. From the unadjusted analysis, high ""anxiety due to uncertainty"" was associated with higher patient charges ($197.85 vs $158.21, p=0.01). From the multivariable analysis, each standard deviation increase in ""anxiety due to uncertainty"" (3.5 points) corresponded to a 17% increase in mean charges (p < 0.01) and each similar increase in ""reluctance to disclose uncertainty to patients"" (1.92 points) corresponded to a 12% increase (p=0.03). However, increasing ""reluctance to disclose mistakes to physicians"" and increasing physician risk-taking propensity were associated with decreased total charges [-10% per standard deviation (1.34 points), p=0.02, and -8% per standard deviation (3.26 points), p=0.02, respectively].
CONCLUSION: Physician attitudes toward uncertainty were significantly associated with patient charges. Further investigation may improve prediction of patient-care charges, offer insight into the medical decision-making process, and perhaps clarify the relationship between cost, uncertainty, and quality of care.","Journal Article; Research Support, U.S. Gov't, P.H.S.",https://pubmed.ncbi.nlm.nih.gov/9679997/,research/review_2026-09-21/pubmed/raw/priority_metadata_000200.xml,True,False,Awaiting independent human title/abstract screening,Physician-gender context title terms; manual classification pending,,,,,,,
R-32282264,,32282264,Physician Practice Variability in the Use of Extended-Fraction Radiation Therapy for Bone Metastases: Are We Choosing Wisely?,Gupta A; Wang P; Sedhom R; Chino F; Waddle MR; Miller RC; Johnson DH; Sanford NN; Narang A; Alcorn SR; Makary MA,2020,JCO oncology practice,journal_article,,,10.1200/JOP.19.00633,,"PURPOSE: Routine use of extended-fraction (> 10 fractions) radiation therapy (RT) for palliation of bone metastases is recognized as a low-value intervention by the American Society for Radiation Oncology. We examined contemporary practice patterns of, and physician characteristics associated with extended-fraction RT use.
MATERIALS AND METHODS: We conducted a retrospective cohort study using Medicare fee-for-service data. We included patients who underwent 2- or 3-dimensional external-beam RT for bone metastases between January 1, 2016, and December 31, 2018. Physicians treating > 10 patients over the study period were analyzed for their individual practice. Hierarchic logistic regression modeling was used to identify patient- and physician-level factors associated with extended-fraction RT use.
RESULTS: A total of 12,221 patients (median age, 75.6 years; 40.9% women, 87.6% white) were included. The rate of extended-fraction RT was 23.4%. A total of 1,432 physicians treated any patient. Among the 382 physicians treating > 10 patients, 127 (33.2%) used extended-fraction RT > 30% (consensus threshold). Physician factors associated with decreased odds of extended-fraction RT were years since medical school graduation (≤ 10 years and 11-20 years v ≥ 31 years: adjusted odds ratio [aOR], 0.32 [95% CI, 0.20 to 0.51] and 0.64 [95% CI, 0.44 to 0.93]) and practicing in the Northeast or Midwest versus the South (aOR, 0.36 [95% CI, 0.22 to 0.58] and 0.48 [95% CI, 0.31 to 0.74]). Physicians treating > 20 patients (v 11-14 patients) over the study period had increased odds of delivering extended-fraction RT (aOR, 1.53 [95% CI, 1.10 to 2.12]).
CONCLUSION: In this study, almost one fourth of patients received extended-fraction RT, and one third of physicians had an extended-fraction RT use rate of > 30%. Personalized feedback of performance data, clinical pathways and peer review, and updated reimbursement models are potential mechanisms to address this low-value care.","Journal Article; Research Support, Non-U.S. Gov't",https://pubmed.ncbi.nlm.nih.gov/32282264/,research/review_2026-09-21/pubmed/raw/priority_metadata_003600.xml,True,True,Awaiting independent human title/abstract screening,Physician-gender context title terms; manual classification pending,,,,,,,
R-30650175,,30650175,"The Characteristics of Surgeons Performing Total Shoulder Arthroplasty: Volume Consistency, Training, and Specialization.",Zmistowski B; Warrender W; Livesey M; Girden A; Williams GR; Namdari S,2018,"American journal of orthopedics (Belle Mead, N.J.)",journal_article,,,10.12788/ajo.2018.0111,,"Total shoulder arthroplasty (TSA) has proved a cost-effective, reproducible procedure for multiple shoulder pathologies. As utilization of TSA continues to grow, it is important to investigate procedure diversity, training, and other characteristics of surgeons performing TSA. To identify surgeons performing TSA in the Medicare population, the Medicare Provider Utilization and Payment Databases from 2012 through 2014 were used. This dataset includes any provider who bills Medicare >10 times with a single billing code. A web-based search was performed for each physician performing >10 TSA in all years of the study to identify their surgical training characteristics. Between 2012 and 2014, 1374 surgeons (39 females [2.8%]) performed >10 TSA in Medicare patients in at least 1 year (71,973 TSA). Only 44.3% (609/1374) of surgeons met this threshold for all 3 years (55,538 TSA). Of these 609 surgeons, 191 (31.3%) were shoulder and elbow fellowship trained (21,444 TSA). Shoulder and elbow fellowship-trained surgeons were at earlier points in their careers and practiced in large referral-based centers with other surgeons performing TSA. In addition to TSA, surgeons performed other non-arthroplasty shoulder procedures (80.2% of surgeons), total knee arthroplasty (46.3%), repairs of traumatic injuries (29.8%), total hip arthroplasty (27.8%), non-arthroplasty knee surgeries (27.2%), elbow procedures (19.6%), and hand surgery (15.4%) during the study period. With less than one-third of TSA performed by shoulder and elbow fellowship-trained surgeons with consistent moderate-volume practices, the impact of consistent high-volume practices and targeted fellowship training on quality must be determined.",Journal Article,https://pubmed.ncbi.nlm.nih.gov/30650175/,research/review_2026-09-21/pubmed/raw/priority_metadata_003200.xml,True,True,Awaiting independent human title/abstract screening,Physician-gender context title terms; manual classification pending,,,,,,,
R-32006487,,32006487,Clinical Productivity and Medicare Payments Among Female and Male Oral and Maxillofacial Surgeons.,Patel NA; Ji YD; Donoff RB,2020,Journal of oral and maxillofacial surgery : official journal of the American Association of Oral and Maxillofacial Surgeons,journal_article,,,10.1016/j.joms.2019.12.024,,"PURPOSE: To characterize and compare clinical productivity and payments between female and male oral and maxillofacial surgeons (OMSs) serving Medicare beneficiaries in 2017.
MATERIALS AND METHODS: This cross-sectional study was composed of Medicare Provider Utilization and Payment Data from 2017. Providers were included if they were labeled as maxillofacial surgeons. The primary outcome variable was Medicare payment. Secondary outcome variables included clinical productivity (number of charges), unique billing codes, mean payment per charge, and beneficiary hierarchical condition category. Descriptive statistics and pair-wise comparisons were computed at an α level of .05.
RESULTS: The analysis cohort was composed of 737 distinct OMSs, of whom 58 were women. Although female surgeons recorded higher mean clinical productivity, total Medicare payments, and number of unique Healthcare Common Procedure Coding System billing codes relative to male surgeons in both the facility and office settings, the differences were not statistically different. Payment per charge did not differ significantly between genders in the office setting. In the facility setting, women were reimbursed $63.74 per charge whereas men were reimbursed $109.69 per charge (P < .02). Female OMSs treated more medically complex patients relative to male OMSs (P < .02).
CONCLUSIONS: Clinical productivity and total Medicare payments were similar between genders in both the facility and office settings, disputing prior surveys that illustrated bias about the productivity and ability of female OMSs. Female OMSs earned, on average, less per submitted charge in facility settings, which may be due to differences in documentation. The reason for this difference warrants further study.",Journal Article,https://pubmed.ncbi.nlm.nih.gov/32006487/,research/review_2026-09-21/pubmed/raw/priority_metadata_003600.xml,True,True,Awaiting independent human title/abstract screening,Physician-gender context title terms; manual classification pending,,,,,,,
R-33170867,,33170867,Estimated number of eligible Part B beneficiaries for the medicare diabetes prevention program at the county level and by urban-rural classification.,Ng BP; Cheng YJ; Rutledge S; Cannon MJ; Zhang P; Smith BD,2020,PloS one,journal_article,,,10.1371/journal.pone.0241757,PMC7654820,"INTRODUCTION: Diabetes imposes large health and financial burdens on Medicare beneficiaries. Type 2 diabetes can be prevented or delayed through lifestyle modification programs. In 2018, Medicare began to offer the Medicare Diabetes Prevention Program (MDPP), a lifestyle intervention, to eligible beneficiaries nationwide. The number of MDPP-eligible beneficiaries is not known, but this information is essential in efforts to expand the program and increase enrollment. This study aimed to estimate the number and spatial variation of MDPP-eligible Part B beneficiaries at the county level and by urban-rural classification.
METHODS: Data from 2011-2016 National Health and Nutrition Examination Surveys and a survey-weighted logistic regression model were used to estimate proportions of prediabetes in the United States by sex, age, and race/ethnicity based on the MDPP eligibility criteria. The results from the predictive model were applied to 2015 Medicare Part B beneficiaries to estimate the number of MDPP-eligible beneficiaries. The National Center for Health Statistics' Urban-Rural Classification Scheme for Counties from 2013 were used to define urban and rural categories.
RESULTS: An estimated 5.2 million (95% CI = 3.5-7.0 million) Part B beneficiaries were eligible for the MDPP. By state, estimates ranged from 13,000 (95% CI = 8,500-18,000) in Alaska to 469,000 (95% CI = 296,000-641,000) in California. There were 2,149 counties with ≤1,000 eligible beneficiaries and 11 with >25,000. Consistent with demographic patterns, urban counties had more eligible beneficiaries than rural counties.
CONCLUSIONS: These estimates could be used to plan locations for new MDPPs and reach eligible Part B beneficiaries for enrollment.",Journal Article,https://pubmed.ncbi.nlm.nih.gov/33170867/,research/review_2026-09-21/pubmed/raw/priority_metadata_003800.xml,True,False,Awaiting independent human title/abstract screening,Deterministic remainder sample,,,,,,,
R-11482118,,11482118,Use of home health care by ESRD and Medicare beneficiaries.,Kauf TL; Shih YC,1999,Health care financing review,journal_article,,,,PMC4194603,"The use of home health care (HHC) services among Medicare end stage renal disease (ESRD) enrollees remains an under-studied area. In this article, the authors report sociodemographic characteristics and patterns of HHC utilization by Medicare-covered ESRD patients. The authors found that those who were female, age 85 or over, diabetic, and residing in the New England or West South Central census divisions were more likely to use HHC services and were also more intensive users. Analysis of use patterns in such high-risk populations is necessary to ensure that health policy changes do not have unintended consequences for vulnerable patients.",Comparative Study; Journal Article,https://pubmed.ncbi.nlm.nih.gov/11482118/,research/review_2026-09-21/pubmed/raw/priority_metadata_000400.xml,True,False,Awaiting independent human title/abstract screening,Deterministic remainder sample,,,,,,,
R-23074496,,23074496,Enhanced External Counterpulsation (EECP): An Evidence-Based Analysis.,Medical Advisory Secretariat,2006,Ontario health technology assessment series,journal_article,,,,PMC3379533,"OBJECTIVE: To assess the effectiveness, and cost effectiveness of EECP in patients with severe anginal symptoms, secondary to chronic coronary disease, who are unresponsive to exhaustive pharmacotherapy and not candidates for surgical/percutaneous revascularization procedures (e.g., angioplasty, coronary bypass surgery). To assess the effectiveness, and cost effectiveness of EECP in patients with heart failure.
CLINICAL NEED: ANGINA: Angina is a clinical syndrome characterized by discomfort in the chest, jaw, shoulder, back or arm. Angina usually occurs in patients with coronary artery disease (CAD) involving ≥1 large epicardial artery. However it can also occur in people with valvular heart disease, hypertrophic cardiomyopathy, and uncontrolled hypertension. CONVENTIONAL APPROACHES TO RESTORING THE BALANCE BETWEEN OXYGEN SUPPLY AND DEMAND FOCUS ON THE DISRUPTION OF THE UNDERLYING DISEASE THROUGH: drug therapy (β blockers, calcium channel blockers, nitrates, antiplatelet agents, ACE inhibitors, statins); life-style modifications (smoking cessation, weight loss); or revascularization techniques such as coronary artery bypass graft surgery (CABG) or percutaneous coronary interventions (PCI). (1) Limitations of each of these approaches include: adverse drug effects, procedure-related mortality and morbidity, restenosis after PCI, and time dependent graft attrition after CABG. Furthermore, an increasing number of patients are not appropriate candidates for standard revascularization options, due to co-morbid conditions (HF, peripheral vascular disease), poor distal coronary artery targets, and patient preference. The morbidity and mortality associated with repeat surgical revascularization procedures are significantly higher, and often excludes these patients from consideration for further revascularizations. (2) Patients with CAD who have chronic ischemic symptoms that are unresponsive to both conventional medical therapy and revascularization techniques have refractory angina pectoris. It has been estimated that greater than 100,000 patients each year in the US may be diagnosed as having this condition. (3) Patients with refractory angina have marked limitation of ordinary physical activity or are unable to perform any ordinary physical activity without discomfort (CCS functional class III/IV). Also, there must be some objective evidence of ischemia as demonstrated by exercise treadmill testing, stress imaging studies or coronary physiologic studies. (1) Dejongste et al. (4)estimated that the prevalence of chronic refractory angina is about 100,000 patients in the United States. This would correspond to approximately 3,800 (100,000 x 3.8% [Ontario is approximately 3.8% of the population of the United States]) patients in Ontario having chronic refractory angina.
HEART FAILURE: Heart failure results from any structural or functional cardiac disorder that impairs the ability of the heart to act as a pump. A recent study (5) revealed 28,702 patients were hospitalized for first-time HF in Ontario between April 1994 and March 1997. Women comprised 51% of the cohort. Eighty-five percent were aged 65 years or older, and 58% were aged 75 years or older. Patients with chronic HF experience shortness of breath, a limited capacity for exercise, high rates of hospitalization and rehospitalization, and die prematurely. (6) The New York Heart Association (NYHA) has provided a commonly used functional classification for the severity of HF (7): CLASS I: No limitation of physical activity. No symptoms with ordinary exertion.CLASS II: Slight limitations of physical activity. Ordinary activity causes symptoms.CLASS III: Marked limitation of physical activity. Less than ordinary activity causes symptoms. Asymptomatic at rest.CLASS IV: Inability to carry out any physical activity without discomfort. Symptoms at rest.The National Heart, Lung, and Blood Institute (7) estimates that 35% of patients with HF are in functional NYHA class I; 35% are in class II; 25%, class III; and 5%, class IV. Surveys (8) suggest that from 5% to 15% of patients with HF have persistent severe symptoms, and that the remainder of patients with HF is evenly divided between those with mild and moderately severe symptoms. To date, the diagnosis and management of chronic HF has concentrated on patients with the clinical syndrome of HF accompanied by severe left ventricular systolic dysfunction. Major changes in treatment have resulted from a better understanding of the pathophysiology of HF and the results of large clinical trials. Treatment for chronic HF includes lifestyle management, drugs, cardiac surgery, or implantable pacemakers and defibrillators. Despite pharmacologic advances, which include diuretics, angiotensin-converting enzyme inhibitors, beta-blockers, spironolactone, and digoxin, many patients remain symptomatic on maximally tolerated doses. (6) THE TECHNOLOGY: Patients are typically treated by a trained technician in a medically supervised environment for 1 hour daily for a total of 35 hours over 7 weeks. The procedure involves sequential inflation and deflation of compressible cuffs wrapped around the patient's calves, lower thighs and upper thighs. In addition to 3 sets of cuffs, the patient has finger plethysmogram and electrocardiogram (ECG) attachments that are connected to a control and display console. External counterpulsation was used in the United States to treat cardiogenic shock after acute myocardial infarction. (9;10) More recently, an enhanced version namely ""enhanced external counterpulsation"" (EECP) was introduced as a noninvasive procedure for outpatient treatment of patients with severe, uncontrollable cardiac ischemia. EECP is said to increase coronary perfusion pressure and reduce the myocardial oxygen demand. Currently, EECP is not applicable for all patients with refractory angina pectoris. For example, many patients are considered ineligible for therapy due to co-morbidities, including those with severe pulmonary vascular disease, deep vein thrombosis, phlebitis and irregular heart rhythms, and heart failure. (1) Very recently, investigation began into EECP as an adjunctive treatment for patients with HF. Anecdotal reports suggested that EECP may benefit patients with coronary disease and left ventricular dysfunction. The safety and effectiveness of EECP in patients with symptomatic heart failure and coronary disease and its role in patients with nonischemic heart failure secondary to LV dysfunction is unclear. Furthermore, the safety and effectiveness of EECP in the different stages of HF and whether it is only for patients who are refractive to pharmacotherapy is unknown. 2003 HEALTH TECHNOLOGY ASSESSMENT BY THE MEDICAL ADVISORY SECRETARIAT: The Medical Advisory Secretariat health technology assessment (originally published in February 2003) reported on the effectiveness of EECP for patients with angina and HF. The report concluded that there was insufficient evidence to support the use of EECP in patients with refractory stable CCS III/IV angina as well as insufficient evidence to support the use of EECP in patients with HF.
REVIEW STRATEGY: The aim of this literature review was to assess the effectiveness, safety, and cost effectiveness of EECP for the treatment of refractory stable CCS III/IV angina or HF. The standard search strategy used by the Medical Advisory Secretariat was used. This included a search of all international health technology assessments as well as a search of the medical literature from December 2002 to March 2006. A modification of the GRADE approach (11) was used to make judgments about the quality of evidence and strength of recommendations systematically and explicitly. GRADE provides a framework for structured reflection and can help to ensure that appropriate judgments are made. GRADE takes into account a study's design, quality, consistency, and directness in judging the quality of evidence for each outcome. The balance between benefits and harms, quality of evidence, applicability, and the certainty of the baseline risks are considered in judgments about the strength of recommendations.
SUMMARY OF FINDINGS: The Cochrane and INAHTA databases yielded 3 HTAs or systematic reviews on EECP treatment (Blue Cross Blue Shield Technology Evaluation Center [BCBS TEC], ECRI, and the Centers for Medicare and Medicaid Services [CMS]). A search of Medline and Embase December 2005 - March 2006 (after the literature search cutoff from the most recent HTA) was conducted using key words enhanced external counterpulsation, EECP, angina, myocardial ischemia, congestive heart failure. This search produced 1 study which met the inclusion criteria. This level 4a study was inferior in quality to the RCT which formed the basis of the 2003 Medical Advisory Secretariat recommendation. BCBS reviewed the evidence through November 2005 to determine if EECP improves health outcomes for refractory chronic stable angina pectoris or chronic stable HF. (12) BCBS concluded that the available evidence is not sufficient to permit conclusions of the effect of EECP on health outcomes. Both controlled trials had methodologic flaws (MUST EECP and MUST EECP quality of life studies). The case series and observational studies for both indications while suggestive of a treatment benefit from EECP have shortcomings as well. On March 20 2006, CMS posted their proposed coverage decision memorandum for external counterpulsation therapy. (ABSTRACT TRUNCATED)",Journal Article,https://pubmed.ncbi.nlm.nih.gov/23074496/,research/review_2026-09-21/pubmed/raw/priority_metadata_001600.xml,True,False,Awaiting independent human title/abstract screening,Deterministic remainder sample,,,,,,,
R-39587383,,39587383,Trends and disparities in antiretroviral therapy prescription rates among US Medicare beneficiaries with HIV.,Yu X; Kuo YF; Dike AA; Efejuku T; Raji MA; Berenson AB; Giordano TP,2025,HIV medicine,journal_article,,,10.1111/hiv.13745,PMC11875948,"OBJECTIVE: Our objective was to evaluate antiretroviral therapy (ART) prescription rates over time among US Medicare enrolees with HIV and to describe disparities in ART prescription and associated factors.
METHOD: We constructed successive cross-sectional cohorts including adult enrollees with HIV and fee-for-service coverage and Part D enrolment in US Medicare between 2007 and 2019. We calculated the percentage of receipt of any ART prescription (ART%) in a calendar year by sex, age, and original Medicare entitlement and calculated age-sex standardized ART% over time. We used multivariable logistic regression to assess the association between ART prescription and sociodemographic factors and chronic conditions by age strata (<65, ≥65 years) in 2019.
RESULTS: ART% increased over time and was highest among people with HIV aged 50-64 years in 2019: 95% in males and 92% in females. Multivariable analysis showed that female sex was associated with less ART%, with odds ratios (ORs) of 0.65 (95% confidence interval [CI] 0.60-0.70) and 0.34 (95% CI 0.30-0.39), than male sex in those aged <65 and ≥65 years, respectively. The youngest and oldest enrollees had lower ART use (e.g., OR 0.43 [95% CI 0.34-0.54] for 18-29 vs. 50-64 years; OR 0.34 [95% CI 0.30-0.39] for ≥80 vs. 65-69 years). The top conditions associated with less ART included dementia and alcohol use disorder. Other factors included no Part D low-income subsidy, non-Hispanic white race, and Midwest residence.
CONCLUSIONS: ART use increased over time in US Medicare enrollees. Non-Hispanic white, female, and the youngest and oldest enrollees received less ART. Multimorbidity, substance use, and dementia were associated with less ART use. Research to overcome these disparities is needed.",Journal Article,https://pubmed.ncbi.nlm.nih.gov/39587383/,research/review_2026-09-21/pubmed/raw/priority_metadata_005600.xml,True,False,Awaiting independent human title/abstract screening,Deterministic remainder sample,,,,,,,
